OrderID,OrderDate,CustomerID,CustomerName,Region,Category,Product,Quantity,UnitPrice,Discount,ShippingCost,PaymentMethod,Channel
ORD14821,2025-07-27,CUST1135,Customer_1135,West ,Clothing,Dress,4,2039.78,0.2,109.44,Net Banking,Online
ORD12363,2025-04-29,CUST1038,Customer_1038,north,Electronics,Smartwatch,3,46094.65,0.1,0.0,Cash on Delivery,Retail Store
ORD13728,2025-04-20,CUST1002,Customer_1002,North,Clothing,Jeans,2,923.48,0.05,0.0,Credit Card,Retail Store
ORD10623,2025-07-13,CUST1360,Customer_1360,South,Home & Kitchen,Blender,2,6898.96,0.0,0.0,Net Banking,Retail Store
ORD11073,2025-07-03,CUST1169,Customer_1169,,Home & Kitchen,Blender,1,4075.79,0.1,11.83,Debit Card,Online
ORD13444,2025-01-27,CUST1386,Customer_1386,West ,Clothing,Jacket,4,592.8,0.0,65.67,Cash on Delivery,Online
ORD11545,28/09/2025,CUST1291,Customer_1291,north,Home & Kitchen,Cookware Set,2,6760.73,0.0,0.0,Debit Card,Retail Store
ORD10836,2024-09-04,CUST1191,Customer_1191,north,Beauty,Lipstick,5,2381.06,0.0,86.55,Cash on Delivery,Online
ORD10745,13/03/2024,CUST1266,Customer_1266,SOUTH,Home & Kitchen,Bedsheet,1,3787.04,0.0,76.3,UPI,Online
ORD10348,2025-03-01,CUST1166,Customer_1166,SOUTH,Electronics,Tablet,5,50430.98,0.0,87.73,Net Banking,Online
ORD11987,20/10/2024,CUST1257,Customer_1257,East,Electronics,Headphones,1,30719.84,0.2,60.38,Cash on Delivery,Online
ORD14340,2025-06-14,CUST1251,Customer_1251,North,Clothing,Shoes,5,2512.34,0.0,0.0,Cash on Delivery,Retail Store
ORD14131,2024-05-16,CUST1343,Customer_1343,East,Sports,Cycling Helmet,4,,0.15,135.81,Net Banking,Online
ORD11851,2024-08-14,CUST1111,Customer_1111,East,Electronics,Headphones,2,6825.83,0.2,0.0,UPI,Retail Store
ORD10779,11/01/2025,CUST1245,Customer_1245, East,Clothing,Shoes,5,1074.53,0.0,8.51,UPI,Online
ORD10004,03/08/2025,CUST1194,Customer_1194,SOUTH,Home & Kitchen,Bedsheet,2,2217.86,0.05,0.0,Debit Card,Retail Store
ORD14234,2024-02-24,CUST1125,Customer_1125,West,Sports,Yoga Mat,4,5166.66,0.0,63.02,Credit Card,Online
ORD13739,2025-04-14,CUST1011,Customer_1011,North,Home & Kitchen,Bedsheet,4,6104.07,0.0,0.0,Cash on Delivery,Retail Store
ORD14951,2024-08-23,CUST1289,Customer_1289,West ,Clothing,Shoes,4,2397.75,,142.45,Debit Card,Online
ORD13881,2025-03-07,CUST1233,Customer_1233,West ,Clothing,Dress,2,2391.58,0.2,0.0,Credit Card,Retail Store
ORD13748,2024-08-12,CUST1325,Customer_1325,north,Sports,Cricket Bat,5,5441.97,0.2,0.0,Net Banking,Retail Store
ORD14831,2025-09-03,CUST1389,Customer_1389,South,Home & Kitchen,Blender,4,307063.13,0.25,190.53,Net Banking,Online
ORD10717,2024-04-15,CUST1048,Customer_1048,West,Beauty,Perfume,5,871.92,0.25,64.75,Net Banking,Online
ORD10314,2024-12-28,CUST1274,Customer_1274,East,Home & Kitchen,Lamp,4,4737.07,0.15,67.83,UPI,Online
ORD11840,12/06/2024,CUST1370,Customer_1370,West,Beauty,Sunscreen,2,454.37,0.2,179.04,Cash on Delivery,Online
ORD14291,2024-11-19,CUST1174,Customer_1174, East,Electronics,Laptop,5,31401.6,0.1,98.69,UPI,Online
ORD14189,2025-03-18,CUST1339,Customer_1339, East,Sports,Running Shoes,2,4253.48,0.0,6.24,Net Banking,Online
ORD14958,2024-10-24,CUST1276,Customer_1276,East,Home & Kitchen,Blender,1,4392.69,0.2,89.02,Credit Card,Online
ORD11140,16/04/2024,CUST1383,Customer_1383,South,Home & Kitchen,Bedsheet,1,4575.8,0.0,0.0,Net Banking,Retail Store
ORD12670,2025-01-15,CUST1227,Customer_1227, East,Sports,Cycling Helmet,3,433.9,0.1,96.48,Debit Card,Online
ORD14801,2025-10-14,CUST1209,Customer_1209,north,Home & Kitchen,Vacuum Cleaner,3,7265.57,0.0,0.0,Debit Card,Retail Store
ORD11364,2025-01-28,CUST1366,Customer_1366,West,Sports,Cricket Bat,2,5900.26,0.0,0.0,Credit Card,Retail Store
ORD11564,2024-02-07,CUST1125,Customer_1125,North,Home & Kitchen,Cookware Set,2,7878.9,0.0,14.03,Net Banking,Online
ORD11141,2025-03-28,CUST1134,Customer_1134,West ,Sports,Cycling Helmet,1,638.45,0.25,0.0,Debit Card,Retail Store
ORD13231,13-Apr-2025,CUST1087,Customer_1087, East,Home & Kitchen,Cookware Set,1,5112.65,0.0,0.0,Cash on Delivery,Retail Store
ORD11094,29-Jun-2024,CUST1111,Customer_1111,North,Beauty,Sunscreen,1,1038.5,0.2,115.12,Net Banking,Online
ORD11877,2025-05-09,CUST1276,Customer_1276,South,Beauty,Lipstick,1,2361.89,0.2,0.0,Cash on Delivery,Retail Store
ORD12414,2024-04-02,CUST1394,Customer_1394,SOUTH,Beauty,Perfume,2,1931.05,0.0,23.6,Net Banking,Online
ORD11117,2024-05-08,CUST1389,Customer_1389,,Electronics,Smartwatch,3,51320.1,,0.0,Credit Card,Retail Store
ORD13075,2024-06-21,CUST1363,Customer_1363,East,Beauty,Lipstick,4,610.01,0.15,176.27,Debit Card,Online
ORD14430,2025-06-02,CUST1306,Customer_1306,South,Electronics,Smartphone,5,24522.51,0.05,129.41,Credit Card,Online
ORD13071,2024-12-19,CUST1028,Customer_1028,East,Clothing,Jacket,2,304.6,0.25,93.44,UPI,Online
ORD10028,2025-08-12,CUST1118,Customer_1118,North,Beauty,Shampoo,2,636.06,0.0,0.0,UPI,Retail Store
ORD12457,2024-06-13,CUST1012,Customer_1012,West ,Home & Kitchen,Cookware Set,5,2774.09,0.0,0.0,Net Banking,Retail Store
ORD14214,2024-10-18,CUST1344,Customer_1344,north,Sports,Running Shoes,5,3398.85,0.0,0.0,Cash on Delivery,Retail Store
ORD10608,03-Aug-2025,CUST1088,Customer_1088,West ,Sports,Running Shoes,3,1517.33,0.1,75.19,Net Banking,Online
ORD11561,2024-09-02,CUST1350,Customer_1350,West ,Home & Kitchen,Cookware Set,3,3156.06,0.0,0.0,Cash on Delivery,Retail Store
ORD13984,2025-03-04,CUST1049,Customer_1049, East,Home & Kitchen,Cookware Set,1,505.83,0.25,0.0,Net Banking,Retail Store
ORD12738,2024-08-18,CUST1193,Customer_1193,West,Beauty,Sunscreen,1,2491.62,0.15,0.0,Credit Card,Retail Store
ORD10108,2024-09-09,CUST1160,Customer_1160,north,Clothing,Shoes,5,2384.37,0.05,0.0,Debit Card,Retail Store
ORD10538,2024-02-12,CUST1379,Customer_1379,West,Home & Kitchen,Bedsheet,5,4882.45,,0.0,Debit Card,Retail Store
ORD12011,2024-01-28,CUST1273,Customer_1273,South,Sports,Running Shoes,2,3656.21,0.0,48.69,Net Banking,Online
ORD13093,2024-09-03,CUST1209,Customer_1209,West,Clothing,Jacket,1,1192.2,0.0,195.79,Cash on Delivery,Online
ORD14597,17/05/2025,CUST1218,Customer_1218,West,Electronics,Smartphone,1,45031.07,0.1,0.0,Net Banking,Retail Store
ORD12918,2024-09-23,CUST1180,Customer_1180,north,Sports,Dumbbells,4,3616.98,0.25,146.24,Debit Card,Online
ORD13903,13-May-2024,CUST1024,Customer_1024,SOUTH,Clothing,T-Shirt,2,431.65,0.0,49.23,Debit Card,Online
ORD11673,08/04/2024,CUST1351,Customer_1351,West,Clothing,Shoes,1,2311.94,0.2,97.12,Net Banking,Online
ORD11437,2024-04-11,CUST1115,Customer_1115,East,Electronics,Laptop,1,9679.55,0.0,165.84,Net Banking,Online
ORD13729,2024-02-10,CUST1275,Customer_1275,West,Home & Kitchen,Blender,5,4792.61,0.15,7.59,Debit Card,Online
ORD14541,2024-11-04,CUST1322,Customer_1322, East,Beauty,Shampoo,1,395.58,0.15,163.9,Cash on Delivery,Online
ORD12119,2024-05-13,CUST1083,Customer_1083,South,Beauty,Shampoo,4,1438.97,0.05,12.64,Credit Card,Online
ORD11537,2025-08-16,CUST1004,Customer_1004,East,Beauty,Sunscreen,4,1678.94,0.15,112.48,UPI,Online
ORD11044,2025-05-13,CUST1040,Customer_1040,South,Sports,Yoga Mat,5,2160.39,0.25,0.0,Debit Card,Retail Store
ORD12973,2025-05-18,CUST1027,Customer_1027,north,Sports,Running Shoes,3,3146.17,0.25,67.89,Credit Card,Online
ORD14363,2025-10-26,CUST1071,Customer_1071,West,Home & Kitchen,Bedsheet,2,6349.94,0.0,53.0,Net Banking,Online
ORD14486,2025-05-24,CUST1369,Customer_1369,West,Sports,Cycling Helmet,5,1099.71,0.0,0.0,Cash on Delivery,Retail Store
ORD10299,2025-09-18,CUST1211,Customer_1211,West,Beauty,Perfume,4,507.1,0.0,46.18,Net Banking,Online
ORD12633,2025-06-12,CUST1359,Customer_1359,,Clothing,T-Shirt,4,2402.88,0.2,0.0,Cash on Delivery,Retail Store
ORD11042,2025-09-21,CUST1081,Customer_1081,North,Beauty,Sunscreen,4,1372.09,0.25,0.0,UPI,Retail Store
ORD13644,2024-08-20,CUST1266,Customer_1266,north,Clothing,Shoes,4,1238.57,0.0,0.0,Cash on Delivery,Retail Store
ORD14579,25/02/2024,CUST1367,Customer_1367,north,Electronics,Tablet,1,33882.38,0.0,13.65,Net Banking,Online
ORD12048,04-Jan-2025,CUST1099,Customer_1099,West ,Home & Kitchen,Bedsheet,4,7784.38,0.0,193.92,Debit Card,Online
ORD11520,2025-09-29,CUST1287,Customer_1287,north,Home & Kitchen,Blender,5,3940.83,0.0,0.0,UPI,Retail Store
ORD13353,2024-12-30,CUST1247,Customer_1247, East,Beauty,Lipstick,2,1410.33,0.2,69.06,Net Banking,Online
ORD13125,2024-07-08,CUST1287,Customer_1287,West,Clothing,Dress,1,617.33,0.25,0.0,Debit Card,Retail Store
ORD12152,2024-10-20,CUST1269,Customer_1269,South,Beauty,Shampoo,4,1567.6,0.0,160.89,Cash on Delivery,Online
ORD10248,2025-06-18,CUST1314,Customer_1314,,Sports,Yoga Mat,5,5034.12,0.2,0.0,Net Banking,Retail Store
ORD14513,26/09/2024,CUST1342,Customer_1342, East,Electronics,Smartphone,4,53021.5,0.0,168.74,UPI,Online
ORD11247,29/02/2024,CUST1380,Customer_1380,West ,Electronics,Laptop,5,26600.26,0.25,0.0,Cash on Delivery,Retail Store
ORD14219,2024-02-17,CUST1382,Customer_1382,East,Sports,Yoga Mat,2,665.37,0.0,189.89,Net Banking,Online
ORD13840,2025-11-05,CUST1011,Customer_1011,West ,Electronics,Headphones,2,15686.32,0.25,114.32,Net Banking,Online
ORD10718,22-Aug-2024,CUST1098,Customer_1098,West ,Beauty,Shampoo,2,1685.7,0.1,0.0,UPI,Retail Store
ORD14930,02-Jun-2025,CUST1140,Customer_1140,north,Clothing,Jacket,5,962.86,0.15,0.0,Net Banking,Retail Store
ORD10033,2024-12-21,CUST1203,Customer_1203,SOUTH,Clothing,T-Shirt,5,575.13,0.0,0.0,Credit Card,Retail Store
ORD14838,2025-02-15,CUST1206,Customer_1206,South,Clothing,Jacket,4,1895.27,0.0,0.0,Cash on Delivery,Retail Store
ORD12227,2025-02-07,CUST1271,Customer_1271,North,Beauty,Perfume,4,1101.42,0.05,0.0,UPI,Retail Store
ORD10840,2025-08-18,CUST1342,Customer_1342,South,Clothing,Dress,2,812.91,0.25,41.15,UPI,Online
ORD11685,2024-06-18,CUST1254,Customer_1254,North,Clothing,Jacket,1,723.26,0.0,179.33,Debit Card,Online
ORD12701,11/11/2025,CUST1086,Customer_1086,West ,Sports,Yoga Mat,3,3513.59,0.0,66.59,Credit Card,Online
ORD12697,2025-12-15,CUST1082,Customer_1082,North,Clothing,Dress,2,1495.49,0.05,0.0,UPI,Retail Store
ORD10552,2025-05-21,CUST1369,Customer_1369, East,Beauty,Face Cream,1,2487.71,,0.0,Net Banking,Retail Store
ORD14482,02/11/2025,CUST1207,Customer_1207,West ,Beauty,Sunscreen,4,399.66,0.25,54.72,Debit Card,Online
ORD12097,2024-08-07,CUST1245,Customer_1245,West ,Sports,Cricket Bat,2,1994.55,0.1,44.14,Credit Card,Online
ORD12588,2025-10-06,CUST1185,Customer_1185, East,Home & Kitchen,Lamp,1,1854.94,0.0,0.0,Net Banking,Retail Store
ORD13463,04/02/2024,CUST1396,Customer_1396, East,Beauty,Sunscreen,3,463.26,0.0,0.0,,Retail Store
ORD12115,2025-03-29,CUST1239,Customer_1239,North,Sports,Running Shoes,2,5298.17,0.2,8.16,Debit Card,Online
ORD13476,2025-04-04,CUST1099,Customer_1099,East,Electronics,Tablet,5,20788.51,0.25,0.0,Net Banking,Retail Store
ORD10555,2024-01-31,CUST1028,Customer_1028,East,Clothing,T-Shirt,2,2905.27,0.0,15.41,Credit Card,Online
ORD10344,27/03/2024,CUST1389,Customer_1389,West ,Home & Kitchen,Cookware Set,2,2741.53,0.25,7.14,Debit Card,Online
ORD10891,2024-10-02,CUST1121,Customer_1121,South,Electronics,Smartwatch,2,24223.81,0.1,0.0,Cash on Delivery,Retail Store
ORD13272,2024-05-21,CUST1051,Customer_1051,West ,Beauty,Perfume,2,1101.33,0.15,0.0,Credit Card,Retail Store
ORD11916,02-Nov-2024,CUST1035,Customer_1035,north,Electronics,Headphones,1,30120.13,0.2,0.0,Net Banking,Retail Store
ORD10636,2024-02-12,CUST1253,Customer_1253,West,Clothing,Jeans,2,433.87,0.15,0.0,Credit Card,Retail Store
ORD12991,2024-07-19,CUST1326,Customer_1326,North,Electronics,Headphones,2,27155.41,0.1,0.0,Debit Card,Retail Store
ORD13691,20/08/2024,CUST1166,Customer_1166,north,Clothing,Shoes,4,346.8,0.0,0.0,Debit Card,Retail Store
ORD14689,18/08/2025,CUST1016,Customer_1016,West ,Clothing,Shoes,1,912.17,0.2,185.05,Debit Card,Online
ORD14789,2025-11-10,CUST1360,Customer_1360,north,Beauty,Sunscreen,4,2487.05,0.05,0.0,Net Banking,Retail Store
ORD10881,12-Jul-2025,CUST1062,Customer_1062,North,Sports,Cycling Helmet,4,915.37,0.05,198.42,Net Banking,Online
ORD12914,2025-08-25,CUST1130,Customer_1130,SOUTH,Beauty,Lipstick,4,1790.2,0.25,151.23,UPI,Online
ORD13846,2025-06-06,CUST1193,Customer_1193,East,Home & Kitchen,Blender,2,5807.62,0.05,28.62,Credit Card,Online
ORD10200,2025-04-15,CUST1067,Customer_1067,West ,Clothing,Dress,1,2846.11,0.15,0.0,UPI,Retail Store
ORD12860,2024-01-11,CUST1008,Customer_1008,North,Clothing,Jeans,5,688.51,0.15,0.0,Debit Card,Retail Store
ORD12245,2024-04-15,CUST1253,Customer_1253,West,Beauty,Perfume,2,2221.16,0.25,82.09,UPI,Online
ORD11837,10-Nov-2025,CUST1170,Customer_1170,north,Clothing,Jeans,1,1372.45,0.2,190.61,UPI,Online
ORD12174,2025-02-27,CUST1392,Customer_1392,East,Sports,Dumbbells,4,4227.66,0.15,166.96,Credit Card,Online
ORD11626,21/05/2024,CUST1278,Customer_1278,SOUTH,Clothing,Dress,4,1048.63,0.2,0.0,Debit Card,Retail Store
ORD11973,2025-10-25,CUST1253,Customer_1253,,Electronics,Headphones,3,28652.53,0.2,0.0,UPI,Retail Store
ORD12247,2024-05-09,CUST1178,Customer_1178,North,Home & Kitchen,Cookware Set,1,1000.59,0.25,0.0,UPI,Retail Store
ORD11528,2024-12-08,CUST1143,Customer_1143,north,Beauty,Face Cream,5,1965.79,0.25,0.0,Net Banking,Retail Store
ORD11098,2025-12-24,CUST1063,Customer_1063,West ,Clothing,Shoes,1,2523.79,0.0,0.0,Cash on Delivery,Retail Store
ORD13772,2025-05-14,CUST1164,Customer_1164,East,Beauty,Shampoo,1,1200.05,0.15,127.99,Credit Card,Online
ORD13423,29/12/2024,CUST1313,Customer_1313,West,Clothing,Dress,-2,25869.89,0.1,57.89,Debit Card,Online
ORD10141,26-Apr-2024,CUST1090,Customer_1090,West,Beauty,Perfume,3,915.83,,136.34,Net Banking,Online
ORD12816,2025-05-11,CUST1389,Customer_1389,South,Home & Kitchen,Blender,1,6145.49,0.2,0.0,Credit Card,Retail Store
ORD10359,27/09/2025,CUST1036,Customer_1036,North,Beauty,Perfume,5,1424.72,0.0,0.0,Net Banking,Retail Store
ORD12487,2024-02-29,CUST1261,Customer_1261,North,Electronics,Laptop,3,30503.48,0.25,124.34,Cash on Delivery,Online
ORD11821,2025-07-29,CUST1016,Customer_1016,West ,Sports,Yoga Mat,1,5704.27,0.1,3.12,Cash on Delivery,Online
ORD13757,17/09/2025,CUST1171,Customer_1171,North,Electronics,Smartphone,3,50616.71,0.1,102.25,Cash on Delivery,Online
ORD12010,2024-11-09,CUST1071,Customer_1071,West,Electronics,Headphones,2,20054.67,0.0,179.53,Debit Card,Online
ORD13508,2025-02-16,CUST1329,Customer_1329,South,Clothing,Dress,1,807.89,0.25,0.0,Cash on Delivery,Retail Store
ORD11559,2025-04-17,CUST1347,Customer_1347, East,Beauty,Face Cream,4,2119.77,0.15,0.0,Debit Card,Retail Store
ORD11959,06/10/2025,CUST1261,Customer_1261,North,Electronics,Smartwatch,2,20563.0,0.2,0.0,Debit Card,Retail Store
ORD11653,2025-09-10,CUST1258,Customer_1258,South,Clothing,Dress,1,2005.41,0.05,194.72,,Online
ORD12594,2024-06-16,CUST1301,Customer_1301,north,Beauty,Lipstick,3,220.75,0.0,111.96,UPI,Online
ORD12864,2025-11-25,CUST1251,Customer_1251,South,Sports,Dumbbells,1,5190.69,0.05,0.0,Cash on Delivery,Retail Store
ORD12461,2025-09-03,CUST1301,Customer_1301,north,Electronics,Laptop,2,33341.45,0.25,0.0,Credit Card,Retail Store
ORD12453,2025-02-02,CUST1063,Customer_1063,West,Clothing,Shoes,2,533.68,0.2,0.0,Cash on Delivery,Retail Store
ORD13816,2025-03-21,CUST1381,Customer_1381,North,Electronics,Smartphone,5,2487.04,0.0,198.01,Credit Card,Online
ORD13672,21/03/2024,CUST1381,Customer_1381,north,Electronics,Laptop,2,27549.96,0.05,71.0,Net Banking,Online
ORD14491,2025-09-15,CUST1164,Customer_1164,East,Home & Kitchen,Vacuum Cleaner,5,5765.38,0.05,104.77,UPI,Online
ORD14666,2025-12-05,CUST1330,Customer_1330, East,Electronics,Smartphone,1,7507.53,0.2,128.52,Credit Card,Online
ORD12595,2025-06-02,CUST1377,Customer_1377, East,Sports,Dumbbells,4,2576.46,0.2,103.87,Net Banking,Online
ORD13669,2024-10-10,CUST1037,Customer_1037,north,Sports,Cycling Helmet,5,646.1,,0.0,UPI,Retail Store
ORD13511,27-Sep-2025,CUST1111,Customer_1111,West ,Home & Kitchen,Vacuum Cleaner,1,1259.77,0.2,0.0,Debit Card,Retail Store
ORD12355,2024-09-27,CUST1211,Customer_1211,North,Beauty,Shampoo,3,354.52,0.0,161.26,Debit Card,Online
ORD14398,2025-10-13,CUST1164,Customer_1164,East,Clothing,Dress,2,755.06,,0.0,Debit Card,Retail Store
ORD11773,2024-10-15,CUST1151,Customer_1151,north,Sports,Dumbbells,5,4422.27,0.0,0.0,Net Banking,Retail Store
ORD14406,2025-11-03,CUST1255,Customer_1255,North,Sports,Running Shoes,1,2812.6,0.1,79.09,Net Banking,Online
ORD13675,2024-04-16,CUST1020,Customer_1020,East,Electronics,Smartwatch,3,26747.48,0.0,87.85,Credit Card,Online
ORD12159,2025-01-04,CUST1127,Customer_1127,West,Electronics,Smartphone,5,27051.76,0.05,0.0,Cash on Delivery,Retail Store
ORD12256,2024-05-24,CUST1137,Customer_1137,north,Beauty,Face Cream,4,2040.65,0.0,148.29,Cash on Delivery,Online
ORD12982,2025-07-06,CUST1091,Customer_1091,East,Sports,Cricket Bat,5,2738.46,0.0,0.0,,Retail Store
ORD10899,2025-08-23,CUST1353,Customer_1353, East,Sports,Running Shoes,5,2779.15,0.1,0.0,Net Banking,Retail Store
ORD14255,2024-03-09,CUST1165,Customer_1165,SOUTH,Home & Kitchen,Bedsheet,1,7750.06,0.2,119.94,Credit Card,Online
ORD10804,2024-11-17,CUST1398,Customer_1398,West,Electronics,Smartwatch,2,1678.61,0.25,59.12,Debit Card,Online
ORD13924,21/12/2024,CUST1363,Customer_1363,South,Clothing,T-Shirt,4,920.98,0.1,107.15,Debit Card,Online
ORD11373,2024-12-14,CUST1181,Customer_1181,SOUTH,Beauty,Face Cream,4,,0.15,71.5,Cash on Delivery,Online
ORD11710,20/11/2024,CUST1134,Customer_1134,South,Sports,Yoga Mat,4,2711.07,0.15,25.29,Net Banking,Online
ORD14682,23-Apr-2024,CUST1234,Customer_1234,north,Sports,Yoga Mat,5,4355.6,0.05,139.63,Credit Card,Online
ORD12397,2025-10-09,CUST1168,Customer_1168,north,Sports,Yoga Mat,3,795.57,0.0,0.0,Cash on Delivery,Retail Store
ORD11833,2025-05-14,CUST1393,Customer_1393,North,Electronics,Headphones,2,45083.89,0.05,0.0,Net Banking,Retail Store
ORD14374,2024-12-05,CUST1052,Customer_1052,West ,Beauty,Perfume,3,406.17,0.05,0.0,Debit Card,Retail Store
ORD10079,2025-10-23,CUST1072,Customer_1072,,Home & Kitchen,Vacuum Cleaner,4,4691.92,0.0,0.0,Credit Card,Retail Store
ORD12543,2025-06-15,CUST1258,Customer_1258,South,Electronics,Headphones,1,18959.0,0.2,0.0,UPI,Retail Store
ORD13692,2024-05-13,CUST1330,Customer_1330,SOUTH,Electronics,Smartphone,3,11214.49,0.0,31.11,Debit Card,Online
ORD11822,2024-10-18,CUST1215,Customer_1215, East,Clothing,Shoes,5,1205.54,0.1,0.0,Cash on Delivery,Retail Store
ORD11933,2024-05-09,CUST1224,Customer_1224,West ,Home & Kitchen,Vacuum Cleaner,4,4198.7,0.0,0.0,Debit Card,Retail Store
ORD11242,2025-05-07,CUST1052,Customer_1052,North,Electronics,Smartwatch,2,30752.35,0.05,97.34,Debit Card,Online
ORD11296,07-Sep-2025,CUST1024,Customer_1024,East,Clothing,T-Shirt,5,2029.68,0.0,0.0,UPI,Retail Store
ORD11045,2024-05-21,CUST1151,Customer_1151,East,Beauty,Sunscreen,2,1445.85,0.2,120.63,Debit Card,Online
ORD12472,2024-02-02,CUST1159,Customer_1159,South,Clothing,Shoes,1,93249.02,0.2,0.0,Debit Card,Retail Store
ORD14402,2024-11-21,CUST1101,Customer_1101,SOUTH,Home & Kitchen,Lamp,3,3901.22,0.0,88.49,Credit Card,Online
ORD11742,2025-05-18,CUST1333,Customer_1333,West,Electronics,Smartwatch,4,6994.29,0.0,29.72,Cash on Delivery,Online
ORD12539,20/03/2025,CUST1042,Customer_1042,West,Clothing,Shoes,1,2715.1,0.0,48.2,UPI,Online
ORD12936,31/10/2024,CUST1363,Customer_1363,SOUTH,Sports,Running Shoes,3,4402.72,0.2,0.0,UPI,Retail Store
ORD12054,11/08/2025,CUST1320,Customer_1320,north,Sports,Running Shoes,4,2293.27,0.15,59.34,UPI,Online
ORD14021,13/08/2024,CUST1381,Customer_1381,South,Beauty,Sunscreen,1,1257.28,0.0,96.52,Cash on Delivery,Online
ORD13631,2025-04-17,CUST1120,Customer_1120,West,Beauty,Face Cream,2,972.72,0.2,23.45,Credit Card,Online
ORD10560,2025-02-11,CUST1043,Customer_1043,SOUTH,Sports,Cycling Helmet,1,447.48,0.1,0.0,Cash on Delivery,Retail Store
ORD13304,2024-03-13,CUST1359,Customer_1359,West ,Beauty,Sunscreen,2,517.72,0.1,182.31,Credit Card,Online
ORD11586,08/05/2025,CUST1026,Customer_1026,north,Beauty,Shampoo,2,1858.25,0.1,150.73,Cash on Delivery,Online
ORD10280,14/02/2024,CUST1032,Customer_1032,East,Sports,Running Shoes,2,3989.06,0.0,40.42,Debit Card,Online
ORD12735,2024-06-12,CUST1146,Customer_1146, East,Sports,Dumbbells,4,5722.84,0.0,0.0,Cash on Delivery,Retail Store
ORD11074,2025-08-14,CUST1045,Customer_1045,West,Home & Kitchen,Vacuum Cleaner,4,7434.16,0.15,147.14,Credit Card,Online
ORD12657,2025-09-22,CUST1275,Customer_1275,South,Clothing,Jacket,5,840.63,0.1,154.25,Credit Card,Online
ORD14840,03/04/2024,CUST1023,Customer_1023,north,Home & Kitchen,Lamp,4,4704.05,0.2,44.75,UPI,Online
ORD12157,2024-01-15,CUST1381,Customer_1381,north,Electronics,Laptop,5,45182.65,0.2,0.0,Credit Card,Retail Store
ORD13330,2024-01-01,CUST1164,Customer_1164,West,Clothing,Jacket,4,2375.95,0.0,0.0,Debit Card,Retail Store
ORD12851,2025-06-09,CUST1011,Customer_1011,East,Beauty,Shampoo,2,789.07,0.0,117.51,Debit Card,Online
ORD13158,2024-07-14,CUST1365,Customer_1365,north,Sports,Cricket Bat,-1,4656.23,0.1,3.45,Cash on Delivery,Online
ORD10285,2024-11-05,CUST1109,Customer_1109,West,Beauty,Sunscreen,3,231.46,0.0,0.0,Debit Card,Retail Store
ORD14316,02-Aug-2024,CUST1070,Customer_1070,East,Clothing,Jacket,1,732.42,0.1,0.0,UPI,Retail Store
ORD14806,15/12/2024,CUST1333,Customer_1333,South,Sports,Cycling Helmet,4,,0.25,132.78,Cash on Delivery,Online
ORD10839,2025-06-14,CUST1138,Customer_1138,north,Home & Kitchen,Bedsheet,5,2295.61,0.15,0.0,UPI,Retail Store
ORD13578,2024-08-22,CUST1018,Customer_1018,SOUTH,Clothing,T-Shirt,1,1324.99,0.25,0.0,UPI,Retail Store
ORD13134,2025-01-13,CUST1027,Customer_1027,East,Electronics,Smartwatch,1,44671.03,0.15,0.0,Debit Card,Retail Store
ORD11508,2025-11-04,CUST1051,Customer_1051,East,Clothing,Jeans,3,1733.74,0.0,73.86,Credit Card,Online
ORD11524,2025-12-01,CUST1200,Customer_1200,South,Beauty,Shampoo,4,409.56,0.0,59.1,UPI,Online
ORD10871,2025-12-05,CUST1076,Customer_1076,West,Clothing,T-Shirt,1,698.74,0.15,0.0,Cash on Delivery,Retail Store
ORD11380,27/04/2025,CUST1035,Customer_1035, East,Sports,Cricket Bat,3,1560.9,0.2,69.08,Debit Card,Online
ORD10573,2024-06-30,CUST1332,Customer_1332,East,Beauty,Lipstick,4,939.19,0.15,0.0,Net Banking,Retail Store
ORD10005,2025-06-05,CUST1202,Customer_1202,North,Beauty,Shampoo,3,1156.82,0.0,125.49,Credit Card,Online
ORD12183,27/01/2025,CUST1368,Customer_1368,South,Beauty,Lipstick,5,1891.93,0.05,0.0,Net Banking,Retail Store
ORD11453,20-Oct-2024,CUST1336,Customer_1336,West ,Home & Kitchen,Blender,2,3961.02,0.0,0.0,Net Banking,Retail Store
ORD10407,2024-05-29,CUST1136,Customer_1136,north,Home & Kitchen,Lamp,4,7964.06,0.2,0.0,Debit Card,Retail Store
ORD12403,2025-03-18,CUST1075,Customer_1075, East,Home & Kitchen,Blender,5,1450.98,0.25,117.67,Credit Card,Online
ORD12142,2025-10-02,CUST1160,Customer_1160,SOUTH,Beauty,Lipstick,5,641.09,0.1,121.05,Net Banking,Online
ORD14477,2024-02-09,CUST1083,Customer_1083, East,Electronics,Headphones,5,28072.54,0.05,0.0,Cash on Delivery,Retail Store
ORD10440,06/07/2024,CUST1156,Customer_1156,West ,Home & Kitchen,Vacuum Cleaner,3,4922.18,0.05,109.51,Credit Card,Online
ORD12023,02/02/2024,CUST1357,Customer_1357,West ,Sports,Cycling Helmet,5,1158.38,0.0,185.11,Debit Card,Online
ORD12150,19/01/2025,CUST1073,Customer_1073,SOUTH,Beauty,Sunscreen,3,312.6,0.25,0.0,Debit Card,Retail Store
ORD10823,2025-02-21,CUST1350,Customer_1350,South,Home & Kitchen,Lamp,1,7526.96,0.15,0.0,Debit Card,Retail Store
ORD12279,2024-01-21,CUST1180,Customer_1180,South,Home & Kitchen,Bedsheet,5,5810.0,0.0,19.48,Credit Card,Online
ORD12142,2025-10-02,CUST1160,Customer_1160,SOUTH,Beauty,Lipstick,5,641.09,0.1,121.05,Net Banking,Online
ORD13514,21-Dec-2024,CUST1351,Customer_1351,SOUTH,Home & Kitchen,Vacuum Cleaner,1,4156.03,0.2,6.31,Debit Card,Online
ORD12253,2025-07-28,CUST1047,Customer_1047,East,Clothing,Jeans,3,2560.9,0.15,62.73,Cash on Delivery,Online
ORD12634,2025-02-08,CUST1219,Customer_1219, East,Clothing,Jacket,2,1429.2,0.0,0.0,UPI,Retail Store
ORD11379,2024-08-20,CUST1201,Customer_1201,South,Sports,Dumbbells,1,2104.08,0.05,0.0,Cash on Delivery,Retail Store
ORD13978,03/12/2024,CUST1134,Customer_1134,East,Sports,Cycling Helmet,4,1900.4,0.25,0.0,Cash on Delivery,Retail Store
ORD14857,2025-11-17,CUST1333,Customer_1333,SOUTH,Home & Kitchen,Blender,3,7177.39,0.0,0.0,Net Banking,Retail Store
ORD11420,2025-03-19,CUST1218,Customer_1218, East,Beauty,Sunscreen,3,221.97,0.15,0.0,Debit Card,Retail Store
ORD10457,15/03/2024,CUST1221,Customer_1221,West ,Electronics,Tablet,3,15958.48,0.05,0.0,Credit Card,Retail Store
ORD10169,2025-02-14,CUST1127,Customer_1127,West ,Beauty,Perfume,3,273.78,0.0,0.0,UPI,Retail Store
ORD11736,2025-04-22,CUST1143,Customer_1143,SOUTH,Beauty,Face Cream,1,1276.04,0.0,182.47,Cash on Delivery,Online
ORD11600,2024-07-05,CUST1182,Customer_1182,,Home & Kitchen,Cookware Set,5,3051.38,0.2,0.0,Net Banking,Retail Store
ORD13430,2024-05-03,CUST1014,Customer_1014,South,Clothing,Shoes,3,787.5,0.05,0.0,Net Banking,Retail Store
ORD14133,2025-11-07,CUST1293,Customer_1293,SOUTH,Sports,Yoga Mat,5,402.66,0.25,0.0,,Retail Store
ORD12682,2024-09-08,CUST1332,Customer_1332,West ,Clothing,Shoes,5,2309.99,0.0,51.29,Debit Card,Online
ORD14484,2024-11-24,CUST1062,Customer_1062,West,Beauty,Lipstick,4,2248.0,0.0,0.0,UPI,Retail Store
ORD12068,2024-12-25,CUST1288,Customer_1288,West ,Electronics,Headphones,4,8691.03,0.1,0.0,Credit Card,Retail Store
ORD11750,2025-07-30,CUST1018,Customer_1018,East,Electronics,Tablet,2,49751.37,0.2,112.85,Debit Card,Online
ORD14377,2024-04-16,CUST1024,Customer_1024,West,Clothing,Dress,4,1221.83,0.05,0.0,Cash on Delivery,Retail Store
ORD14002,2024-10-01,CUST1181,Customer_1181,north,Home & Kitchen,Bedsheet,5,7263.17,0.05,0.0,UPI,Retail Store
ORD12943,25/07/2024,CUST1312,Customer_1312,West ,Home & Kitchen,Cookware Set,5,5918.16,0.2,73.82,UPI,Online
ORD11330,2024-12-22,CUST1146,Customer_1146,West,Sports,Cycling Helmet,3,3931.48,0.2,0.0,UPI,Retail Store
ORD11792,2024-07-30,CUST1314,Customer_1314,East,Home & Kitchen,Vacuum Cleaner,5,1697.45,0.15,171.89,Credit Card,Online
ORD14900,09-Dec-2024,CUST1361,Customer_1361,West,Home & Kitchen,Cookware Set,5,7379.7,0.05,108.49,Debit Card,Online
ORD11126,2024-06-23,CUST1029,Customer_1029,West,Clothing,Jacket,3,2739.48,0.25,9.33,UPI,Online
ORD13831,2024-10-09,CUST1126,Customer_1126,north,Sports,Yoga Mat,4,5844.21,0.0,0.0,,Retail Store
ORD13289,2025-11-22,CUST1113,Customer_1113, East,Sports,Dumbbells,4,5955.62,0.1,0.0,Net Banking,Retail Store
ORD14437,06/12/2024,CUST1035,Customer_1035,South,Beauty,Lipstick,2,2483.19,0.15,0.0,UPI,Retail Store
ORD10325,17-Aug-2025,CUST1207,Customer_1207,North,Electronics,Tablet,1,36389.72,0.0,90.59,Debit Card,Online
ORD11534,2024-06-05,CUST1264,Customer_1264,north,Home & Kitchen,Bedsheet,2,,0.0,29.1,Debit Card,Online
ORD14323,2025-03-03,CUST1251,Customer_1251,South,Clothing,T-Shirt,2,741.32,0.1,48.77,Debit Card,Online
ORD12946,2024-03-21,CUST1213,Customer_1213,north,Clothing,T-Shirt,1,465.79,0.25,0.0,Debit Card,Retail Store
ORD11748,2024-02-22,CUST1151,Customer_1151, East,Home & Kitchen,Lamp,5,2425.02,0.15,0.0,Debit Card,Retail Store
ORD11123,2025-03-08,CUST1096,Customer_1096,East,Electronics,Laptop,2,4919.05,0.1,0.0,,Retail Store
ORD11777,2024-04-23,CUST1308,Customer_1308,north,Beauty,Shampoo,4,740.24,0.0,0.0,Net Banking,Retail Store
ORD10782,2024-01-25,CUST1277,Customer_1277, East,Beauty,Perfume,5,1700.18,0.25,54.66,Net Banking,Online
ORD11417,05/05/2024,CUST1150,Customer_1150,north,Beauty,Shampoo,5,1647.31,0.2,128.28,Debit Card,Online
ORD14096,2025-07-23,CUST1284,Customer_1284,SOUTH,Electronics,Smartphone,4,41351.61,0.05,125.06,Credit Card,Online
ORD10694,30/10/2025,CUST1019,Customer_1019,South,Clothing,Dress,1,512.67,0.1,158.73,Cash on Delivery,Online
ORD11820,2024-09-21,CUST1271,Customer_1271,South,Clothing,Dress,3,2844.21,0.05,0.0,Cash on Delivery,Retail Store
ORD12313,27/08/2025,CUST1226,Customer_1226,West ,Home & Kitchen,Cookware Set,5,6413.27,0.0,0.0,Credit Card,Retail Store
ORD14488,2024-12-10,CUST1241,Customer_1241,West,Beauty,Sunscreen,1,847.41,0.05,0.0,Net Banking,Retail Store
ORD11448,2024-02-12,CUST1052,Customer_1052,north,Beauty,Sunscreen,2,2465.76,0.0,0.0,Credit Card,Retail Store
ORD13812,2025-11-21,CUST1057,Customer_1057,West ,Clothing,Shoes,5,2450.68,0.1,0.0,Credit Card,Retail Store
ORD10795,15/10/2024,CUST1325,Customer_1325,South,Sports,Cricket Bat,5,87415.79,0.1,98.78,Credit Card,Online
ORD13697,2025-11-18,CUST1055,Customer_1055,West,Clothing,Jeans,2,1239.02,0.0,188.39,Cash on Delivery,Online
ORD12343,28-May-2024,CUST1180,Customer_1180,SOUTH,Electronics,Laptop,4,9757.19,0.0,173.77,Credit Card,Online
ORD13099,2024-01-13,CUST1045,Customer_1045,north,Sports,Yoga Mat,5,4584.16,0.0,198.27,Cash on Delivery,Online
ORD14851,2025-05-18,CUST1300,Customer_1300,SOUTH,Sports,Dumbbells,3,1423.85,0.1,192.7,Cash on Delivery,Online
ORD14568,2024-09-12,CUST1029,Customer_1029,South,Electronics,Smartphone,5,32685.75,0.0,0.0,Credit Card,Retail Store
ORD10645,2024-01-08,CUST1322,Customer_1322,SOUTH,Beauty,Lipstick,3,1535.46,0.0,0.0,Cash on Delivery,Retail Store
ORD13942,2025-08-08,CUST1381,Customer_1381,north,Sports,Cricket Bat,2,667.28,0.05,12.35,Debit Card,Online
ORD14583,2024-07-01,CUST1296,Customer_1296,West ,Beauty,Lipstick,1,1783.19,0.05,74.07,,Online
ORD14762,16/02/2024,CUST1115,Customer_1115,West ,Electronics,Smartphone,5,32203.99,0.25,0.0,Credit Card,Retail Store
ORD11915,2024-09-27,CUST1143,Customer_1143,East,Beauty,Perfume,4,2386.36,0.25,0.0,,Retail Store
ORD12520,08/04/2024,CUST1124,Customer_1124,SOUTH,Electronics,Smartwatch,3,49224.94,0.0,0.0,Cash on Delivery,Retail Store
ORD11565,17-Nov-2024,CUST1376,Customer_1376,South,Clothing,Jacket,5,2526.07,0.2,136.57,Net Banking,Online
ORD14614,2024-10-17,CUST1120,Customer_1120,West ,Beauty,Perfume,5,469.51,0.1,41.33,Credit Card,Online
ORD12441,22/01/2025,CUST1367,Customer_1367, East,Clothing,Shoes,1,1210.04,0.25,196.51,Cash on Delivery,Online
ORD10592,2025-08-20,CUST1026,Customer_1026,East,Home & Kitchen,Blender,1,5659.41,0.0,150.61,UPI,Online
ORD11424,2025-06-22,CUST1337,Customer_1337,north,Clothing,Jeans,2,772.47,0.0,54.58,Credit Card,Online
ORD12039,2024-03-02,CUST1011,Customer_1011,West,Home & Kitchen,Blender,4,3156.71,0.2,0.0,Debit Card,Retail Store
ORD10724,2025-03-13,CUST1239,Customer_1239,West ,Clothing,Shoes,3,2200.96,0.2,182.6,Credit Card,Online
ORD11724,2025-11-30,CUST1214,Customer_1214,north,Electronics,Smartwatch,2,20350.97,0.1,0.0,Debit Card,Retail Store
ORD10996,2024-03-21,CUST1343,Customer_1343,South,Clothing,Dress,4,2834.6,0.0,166.14,Net Banking,Online
ORD14536,01/10/2024,CUST1343,Customer_1343, East,Clothing,Dress,3,1273.29,0.15,17.35,Debit Card,Online
ORD11579,17/05/2024,CUST1053,Customer_1053,South,Beauty,Lipstick,5,1800.45,0.1,83.48,Cash on Delivery,Online
ORD13287,2025-02-13,CUST1129,Customer_1129,West,Sports,Cricket Bat,1,4511.62,0.0,0.0,Credit Card,Retail Store
ORD13590,27/02/2024,CUST1299,Customer_1299,South,Home & Kitchen,Cookware Set,2,2646.28,0.0,55.64,Debit Card,Online
ORD12181,17/08/2025,CUST1055,Customer_1055,West,Sports,Cricket Bat,3,3551.25,0.1,0.0,UPI,Retail Store
ORD10123,18-Feb-2024,CUST1073,Customer_1073, East,Sports,Dumbbells,4,3905.56,0.25,0.0,,Retail Store
ORD12779,2024-10-02,CUST1371,Customer_1371,East,Sports,Cricket Bat,3,5114.46,0.1,0.0,Net Banking,Retail Store
ORD11560,28/09/2024,CUST1069,Customer_1069,SOUTH,Beauty,Shampoo,4,2287.3,0.25,0.0,Net Banking,Retail Store
ORD10792,27/02/2024,CUST1006,Customer_1006,West,Home & Kitchen,Bedsheet,1,3955.72,0.0,18.34,Credit Card,Online
ORD11939,2025-07-26,CUST1380,Customer_1380,East,Sports,Yoga Mat,1,2475.12,0.25,0.0,Credit Card,Retail Store
ORD10349,2025-12-24,CUST1297,Customer_1297,north,Electronics,Smartphone,1,1924169.24,0.0,0.0,Cash on Delivery,Retail Store
ORD13902,2024-05-17,CUST1088,Customer_1088,West ,Electronics,Laptop,4,14796.83,0.25,177.46,Cash on Delivery,Online
ORD10566,2025-11-16,CUST1329,Customer_1329,West ,Electronics,Smartphone,-5,51404.0,0.25,0.0,Cash on Delivery,Retail Store
ORD11571,2024-01-09,CUST1382,Customer_1382,SOUTH,Beauty,Lipstick,3,361.91,0.05,0.0,Debit Card,Retail Store
ORD13404,2024-11-04,CUST1328,Customer_1328,North,Clothing,Dress,4,772.39,0.0,0.0,UPI,Retail Store
ORD12948,15/05/2025,CUST1153,Customer_1153,East,Clothing,Dress,5,2654.6,0.1,0.0,Net Banking,Retail Store
ORD10703,2024-09-02,CUST1350,Customer_1350,West,Electronics,Laptop,1,53185.48,0.15,58.6,UPI,Online
ORD12060,18/03/2025,CUST1001,Customer_1001,East,Home & Kitchen,Blender,4,6513.51,0.0,133.65,Credit Card,Online
ORD13869,2025-01-04,CUST1185,Customer_1185,West ,Electronics,Laptop,5,20545.55,0.0,132.38,Net Banking,Online
ORD14447,15/10/2025,CUST1004,Customer_1004,West,Beauty,Sunscreen,5,277.26,0.2,0.0,UPI,Retail Store
ORD12340,2024-04-17,CUST1021,Customer_1021,north,Clothing,Dress,5,2066.3,0.0,31.5,Net Banking,Online
ORD11309,2024-02-01,CUST1152,Customer_1152,West ,Clothing,Jeans,3,2917.98,0.05,0.0,Cash on Delivery,Retail Store
ORD13090,23/10/2024,CUST1072,Customer_1072,South,Electronics,Smartphone,5,5182.65,0.0,0.0,Credit Card,Retail Store
ORD14867,08-Jun-2024,CUST1303,Customer_1303, East,Home & Kitchen,Vacuum Cleaner,4,5512.45,0.2,0.0,Cash on Delivery,Retail Store
ORD12290,2025-05-28,CUST1347,Customer_1347,West,Electronics,Smartwatch,3,31359.43,0.1,174.73,UPI,Online
ORD12073,2024-04-01,CUST1245,Customer_1245,West,Clothing,Jacket,4,1877.22,0.05,48.36,Net Banking,Online
ORD12198,2025-05-15,CUST1163,Customer_1163,South,Beauty,Perfume,1,2114.51,0.25,53.26,Net Banking,Online
ORD10834,2024-05-29,CUST1124,Customer_1124,East,Beauty,Shampoo,2,1449.63,0.0,0.0,Credit Card,Retail Store
ORD10098,2024-01-30,CUST1314,Customer_1314,north,Sports,Yoga Mat,5,5451.21,0.0,0.0,Debit Card,Retail Store
ORD10503,2025-06-11,CUST1357,Customer_1357,West,Beauty,Shampoo,1,2065.37,,0.0,Credit Card,Retail Store
ORD10643,2024-03-15,CUST1007,Customer_1007, East,Clothing,T-Shirt,4,2811.34,0.0,0.0,Cash on Delivery,Retail Store
ORD14230,2024-08-02,CUST1245,Customer_1245,West ,Sports,Dumbbells,5,4395.93,0.0,80.93,Net Banking,Online
ORD12204,24/11/2025,CUST1162,Customer_1162,East,Home & Kitchen,Lamp,5,4515.61,0.1,75.51,Cash on Delivery,Online
ORD10501,2024-04-09,CUST1063,Customer_1063,,Home & Kitchen,Blender,3,6204.0,0.0,0.0,Cash on Delivery,Retail Store
ORD14773,2025-01-20,CUST1327,Customer_1327,North,Clothing,Jacket,5,1210.67,0.2,162.87,Cash on Delivery,Online
ORD13035,2024-08-30,CUST1305,Customer_1305,north,Home & Kitchen,Vacuum Cleaner,3,1445.29,0.2,192.56,Credit Card,Online
ORD14232,2024-10-14,CUST1366,Customer_1366,SOUTH,Electronics,Laptop,1,44844.75,0.25,0.0,Credit Card,Retail Store
ORD14713,06/04/2025,CUST1057,Customer_1057,North,Clothing,T-Shirt,3,2216.36,0.0,0.0,Cash on Delivery,Retail Store
ORD10219,2024-12-15,CUST1018,Customer_1018,North,Sports,Cycling Helmet,1,3549.06,0.25,0.0,Debit Card,Retail Store
ORD12999,2024-12-22,CUST1204,Customer_1204,East,Sports,Cycling Helmet,5,2828.63,0.2,0.0,Debit Card,Retail Store
ORD10678,2025-12-23,CUST1191,Customer_1191,north,Beauty,Face Cream,2,1906.41,0.2,0.0,Debit Card,Retail Store
ORD14878,2024-07-20,CUST1349,Customer_1349,,Sports,Yoga Mat,5,3615.07,0.05,0.0,Credit Card,Retail Store
ORD11913,2024-03-30,CUST1307,Customer_1307, East,Beauty,Perfume,5,,0.1,162.16,Debit Card,Online
ORD12040,2025-12-03,CUST1239,Customer_1239,North,Electronics,Smartwatch,5,57203.65,0.0,74.35,Debit Card,Online
ORD13169,2024-10-13,CUST1296,Customer_1296,East,Electronics,Tablet,4,29279.66,0.2,83.21,Debit Card,Online
ORD14034,14/01/2024,CUST1061,Customer_1061, East,Home & Kitchen,Vacuum Cleaner,3,2372.82,0.05,61.74,Credit Card,Online
ORD11921,2024-08-21,CUST1020,Customer_1020,SOUTH,Beauty,Face Cream,4,,0.0,86.57,Cash on Delivery,Online
ORD13503,2025-01-13,CUST1222,Customer_1222,West ,Electronics,Headphones,3,24838.51,0.0,0.0,Cash on Delivery,Retail Store
ORD12831,2025-04-24,CUST1341,Customer_1341,north,Electronics,Laptop,2,16238.59,0.25,36.22,UPI,Online
ORD10778,2024-08-31,CUST1390,Customer_1390,north,Electronics,Tablet,5,,,0.0,UPI,Retail Store
ORD14699,2024-10-30,CUST1169,Customer_1169,West,Home & Kitchen,Blender,1,6384.27,0.2,194.12,Debit Card,Online
ORD12079,26/11/2025,CUST1246,Customer_1246,SOUTH,Sports,Cycling Helmet,1,3168.94,0.0,37.57,Debit Card,Online
ORD14169,02/01/2025,CUST1292,Customer_1292,North,Beauty,Face Cream,4,275.61,0.2,0.0,,Retail Store
ORD13657,2024-03-29,CUST1150,Customer_1150,north,Electronics,Headphones,3,,0.25,0.0,Net Banking,Retail Store
ORD12964,2024-11-21,CUST1054,Customer_1054, East,Home & Kitchen,Blender,2,2449.97,0.05,1.07,Credit Card,Online
ORD14828,2025-02-21,CUST1043,Customer_1043,East,Electronics,Laptop,-3,24939.99,0.15,20.56,UPI,Online
ORD12921,29-Sep-2025,CUST1211,Customer_1211,SOUTH,Beauty,Face Cream,5,113220.04,0.0,0.0,Net Banking,Retail Store
ORD11723,2024-05-11,CUST1180,Customer_1180,East,Home & Kitchen,Blender,-1,4349.51,0.0,2.57,Debit Card,Online
ORD12922,2024-08-14,CUST1097,Customer_1097,North,Home & Kitchen,Blender,5,2029.32,0.0,0.0,Credit Card,Retail Store
ORD12320,17/01/2024,CUST1077,Customer_1077,South,Clothing,Jacket,4,2417.3,0.0,157.84,UPI,Online
ORD12318,2024-10-24,CUST1202,Customer_1202,North,Beauty,Perfume,4,972.26,0.15,0.0,UPI,Retail Store
ORD13340,2024-03-09,CUST1389,Customer_1389,,Clothing,Dress,5,1520.51,0.0,57.26,Credit Card,Online
ORD11657,2024-10-27,CUST1114,Customer_1114, East,Sports,Yoga Mat,2,4024.73,0.0,144.2,Credit Card,Online
ORD13948,2025-03-16,CUST1056,Customer_1056,north,Home & Kitchen,Lamp,1,2266.77,0.1,0.0,Cash on Delivery,Retail Store
ORD14193,2025-11-01,CUST1322,Customer_1322,West ,Electronics,Smartphone,2,30242.55,0.25,121.02,Debit Card,Online
ORD12803,2024-01-25,CUST1220,Customer_1220,North,Home & Kitchen,Cookware Set,4,2522.46,0.0,0.71,UPI,Online
ORD13060,16/06/2025,CUST1060,Customer_1060,West,Clothing,Jeans,1,397.52,,66.65,Cash on Delivery,Online
ORD10763,09/04/2024,CUST1196,Customer_1196,,Home & Kitchen,Blender,5,1913.62,0.15,0.0,Net Banking,Retail Store
ORD14102,2024-05-23,CUST1135,Customer_1135,West,Electronics,Laptop,3,29629.27,0.25,180.44,UPI,Online
ORD13390,10/12/2024,CUST1216,Customer_1216,West,Sports,Cricket Bat,5,1692.57,0.25,128.29,Credit Card,Online
ORD13901,2025-11-21,CUST1124,Customer_1124,West,Home & Kitchen,Vacuum Cleaner,4,1318.14,0.0,135.06,Cash on Delivery,Online
ORD11030,2025-06-11,CUST1311,Customer_1311, East,Clothing,Jacket,5,1985.15,,0.0,Cash on Delivery,Retail Store
ORD11810,2025-11-02,CUST1236,Customer_1236, East,Electronics,Headphones,4,41349.45,0.1,36.52,Debit Card,Online
ORD12794,10/03/2024,CUST1207,Customer_1207,South,Sports,Running Shoes,3,1027.23,0.15,0.0,UPI,Retail Store
ORD13415,16/02/2025,CUST1100,Customer_1100,SOUTH,Clothing,Jeans,1,1960.25,0.15,178.29,Credit Card,Online
ORD14582,2025-06-01,CUST1226,Customer_1226,North,Clothing,Jeans,3,1752.65,0.0,42.03,Credit Card,Online
ORD13492,2024-04-18,CUST1159,Customer_1159,West ,Electronics,Smartphone,5,38965.35,0.2,0.0,Cash on Delivery,Retail Store
ORD14525,2025-04-11,CUST1339,Customer_1339, East,Sports,Cricket Bat,3,4356.8,0.2,0.0,Net Banking,Retail Store
ORD11881,2025-12-16,CUST1364,Customer_1364,South,Electronics,Headphones,5,10092.71,0.1,161.49,UPI,Online
ORD11169,13-Mar-2025,CUST1118,Customer_1118,West ,Beauty,Sunscreen,5,2203.54,0.0,162.42,Net Banking,Online
ORD12538,2024-01-06,CUST1333,Customer_1333,north,Electronics,Headphones,2,57366.91,0.1,0.0,Cash on Delivery,Retail Store
ORD13282,2024-06-02,CUST1087,Customer_1087,West ,Electronics,Smartphone,5,24825.21,0.0,60.99,Debit Card,Online
ORD13172,2025-01-30,CUST1259,Customer_1259,South,Clothing,Jacket,1,1991.04,0.0,0.0,Cash on Delivery,Retail Store
ORD13698,19/03/2024,CUST1356,Customer_1356,,Beauty,Lipstick,5,1891.99,0.0,188.92,Credit Card,Online
ORD12133,2025-01-03,CUST1088,Customer_1088,North,Home & Kitchen,Lamp,2,4462.34,,0.0,Credit Card,Retail Store
ORD10206,2024-01-05,CUST1175,Customer_1175,West,Beauty,Sunscreen,4,931.68,0.0,97.92,Debit Card,Online
ORD10684,2025-04-14,CUST1305,Customer_1305,West ,Sports,Dumbbells,5,2131.93,0.15,40.08,Credit Card,Online
ORD11683,2024-01-29,CUST1244,Customer_1244,South,Clothing,Jacket,4,845.93,0.0,62.57,UPI,Online
ORD11513,20/12/2024,CUST1226,Customer_1226,South,Clothing,Shoes,4,18632.18,0.1,11.3,UPI,Online
ORD11355,2024-10-30,CUST1029,Customer_1029,West,Home & Kitchen,Blender,4,1813.44,0.25,0.0,Debit Card,Retail Store
ORD11206,2024-10-03,CUST1292,Customer_1292,North,Sports,Dumbbells,4,1690.58,0.2,23.45,Net Banking,Online
ORD14201,2025-09-28,CUST1149,Customer_1149,North,Clothing,Jeans,2,2536.6,0.0,150.41,Debit Card,Online
ORD11225,23/08/2025,CUST1001,Customer_1001,North,Beauty,Shampoo,3,2180.4,0.1,0.0,Cash on Delivery,Retail Store
ORD11739,31/10/2024,CUST1056,Customer_1056,SOUTH,Electronics,Smartwatch,4,49957.83,0.05,137.87,Net Banking,Online
ORD10867,19/05/2025,CUST1124,Customer_1124,East,Sports,Dumbbells,3,242934.4,0.2,94.24,Credit Card,Online
ORD13225,29/01/2025,CUST1168,Customer_1168,SOUTH,Clothing,Shoes,3,1264.9,0.2,51.15,UPI,Online
ORD13704,09/09/2024,CUST1097,Customer_1097,north,Sports,Yoga Mat,3,,0.0,0.0,UPI,Retail Store
ORD12748,2024-01-15,CUST1182,Customer_1182,north,Beauty,Perfume,2,570.05,0.1,121.01,Net Banking,Online
ORD14933,2024-03-30,CUST1321,Customer_1321,East,Electronics,Smartphone,2,44925.0,0.05,0.0,Cash on Delivery,Retail Store
ORD10729,06/05/2024,CUST1117,Customer_1117, East,Clothing,Jeans,3,929.04,0.25,0.0,Credit Card,Retail Store
ORD13335,2025-05-16,CUST1388,Customer_1388,North,Clothing,T-Shirt,2,2613.34,0.0,0.0,Debit Card,Retail Store
ORD11333,2025-03-09,CUST1013,Customer_1013,West ,Electronics,Laptop,2,5469.32,0.15,74.68,Net Banking,Online
ORD13420,2024-07-08,CUST1328,Customer_1328,West ,Electronics,Headphones,2,13043.38,0.0,195.24,UPI,Online
ORD10556,2024-10-20,CUST1291,Customer_1291,North,Beauty,Shampoo,2,1254.93,0.0,100.66,Credit Card,Online
ORD14442,01/09/2024,CUST1032,Customer_1032,West,Sports,Cricket Bat,-1,4761.5,0.1,0.0,UPI,Retail Store
ORD12694,2025-12-25,CUST1240,Customer_1240,West ,Clothing,Shoes,1,2407.94,0.25,138.24,Debit Card,Online
ORD12346,2025-09-25,CUST1021,Customer_1021,East,Beauty,Shampoo,4,,0.05,68.26,,Online
ORD14364,2025-08-06,CUST1040,Customer_1040,West,Beauty,Shampoo,2,1324.26,0.0,30.37,Debit Card,Online
ORD11938,2025-02-28,CUST1095,Customer_1095,SOUTH,Electronics,Smartwatch,5,40318.37,0.2,0.0,Credit Card,Retail Store
ORD14181,2025-09-10,CUST1066,Customer_1066,East,Beauty,Perfume,5,1185.67,0.25,16.62,Cash on Delivery,Online
ORD13005,30/05/2024,CUST1297,Customer_1297,SOUTH,Home & Kitchen,Blender,4,2483.07,0.25,93.01,Credit Card,Online
ORD13167,30/03/2024,CUST1315,Customer_1315,West ,Beauty,Face Cream,5,2076.67,0.0,0.0,UPI,Retail Store
ORD14067,04/07/2025,CUST1156,Customer_1156,SOUTH,Beauty,Perfume,3,28591.04,0.2,31.29,Debit Card,Online
ORD14663,2024-10-09,CUST1101,Customer_1101,South,Electronics,Smartwatch,4,9503.53,0.1,0.0,Credit Card,Retail Store
ORD12379,2024-08-04,CUST1391,Customer_1391,East,Electronics,Smartphone,3,35241.17,0.0,171.22,Debit Card,Online
ORD12098,2025-09-12,CUST1249,Customer_1249,SOUTH,Clothing,Jeans,5,1973.82,0.05,143.26,Credit Card,Online
ORD10447,2025-10-13,CUST1119,Customer_1119,East,Electronics,Laptop,5,40993.2,0.0,156.4,UPI,Online
ORD10057,2024-06-17,CUST1374,Customer_1374,West ,Clothing,T-Shirt,3,842.15,0.1,0.0,UPI,Retail Store
ORD14908,02/09/2024,CUST1152,Customer_1152,South,Home & Kitchen,Blender,2,2442.37,0.05,0.0,Credit Card,Retail Store
ORD11050,2025-01-06,CUST1294,Customer_1294,West ,Home & Kitchen,Blender,5,7857.91,0.0,39.92,Credit Card,Online
ORD13411,2024-06-20,CUST1012,Customer_1012, East,Beauty,Shampoo,4,1262.4,0.05,0.0,Credit Card,Retail Store
ORD14302,05/04/2025,CUST1012,Customer_1012,East,Home & Kitchen,Lamp,3,7658.88,0.15,0.0,UPI,Retail Store
ORD12529,2024-02-28,CUST1036,Customer_1036,West,Beauty,Shampoo,5,1289.15,0.0,0.0,Credit Card,Retail Store
ORD14853,2024-07-29,CUST1379,Customer_1379,West,Beauty,Face Cream,2,1825.86,0.05,196.01,Credit Card,Online
ORD10496,2024-09-24,CUST1325,Customer_1325,East,Home & Kitchen,Blender,4,758.81,0.0,120.43,UPI,Online
ORD14522,2024-03-14,CUST1161,Customer_1161,SOUTH,Home & Kitchen,Vacuum Cleaner,4,2543.46,0.2,6.42,Debit Card,Online
ORD13638,2025-08-06,CUST1250,Customer_1250,West ,Electronics,Headphones,1,18309.57,0.05,182.16,Debit Card,Online
ORD11165,2024-10-04,CUST1337,Customer_1337,West,Clothing,T-Shirt,1,939.44,0.2,0.0,Net Banking,Retail Store
ORD12383,2024-11-16,CUST1379,Customer_1379,West ,Clothing,Dress,1,1502.55,0.15,3.1,Cash on Delivery,Online
ORD11216,2025-03-12,CUST1167,Customer_1167,North,Home & Kitchen,Bedsheet,1,7125.27,0.1,112.31,Credit Card,Online
ORD10796,2025-12-15,CUST1375,Customer_1375,South,Electronics,Tablet,4,46219.38,0.15,0.0,,Retail Store
ORD10428,2025-05-13,CUST1183,Customer_1183,SOUTH,Home & Kitchen,Vacuum Cleaner,2,6551.12,0.05,154.02,UPI,Online
ORD14676,21/06/2024,CUST1067,Customer_1067, East,Sports,Cricket Bat,2,5606.45,0.05,0.0,Net Banking,Retail Store
ORD11519,2024-01-10,CUST1331,Customer_1331, East,Beauty,Lipstick,4,1792.06,0.25,0.0,Debit Card,Retail Store
ORD13510,2024-04-26,CUST1246,Customer_1246,West ,Home & Kitchen,Cookware Set,3,4806.99,0.15,0.0,UPI,Retail Store
ORD14304,2024-05-31,CUST1041,Customer_1041, East,Clothing,T-Shirt,3,1441.11,0.1,20.25,,Online
ORD13583,2024-05-16,CUST1385,Customer_1385,SOUTH,Electronics,Headphones,2,2797.77,0.2,0.0,Cash on Delivery,Retail Store
ORD13826,2025-06-27,CUST1161,Customer_1161,West,Sports,Yoga Mat,4,1504.29,0.2,0.0,Credit Card,Retail Store
ORD10906,2024-04-21,CUST1193,Customer_1193,East,Electronics,Smartphone,3,11743.1,0.2,0.0,UPI,Retail Store
ORD11953,2025-03-09,CUST1280,Customer_1280,West,Home & Kitchen,Blender,5,1892.22,0.25,0.0,Debit Card,Retail Store
ORD13835,2024-03-14,CUST1179,Customer_1179, East,Beauty,Lipstick,1,1151.63,0.25,57.01,Credit Card,Online
ORD12217,30-Jun-2024,CUST1320,Customer_1320,north,Beauty,Sunscreen,5,2095.12,0.0,154.84,Debit Card,Online
ORD11542,2025-05-21,CUST1179,Customer_1179,South,Electronics,Headphones,5,5309.85,0.1,0.0,Debit Card,Retail Store
ORD11463,2025-01-29,CUST1052,Customer_1052,West,Beauty,Face Cream,1,2447.75,0.25,82.76,Debit Card,Online
ORD10203,2025-06-03,CUST1207,Customer_1207,East,Beauty,Face Cream,5,672.55,0.15,58.76,Net Banking,Online
ORD11535,20/05/2025,CUST1164,Customer_1164,East,Home & Kitchen,Blender,4,6048.25,0.1,141.33,Credit Card,Online
ORD12679,2024-07-29,CUST1238,Customer_1238,north,Home & Kitchen,Cookware Set,3,4357.43,0.0,104.93,Credit Card,Online
ORD12908,2025-04-22,CUST1054,Customer_1054,North,Beauty,Lipstick,3,273.71,0.0,44.45,Credit Card,Online
ORD13761,2024-06-10,CUST1038,Customer_1038,East,Home & Kitchen,Lamp,4,7675.99,0.0,0.0,Debit Card,Retail Store
ORD11847,2025-10-15,CUST1191,Customer_1191,North,Sports,Running Shoes,3,465.43,0.2,0.0,Cash on Delivery,Retail Store
ORD12045,2024-02-08,CUST1193,Customer_1193,north,Clothing,Dress,1,1245.58,0.0,0.0,UPI,Retail Store
ORD13604,2025-03-18,CUST1218,Customer_1218,SOUTH,Clothing,T-Shirt,1,1271.11,0.0,72.76,UPI,Online
ORD12645,2025-01-15,CUST1205,Customer_1205,East,Sports,Running Shoes,5,2475.96,0.05,0.0,Net Banking,Retail Store
ORD12146,03-Mar-2025,CUST1191,Customer_1191,SOUTH,Clothing,Jacket,2,1570.7,0.25,0.0,UPI,Retail Store
ORD13818,2025-09-11,CUST1011,Customer_1011,North,Home & Kitchen,Vacuum Cleaner,4,6479.9,0.1,0.0,Debit Card,Retail Store
ORD10901,14/08/2024,CUST1070,Customer_1070,West,Clothing,Shoes,1,2989.08,0.0,7.32,UPI,Online
ORD11499,2024-10-03,CUST1100,Customer_1100,SOUTH,Home & Kitchen,Cookware Set,5,3851.27,0.15,112.45,Credit Card,Online
ORD12703,23/06/2024,CUST1330,Customer_1330,SOUTH,Sports,Yoga Mat,5,598.25,0.1,4.69,Debit Card,Online
ORD14478,2024-06-11,CUST1124,Customer_1124, East,Home & Kitchen,Bedsheet,1,,0.25,127.19,Net Banking,Online
ORD11882,06/12/2025,CUST1275,Customer_1275,North,Beauty,Sunscreen,2,1642.66,,185.59,Debit Card,Online
ORD12084,12/05/2024,CUST1002,Customer_1002,West ,Home & Kitchen,Cookware Set,1,1221.44,0.05,97.9,Cash on Delivery,Online
ORD12345,2025-02-04,CUST1313,Customer_1313,East,Beauty,Perfume,2,266.6,0.0,0.0,Credit Card,Retail Store
ORD10958,2024-07-19,CUST1063,Customer_1063,north,Clothing,Jacket,5,2601.7,0.2,126.79,Debit Card,Online
ORD13366,2025-05-16,CUST1250,Customer_1250,north,Home & Kitchen,Cookware Set,1,4675.06,0.05,0.0,Debit Card,Retail Store
ORD10181,2025-07-09,CUST1303,Customer_1303,West ,Home & Kitchen,Vacuum Cleaner,5,4727.05,0.25,11.23,Credit Card,Online
ORD12704,2025-05-04,CUST1163,Customer_1163,East,Home & Kitchen,Cookware Set,2,2154.92,0.05,158.98,UPI,Online
ORD10275,2024-09-16,CUST1376,Customer_1376,north,Electronics,Tablet,2,41364.38,0.0,0.0,Debit Card,Retail Store
ORD11652,04/01/2024,CUST1179,Customer_1179,West,Electronics,Tablet,2,51130.57,0.25,0.0,Cash on Delivery,Retail Store
ORD11023,16-Jan-2025,CUST1355,Customer_1355,north,Beauty,Perfume,4,335.8,0.0,0.0,Net Banking,Retail Store
ORD12479,2024-08-21,CUST1306,Customer_1306,South,Sports,Running Shoes,3,5336.98,0.0,0.0,Cash on Delivery,Retail Store
ORD13810,2025-07-20,CUST1350,Customer_1350,West,Sports,Yoga Mat,5,3152.84,0.0,140.72,Net Banking,Online
ORD12567,2024-03-11,CUST1152,Customer_1152,North,Sports,Cricket Bat,4,3306.86,0.1,0.0,Debit Card,Retail Store
ORD12316,2024-08-16,CUST1266,Customer_1266,West ,Home & Kitchen,Cookware Set,4,1337.29,0.0,174.16,Debit Card,Online
ORD13988,2025-03-04,CUST1369,Customer_1369,South,Clothing,Shoes,5,927.63,0.15,0.0,Cash on Delivery,Retail Store
ORD14542,16/10/2025,CUST1291,Customer_1291, East,Home & Kitchen,Lamp,1,638.01,0.1,0.0,Credit Card,Retail Store
ORD11456,30-May-2025,CUST1102,Customer_1102,East,Electronics,Headphones,1,53171.93,0.1,0.0,Cash on Delivery,Retail Store
ORD10858,2024-03-10,CUST1027,Customer_1027,West,Home & Kitchen,Lamp,4,2704.63,0.25,2.21,UPI,Online
ORD11156,2025-04-14,CUST1005,Customer_1005, East,Sports,Dumbbells,5,5924.88,0.0,3.62,,Online
ORD14523,2024-09-14,CUST1338,Customer_1338,East,Sports,Yoga Mat,5,3844.66,0.0,131.21,UPI,Online
ORD14257,22/02/2025,CUST1252,Customer_1252,,Home & Kitchen,Bedsheet,1,4950.72,0.05,0.0,UPI,Retail Store
ORD12389,02/12/2024,CUST1229,Customer_1229,North,Home & Kitchen,Cookware Set,3,1605.73,0.2,76.92,UPI,Online
ORD14224,12-Mar-2024,CUST1073,Customer_1073,West ,Clothing,Shoes,5,2036.38,0.1,152.58,Net Banking,Online
ORD10799,2024-08-21,CUST1094,Customer_1094,West ,Clothing,T-Shirt,1,1210.75,0.1,0.0,Cash on Delivery,Retail Store
ORD10600,2025-04-30,CUST1233,Customer_1233,West ,Clothing,T-Shirt,4,146540.07,0.15,0.0,Debit Card,Retail Store
ORD14889,2024-03-14,CUST1066,Customer_1066,West ,Clothing,Jacket,4,2734.4,0.0,167.64,Credit Card,Online
ORD14207,20/02/2024,CUST1006,Customer_1006,South,Sports,Cycling Helmet,5,2279.55,0.0,0.0,Cash on Delivery,Retail Store
ORD11752,2025-12-03,CUST1106,Customer_1106,West,Home & Kitchen,Vacuum Cleaner,5,1726.92,0.05,148.13,Net Banking,Online
ORD10758,2025-12-31,CUST1286,Customer_1286, East,Electronics,Laptop,4,10150.99,0.0,0.0,Debit Card,Retail Store
ORD11271,2025-08-31,CUST1096,Customer_1096,North,Sports,Cricket Bat,2,,0.0,0.0,Net Banking,Retail Store
ORD10574,23-Sep-2025,CUST1195,Customer_1195,South,Home & Kitchen,Lamp,3,1244.19,0.0,126.71,Cash on Delivery,Online
ORD11272,2025-03-16,CUST1201,Customer_1201,South,Clothing,Shoes,1,1008.15,0.15,0.0,Cash on Delivery,Retail Store
ORD14677,2025-05-27,CUST1188,Customer_1188,North,Sports,Running Shoes,3,3486.73,0.0,120.92,UPI,Online
ORD11993,2025-10-28,CUST1280,Customer_1280,north,Clothing,Dress,1,2468.08,0.0,58.04,Net Banking,Online
ORD14378,19/06/2024,CUST1227,Customer_1227,South,Electronics,Headphones,4,22457.48,0.2,0.0,Net Banking,Retail Store
ORD11419,2025-08-20,CUST1085,Customer_1085,north,Home & Kitchen,Cookware Set,4,5247.47,0.25,0.0,Net Banking,Retail Store
ORD11621,2024-07-08,CUST1343,Customer_1343,West,Clothing,Jeans,1,1710.01,0.0,39.12,Cash on Delivery,Online
ORD13162,25/05/2025,CUST1301,Customer_1301,West ,Beauty,Shampoo,1,1385.39,0.15,189.39,UPI,Online
ORD14401,2025-01-10,CUST1250,Customer_1250, East,Electronics,Smartwatch,5,4918.62,0.2,10.35,UPI,Online
ORD13773,2025-01-13,CUST1217,Customer_1217,,Electronics,Smartwatch,5,37263.56,0.1,135.13,Debit Card,Online
ORD12755,2025-02-06,CUST1212,Customer_1212,South,Electronics,Smartwatch,2,,0.25,36.03,Net Banking,Online
ORD12289,2024-07-24,CUST1390,Customer_1390,South,Electronics,Tablet,3,36901.61,0.2,0.0,,Retail Store
ORD11990,2024-06-30,CUST1127,Customer_1127,East,Sports,Cycling Helmet,1,1147.39,0.0,0.0,Debit Card,Retail Store
ORD12517,2025-08-14,CUST1206,Customer_1206,East,Clothing,Jeans,3,2954.94,0.15,46.96,Cash on Delivery,Online
ORD14155,2025-05-09,CUST1152,Customer_1152,West,Beauty,Face Cream,3,2283.24,0.0,0.0,Debit Card,Retail Store
ORD11155,2025-08-21,CUST1236,Customer_1236,north,Clothing,Jacket,4,856.9,0.1,0.0,UPI,Retail Store
ORD13251,2025-07-01,CUST1237,Customer_1237, East,Clothing,Dress,5,2238.33,0.05,0.0,UPI,Retail Store
ORD11946,2025-10-31,CUST1131,Customer_1131,north,Beauty,Sunscreen,2,2054.38,0.1,125.32,Credit Card,Online
ORD10689,2025-12-03,CUST1264,Customer_1264,West ,Electronics,Smartwatch,1,44361.23,0.2,0.0,Cash on Delivery,Retail Store
ORD14805,2024-04-30,CUST1129,Customer_1129,South,Clothing,Shoes,3,2480.04,0.15,0.0,Cash on Delivery,Retail Store
ORD11697,24-Oct-2024,CUST1308,Customer_1308, East,Beauty,Perfume,3,1062.97,0.25,0.0,Cash on Delivery,Retail Store
ORD12442,2025-06-09,CUST1207,Customer_1207,East,Home & Kitchen,Bedsheet,4,7901.56,0.2,35.56,Credit Card,Online
ORD13402,2024-10-25,CUST1046,Customer_1046,north,Sports,Cricket Bat,3,1802.08,0.25,0.0,Credit Card,Retail Store
ORD10783,2024-11-19,CUST1381,Customer_1381,North,Sports,Dumbbells,4,4535.41,0.25,17.15,Credit Card,Online
ORD10687,2025-09-17,CUST1273,Customer_1273, East,Electronics,Laptop,4,58258.2,0.0,27.62,Credit Card,Online
ORD14926,26-May-2025,CUST1331,Customer_1331,North,Beauty,Perfume,2,184.91,0.0,0.0,Debit Card,Retail Store
ORD11899,09-Aug-2025,CUST1320,Customer_1320,East,Sports,Yoga Mat,1,4993.5,0.15,99.93,Credit Card,Online
ORD12731,2025-06-19,CUST1353,Customer_1353, East,Beauty,Shampoo,4,2374.29,0.0,0.0,UPI,Retail Store
ORD10987,2024-04-09,CUST1369,Customer_1369,West ,Beauty,Face Cream,1,451.28,0.0,55.09,Credit Card,Online
ORD13536,2024-09-15,CUST1157,Customer_1157,East,Electronics,Smartphone,1,28442.28,0.15,52.04,Debit Card,Online
ORD13892,18/08/2025,CUST1020,Customer_1020,West,Sports,Cricket Bat,3,4765.51,0.1,159.71,Cash on Delivery,Online
ORD11793,2024-12-30,CUST1125,Customer_1125,North,Sports,Cycling Helmet,1,2505.16,0.05,7.64,UPI,Online
ORD12861,2024-01-26,CUST1392,Customer_1392,West ,Beauty,Shampoo,5,2384.31,0.0,42.61,Debit Card,Online
ORD13064,20/06/2024,CUST1312,Customer_1312,East,Beauty,Sunscreen,2,528.6,0.15,0.0,UPI,Retail Store
ORD11051,29/07/2025,CUST1016,Customer_1016,north,Beauty,Face Cream,4,2279.22,0.1,159.49,Debit Card,Online
ORD13073,2025-02-26,CUST1120,Customer_1120,West,Electronics,Headphones,3,25751.97,0.0,0.0,Credit Card,Retail Store
ORD11498,2025-02-14,CUST1274,Customer_1274,North,Electronics,Laptop,1,47741.07,0.1,0.0,Credit Card,Retail Store
ORD14405,2024-12-11,CUST1268,Customer_1268,SOUTH,Beauty,Shampoo,4,1681.83,0.0,191.27,Credit Card,Online
ORD14247,06/07/2024,CUST1078,Customer_1078,SOUTH,Sports,Running Shoes,5,2282.65,0.05,129.25,Cash on Delivery,Online
ORD12295,2025-03-23,CUST1223,Customer_1223,East,Home & Kitchen,Vacuum Cleaner,5,3211.48,0.0,121.67,Debit Card,Online
ORD12722,2025-10-26,CUST1298,Customer_1298,North,Sports,Cricket Bat,1,4409.63,0.0,109.68,Net Banking,Online
ORD13878,26/12/2024,CUST1039,Customer_1039,North,Electronics,Smartwatch,3,9987.59,0.25,0.0,UPI,Retail Store
ORD14545,30/12/2025,CUST1214,Customer_1214,SOUTH,Beauty,Lipstick,1,1381.06,0.1,78.86,Cash on Delivery,Online
ORD14051,2024-01-07,CUST1170,Customer_1170,South,Beauty,Face Cream,2,767.73,0.25,162.22,Net Banking,Online
ORD12354,2024-01-30,CUST1243,Customer_1243,North,Electronics,Smartwatch,1,35551.83,0.15,0.0,Credit Card,Retail Store
ORD10021,2024-09-24,CUST1204,Customer_1204,north,Home & Kitchen,Vacuum Cleaner,1,,0.0,119.31,Credit Card,Online
ORD10448,2024-10-06,CUST1275,Customer_1275, East,Beauty,Sunscreen,4,1684.69,0.25,117.03,UPI,Online
ORD10453,2024-06-23,CUST1185,Customer_1185,East,Electronics,Laptop,4,42857.63,0.25,149.19,Credit Card,Online
ORD11328,16/04/2025,CUST1303,Customer_1303,West ,Electronics,Smartphone,1,15379.57,0.05,0.0,Net Banking,Retail Store
ORD10012,2024-02-21,CUST1372,Customer_1372,North,Home & Kitchen,Blender,2,1876.16,0.0,33.26,Credit Card,Online
ORD14673,2025-06-14,CUST1057,Customer_1057,West,Beauty,Sunscreen,2,1837.24,0.05,0.0,Debit Card,Retail Store
ORD11392,2025-05-29,CUST1004,Customer_1004,South,Home & Kitchen,Blender,5,3765.85,0.15,0.0,Net Banking,Retail Store
ORD10943,09-Mar-2024,CUST1047,Customer_1047,West,Beauty,Lipstick,4,306.97,0.1,0.0,Debit Card,Retail Store
ORD10870,2024-11-12,CUST1016,Customer_1016,West,Beauty,Perfume,2,840.09,0.05,0.0,Debit Card,Retail Store
ORD10544,2025-10-03,CUST1090,Customer_1090,West,Home & Kitchen,Blender,5,4874.46,0.1,64.85,Cash on Delivery,Online
ORD10372,2024-05-07,CUST1021,Customer_1021,north,Home & Kitchen,Bedsheet,3,6434.15,0.25,98.38,Cash on Delivery,Online
ORD14664,2025-07-08,CUST1367,Customer_1367,West ,Clothing,Dress,3,1516.72,0.1,47.92,Credit Card,Online
ORD14575,23-Dec-2025,CUST1322,Customer_1322, East,Electronics,Headphones,5,32002.76,0.05,0.0,Cash on Delivery,Retail Store
ORD13628,2025-02-04,CUST1293,Customer_1293,West,Home & Kitchen,Bedsheet,5,1796.43,0.2,23.62,Cash on Delivery,Online
ORD13553,2024-06-07,CUST1322,Customer_1322,North,Sports,Dumbbells,1,4951.05,0.0,53.05,UPI,Online
ORD12089,31/10/2025,CUST1161,Customer_1161,SOUTH,Beauty,Face Cream,3,1732.35,0.2,9.17,Net Banking,Online
ORD10998,2025-08-10,CUST1019,Customer_1019,West,Electronics,Laptop,5,46443.95,0.1,0.0,Credit Card,Retail Store
ORD10192,04/08/2024,CUST1365,Customer_1365,East,Electronics,Tablet,5,48326.34,0.0,0.0,Credit Card,Retail Store
ORD10062,2024-08-26,CUST1046,Customer_1046,East,Clothing,Dress,1,2969.82,0.05,55.45,Net Banking,Online
ORD12223,2025-09-02,CUST1258,Customer_1258,north,Home & Kitchen,Vacuum Cleaner,1,5593.78,0.05,0.0,Debit Card,Retail Store
ORD10104,12/09/2025,CUST1285,Customer_1285,East,Home & Kitchen,Cookware Set,2,791.85,0.0,0.0,UPI,Retail Store
ORD11918,2025-05-07,CUST1011,Customer_1011,South,Home & Kitchen,Cookware Set,4,3526.16,0.0,47.83,Debit Card,Online
ORD12997,2025-10-06,CUST1257,Customer_1257,West,Electronics,Smartwatch,1,9952.55,0.0,0.0,Net Banking,Retail Store
ORD10126,10-Feb-2025,CUST1170,Customer_1170,SOUTH,Home & Kitchen,Blender,2,7996.79,0.05,0.0,UPI,Retail Store
ORD10244,2025-11-07,CUST1309,Customer_1309,SOUTH,Electronics,Tablet,2,14954.46,0.0,0.0,Credit Card,Retail Store
ORD11246,2025-12-04,CUST1264,Customer_1264,East,Sports,Running Shoes,5,1854.37,0.0,115.54,,Online
ORD12889,24-Oct-2024,CUST1057,Customer_1057,SOUTH,Sports,Running Shoes,5,,0.0,2.97,,Online
ORD10516,23/07/2025,CUST1330,Customer_1330,West ,Beauty,Perfume,5,1413.15,0.2,150.7,Credit Card,Online
ORD10147,2025-08-14,CUST1221,Customer_1221,East,Beauty,Face Cream,5,654.77,0.0,0.0,UPI,Retail Store
ORD11299,2024-01-07,CUST1135,Customer_1135,North,Home & Kitchen,Vacuum Cleaner,2,1879.1,0.25,59.65,UPI,Online
ORD10517,2025-07-29,CUST1106,Customer_1106,North,Electronics,Smartphone,5,1811.45,0.0,101.23,Credit Card,Online
ORD12928,13-Jul-2025,CUST1067,Customer_1067, East,Electronics,Smartphone,4,14263.38,0.0,157.94,Net Banking,Online
ORD11377,01/11/2024,CUST1218,Customer_1218,South,Sports,Cricket Bat,3,1698.65,0.2,187.53,Cash on Delivery,Online
ORD12015,2025-12-02,CUST1056,Customer_1056,West,Clothing,T-Shirt,2,2312.04,0.0,0.0,,Retail Store
ORD14885,20/03/2025,CUST1313,Customer_1313,SOUTH,Beauty,Sunscreen,5,794.91,0.05,146.35,Debit Card,Online
ORD14767,02/04/2024,CUST1367,Customer_1367,,Clothing,Jacket,2,2674.84,0.1,131.85,Debit Card,Online
ORD13484,2025-02-03,CUST1194,Customer_1194,West,Electronics,Tablet,4,4825.4,0.1,0.0,Credit Card,Retail Store
ORD14854,2025-07-20,CUST1334,Customer_1334,SOUTH,Home & Kitchen,Bedsheet,2,548.17,0.0,0.0,UPI,Retail Store
ORD13601,2025-04-20,CUST1094,Customer_1094,,Beauty,Sunscreen,2,1235.44,0.15,0.0,Cash on Delivery,Retail Store
ORD11406,2024-04-07,CUST1263,Customer_1263,,Clothing,Shoes,1,2477.29,0.0,111.19,Cash on Delivery,Online
ORD14650,27-Jan-2025,CUST1124,Customer_1124,East,Clothing,Jacket,4,1017.15,0.25,67.3,Net Banking,Online
ORD12018,22/10/2025,CUST1259,Customer_1259,West ,Beauty,Shampoo,1,1328.03,0.0,0.0,,Retail Store
ORD10957,2025-02-03,CUST1348,Customer_1348,SOUTH,Sports,Yoga Mat,4,5344.91,0.15,6.13,Cash on Delivery,Online
ORD13347,2024-08-11,CUST1355,Customer_1355,North,Clothing,T-Shirt,2,417.76,0.05,163.52,Net Banking,Online
ORD11438,2025-09-10,CUST1013,Customer_1013,North,Home & Kitchen,Blender,4,1394.18,0.2,197.24,Cash on Delivery,Online
ORD10222,2025-12-09,CUST1337,Customer_1337,East,Sports,Cycling Helmet,2,3676.68,0.0,0.0,Credit Card,Retail Store
ORD10165,2025-12-16,CUST1158,Customer_1158,West,Electronics,Tablet,2,10589.56,0.1,17.24,Credit Card,Online
ORD11432,2025-10-12,CUST1162,Customer_1162,north,Clothing,Shoes,4,2092.48,0.05,0.0,Debit Card,Retail Store
ORD10394,2025-10-15,CUST1343,Customer_1343, East,Sports,Dumbbells,1,5013.88,0.1,104.45,Net Banking,Online
ORD12404,2024-01-16,CUST1307,Customer_1307,SOUTH,Clothing,Jacket,2,1224.78,0.25,0.0,Cash on Delivery,Retail Store
ORD10827,10-Sep-2025,CUST1249,Customer_1249,North,Electronics,Smartwatch,3,6353.43,0.05,0.0,UPI,Retail Store
ORD11297,2024-03-31,CUST1269,Customer_1269,North,Home & Kitchen,Blender,1,7744.56,,143.85,Cash on Delivery,Online
ORD11615,19/07/2024,CUST1344,Customer_1344,,Clothing,Jacket,4,1417.93,0.0,0.0,Credit Card,Retail Store
ORD12090,2025-08-25,CUST1367,Customer_1367,East,Home & Kitchen,Vacuum Cleaner,2,2675.76,0.2,126.31,Debit Card,Online
ORD13836,29/09/2025,CUST1398,Customer_1398,West ,Electronics,Smartphone,1,55379.38,0.15,1.87,Net Banking,Online
ORD12385,12-Mar-2024,CUST1029,Customer_1029, East,Clothing,Dress,3,1794.0,0.25,64.23,UPI,Online
ORD12031,10/09/2024,CUST1037,Customer_1037,West,Home & Kitchen,Vacuum Cleaner,1,7257.35,0.0,72.1,Credit Card,Online
ORD12229,2025-03-04,CUST1110,Customer_1110,North,Sports,Dumbbells,3,5855.93,0.2,85.47,Debit Card,Online
ORD12257,2024-09-09,CUST1261,Customer_1261,north,Electronics,Headphones,1,41922.81,0.1,161.9,Net Banking,Online
ORD14408,2024-11-30,CUST1163,Customer_1163,West ,Sports,Dumbbells,1,3703.93,0.25,0.0,Credit Card,Retail Store
ORD11807,01/01/2025,CUST1220,Customer_1220,West ,Electronics,Smartwatch,1,31875.46,0.0,15.05,,Online
ORD13306,2024-03-18,CUST1246,Customer_1246,North,Clothing,Shoes,5,2558.31,0.25,0.0,Cash on Delivery,Retail Store
ORD14425,2025-12-10,CUST1316,Customer_1316,West ,Home & Kitchen,Bedsheet,5,1406.39,0.0,69.66,Credit Card,Online
ORD11038,2025-08-25,CUST1043,Customer_1043,South,Sports,Cycling Helmet,1,1174.22,0.2,39.71,Credit Card,Online
ORD12917,2025-07-15,CUST1093,Customer_1093,West,Home & Kitchen,Blender,1,6804.64,0.2,0.0,UPI,Retail Store
ORD10037,26/12/2024,CUST1229,Customer_1229,north,Electronics,Headphones,3,41969.55,0.15,0.0,UPI,Retail Store
ORD10276,18/08/2025,CUST1026,Customer_1026,West ,Clothing,T-Shirt,2,37593.65,0.0,74.28,Net Banking,Online
ORD11552,2024-07-28,CUST1221,Customer_1221,West,Home & Kitchen,Blender,3,650.02,0.0,0.0,UPI,Retail Store
ORD12847,2025-12-21,CUST1290,Customer_1290,SOUTH,Sports,Cycling Helmet,3,4891.86,0.25,0.0,UPI,Retail Store
ORD12838,2025-11-29,CUST1056,Customer_1056,West,Clothing,Shoes,4,520.68,0.25,0.0,Cash on Delivery,Retail Store
ORD13228,2025-04-24,CUST1225,Customer_1225,North,Beauty,Lipstick,1,1331.73,0.2,0.0,Credit Card,Retail Store
ORD12387,2025-09-29,CUST1302,Customer_1302,West ,Home & Kitchen,Vacuum Cleaner,2,1355.67,0.25,97.13,Credit Card,Online
ORD10161,2025-03-15,CUST1369,Customer_1369,East,Clothing,Jeans,4,886.56,0.15,0.0,Debit Card,Retail Store
ORD13544,22/02/2025,CUST1139,Customer_1139,SOUTH,Clothing,Jacket,5,2998.79,0.0,26.68,UPI,Online
ORD10322,16/10/2024,CUST1186,Customer_1186,East,Beauty,Shampoo,3,1267.04,0.0,81.14,Net Banking,Online
ORD10011,2025-11-20,CUST1292,Customer_1292,South,Sports,Running Shoes,2,2772.04,0.0,0.0,Credit Card,Retail Store
ORD11264,2024-07-14,CUST1061,Customer_1061,South,Beauty,Shampoo,-1,2270.61,0.0,0.0,Credit Card,Retail Store
ORD13720,2025-08-27,CUST1387,Customer_1387,SOUTH,Home & Kitchen,Vacuum Cleaner,5,1008.78,0.25,0.0,Cash on Delivery,Retail Store
ORD11026,2024-05-10,CUST1356,Customer_1356,West,Sports,Running Shoes,5,1882.47,0.1,0.0,Net Banking,Retail Store
ORD14665,23/02/2024,CUST1358,Customer_1358, East,Home & Kitchen,Cookware Set,2,2573.9,0.0,101.94,Debit Card,Online
ORD14957,16-Jun-2024,CUST1180,Customer_1180,West,Beauty,Perfume,3,1162.84,0.0,0.0,Credit Card,Retail Store
ORD11064,2025-08-17,CUST1134,Customer_1134,SOUTH,Electronics,Smartphone,4,42121.71,0.1,0.56,Debit Card,Online
ORD11573,2024-08-08,CUST1361,Customer_1361,South,Electronics,Smartphone,5,20822.09,0.0,62.21,Net Banking,Online
ORD11070,2024-03-10,CUST1058,Customer_1058,South,Electronics,Laptop,2,45488.16,0.0,0.0,Net Banking,Retail Store
ORD13970,2025-11-27,CUST1184,Customer_1184,West ,Sports,Running Shoes,1,4275.25,0.05,0.0,UPI,Retail Store
ORD13709,2025-09-04,CUST1368,Customer_1368,North,Electronics,Tablet,1,20402.93,0.2,0.0,Credit Card,Retail Store
ORD12537,2024-11-27,CUST1045,Customer_1045, East,Sports,Cycling Helmet,-1,5023.32,0.0,38.99,Debit Card,Online
ORD13732,2025-07-07,CUST1295,Customer_1295,South,Home & Kitchen,Blender,1,6046.03,0.0,98.98,UPI,Online
ORD10019,30/08/2024,CUST1021,Customer_1021,East,Home & Kitchen,Vacuum Cleaner,1,1270.95,0.0,35.87,Cash on Delivery,Online
ORD11404,2024-11-27,CUST1303,Customer_1303,north,Clothing,Jacket,1,2030.57,0.05,0.0,Cash on Delivery,Retail Store
ORD10895,23/04/2024,CUST1140,Customer_1140,East,Beauty,Face Cream,-3,290.04,0.2,0.0,UPI,Retail Store
ORD11802,2024-07-09,CUST1257,Customer_1257,north,Home & Kitchen,Lamp,1,3743.04,0.0,153.6,Debit Card,Online
ORD14250,2025-04-30,CUST1184,Customer_1184,West,Sports,Cricket Bat,4,1784.78,0.05,69.02,Credit Card,Online
ORD14668,29/06/2025,CUST1192,Customer_1192,West,Electronics,Smartphone,3,46395.11,0.0,2.22,Credit Card,Online
ORD12796,20/12/2024,CUST1154,Customer_1154,North,Home & Kitchen,Bedsheet,5,4855.69,0.25,0.0,UPI,Retail Store
ORD11232,2024-08-20,CUST1079,Customer_1079, East,Clothing,Jeans,5,2967.18,0.15,179.93,Net Banking,Online
ORD11386,2024-06-02,CUST1106,Customer_1106,north,Beauty,Lipstick,5,370.4,0.15,54.87,Cash on Delivery,Online
ORD13767,2025-08-27,CUST1334,Customer_1334,West ,Beauty,Perfume,5,744.75,0.1,107.69,Credit Card,Online
ORD12480,21/08/2024,CUST1373,Customer_1373,East,Clothing,T-Shirt,2,1928.36,0.05,0.0,Net Banking,Retail Store
ORD11291,2025-08-24,CUST1393,Customer_1393,North,Clothing,Jeans,4,2789.55,0.2,194.5,Debit Card,Online
ORD11011,2024-11-03,CUST1070,Customer_1070,South,Home & Kitchen,Lamp,4,5014.57,0.0,71.55,Net Banking,Online
ORD13127,02/05/2025,CUST1390,Customer_1390,north,Home & Kitchen,Bedsheet,3,4312.19,0.15,0.0,Cash on Delivery,Retail Store
ORD10931,21/09/2025,CUST1399,Customer_1399,,Clothing,Jacket,3,2764.36,0.15,0.0,Credit Card,Retail Store
ORD11634,21/01/2024,CUST1143,Customer_1143,north,Sports,Yoga Mat,5,3431.85,0.2,0.0,Debit Card,Retail Store
ORD12360,2025-05-19,CUST1305,Customer_1305,South,Home & Kitchen,Vacuum Cleaner,3,6607.93,0.0,77.39,Cash on Delivery,Online
ORD11759,2025-07-09,CUST1061,Customer_1061,West,Beauty,Face Cream,1,1146.98,0.2,0.0,Credit Card,Retail Store
ORD11988,2024-05-27,CUST1171,Customer_1171,north,Home & Kitchen,Vacuum Cleaner,4,1425.8,,0.0,Credit Card,Retail Store
ORD14548,2024-07-21,CUST1001,Customer_1001, East,Sports,Running Shoes,5,1689.4,0.2,0.0,Cash on Delivery,Retail Store
ORD10644,16/03/2024,CUST1065,Customer_1065,SOUTH,Beauty,Sunscreen,2,1539.97,0.0,0.0,Cash on Delivery,Retail Store
ORD13204,2024-05-01,CUST1093,Customer_1093,SOUTH,Home & Kitchen,Cookware Set,2,6768.72,0.15,150.7,UPI,Online
ORD12733,2024-08-17,CUST1097,Customer_1097,West ,Sports,Yoga Mat,5,3978.4,0.05,0.0,Debit Card,Retail Store
ORD11081,17-Dec-2024,CUST1097,Customer_1097,SOUTH,Clothing,Jeans,4,617.17,,20.28,UPI,Online
ORD14656,2025-12-20,CUST1080,Customer_1080,North,Sports,Cricket Bat,1,2505.47,0.2,62.01,Net Banking,Online
ORD13401,03-Nov-2024,CUST1286,Customer_1286,West ,Sports,Cycling Helmet,1,5411.42,0.25,160.18,Net Banking,Online
ORD10324,2024-11-29,CUST1222,Customer_1222,West ,Sports,Cricket Bat,5,5085.79,0.25,0.0,Debit Card,Retail Store
ORD12505,2025-11-21,CUST1235,Customer_1235,north,Electronics,Laptop,5,8427.19,0.2,0.0,Cash on Delivery,Retail Store
ORD10086,2024-07-10,CUST1032,Customer_1032,South,Electronics,Smartwatch,5,38469.36,0.2,0.0,Net Banking,Retail Store
ORD13419,12/04/2024,CUST1184,Customer_1184,East,Clothing,Jeans,5,1165.24,0.2,179.53,UPI,Online
ORD10090,25/03/2024,CUST1063,Customer_1063,South,Home & Kitchen,Lamp,4,7802.93,0.1,109.09,Cash on Delivery,Online
ORD13294,13/07/2024,CUST1245,Customer_1245,north,Electronics,Laptop,3,2567.75,0.0,165.38,Debit Card,Online
ORD14265,2024-01-17,CUST1288,Customer_1288,West,Sports,Cycling Helmet,4,2028.2,0.25,0.0,UPI,Retail Store
ORD10094,30/03/2024,CUST1360,Customer_1360,SOUTH,Beauty,Shampoo,5,2154.14,0.25,110.0,UPI,Online
ORD14228,25-Jun-2025,CUST1002,Customer_1002,West ,Beauty,Shampoo,5,1846.12,0.0,163.06,Credit Card,Online
ORD12775,30/11/2024,CUST1271,Customer_1271,SOUTH,Electronics,Laptop,2,9947.63,0.0,121.75,Cash on Delivery,Online
ORD10157,07-May-2024,CUST1280,Customer_1280,,Sports,Dumbbells,5,3906.61,0.0,0.0,Cash on Delivery,Retail Store
ORD12582,2024-11-07,CUST1388,Customer_1388,north,Electronics,Headphones,2,25545.54,0.0,87.41,Credit Card,Online
ORD14913,2025-06-21,CUST1152,Customer_1152,West,Beauty,Perfume,1,1338.67,0.0,0.0,Credit Card,Retail Store
ORD11751,2025-11-25,CUST1191,Customer_1191,North,Home & Kitchen,Blender,4,5324.86,0.15,116.8,Credit Card,Online
ORD11721,2024-07-07,CUST1349,Customer_1349,East,Sports,Cycling Helmet,2,5550.07,0.0,123.44,Credit Card,Online
ORD14977,2025-10-02,CUST1322,Customer_1322,SOUTH,Electronics,Laptop,1,20243.71,0.2,138.51,UPI,Online
ORD13255,2025-10-11,CUST1173,Customer_1173,South,Electronics,Laptop,1,8459.55,0.2,0.0,Cash on Delivery,Retail Store
ORD12947,02/06/2025,CUST1369,Customer_1369,South,Home & Kitchen,Cookware Set,5,6506.0,0.05,0.0,Cash on Delivery,Retail Store
ORD14148,2024-05-12,CUST1207,Customer_1207,South,Sports,Running Shoes,2,1962.51,0.05,93.74,Cash on Delivery,Online
ORD10301,2025-03-13,CUST1211,Customer_1211,North,Clothing,Jeans,2,2961.19,0.05,0.0,Net Banking,Retail Store
ORD13936,09/10/2024,CUST1129,Customer_1129,South,Home & Kitchen,Bedsheet,2,7391.57,0.15,0.0,Net Banking,Retail Store
ORD14015,2025-12-27,CUST1306,Customer_1306,South,Beauty,Perfume,3,2384.59,0.15,0.0,Debit Card,Retail Store
ORD14586,02-Apr-2025,CUST1313,Customer_1313, East,Beauty,Sunscreen,1,189.42,0.25,0.0,Net Banking,Retail Store
ORD12959,2024-07-23,CUST1127,Customer_1127,North,Clothing,Jeans,3,2640.82,0.0,159.9,Cash on Delivery,Online
ORD13873,2024-11-08,CUST1022,Customer_1022,South,Clothing,Jeans,2,1313.77,0.05,5.07,Cash on Delivery,Online
ORD12037,2025-01-30,CUST1247,Customer_1247,East,Home & Kitchen,Vacuum Cleaner,3,754.43,0.0,0.0,Cash on Delivery,Retail Store
ORD12118,01/12/2024,CUST1025,Customer_1025,North,Electronics,Tablet,2,39549.08,0.15,0.0,Credit Card,Retail Store
ORD10230,2024-12-05,CUST1269,Customer_1269,West,Clothing,Jeans,5,1423.01,0.15,0.0,Net Banking,Retail Store
ORD12854,31/07/2024,CUST1118,Customer_1118,West,Clothing,Jeans,2,1806.88,0.0,58.92,Credit Card,Online
ORD12164,2025-02-27,CUST1341,Customer_1341,north,Electronics,Smartwatch,4,3398.44,0.0,0.0,Credit Card,Retail Store
ORD14896,2025-08-24,CUST1238,Customer_1238,north,Clothing,T-Shirt,2,716.11,0.0,83.12,Net Banking,Online
ORD13866,2025-09-08,CUST1151,Customer_1151,north,Electronics,Headphones,5,50700.53,,102.24,Cash on Delivery,Online
ORD11387,20/01/2025,CUST1013,Customer_1013,South,Sports,Dumbbells,2,2418.78,0.0,0.0,Net Banking,Retail Store
ORD13749,2024-07-20,CUST1331,Customer_1331,East,Home & Kitchen,Blender,5,4485.95,,2.68,Net Banking,Online
ORD14290,08/10/2025,CUST1250,Customer_1250,north,Home & Kitchen,Blender,4,4611.15,0.1,0.0,Debit Card,Retail Store
ORD11675,08-Dec-2024,CUST1362,Customer_1362,East,Sports,Cricket Bat,1,2362.9,0.2,0.0,Cash on Delivery,Retail Store
ORD12377,2025-04-16,CUST1294,Customer_1294,,Home & Kitchen,Vacuum Cleaner,5,5051.58,0.05,104.11,Debit Card,Online
ORD14435,28/05/2025,CUST1316,Customer_1316, East,Sports,Running Shoes,4,4509.27,0.25,52.63,Net Banking,Online
ORD11256,04/11/2024,CUST1085,Customer_1085, East,Sports,Cricket Bat,3,531.01,0.2,0.0,Cash on Delivery,Retail Store
ORD13584,16/09/2024,CUST1151,Customer_1151,East,Home & Kitchen,Blender,1,1809.86,0.25,0.0,Credit Card,Retail Store
ORD13817,2025-02-11,CUST1252,Customer_1252,SOUTH,Home & Kitchen,Bedsheet,5,3713.46,0.1,22.34,Net Banking,Online
ORD12881,22-Apr-2025,CUST1089,Customer_1089,West ,Home & Kitchen,Vacuum Cleaner,1,7151.6,0.25,0.0,Net Banking,Retail Store
ORD12362,12/05/2024,CUST1300,Customer_1300,North,Beauty,Perfume,4,2152.4,0.1,170.36,Cash on Delivery,Online
ORD12025,2024-03-01,CUST1159,Customer_1159, East,Sports,Running Shoes,4,1106.06,0.25,23.0,Cash on Delivery,Online
ORD13397,2024-11-15,CUST1361,Customer_1361,East,Home & Kitchen,Bedsheet,1,1665.61,0.2,17.51,Cash on Delivery,Online
ORD11521,2025-03-25,CUST1186,Customer_1186,South,Beauty,Sunscreen,4,1560.09,0.05,0.0,Net Banking,Retail Store
ORD13499,2024-06-15,CUST1262,Customer_1262,SOUTH,Electronics,Tablet,3,39017.26,,33.71,Cash on Delivery,Online
ORD10250,24/09/2024,CUST1380,Customer_1380, East,Electronics,Tablet,5,1920.85,0.1,0.0,Net Banking,Retail Store
ORD11625,2025-11-30,CUST1128,Customer_1128,South,Sports,Yoga Mat,5,4960.36,0.25,37.57,UPI,Online
ORD14606,2024-05-22,CUST1058,Customer_1058,West,Electronics,Smartphone,2,46207.75,0.05,0.0,Debit Card,Retail Store
ORD10329,2025-06-05,CUST1249,Customer_1249,West ,Beauty,Shampoo,1,1784.17,0.25,0.0,Cash on Delivery,Retail Store
ORD13759,2024-08-17,CUST1103,Customer_1103,SOUTH,Clothing,Jacket,2,782.19,0.25,0.0,Cash on Delivery,Retail Store
ORD12741,2024-08-15,CUST1254,Customer_1254,East,Sports,Cycling Helmet,1,532.36,0.1,118.97,Credit Card,Online
ORD10393,2024-07-23,CUST1139,Customer_1139,,Electronics,Tablet,5,13769.74,0.15,0.0,Net Banking,Retail Store
ORD10610,2025-11-17,CUST1314,Customer_1314,West ,Home & Kitchen,Cookware Set,5,4741.81,,10.94,Credit Card,Online
ORD12665,2024-10-21,CUST1020,Customer_1020,West ,Beauty,Lipstick,2,994.92,0.0,0.0,UPI,Retail Store
ORD13665,2025-02-21,CUST1276,Customer_1276, East,Clothing,Jacket,2,2593.76,0.15,0.0,Net Banking,Retail Store
ORD14146,2024-03-21,CUST1350,Customer_1350,West ,Sports,Cycling Helmet,4,3887.28,0.2,0.0,Cash on Delivery,Retail Store
ORD13069,11/09/2025,CUST1050,Customer_1050,North,Sports,Cycling Helmet,1,1854.1,0.0,121.6,Debit Card,Online
ORD13201,2024-08-24,CUST1099,Customer_1099,East,Beauty,Shampoo,5,1663.06,0.25,191.6,Debit Card,Online
ORD14837,2025-05-17,CUST1157,Customer_1157,East,Electronics,Smartphone,4,151292.01,0.0,26.23,UPI,Online
ORD12675,2025-12-11,CUST1235,Customer_1235,North,Beauty,Perfume,3,,0.0,0.0,Credit Card,Retail Store
ORD13540,2025-03-07,CUST1366,Customer_1366,West,Electronics,Headphones,1,10342.48,0.1,0.0,,Retail Store
ORD13266,2024-02-24,CUST1009,Customer_1009,north,Beauty,Shampoo,4,2451.0,0.15,0.0,Credit Card,Retail Store
ORD14186,2024-11-27,CUST1213,Customer_1213,South,Electronics,Headphones,1,21199.85,0.05,134.75,Net Banking,Online
ORD10205,2025-06-26,CUST1299,Customer_1299,North,Home & Kitchen,Lamp,1,7582.26,0.2,198.47,Debit Card,Online
ORD14268,2024-07-13,CUST1029,Customer_1029,SOUTH,Electronics,Smartwatch,3,46054.05,0.0,0.0,,Retail Store
ORD11213,2025-12-06,CUST1226,Customer_1226,East,Clothing,T-Shirt,1,2679.33,0.0,0.0,Debit Card,Retail Store
ORD13080,2025-01-30,CUST1145,Customer_1145, East,Clothing,Shoes,4,2373.07,0.0,178.46,Debit Card,Online
ORD13382,2024-06-19,CUST1336,Customer_1336,SOUTH,Electronics,Headphones,4,24342.86,0.0,129.95,Net Banking,Online
ORD12036,2025-01-01,CUST1366,Customer_1366,West ,Sports,Yoga Mat,5,4814.83,0.0,0.0,Cash on Delivery,Retail Store
ORD14203,2024-01-08,CUST1221,Customer_1221,SOUTH,Electronics,Smartwatch,2,38811.01,0.05,0.0,Net Banking,Retail Store
ORD12458,2024-07-25,CUST1218,Customer_1218,North,Clothing,Shoes,5,2988.03,0.0,0.0,Net Banking,Retail Store
ORD13048,2025-03-22,CUST1164,Customer_1164,West,Clothing,Dress,3,1375.0,0.15,0.0,Cash on Delivery,Retail Store
ORD14960,2024-04-26,CUST1330,Customer_1330,SOUTH,Home & Kitchen,Lamp,4,7468.37,0.1,0.0,UPI,Retail Store
ORD13900,06/12/2024,CUST1188,Customer_1188,SOUTH,Sports,Yoga Mat,2,3841.31,0.0,0.0,Cash on Delivery,Retail Store
ORD10642,09/10/2025,CUST1125,Customer_1125,,Beauty,Sunscreen,2,1109.98,0.25,0.0,Debit Card,Retail Store
ORD13213,2024-05-08,CUST1056,Customer_1056,North,Electronics,Smartwatch,1,35588.38,0.25,63.22,Credit Card,Online
ORD13814,2024-11-15,CUST1189,Customer_1189,West ,Clothing,Shoes,2,1370.53,0.1,183.48,Credit Card,Online
ORD11650,2024-12-09,CUST1190,Customer_1190,East,Sports,Running Shoes,2,2786.97,0.1,80.27,Debit Card,Online
ORD13118,10/10/2024,CUST1293,Customer_1293,north,Electronics,Tablet,2,5140.8,0.05,109.17,Debit Card,Online
ORD11596,2024-10-08,CUST1210,Customer_1210,West,Sports,Yoga Mat,5,4905.0,0.0,0.0,Debit Card,Retail Store
ORD11471,2025-04-11,CUST1048,Customer_1048,North,Sports,Running Shoes,1,2833.21,0.2,0.0,Net Banking,Retail Store
ORD11177,2025-07-03,CUST1254,Customer_1254,South,Clothing,Dress,4,792.01,0.2,121.95,Net Banking,Online
ORD11891,2025-06-27,CUST1324,Customer_1324,South,Home & Kitchen,Cookware Set,3,5835.79,0.0,0.0,Cash on Delivery,Retail Store
ORD14829,2025-12-19,CUST1264,Customer_1264,SOUTH,Home & Kitchen,Bedsheet,5,3651.79,0.0,108.79,Debit Card,Online
ORD11962,2024-07-11,CUST1139,Customer_1139,,Sports,Cricket Bat,5,713.96,0.1,6.41,Net Banking,Online
ORD11236,2024-06-09,CUST1074,Customer_1074,West,Beauty,Face Cream,1,,0.1,115.58,Credit Card,Online
ORD10659,2024-11-27,CUST1369,Customer_1369,North,Beauty,Face Cream,1,1532.26,0.1,0.0,UPI,Retail Store
ORD11630,2024-07-15,CUST1289,Customer_1289, East,Sports,Yoga Mat,2,856.1,0.0,0.0,Net Banking,Retail Store
ORD10771,28-Jul-2024,CUST1116,Customer_1116,north,Home & Kitchen,Lamp,1,2436.39,0.1,83.18,Cash on Delivery,Online
ORD13359,2024-11-02,CUST1356,Customer_1356,North,Beauty,Shampoo,2,2355.08,0.05,0.0,UPI,Retail Store
ORD10044,19/11/2025,CUST1256,Customer_1256,North,Sports,Running Shoes,4,911.43,0.0,0.0,Debit Card,Retail Store
ORD12158,2024-09-18,CUST1323,Customer_1323,West ,Electronics,Laptop,3,29434.45,0.05,0.0,Net Banking,Retail Store
ORD10196,2024-07-11,CUST1159,Customer_1159, East,Home & Kitchen,Lamp,1,6077.93,0.0,0.0,Cash on Delivery,Retail Store
ORD12019,22/12/2024,CUST1058,Customer_1058,SOUTH,Sports,Cycling Helmet,1,624.28,,0.0,Net Banking,Retail Store
ORD14376,2025-05-02,CUST1068,Customer_1068,West ,Clothing,T-Shirt,3,1335.35,0.2,116.82,,Online
ORD10102,09/01/2025,CUST1024,Customer_1024,SOUTH,Electronics,Laptop,4,50806.7,0.1,0.0,Credit Card,Retail Store
ORD12762,09/02/2025,CUST1272,Customer_1272,West,Clothing,Jacket,5,2727.22,0.05,0.0,Cash on Delivery,Retail Store
ORD13032,2024-06-23,CUST1383,Customer_1383,SOUTH,Clothing,Jeans,5,1602.98,,0.0,Net Banking,Retail Store
ORD10218,2025-04-02,CUST1142,Customer_1142,West ,Electronics,Tablet,2,23650.3,0.25,80.69,Credit Card,Online
ORD14183,2024-12-01,CUST1233,Customer_1233,,Electronics,Smartwatch,3,48673.51,0.05,85.6,Net Banking,Online
ORD12249,19-Feb-2025,CUST1359,Customer_1359,north,Sports,Running Shoes,2,4388.39,0.2,0.0,Credit Card,Retail Store
ORD14761,2024-04-20,CUST1350,Customer_1350,South,Home & Kitchen,Vacuum Cleaner,-4,1831.66,0.15,83.24,Debit Card,Online
ORD11414,29-Jul-2024,CUST1079,Customer_1079, East,Electronics,Smartphone,3,26389.83,0.0,64.79,Credit Card,Online
ORD12228,2025-06-30,CUST1134,Customer_1134,north,Electronics,Smartphone,1,33279.03,0.0,0.0,Credit Card,Retail Store
ORD10863,19/08/2024,CUST1295,Customer_1295, East,Sports,Cycling Helmet,3,3312.27,0.05,0.0,Cash on Delivery,Retail Store
ORD10136,28/03/2024,CUST1396,Customer_1396,north,Home & Kitchen,Blender,3,4647.78,0.2,16.41,Debit Card,Online
ORD14089,2024-05-25,CUST1347,Customer_1347,East,Sports,Running Shoes,3,5718.03,0.1,175.32,Cash on Delivery,Online
ORD13375,2024-04-13,CUST1048,Customer_1048,West,Clothing,Shoes,4,2241.16,0.15,0.0,UPI,Retail Store
ORD11273,2024-05-17,CUST1331,Customer_1331,West ,Electronics,Headphones,2,4419.28,0.0,189.93,Credit Card,Online
ORD10133,2024-08-23,CUST1028,Customer_1028,West ,Electronics,Smartphone,1,26883.71,0.0,184.83,UPI,Online
ORD10223,08/04/2025,CUST1336,Customer_1336,East,Sports,Cycling Helmet,3,1932.14,0.1,0.0,Cash on Delivery,Retail Store
ORD13179,15/01/2025,CUST1234,Customer_1234,West ,Beauty,Face Cream,5,2312.54,0.2,0.0,Cash on Delivery,Retail Store
ORD14338,2024-03-27,CUST1297,Customer_1297, East,Clothing,Jacket,5,1467.67,0.05,0.0,Credit Card,Retail Store
ORD11412,02/11/2025,CUST1128,Customer_1128,East,Sports,Yoga Mat,1,865.01,0.1,105.93,Credit Card,Online
ORD11160,2024-04-25,CUST1291,Customer_1291,West,Electronics,Tablet,4,54867.57,0.0,0.0,Cash on Delivery,Retail Store
ORD10462,2024-12-15,CUST1336,Customer_1336,West ,Clothing,T-Shirt,2,2618.5,0.0,0.0,Cash on Delivery,Retail Store
ORD12981,17/01/2025,CUST1169,Customer_1169,West,Electronics,Smartphone,1,55077.98,0.2,0.0,Debit Card,Retail Store
ORD10933,01/04/2024,CUST1392,Customer_1392,north,Sports,Cycling Helmet,4,4577.71,0.25,0.0,Debit Card,Retail Store
ORD14450,2025-11-26,CUST1232,Customer_1232,north,Beauty,Perfume,3,822.94,0.1,85.27,Cash on Delivery,Online
ORD12233,2025-04-06,CUST1301,Customer_1301, East,Sports,Yoga Mat,5,2580.41,0.25,132.66,Credit Card,Online
ORD13608,2025-09-27,CUST1243,Customer_1243,East,Electronics,Headphones,3,53763.35,0.0,179.06,Credit Card,Online
ORD11301,2024-08-15,CUST1332,Customer_1332, East,Beauty,Face Cream,2,1947.41,0.15,139.98,UPI,Online
ORD10082,2024-09-13,CUST1099,Customer_1099,West ,Home & Kitchen,Bedsheet,4,4455.95,0.0,142.28,UPI,Online
ORD12445,2025-04-26,CUST1160,Customer_1160,North,Beauty,Face Cream,5,1051.96,0.05,0.0,UPI,Retail Store
ORD12910,2025-07-02,CUST1230,Customer_1230, East,Electronics,Tablet,3,22916.98,0.0,0.0,Debit Card,Retail Store
ORD11540,06/04/2024,CUST1048,Customer_1048,South,Sports,Cycling Helmet,2,2829.73,0.0,0.0,UPI,Retail Store
ORD11702,2025-09-20,CUST1387,Customer_1387,West ,Electronics,Laptop,5,35761.5,0.0,198.89,Debit Card,Online
ORD11720,2025-06-07,CUST1007,Customer_1007,East,Sports,Yoga Mat,3,5798.44,0.0,177.6,Credit Card,Online
ORD11613,2025-05-15,CUST1346,Customer_1346,East,Clothing,Jacket,2,948.41,0.0,54.02,Debit Card,Online
ORD14855,2024-03-05,CUST1044,Customer_1044,North,Beauty,Sunscreen,5,1440.43,0.0,110.91,Debit Card,Online
ORD10190,2024-09-26,CUST1203,Customer_1203,north,Beauty,Lipstick,3,1018.09,0.25,30.23,Net Banking,Online
ORD13014,12/02/2024,CUST1362,Customer_1362,South,Electronics,Headphones,4,13707.09,0.1,0.0,Credit Card,Retail Store
ORD13685,2024-02-06,CUST1396,Customer_1396,SOUTH,Beauty,Lipstick,2,1998.65,0.15,0.0,Net Banking,Retail Store
ORD13435,2025-01-17,CUST1187,Customer_1187,East,Electronics,Laptop,1,31481.22,0.1,97.57,,Online
ORD10927,2025-10-07,CUST1214,Customer_1214,SOUTH,Electronics,Headphones,3,42181.9,0.15,0.0,Debit Card,Retail Store
ORD13323,2025-08-27,CUST1053,Customer_1053,West ,Clothing,Shoes,3,1943.45,0.25,85.17,Net Banking,Online
ORD11427,06/06/2025,CUST1008,Customer_1008,South,Electronics,Headphones,3,18330.36,0.0,0.0,UPI,Retail Store
ORD11016,2024-12-01,CUST1315,Customer_1315,north,Sports,Cycling Helmet,2,3237.65,0.0,22.13,UPI,Online
ORD10587,2025-04-21,CUST1095,Customer_1095,SOUTH,Home & Kitchen,Cookware Set,1,2858.4,0.05,77.12,Debit Card,Online
ORD10100,2024-05-24,CUST1073,Customer_1073,north,Home & Kitchen,Vacuum Cleaner,3,4712.38,0.05,0.0,Cash on Delivery,Retail Store
ORD11477,2025-05-25,CUST1106,Customer_1106,north,Electronics,Smartwatch,2,25348.59,0.0,162.17,Credit Card,Online
ORD13652,2025-04-03,CUST1373,Customer_1373,SOUTH,Sports,Running Shoes,2,4257.7,0.2,0.0,Debit Card,Retail Store
ORD10366,13-Jul-2025,CUST1229,Customer_1229,SOUTH,Sports,Dumbbells,5,2965.03,0.0,0.0,UPI,Retail Store
ORD10593,30/10/2024,CUST1211,Customer_1211,SOUTH,Beauty,Face Cream,5,906.49,0.1,131.9,Net Banking,Online
ORD10486,2024-01-13,CUST1287,Customer_1287,,Clothing,Dress,2,1455.28,0.15,131.59,Debit Card,Online
ORD12694,2025-12-25,CUST1240,Customer_1240,West ,Clothing,Shoes,1,2407.94,0.25,138.24,Debit Card,Online
ORD11897,15/08/2025,CUST1016,Customer_1016,South,Home & Kitchen,Bedsheet,3,5400.74,0.1,0.0,Credit Card,Retail Store
ORD12930,2025-06-03,CUST1117,Customer_1117,South,Clothing,Dress,2,1832.03,0.15,0.0,Cash on Delivery,Retail Store
ORD14520,2025-01-28,CUST1316,Customer_1316,North,Beauty,Shampoo,3,893.34,0.0,0.0,Net Banking,Retail Store
ORD14180,06/08/2025,CUST1369,Customer_1369,North,Sports,Cycling Helmet,1,2914.67,0.05,114.21,Net Banking,Online
ORD13218,2024-04-30,CUST1356,Customer_1356,West,Sports,Cycling Helmet,5,4461.16,0.15,0.0,Cash on Delivery,Retail Store
ORD13865,20/08/2025,CUST1290,Customer_1290,north,Sports,Cycling Helmet,2,2430.29,0.0,55.13,Net Banking,Online
ORD10757,2025-05-24,CUST1053,Customer_1053,South,Sports,Dumbbells,3,3615.85,0.25,111.99,Debit Card,Online
ORD11179,20-Apr-2025,CUST1075,Customer_1075,North,Sports,Running Shoes,4,2153.25,0.0,25.31,UPI,Online
ORD10599,2025-12-05,CUST1105,Customer_1105,SOUTH,Clothing,Jeans,3,,0.1,37.47,Credit Card,Online
ORD13938,2025-01-08,CUST1233,Customer_1233,West,Beauty,Sunscreen,2,1777.94,0.15,178.08,Credit Card,Online
ORD11457,25/05/2025,CUST1395,Customer_1395,South,Sports,Dumbbells,2,5703.18,0.2,0.0,Debit Card,Retail Store
ORD11230,2024-12-11,CUST1050,Customer_1050,South,Sports,Cricket Bat,4,1553.78,0.05,0.0,Credit Card,Retail Store
ORD10358,2025-12-21,CUST1151,Customer_1151,SOUTH,Clothing,T-Shirt,1,2198.92,0.0,172.08,Cash on Delivery,Online
ORD13509,29-Oct-2024,CUST1398,Customer_1398,West ,Sports,Running Shoes,2,2546.94,0.2,134.85,Credit Card,Online
ORD14740,2024-05-21,CUST1252,Customer_1252,,Clothing,T-Shirt,5,749.53,0.0,53.84,Debit Card,Online
ORD14587,2025-11-25,CUST1274,Customer_1274,West,Clothing,T-Shirt,1,1395.29,0.25,0.0,Cash on Delivery,Retail Store
ORD14929,08/05/2025,CUST1068,Customer_1068,East,Clothing,Dress,2,1200.74,0.05,0.0,Net Banking,Retail Store
ORD14312,2024-05-03,CUST1194,Customer_1194,East,Sports,Cycling Helmet,2,1619.23,0.0,34.89,UPI,Online
ORD11549,2024-01-05,CUST1309,Customer_1309,SOUTH,Beauty,Perfume,3,921.12,0.05,110.1,UPI,Online
ORD10941,2025-10-19,CUST1142,Customer_1142,East,Electronics,Laptop,5,44657.23,0.25,0.0,Credit Card,Retail Store
ORD14963,2025-07-30,CUST1263,Customer_1263,South,Electronics,Laptop,5,38288.29,0.05,0.0,UPI,Retail Store
ORD10557,2025-06-18,CUST1005,Customer_1005,East,Beauty,Lipstick,4,1816.98,0.0,0.0,Debit Card,Retail Store
ORD12872,2025-09-17,CUST1299,Customer_1299,SOUTH,Electronics,Laptop,5,59867.56,0.2,157.03,Credit Card,Online
ORD11729,17/12/2025,CUST1068,Customer_1068,north,Sports,Yoga Mat,3,1716.07,0.0,0.0,Cash on Delivery,Retail Store
ORD12706,2025-06-02,CUST1083,Customer_1083,West,Beauty,Perfume,5,1678.74,0.0,0.0,Credit Card,Retail Store
ORD11523,2025-11-14,CUST1050,Customer_1050,South,Clothing,Dress,5,2980.43,0.1,0.0,UPI,Retail Store
ORD14693,2025-03-13,CUST1053,Customer_1053,West,Clothing,T-Shirt,1,1168.19,0.05,0.0,Cash on Delivery,Retail Store
ORD10191,09/08/2025,CUST1356,Customer_1356,West ,Electronics,Headphones,3,25718.22,0.25,78.96,UPI,Online
ORD13862,2024-10-05,CUST1021,Customer_1021,,Home & Kitchen,Blender,2,4145.32,0.1,0.0,Net Banking,Retail Store
ORD12349,01/05/2025,CUST1151,Customer_1151,East,Beauty,Perfume,3,998.37,0.0,0.0,UPI,Retail Store
ORD12064,2025-03-31,CUST1368,Customer_1368,North,Beauty,Face Cream,4,1036.72,0.05,145.91,UPI,Online
ORD14427,2024-05-19,CUST1160,Customer_1160,West,Beauty,Lipstick,3,298.47,0.05,0.0,Debit Card,Retail Store
ORD11248,03/08/2024,CUST1176,Customer_1176,East,Home & Kitchen,Cookware Set,4,2309.3,0.25,36.05,Cash on Delivery,Online
ORD13283,08-Jul-2025,CUST1070,Customer_1070,East,Home & Kitchen,Blender,4,7505.9,0.1,137.15,Debit Card,Online
ORD10197,2024-02-29,CUST1028,Customer_1028,West ,Sports,Dumbbells,1,562.11,0.05,0.0,Credit Card,Retail Store
ORD14942,2025-12-05,CUST1164,Customer_1164,East,Electronics,Headphones,4,,,0.0,Credit Card,Retail Store
ORD11635,2024-02-22,CUST1026,Customer_1026,West ,Beauty,Sunscreen,5,2036.45,0.0,0.0,Cash on Delivery,Retail Store
ORD11159,24-Mar-2025,CUST1052,Customer_1052,north,Sports,Cycling Helmet,3,3524.57,0.05,0.0,Cash on Delivery,Retail Store
ORD10256,2025-12-11,CUST1294,Customer_1294, East,Electronics,Laptop,2,7728.2,0.1,0.0,Net Banking,Retail Store
ORD13625,2024-02-07,CUST1038,Customer_1038,West,Home & Kitchen,Lamp,5,7300.01,0.0,3.41,UPI,Online
ORD14455,12-Jul-2024,CUST1297,Customer_1297,West,Home & Kitchen,Bedsheet,5,1364.77,0.2,0.0,Net Banking,Retail Store
ORD12093,2025-03-07,CUST1169,Customer_1169,West,Home & Kitchen,Lamp,3,5435.53,0.1,0.0,,Retail Store
ORD13639,2024-10-15,CUST1272,Customer_1272,West ,Sports,Yoga Mat,3,701.06,0.25,0.0,Credit Card,Retail Store
ORD10119,18-Jan-2025,CUST1176,Customer_1176, East,Electronics,Tablet,1,5537.62,0.2,0.0,Cash on Delivery,Retail Store
ORD14426,22-Jun-2025,CUST1317,Customer_1317,SOUTH,Home & Kitchen,Blender,4,5260.45,0.25,55.35,Debit Card,Online
ORD10246,2024-06-23,CUST1207,Customer_1207, East,Sports,Cycling Helmet,1,3796.55,0.25,158.92,Net Banking,Online
ORD10808,2024-12-12,CUST1365,Customer_1365,SOUTH,Clothing,Shoes,1,576.08,0.15,0.0,Credit Card,Retail Store
ORD11078,2025-03-05,CUST1014,Customer_1014,North,Home & Kitchen,Cookware Set,5,1716.52,0.0,0.0,,Retail Store
ORD14824,2024-08-21,CUST1125,Customer_1125, East,Beauty,Lipstick,5,1363.55,0.0,137.51,UPI,Online
ORD10951,2025-08-06,CUST1167,Customer_1167,South,Clothing,T-Shirt,4,340.05,0.2,14.55,Net Banking,Online
ORD11102,2025-01-29,CUST1003,Customer_1003,North,Beauty,Perfume,2,911.3,0.05,0.0,Net Banking,Retail Store
ORD10013,2024-06-07,CUST1248,Customer_1248,West,Beauty,Shampoo,4,2327.32,0.25,149.6,Credit Card,Online
ORD12038,29/10/2025,CUST1279,Customer_1279, East,Beauty,Shampoo,4,685.49,0.15,27.94,Credit Card,Online
ORD10759,07-Jan-2024,CUST1110,Customer_1110,North,Beauty,Perfume,5,1343.69,0.15,154.92,UPI,Online
ORD13998,22/09/2024,CUST1021,Customer_1021,North,Electronics,Smartwatch,2,23003.74,0.1,0.0,Credit Card,Retail Store
ORD13949,14/04/2024,CUST1152,Customer_1152,West ,Electronics,Smartwatch,2,46943.02,0.25,108.14,Net Banking,Online
ORD10343,01/07/2025,CUST1352,Customer_1352,SOUTH,Beauty,Face Cream,5,279.71,0.15,0.0,Credit Card,Retail Store
ORD10646,2024-10-19,CUST1164,Customer_1164,SOUTH,Beauty,Shampoo,5,1309.24,0.2,8.39,Debit Card,Online
ORD12459,2024-05-21,CUST1015,Customer_1015, East,Electronics,Tablet,5,18734.38,0.2,0.0,Debit Card,Retail Store
ORD12819,05/02/2025,CUST1007,Customer_1007,,Beauty,Sunscreen,5,1872.74,0.05,170.38,UPI,Online
ORD13178,2025-02-16,CUST1267,Customer_1267,South,Clothing,Shoes,3,1743.67,0.2,145.74,Cash on Delivery,Online
ORD13746,2025-12-03,CUST1394,Customer_1394,SOUTH,Home & Kitchen,Blender,3,5513.61,0.0,0.0,UPI,Retail Store
ORD12753,15/12/2024,CUST1205,Customer_1205,South,Clothing,Jacket,2,2474.08,0.0,13.0,Cash on Delivery,Online
ORD12640,2025-08-04,CUST1203,Customer_1203,West,Electronics,Smartphone,1,35177.74,0.1,0.0,UPI,Retail Store
ORD14043,05/02/2024,CUST1366,Customer_1366,North,Home & Kitchen,Cookware Set,2,7701.01,0.0,83.0,UPI,Online
ORD10273,2024-12-04,CUST1064,Customer_1064,East,Beauty,Face Cream,2,1996.45,0.0,0.0,Credit Card,Retail Store
ORD10045,2024-06-13,CUST1265,Customer_1265,West ,Beauty,Perfume,2,1254.52,0.0,0.0,UPI,Retail Store
ORD13921,02/04/2024,CUST1177,Customer_1177,north,Sports,Cycling Helmet,5,5588.89,0.05,0.0,Net Banking,Retail Store
ORD11356,2024-07-17,CUST1273,Customer_1273,north,Beauty,Face Cream,5,1865.95,0.2,183.26,UPI,Online
ORD11147,07/08/2024,CUST1387,Customer_1387, East,Beauty,Shampoo,2,1328.76,0.05,0.0,Credit Card,Retail Store
ORD13706,2025-06-21,CUST1183,Customer_1183,SOUTH,Sports,Running Shoes,4,3308.78,0.0,9.83,Cash on Delivery,Online
ORD13872,2024-08-12,CUST1140,Customer_1140,West,Clothing,Jacket,4,2737.58,0.05,0.0,Debit Card,Retail Store
ORD11852,2025-11-14,CUST1336,Customer_1336,South,Beauty,Shampoo,2,779.57,0.2,6.68,Net Banking,Online
ORD10099,2024-06-10,CUST1316,Customer_1316,West ,Electronics,Smartwatch,5,,0.0,68.04,Cash on Delivery,Online
ORD10756,08-Apr-2024,CUST1189,Customer_1189,West ,Home & Kitchen,Cookware Set,3,2912.47,0.0,0.0,Net Banking,Retail Store
ORD13206,2024-10-15,CUST1088,Customer_1088,East,Clothing,T-Shirt,3,1497.57,0.0,69.7,,Online
ORD13607,2024-08-06,CUST1108,Customer_1108,West ,Beauty,Sunscreen,5,493.48,0.0,0.0,Credit Card,Retail Store
ORD10335,2024-02-23,CUST1078,Customer_1078, East,Beauty,Lipstick,4,1875.75,0.0,0.0,Cash on Delivery,Retail Store
ORD14185,2025-06-30,CUST1045,Customer_1045,SOUTH,Home & Kitchen,Bedsheet,2,4124.07,0.2,0.0,Credit Card,Retail Store
ORD14479,2024-02-20,CUST1284,Customer_1284,North,Home & Kitchen,Vacuum Cleaner,1,7077.62,0.05,105.75,UPI,Online
ORD14099,2024-01-10,CUST1237,Customer_1237,South,Beauty,Face Cream,1,1938.36,0.1,71.29,Credit Card,Online
ORD10040,30-Jul-2025,CUST1174,Customer_1174,South,Clothing,T-Shirt,3,2519.71,0.0,111.61,Debit Card,Online
ORD13960,2024-09-02,CUST1338,Customer_1338,West ,Beauty,Lipstick,4,949.7,0.1,0.0,Credit Card,Retail Store
ORD13755,2025-05-23,CUST1079,Customer_1079,north,Clothing,Jacket,3,764.79,0.05,0.0,Cash on Delivery,Retail Store
ORD14457,2024-06-08,CUST1147,Customer_1147,north,Sports,Dumbbells,3,2186.61,0.0,89.18,Credit Card,Online
ORD12270,24/04/2025,CUST1048,Customer_1048,North,Home & Kitchen,Cookware Set,5,2287.5,0.2,0.0,,Retail Store
ORD13828,18/02/2024,CUST1069,Customer_1069,North,Home & Kitchen,Cookware Set,4,951.36,0.0,13.37,Credit Card,Online
ORD12358,2024-04-05,CUST1267,Customer_1267,East,Sports,Cycling Helmet,5,3073.16,0.0,31.44,UPI,Online
ORD11745,12-Feb-2024,CUST1246,Customer_1246,East,Beauty,Face Cream,3,1819.35,0.25,82.21,Credit Card,Online
ORD14678,2025-04-23,CUST1125,Customer_1125,West,Electronics,Smartwatch,3,8686.22,0.0,20.1,UPI,Online
ORD13910,2024-03-28,CUST1171,Customer_1171,North,Sports,Dumbbells,1,4373.87,0.2,0.0,Debit Card,Retail Store
ORD14414,2025-08-24,CUST1108,Customer_1108,SOUTH,Home & Kitchen,Cookware Set,1,5693.44,0.0,0.0,,Retail Store
ORD14835,17/12/2025,CUST1139,Customer_1139,North,Beauty,Shampoo,3,197.75,0.15,95.73,Net Banking,Online
ORD12778,2025-11-29,CUST1363,Customer_1363,north,Beauty,Face Cream,4,990.86,0.0,1.68,Net Banking,Online
ORD13603,23/12/2024,CUST1200,Customer_1200,SOUTH,Electronics,Laptop,1,52652.62,0.0,0.0,Debit Card,Retail Store
ORD12338,2025-02-22,CUST1298,Customer_1298,North,Clothing,Dress,3,2425.89,0.2,80.87,UPI,Online
ORD10306,14-May-2024,CUST1289,Customer_1289,North,Clothing,Jeans,2,1432.87,0.0,0.0,Net Banking,Retail Store
ORD11385,2024-05-16,CUST1222,Customer_1222,West,Electronics,Headphones,2,45176.42,0.0,14.47,UPI,Online
ORD13973,2024-05-02,CUST1304,Customer_1304, East,Electronics,Smartphone,1,47472.34,0.1,0.0,Cash on Delivery,Retail Store
ORD11928,2024-08-30,CUST1227,Customer_1227,South,Beauty,Sunscreen,4,786.6,0.15,107.16,UPI,Online
ORD13856,2025-02-23,CUST1386,Customer_1386, East,Beauty,Face Cream,5,1221.57,0.1,0.0,UPI,Retail Store
ORD11060,26/12/2025,CUST1016,Customer_1016,SOUTH,Beauty,Perfume,1,2134.63,0.15,133.29,Credit Card,Online
ORD10994,27-Jun-2025,CUST1100,Customer_1100,West ,Sports,Yoga Mat,4,667.67,0.15,160.21,UPI,Online
ORD13257,2024-05-08,CUST1175,Customer_1175,East,Clothing,T-Shirt,1,873.56,0.0,0.0,Credit Card,Retail Store
ORD11132,2025-05-20,CUST1115,Customer_1115,East,Sports,Dumbbells,3,2182.7,0.0,0.0,Debit Card,Retail Store
ORD12366,2024-08-17,CUST1385,Customer_1385,north,Home & Kitchen,Bedsheet,-3,6661.46,0.0,126.55,,Online
ORD10553,2025-12-20,CUST1070,Customer_1070,SOUTH,Clothing,Shoes,4,1630.02,0.05,198.78,Credit Card,Online
ORD11854,2025-05-22,CUST1263,Customer_1263, East,Home & Kitchen,Bedsheet,3,3730.59,0.05,0.0,UPI,Retail Store
ORD13391,2025-10-09,CUST1038,Customer_1038,West ,Sports,Cycling Helmet,5,4252.15,0.0,173.48,UPI,Online
ORD14719,2024-01-07,CUST1186,Customer_1186,West ,Home & Kitchen,Bedsheet,5,1394.53,0.0,0.0,Debit Card,Retail Store
ORD12833,2024-04-13,CUST1167,Customer_1167,SOUTH,Electronics,Headphones,2,22873.19,0.25,0.0,Debit Card,Retail Store
ORD10017,2025-06-01,CUST1339,Customer_1339,North,Electronics,Smartphone,3,7761.6,0.1,0.0,Credit Card,Retail Store
ORD11956,05/05/2025,CUST1317,Customer_1317,SOUTH,Beauty,Face Cream,1,605.29,0.25,8.03,Credit Card,Online
ORD14424,2024-09-14,CUST1066,Customer_1066,SOUTH,Sports,Running Shoes,1,3156.02,0.25,59.33,Debit Card,Online
ORD10188,2025-11-07,CUST1334,Customer_1334,West,Clothing,Dress,4,854.99,0.1,78.58,Credit Card,Online
ORD10988,2024-01-27,CUST1217,Customer_1217,West ,Home & Kitchen,Bedsheet,3,1477.5,0.0,0.0,Credit Card,Retail Store
ORD13227,2025-06-27,CUST1237,Customer_1237,South,Electronics,Smartphone,1,46925.94,0.15,33.08,Net Banking,Online
ORD10313,30/04/2025,CUST1392,Customer_1392,East,Electronics,Headphones,3,43877.2,0.25,125.44,Cash on Delivery,Online
ORD10494,27/05/2025,CUST1237,Customer_1237,SOUTH,Home & Kitchen,Lamp,3,1524.92,0.0,0.0,Cash on Delivery,Retail Store
ORD13819,2025-09-26,CUST1214,Customer_1214,West,Clothing,Shoes,1,2073.35,0.0,111.21,Cash on Delivery,Online
ORD10685,2025-05-03,CUST1088,Customer_1088,South,Home & Kitchen,Vacuum Cleaner,1,5931.01,0.0,0.0,Cash on Delivery,Retail Store
ORD13483,2025-12-05,CUST1105,Customer_1105,North,Clothing,T-Shirt,5,1397.4,0.0,0.0,Credit Card,Retail Store
ORD13926,2024-10-05,CUST1385,Customer_1385,South,Electronics,Tablet,5,5058.74,0.0,168.55,Cash on Delivery,Online
ORD14774,2025-10-25,CUST1235,Customer_1235,North,Home & Kitchen,Lamp,3,4731.69,0.1,14.36,UPI,Online
ORD13896,2025-10-09,CUST1140,Customer_1140,SOUTH,Clothing,Jeans,1,2417.06,0.0,0.0,Credit Card,Retail Store
ORD12197,04/02/2024,CUST1260,Customer_1260,North,Beauty,Face Cream,3,1543.35,0.0,0.0,Debit Card,Retail Store
ORD14360,2024-10-31,CUST1049,Customer_1049,West ,Beauty,Lipstick,1,1271.77,0.2,0.0,Credit Card,Retail Store
ORD14389,22/12/2024,CUST1150,Customer_1150,East,Sports,Cycling Helmet,4,1201.86,0.2,62.73,Debit Card,Online
ORD14607,08-Aug-2025,CUST1263,Customer_1263,South,Home & Kitchen,Bedsheet,4,7748.21,,179.11,,Online
ORD13354,2024-10-01,CUST1326,Customer_1326,north,Sports,Cycling Helmet,4,2195.9,0.0,81.65,Debit Card,Online
ORD10761,2025-05-26,CUST1206,Customer_1206,north,Sports,Running Shoes,4,1393.5,0.1,45.33,Cash on Delivery,Online
ORD12846,21-Dec-2024,CUST1090,Customer_1090,,Sports,Running Shoes,1,5805.14,0.15,85.0,UPI,Online
ORD13147,2024-11-03,CUST1278,Customer_1278,SOUTH,Electronics,Laptop,1,46869.88,0.0,0.0,UPI,Retail Store
ORD11021,2025-03-04,CUST1259,Customer_1259,north,Sports,Yoga Mat,4,4786.36,0.0,79.3,Credit Card,Online
ORD13016,2025-10-30,CUST1028,Customer_1028,north,Home & Kitchen,Cookware Set,1,891.4,0.0,0.0,Net Banking,Retail Store
ORD10420,30/09/2025,CUST1338,Customer_1338,SOUTH,Beauty,Shampoo,2,887.77,0.25,37.02,Debit Card,Online
ORD14107,2024-08-28,CUST1360,Customer_1360,East,Sports,Cricket Bat,2,3806.33,0.2,0.0,Cash on Delivery,Retail Store
ORD13971,2025-08-01,CUST1140,Customer_1140,South,Electronics,Smartphone,2,,0.2,50.79,Debit Card,Online
ORD14744,2025-03-24,CUST1107,Customer_1107, East,Clothing,Jeans,2,2403.91,0.2,76.92,Cash on Delivery,Online
ORD10589,2025-04-17,CUST1252,Customer_1252,,Beauty,Face Cream,3,1049.72,0.0,67.48,Credit Card,Online
ORD11351,2025-02-04,CUST1267,Customer_1267,SOUTH,Electronics,Smartwatch,1,13195.82,0.1,0.0,Net Banking,Retail Store
ORD12618,06/04/2025,CUST1036,Customer_1036,SOUTH,Sports,Cycling Helmet,5,,0.0,133.86,Cash on Delivery,Online
ORD12117,2025-05-31,CUST1014,Customer_1014,West ,Beauty,Perfume,-3,1120.22,0.25,0.0,Net Banking,Retail Store
ORD13498,23/01/2024,CUST1112,Customer_1112, East,Sports,Cricket Bat,5,720.17,0.0,74.68,Cash on Delivery,Online
ORD11344,2024-05-21,CUST1372,Customer_1372,North,Electronics,Smartphone,4,41010.75,0.2,2.76,Cash on Delivery,Online
ORD11034,2024-06-28,CUST1053,Customer_1053,West,Home & Kitchen,Lamp,2,6963.86,,118.48,Net Banking,Online
ORD10316,2024-07-13,CUST1154,Customer_1154,West ,Clothing,Dress,3,400.97,0.0,0.0,Net Banking,Retail Store
ORD14943,23/10/2025,CUST1233,Customer_1233,north,Beauty,Shampoo,2,1766.36,0.0,88.72,Cash on Delivery,Online
ORD10331,07/10/2025,CUST1353,Customer_1353,South,Electronics,Smartphone,5,59044.6,0.25,0.0,Net Banking,Retail Store
ORD12536,2025-01-25,CUST1161,Customer_1161,West ,Sports,Cycling Helmet,5,1624.41,0.0,0.0,Debit Card,Retail Store
ORD14169,02/01/2025,CUST1292,Customer_1292,North,Beauty,Face Cream,4,275.61,0.2,0.0,,Retail Store
ORD11321,2024-02-13,CUST1153,Customer_1153,North,Home & Kitchen,Blender,5,6803.24,0.25,108.17,Credit Card,Online
ORD11941,2025-12-03,CUST1190,Customer_1190,West,Sports,Dumbbells,5,1996.2,0.05,0.0,Debit Card,Retail Store
ORD13579,2024-11-04,CUST1181,Customer_1181, East,Electronics,Laptop,1,6880.62,0.0,0.0,Debit Card,Retail Store
ORD11010,2024-09-29,CUST1072,Customer_1072,West,Clothing,Jacket,5,1397.9,0.05,176.07,Net Banking,Online
ORD13137,2024-07-11,CUST1226,Customer_1226,South,Home & Kitchen,Vacuum Cleaner,3,5338.95,0.0,83.18,,Online
ORD13370,03/02/2024,CUST1143,Customer_1143,East,Clothing,T-Shirt,2,1592.16,0.15,0.0,Credit Card,Retail Store
ORD12624,21/01/2025,CUST1197,Customer_1197,north,Electronics,Tablet,2,20836.0,0.2,109.97,Debit Card,Online
ORD10330,2024-02-08,CUST1115,Customer_1115,SOUTH,Clothing,Shoes,-5,2273.47,0.0,0.0,Credit Card,Retail Store
ORD14533,2024-06-30,CUST1089,Customer_1089,South,Clothing,Jeans,3,626.62,0.1,131.62,UPI,Online
ORD11435,2024-01-16,CUST1307,Customer_1307,East,Electronics,Laptop,5,28324.35,0.2,0.0,UPI,Retail Store
ORD12179,2025-06-03,CUST1034,Customer_1034,East,Clothing,Shoes,3,1980.98,0.05,65.6,Credit Card,Online
ORD12242,04-Jun-2025,CUST1191,Customer_1191,West ,Electronics,Tablet,4,49028.2,,190.95,Net Banking,Online
ORD11004,2025-06-18,CUST1338,Customer_1338,West,Sports,Yoga Mat,1,4643.86,0.15,0.0,Net Banking,Retail Store
ORD14621,2024-03-15,CUST1138,Customer_1138,West ,Electronics,Laptop,5,49527.37,0.0,13.91,Cash on Delivery,Online
ORD10032,2024-11-14,CUST1242,Customer_1242,North,Electronics,Tablet,2,16490.26,0.0,0.0,UPI,Retail Store
ORD12078,11-May-2025,CUST1324,Customer_1324,West ,Beauty,Lipstick,2,817.3,0.0,0.0,Debit Card,Retail Store
ORD13549,21/02/2025,CUST1084,Customer_1084,South,Electronics,Headphones,3,38186.71,0.0,0.0,Net Banking,Retail Store
ORD10789,2025-08-10,CUST1229,Customer_1229, East,Beauty,Perfume,1,932.36,0.0,0.0,Debit Card,Retail Store
ORD11857,2025-09-25,CUST1046,Customer_1046,North,Sports,Cycling Helmet,5,3794.89,0.15,149.38,Cash on Delivery,Online
ORD13144,20/03/2024,CUST1123,Customer_1123,West,Home & Kitchen,Lamp,5,7663.49,0.05,196.88,Debit Card,Online
ORD14407,2024-04-05,CUST1097,Customer_1097,West,Beauty,Perfume,4,251.62,0.0,148.75,Net Banking,Online
ORD13066,12/08/2024,CUST1001,Customer_1001,north,Home & Kitchen,Blender,5,5558.75,0.2,34.35,Credit Card,Online
ORD11785,30/01/2024,CUST1383,Customer_1383,East,Beauty,Sunscreen,4,587.46,0.2,0.0,Credit Card,Retail Store
ORD11122,24/03/2025,CUST1333,Customer_1333,South,Home & Kitchen,Cookware Set,5,875.92,0.25,0.0,Cash on Delivery,Retail Store
ORD11909,2025-08-31,CUST1108,Customer_1108,north,Clothing,Shoes,3,754.18,0.15,0.0,UPI,Retail Store
ORD12107,2025-01-07,CUST1344,Customer_1344,South,Clothing,Jeans,1,1653.17,0.0,162.74,Debit Card,Online
ORD13015,2024-05-18,CUST1097,Customer_1097,West,Electronics,Smartwatch,5,14908.31,0.2,110.5,Credit Card,Online
ORD14108,2025-01-27,CUST1316,Customer_1316,North,Sports,Cricket Bat,4,1533.03,0.15,0.0,Net Banking,Retail Store
ORD13899,2025-01-22,CUST1339,Customer_1339,,Beauty,Face Cream,2,1659.04,0.25,183.92,Net Banking,Online
ORD14859,2024-01-09,CUST1140,Customer_1140,South,Sports,Cycling Helmet,5,1191.66,0.0,0.0,UPI,Retail Store
ORD11125,25/05/2024,CUST1129,Customer_1129,SOUTH,Beauty,Lipstick,4,1222.29,0.2,179.73,UPI,Online
ORD14756,2025-10-04,CUST1012,Customer_1012, East,Clothing,Shoes,1,2661.19,0.25,0.0,Debit Card,Retail Store
ORD10221,2025-02-28,CUST1367,Customer_1367,South,Beauty,Face Cream,3,1224.06,0.0,0.0,Cash on Delivery,Retail Store
ORD11533,2025-05-02,CUST1123,Customer_1123,SOUTH,Electronics,Smartwatch,5,20771.24,0.05,0.0,UPI,Retail Store
ORD11398,2024-07-04,CUST1378,Customer_1378,South,Sports,Yoga Mat,1,1477.68,0.15,48.65,Debit Card,Online
ORD12641,06/04/2024,CUST1270,Customer_1270,West ,Electronics,Tablet,4,38296.26,0.1,18.87,Cash on Delivery,Online
ORD11995,2025-02-16,CUST1015,Customer_1015,north,Electronics,Smartwatch,3,10400.59,0.2,138.21,Net Banking,Online
ORD13528,2024-03-19,CUST1172,Customer_1172,North,Sports,Yoga Mat,3,2360.28,0.15,110.48,Net Banking,Online
ORD14370,2025-05-27,CUST1128,Customer_1128,SOUTH,Home & Kitchen,Bedsheet,3,6439.43,0.2,96.05,Credit Card,Online
ORD12883,2025-01-18,CUST1275,Customer_1275,north,Clothing,Shoes,4,1874.17,0.0,86.99,Net Banking,Online
ORD11922,10/11/2025,CUST1168,Customer_1168,north,Home & Kitchen,Blender,3,4355.55,0.05,85.6,Debit Card,Online
ORD11056,2024-01-10,CUST1027,Customer_1027,SOUTH,Beauty,Lipstick,3,338.14,0.0,8.5,,Online
ORD13668,2024-03-19,CUST1242,Customer_1242,West ,Electronics,Laptop,4,55358.82,0.0,6.32,Cash on Delivery,Online
ORD13486,09-Nov-2024,CUST1109,Customer_1109, East,Clothing,Jeans,4,1896.73,0.0,0.0,Credit Card,Retail Store
ORD14065,29/10/2025,CUST1164,Customer_1164,SOUTH,Electronics,Smartphone,3,39133.73,0.05,0.0,Cash on Delivery,Retail Store
ORD12739,2025-06-12,CUST1339,Customer_1339,North,Clothing,T-Shirt,-4,2454.35,0.25,0.0,,Retail Store
ORD13710,2024-08-08,CUST1119,Customer_1119,North,Electronics,Smartphone,4,37525.63,0.1,0.0,Net Banking,Retail Store
ORD11233,2025-10-28,CUST1003,Customer_1003,north,Clothing,Jacket,-5,1782.41,,42.66,Debit Card,Online
ORD10932,2024-09-18,CUST1231,Customer_1231,East,Electronics,Tablet,1,59601.64,0.25,0.0,Cash on Delivery,Retail Store
ORD14797,2024-11-08,CUST1206,Customer_1206,,Clothing,Jeans,1,2541.83,0.25,155.4,Debit Card,Online
ORD11577,2025-12-25,CUST1272,Customer_1272,north,Electronics,Headphones,1,,0.2,0.0,UPI,Retail Store
ORD13446,20-Dec-2025,CUST1233,Customer_1233,North,Sports,Dumbbells,5,2572.6,0.0,0.0,Net Banking,Retail Store
ORD12429,2024-06-02,CUST1307,Customer_1307,SOUTH,Clothing,Jacket,4,1426.28,0.2,0.0,Credit Card,Retail Store
ORD14873,2025-06-20,CUST1120,Customer_1120,north,Beauty,Sunscreen,2,1276.43,0.0,184.07,Cash on Delivery,Online
ORD13091,2024-10-16,CUST1302,Customer_1302,East,Beauty,Shampoo,2,2386.97,0.1,165.16,Cash on Delivery,Online
ORD10058,2025-02-08,CUST1058,Customer_1058,South,Beauty,Face Cream,2,1083.92,0.0,0.0,Cash on Delivery,Retail Store
ORD12905,2024-11-09,CUST1041,Customer_1041,West,Beauty,Shampoo,1,1695.5,0.0,184.56,Net Banking,Online
ORD14609,2024-08-01,CUST1370,Customer_1370,North,Beauty,Sunscreen,3,1191.1,0.15,81.97,Debit Card,Online
ORD13085,2025-10-27,CUST1394,Customer_1394,West,Clothing,Jacket,4,2892.69,0.0,0.0,Net Banking,Retail Store
ORD13876,2024-08-15,CUST1224,Customer_1224, East,Sports,Cricket Bat,1,1930.86,0.25,32.72,Net Banking,Online
ORD10116,2025-09-12,CUST1081,Customer_1081,West ,Beauty,Sunscreen,3,669.0,0.25,152.37,Net Banking,Online
ORD12856,2024-04-23,CUST1349,Customer_1349,East,Beauty,Shampoo,2,1631.63,0.25,18.4,Credit Card,Online
ORD14369,29-Apr-2025,CUST1294,Customer_1294,North,Sports,Cricket Bat,3,3194.42,0.0,0.0,Cash on Delivery,Retail Store
ORD14167,2024-07-13,CUST1066,Customer_1066,north,Clothing,Dress,2,2316.98,0.25,131.8,Debit Card,Online
ORD14470,2024-12-02,CUST1290,Customer_1290,East,Clothing,Jeans,2,1663.16,0.1,0.0,Debit Card,Retail Store
ORD12275,02/04/2025,CUST1341,Customer_1341,North,Home & Kitchen,Lamp,3,6288.94,0.1,136.49,Cash on Delivery,Online
ORD10965,2024-01-07,CUST1090,Customer_1090,East,Beauty,Lipstick,5,1469.49,0.25,0.0,Debit Card,Retail Store
ORD12855,2025-01-09,CUST1106,Customer_1106,West,Electronics,Headphones,4,25226.88,0.05,193.04,UPI,Online
ORD11277,2024-09-14,CUST1100,Customer_1100,East,Beauty,Shampoo,4,1137.52,0.05,163.76,Net Banking,Online
ORD12586,2025-11-06,CUST1107,Customer_1107,,Sports,Cricket Bat,1,5037.07,0.0,0.0,Cash on Delivery,Retail Store
ORD12925,2025-04-03,CUST1210,Customer_1210,East,Beauty,Sunscreen,1,,0.0,0.0,Cash on Delivery,Retail Store
ORD10662,2024-09-15,CUST1106,Customer_1106,SOUTH,Beauty,Sunscreen,2,,0.25,64.29,Debit Card,Online
ORD10772,2024-03-13,CUST1211,Customer_1211,South,Beauty,Perfume,2,1079.35,0.05,0.0,Debit Card,Retail Store
ORD10582,10-May-2025,CUST1192,Customer_1192,North,Home & Kitchen,Lamp,2,4754.7,0.15,0.0,Debit Card,Retail Store
ORD13072,2024-10-05,CUST1252,Customer_1252,north,Clothing,T-Shirt,1,366.99,0.2,184.79,Credit Card,Online
ORD13100,06/10/2025,CUST1321,Customer_1321,South,Sports,Yoga Mat,2,2069.17,0.1,4.18,UPI,Online
ORD13133,18/11/2024,CUST1036,Customer_1036,north,Clothing,Dress,2,2572.74,0.2,0.0,Cash on Delivery,Retail Store
ORD14127,03-Jan-2024,CUST1019,Customer_1019,South,Clothing,Shoes,-1,1025.61,0.0,0.0,Net Banking,Retail Store
ORD13635,06/06/2025,CUST1032,Customer_1032, East,Beauty,Perfume,1,1013.67,0.1,0.0,Net Banking,Retail Store
ORD10854,2024-01-01,CUST1293,Customer_1293,West ,Home & Kitchen,Lamp,2,1715.65,0.0,0.0,Cash on Delivery,Retail Store
ORD12655,2024-06-20,CUST1036,Customer_1036,north,Electronics,Tablet,1,26309.95,0.2,0.0,Credit Card,Retail Store
ORD11217,2024-03-11,CUST1267,Customer_1267,East,Clothing,Shoes,1,2313.22,0.2,0.0,Credit Card,Retail Store
ORD14242,2024-07-07,CUST1104,Customer_1104, East,Electronics,Laptop,-1,22583.34,0.1,0.0,Credit Card,Retail Store
ORD10986,18/01/2024,CUST1011,Customer_1011,West,Sports,Running Shoes,5,1240.72,0.0,0.0,UPI,Retail Store
ORD11983,2025-04-06,CUST1253,Customer_1253, East,Home & Kitchen,Blender,5,5141.76,0.15,0.0,Debit Card,Retail Store
ORD10874,2024-01-10,CUST1047,Customer_1047,SOUTH,Beauty,Perfume,2,802.98,0.0,0.0,Net Banking,Retail Store
ORD14176,05/08/2024,CUST1102,Customer_1102,West ,Clothing,Jeans,5,751.75,0.0,187.76,Debit Card,Online
ORD13886,2025-03-02,CUST1397,Customer_1397,North,Home & Kitchen,Bedsheet,4,4452.84,0.0,0.0,Net Banking,Retail Store
ORD14940,2025-03-18,CUST1122,Customer_1122,West,Sports,Yoga Mat,1,4858.88,0.0,0.0,UPI,Retail Store
ORD13546,2024-12-29,CUST1254,Customer_1254,West,Electronics,Tablet,5,17470.04,0.1,104.19,Net Banking,Online
ORD10579,2025-10-11,CUST1223,Customer_1223,SOUTH,Electronics,Tablet,2,42893.19,0.25,130.5,Debit Card,Online
ORD14794,2024-03-22,CUST1117,Customer_1117, East,Clothing,Dress,4,2769.41,0.0,0.0,Net Banking,Retail Store
ORD10749,2024-08-09,CUST1201,Customer_1201,North,Electronics,Laptop,4,35040.68,0.0,58.46,UPI,Online
ORD13851,2025-07-02,CUST1230,Customer_1230, East,Electronics,Smartphone,3,4736.38,0.25,156.82,UPI,Online
ORD12478,15/07/2024,CUST1098,Customer_1098,West ,Home & Kitchen,Lamp,4,3584.38,0.15,0.0,UPI,Retail Store
ORD14503,2025-10-22,CUST1261,Customer_1261,South,Sports,Dumbbells,3,3016.84,0.0,0.0,UPI,Retail Store
ORD14311,2025-01-26,CUST1240,Customer_1240,South,Electronics,Smartphone,4,24458.24,0.0,0.0,Debit Card,Retail Store
ORD13612,2024-10-26,CUST1087,Customer_1087,SOUTH,Sports,Running Shoes,3,5617.33,0.25,0.0,Net Banking,Retail Store
ORD14251,2025-06-30,CUST1333,Customer_1333,North,Clothing,Shoes,4,2237.49,0.25,114.89,UPI,Online
ORD10128,20/09/2024,CUST1008,Customer_1008,West ,Home & Kitchen,Bedsheet,5,2973.99,0.15,0.0,Cash on Delivery,Retail Store
ORD11235,2024-04-01,CUST1349,Customer_1349,South,Home & Kitchen,Blender,4,7869.07,0.0,0.0,Cash on Delivery,Retail Store
ORD10885,2024-10-27,CUST1242,Customer_1242,South,Beauty,Sunscreen,5,2112.78,0.2,0.0,Credit Card,Retail Store
ORD10134,2024-03-19,CUST1350,Customer_1350,West,Home & Kitchen,Bedsheet,5,617.44,0.2,0.0,Net Banking,Retail Store
ORD12575,23/02/2024,CUST1085,Customer_1085,,Home & Kitchen,Bedsheet,4,6498.28,0.05,12.9,Cash on Delivery,Online
ORD14652,18/11/2025,CUST1001,Customer_1001,north,Sports,Running Shoes,1,3557.0,0.0,0.0,Cash on Delivery,Retail Store
ORD12878,2024-11-18,CUST1127,Customer_1127,north,Electronics,Headphones,1,37023.37,0.0,0.0,UPI,Retail Store
ORD11823,2024-04-24,CUST1150,Customer_1150,South,Clothing,T-Shirt,4,62753.33,0.0,54.18,Cash on Delivery,Online
ORD13493,2024-01-11,CUST1337,Customer_1337,North,Sports,Yoga Mat,5,2965.38,0.0,0.0,Net Banking,Retail Store
ORD14009,2025-07-17,CUST1313,Customer_1313,West ,Beauty,Lipstick,2,1294.18,0.0,26.07,UPI,Online
ORD14095,2025-03-15,CUST1178,Customer_1178,East,Electronics,Smartwatch,5,50046.94,0.15,91.03,,Online
ORD14532,2024-12-22,CUST1372,Customer_1372,North,Electronics,Smartwatch,4,16385.17,0.05,0.0,UPI,Retail Store
ORD10111,2025-02-20,CUST1271,Customer_1271,West ,Clothing,Jeans,1,1575.49,0.0,151.18,Cash on Delivery,Online
ORD13042,2024-03-01,CUST1090,Customer_1090,West,Beauty,Lipstick,2,635.81,0.15,0.0,Debit Card,Retail Store
ORD14555,2024-04-30,CUST1248,Customer_1248,South,Clothing,T-Shirt,3,1929.23,0.2,105.61,Credit Card,Online
ORD11041,2025-07-15,CUST1051,Customer_1051,East,Beauty,Sunscreen,5,1013.12,0.2,0.0,Cash on Delivery,Retail Store
ORD12490,08-Apr-2025,CUST1099,Customer_1099,East,Beauty,Sunscreen,1,1745.33,0.15,79.95,Net Banking,Online
ORD11410,2024-07-18,CUST1055,Customer_1055,north,Clothing,Jacket,5,2239.72,0.0,95.25,UPI,Online
ORD14549,2024-05-27,CUST1277,Customer_1277,West ,Home & Kitchen,Vacuum Cleaner,3,7041.58,0.0,0.0,Net Banking,Retail Store
ORD14030,25-Mar-2024,CUST1011,Customer_1011, East,Beauty,Lipstick,2,885.68,0.0,170.45,Credit Card,Online
ORD14544,2025-10-16,CUST1163,Customer_1163,West ,Beauty,Sunscreen,4,1919.62,0.1,12.21,Credit Card,Online
ORD14919,2025-07-16,CUST1326,Customer_1326, East,Beauty,Shampoo,3,789.08,0.15,0.0,Credit Card,Retail Store
ORD13771,02-May-2024,CUST1391,Customer_1391, East,Home & Kitchen,Lamp,1,1358.68,0.05,40.23,Debit Card,Online
ORD14139,15/04/2024,CUST1149,Customer_1149,East,Electronics,Smartwatch,3,52864.26,0.15,198.58,Net Banking,Online
ORD13713,2025-04-30,CUST1077,Customer_1077,north,Beauty,Shampoo,2,1372.42,0.25,193.26,Cash on Delivery,Online
ORD13237,09-Jul-2025,CUST1151,Customer_1151,West,Sports,Dumbbells,3,2301.11,0.1,0.0,Debit Card,Retail Store
ORD10748,2025-08-12,CUST1340,Customer_1340,West,Home & Kitchen,Blender,4,4392.25,0.0,0.0,UPI,Retail Store
ORD14460,23/10/2025,CUST1380,Customer_1380,South,Clothing,Jacket,3,1338.48,0.1,0.0,Credit Card,Retail Store
ORD14468,2025-08-04,CUST1286,Customer_1286,East,Clothing,Jacket,3,1519.9,0.2,94.34,Cash on Delivery,Online
ORD10910,2024-01-31,CUST1045,Customer_1045,North,Sports,Dumbbells,5,2981.04,0.15,172.58,Credit Card,Online
ORD11926,2024-05-11,CUST1106,Customer_1106,East,Clothing,T-Shirt,1,97249.82,0.1,0.0,Credit Card,Retail Store
ORD10304,2025-04-09,CUST1330,Customer_1330,West,Beauty,Face Cream,5,467.97,0.0,50.02,,Online
ORD12605,2025-04-18,CUST1161,Customer_1161, East,Clothing,Jacket,1,631.64,0.0,96.07,Credit Card,Online
ORD11832,2025-04-15,CUST1340,Customer_1340,north,Beauty,Lipstick,1,1440.89,0.15,195.02,Cash on Delivery,Online
ORD12156,2024-07-15,CUST1378,Customer_1378,West,Electronics,Headphones,1,38019.32,0.0,73.04,Credit Card,Online
ORD12625,2024-10-14,CUST1012,Customer_1012,North,Home & Kitchen,Cookware Set,5,1552.21,0.1,158.15,Cash on Delivery,Online
ORD14564,2025-11-11,CUST1146,Customer_1146,South,Electronics,Smartwatch,2,2847619.12,0.05,0.0,Net Banking,Retail Store
ORD13186,2025-07-27,CUST1128,Customer_1128,North,Electronics,Smartwatch,2,47092.1,0.0,28.54,Credit Card,Online
ORD12606,19/09/2024,CUST1372,Customer_1372,West ,Sports,Dumbbells,2,1266.25,0.1,0.0,Cash on Delivery,Retail Store
ORD14388,16/03/2024,CUST1152,Customer_1152,north,Electronics,Smartphone,-4,55815.74,0.2,76.61,Debit Card,Online
ORD10107,2025-06-15,CUST1225,Customer_1225,SOUTH,Home & Kitchen,Lamp,2,5086.09,0.0,0.0,,Retail Store
ORD14746,2024-05-31,CUST1184,Customer_1184,West,Electronics,Laptop,4,44691.36,0.25,116.02,Cash on Delivery,Online
ORD10120,24-Jan-2024,CUST1192,Customer_1192,West ,Electronics,Tablet,2,21844.54,0.0,0.0,Net Banking,Retail Store
ORD12523,22-Feb-2025,CUST1370,Customer_1370,SOUTH,Clothing,Shoes,1,1753.93,0.0,16.87,Credit Card,Online
ORD13927,2025-10-02,CUST1010,Customer_1010,North,Electronics,Smartwatch,5,56322.75,0.15,0.0,Cash on Delivery,Retail Store
ORD10364,2024-12-27,CUST1234,Customer_1234,East,Home & Kitchen,Bedsheet,2,2200.86,0.0,142.36,Net Banking,Online
ORD11426,05/09/2025,CUST1271,Customer_1271,West,Sports,Dumbbells,1,5756.41,0.0,185.33,Credit Card,Online
ORD13413,14/07/2025,CUST1333,Customer_1333,South,Beauty,Perfume,2,2265.98,0.15,0.0,UPI,Retail Store
ORD10872,02/02/2024,CUST1209,Customer_1209,north,Electronics,Tablet,5,42982.98,0.0,162.5,Cash on Delivery,Online
ORD10898,2025-10-04,CUST1382,Customer_1382,North,Beauty,Face Cream,1,2052.82,0.0,65.48,Debit Card,Online
ORD14375,01/07/2025,CUST1097,Customer_1097,SOUTH,Home & Kitchen,Vacuum Cleaner,3,,0.15,0.0,Net Banking,Retail Store
ORD14627,2024-07-02,CUST1310,Customer_1310, East,Sports,Dumbbells,1,5368.46,0.05,178.68,Net Banking,Online
ORD13067,14/01/2024,CUST1210,Customer_1210,East,Home & Kitchen,Lamp,2,4811.68,0.2,107.37,UPI,Online
ORD14747,2024-01-08,CUST1048,Customer_1048, East,Home & Kitchen,Vacuum Cleaner,2,3023.58,0.2,37.53,Credit Card,Online
ORD13917,2024-03-12,CUST1317,Customer_1317, East,Beauty,Lipstick,3,1112.65,0.2,66.45,Cash on Delivery,Online
ORD11113,2025-02-27,CUST1120,Customer_1120,West,Electronics,Laptop,5,32184.44,0.1,0.0,UPI,Retail Store
ORD11416,02/05/2025,CUST1061,Customer_1061,SOUTH,Clothing,Dress,4,,0.2,0.0,Cash on Delivery,Retail Store
ORD13589,2024-08-25,CUST1276,Customer_1276,SOUTH,Sports,Yoga Mat,2,3246.01,0.0,49.28,Credit Card,Online
ORD10791,2024-06-06,CUST1042,Customer_1042,West,Beauty,Face Cream,3,1940.85,0.0,1.93,Credit Card,Online
ORD13624,08/12/2024,CUST1347,Customer_1347,South,Home & Kitchen,Vacuum Cleaner,2,2630.41,0.0,84.49,Net Banking,Online
ORD10700,04-Mar-2025,CUST1111,Customer_1111,north,Clothing,T-Shirt,5,2370.56,0.05,0.0,UPI,Retail Store
ORD12933,2024-06-06,CUST1110,Customer_1110,North,Clothing,Jacket,2,1999.26,0.05,138.04,Cash on Delivery,Online
ORD13031,2025-05-01,CUST1184,Customer_1184,north,Electronics,Smartphone,1,13023.01,0.1,89.12,Cash on Delivery,Online
ORD11875,2024-10-19,CUST1091,Customer_1091, East,Home & Kitchen,Cookware Set,5,1141.81,0.2,0.0,Credit Card,Retail Store
ORD13273,2024-03-24,CUST1267,Customer_1267,West,Beauty,Perfume,4,1888.1,0.0,0.0,Credit Card,Retail Store
ORD13398,2025-12-20,CUST1280,Customer_1280,north,Electronics,Headphones,2,34381.85,0.05,0.0,Credit Card,Retail Store
ORD11121,2025-08-16,CUST1080,Customer_1080, East,Clothing,T-Shirt,2,794.4,0.25,6.53,Net Banking,Online
ORD10770,06/11/2025,CUST1037,Customer_1037,SOUTH,Clothing,Shoes,2,422.13,0.05,0.0,Debit Card,Retail Store
ORD13705,2024-02-29,CUST1166,Customer_1166,South,Clothing,Shoes,4,808.35,0.25,0.0,Credit Card,Retail Store
ORD11525,2025-01-21,CUST1116,Customer_1116, East,Electronics,Tablet,4,44621.63,0.15,0.0,Net Banking,Retail Store
ORD10055,2024-10-08,CUST1233,Customer_1233,North,Home & Kitchen,Cookware Set,4,3192.19,0.2,0.0,Net Banking,Retail Store
ORD10115,2025-10-31,CUST1071,Customer_1071,West,Beauty,Perfume,-2,924.62,0.1,93.08,Credit Card,Online
ORD13202,16-Dec-2024,CUST1129,Customer_1129,West ,Clothing,Shoes,2,2257.61,0.1,0.0,Net Banking,Retail Store
ORD12032,2024-07-23,CUST1065,Customer_1065,East,Clothing,T-Shirt,3,1444.35,0.15,0.0,UPI,Retail Store
ORD13242,26-Oct-2024,CUST1062,Customer_1062,East,Beauty,Perfume,4,639.25,0.0,0.0,Debit Card,Retail Store
ORD12912,10-Dec-2024,CUST1018,Customer_1018,north,Beauty,Lipstick,3,2490.33,0.2,0.0,Cash on Delivery,Retail Store
ORD11512,2024-06-09,CUST1109,Customer_1109,West,Clothing,Dress,1,1958.84,0.0,157.37,Cash on Delivery,Online
ORD12106,20-May-2025,CUST1278,Customer_1278,West,Electronics,Headphones,4,12650.92,0.05,18.21,Net Banking,Online
ORD13925,2024-07-01,CUST1356,Customer_1356,North,Sports,Cycling Helmet,3,5952.14,0.1,10.43,Credit Card,Online
ORD14918,22-Nov-2025,CUST1312,Customer_1312,North,Home & Kitchen,Blender,3,910.36,0.2,55.61,UPI,Online
ORD10921,2024-04-02,CUST1110,Customer_1110,West ,Clothing,Jacket,2,1150.7,0.0,0.0,Net Banking,Retail Store
ORD11504,2024-07-09,CUST1040,Customer_1040,South,Beauty,Perfume,3,1791.56,0.25,0.0,Cash on Delivery,Retail Store
ORD11300,2025-08-06,CUST1336,Customer_1336,North,Home & Kitchen,Cookware Set,4,83578.79,0.1,0.0,Debit Card,Retail Store
ORD10187,2024-12-12,CUST1037,Customer_1037,West ,Electronics,Laptop,1,57172.23,0.0,0.0,Credit Card,Retail Store
ORD14168,2025-01-29,CUST1201,Customer_1201,SOUTH,Beauty,Lipstick,3,2349.83,0.2,0.0,Debit Card,Retail Store
ORD12319,2024-01-27,CUST1246,Customer_1246,SOUTH,Clothing,Jacket,1,2158.8,0.0,0.0,UPI,Retail Store
ORD12361,2025-04-10,CUST1105,Customer_1105,West,Electronics,Headphones,1,27938.19,0.0,0.0,UPI,Retail Store
ORD11620,2024-04-12,CUST1073,Customer_1073,north,Electronics,Smartphone,5,39142.89,0.1,52.03,Cash on Delivery,Online
ORD12030,2024-08-03,CUST1138,Customer_1138,SOUTH,Clothing,Shoes,3,1256.07,0.15,41.1,Credit Card,Online
ORD11403,2024-09-12,CUST1222,Customer_1222,West,Home & Kitchen,Cookware Set,3,7444.5,0.15,0.0,Cash on Delivery,Retail Store
ORD11185,2024-03-19,CUST1215,Customer_1215,South,Beauty,Lipstick,1,2047.01,0.2,0.0,Net Banking,Retail Store
ORD14048,2024-07-22,CUST1003,Customer_1003,West,Electronics,Laptop,4,41653.94,0.1,0.0,Net Banking,Retail Store
ORD12424,2025-11-11,CUST1261,Customer_1261,north,Home & Kitchen,Vacuum Cleaner,4,6594.59,0.0,18.46,Net Banking,Online
ORD11791,2025-12-07,CUST1382,Customer_1382,North,Clothing,Jeans,2,490.49,0.25,47.83,Cash on Delivery,Online
ORD13708,2025-06-30,CUST1180,Customer_1180,north,Clothing,Jeans,5,361.8,0.1,0.0,Net Banking,Retail Store
ORD11989,2025-04-28,CUST1042,Customer_1042,North,Beauty,Shampoo,3,2033.38,0.1,159.22,Cash on Delivery,Online
ORD11885,2024-07-26,CUST1257,Customer_1257,South,Sports,Cycling Helmet,2,2054.39,0.15,110.71,Cash on Delivery,Online
ORD10236,2024-06-13,CUST1002,Customer_1002,north,Sports,Cycling Helmet,4,2325.57,0.0,36.27,Debit Card,Online
ORD11381,2025-03-28,CUST1323,Customer_1323,North,Sports,Cricket Bat,5,5602.89,0.0,15.38,Debit Card,Online
ORD13740,2025-12-12,CUST1280,Customer_1280,SOUTH,Sports,Running Shoes,5,4385.21,0.0,53.62,UPI,Online
ORD10311,2025-12-26,CUST1132,Customer_1132,West,Sports,Cycling Helmet,5,3158.02,0.05,4.8,,Online
ORD11162,18-Nov-2024,CUST1191,Customer_1191,East,Clothing,Jacket,1,640.32,0.0,24.98,Debit Card,Online
ORD12711,2025-07-06,CUST1036,Customer_1036,South,Home & Kitchen,Lamp,1,7484.99,0.05,23.5,UPI,Online
ORD11447,2025-01-24,CUST1395,Customer_1395,East,Clothing,Dress,5,2658.99,0.2,0.0,Cash on Delivery,Retail Store
ORD10607,10/04/2024,CUST1073,Customer_1073,north,Clothing,Shoes,5,386.77,0.2,0.0,Net Banking,Retail Store
ORD10846,2024-03-24,CUST1084,Customer_1084,West ,Clothing,Jeans,3,1132.93,0.0,147.83,Cash on Delivery,Online
ORD14643,2025-12-28,CUST1095,Customer_1095,North,Home & Kitchen,Vacuum Cleaner,4,1941.33,0.0,132.82,Net Banking,Online
ORD11413,2024-07-24,CUST1213,Customer_1213,,Beauty,Face Cream,4,1608.98,0.0,0.0,UPI,Retail Store
ORD14277,2025-05-14,CUST1321,Customer_1321,South,Electronics,Tablet,1,34469.52,0.0,0.0,Cash on Delivery,Retail Store
ORD12937,2024-12-18,CUST1326,Customer_1326,East,Sports,Cricket Bat,3,4965.25,0.0,127.12,Cash on Delivery,Online
ORD10563,2025-05-25,CUST1122,Customer_1122,SOUTH,Clothing,Dress,5,1995.03,0.0,0.0,Debit Card,Retail Store
ORD10418,01-Dec-2025,CUST1237,Customer_1237,West,Clothing,Jeans,4,526.72,0.0,0.0,Net Banking,Retail Store
ORD14759,2025-04-27,CUST1073,Customer_1073,West,Electronics,Smartphone,1,28680.4,0.0,147.35,Net Banking,Online
ORD11563,2024-09-26,CUST1301,Customer_1301,SOUTH,Electronics,Headphones,1,17749.15,0.1,0.0,Cash on Delivery,Retail Store
ORD12756,05/02/2025,CUST1237,Customer_1237,South,Sports,Dumbbells,2,637.53,0.0,0.0,UPI,Retail Store
ORD14073,2025-06-26,CUST1097,Customer_1097,South,Beauty,Lipstick,3,165.7,0.0,0.0,Net Banking,Retail Store
ORD14416,2025-07-07,CUST1263,Customer_1263,South,Electronics,Headphones,3,3237.5,0.0,0.0,Cash on Delivery,Retail Store
ORD13619,2024-10-31,CUST1005,Customer_1005, East,Beauty,Face Cream,2,419.14,0.0,25.64,UPI,Online
ORD10437,2025-02-25,CUST1145,Customer_1145,North,Sports,Dumbbells,4,2423.1,0.2,95.25,Cash on Delivery,Online
ORD10518,2024-05-23,CUST1186,Customer_1186,SOUTH,Sports,Dumbbells,4,5465.87,0.25,0.0,Net Banking,Retail Store
ORD14269,2024-01-30,CUST1236,Customer_1236,SOUTH,Home & Kitchen,Cookware Set,1,6501.36,0.15,0.0,,Retail Store
ORD11020,2025-08-07,CUST1025,Customer_1025,north,Home & Kitchen,Lamp,3,2860.61,0.0,38.46,UPI,Online
ORD10993,2025-08-29,CUST1204,Customer_1204,South,Home & Kitchen,Blender,4,4376.39,0.0,92.69,,Online
ORD14198,2024-01-15,CUST1120,Customer_1120,West ,Clothing,Jeans,4,2846.12,0.1,169.37,UPI,Online
ORD14640,2024-02-20,CUST1328,Customer_1328,SOUTH,Beauty,Perfume,1,2269.74,0.0,66.82,Credit Card,Online
ORD11937,2024-12-27,CUST1103,Customer_1103,SOUTH,Home & Kitchen,Blender,4,3042.39,0.1,0.0,UPI,Retail Store
ORD13126,01/02/2025,CUST1265,Customer_1265,SOUTH,Sports,Dumbbells,2,3064.78,0.2,55.46,Debit Card,Online
ORD14923,2025-11-23,CUST1348,Customer_1348, East,Beauty,Lipstick,1,643.85,0.0,0.0,Debit Card,Retail Store
ORD12610,2025-05-23,CUST1327,Customer_1327,South,Home & Kitchen,Cookware Set,3,6720.5,0.0,0.0,Debit Card,Retail Store
ORD12388,2024-02-16,CUST1323,Customer_1323,South,Clothing,T-Shirt,4,670.24,0.0,165.63,,Online
ORD13022,2024-07-10,CUST1078,Customer_1078,West,Electronics,Tablet,4,2569.33,0.1,20.14,Debit Card,Online
ORD10534,13/11/2025,CUST1148,Customer_1148,West,Home & Kitchen,Lamp,1,4334.3,0.05,140.23,Cash on Delivery,Online
ORD13422,2025-10-27,CUST1154,Customer_1154,East,Sports,Dumbbells,5,1959.24,0.25,0.0,Cash on Delivery,Retail Store
ORD11488,2024-11-20,CUST1077,Customer_1077,South,Beauty,Perfume,5,,0.0,154.64,UPI,Online
ORD14267,2025-03-13,CUST1135,Customer_1135,South,Sports,Yoga Mat,4,1222.0,0.2,0.0,Net Banking,Retail Store
ORD11335,2025-08-17,CUST1235,Customer_1235,,Electronics,Tablet,1,56045.74,0.2,110.75,Cash on Delivery,Online
ORD13121,2025-08-09,CUST1151,Customer_1151,north,Sports,Running Shoes,5,5454.65,0.0,0.0,Cash on Delivery,Retail Store
ORD11422,2024-07-03,CUST1339,Customer_1339,West ,Electronics,Headphones,3,39753.71,0.2,0.69,Credit Card,Online
ORD14190,01/03/2024,CUST1246,Customer_1246,North,Clothing,T-Shirt,3,2098.05,0.25,0.0,Credit Card,Retail Store
ORD10175,2024-04-06,CUST1075,Customer_1075,East,Electronics,Smartphone,3,4363.61,0.05,12.33,Credit Card,Online
ORD14140,2024-06-15,CUST1071,Customer_1071,West,Sports,Cricket Bat,2,,0.25,0.0,Debit Card,Retail Store
ORD13466,06/05/2024,CUST1242,Customer_1242,East,Beauty,Face Cream,4,237.96,0.1,54.2,Cash on Delivery,Online
ORD13715,17/07/2024,CUST1366,Customer_1366,north,Beauty,Perfume,1,1238.45,0.0,148.02,Net Banking,Online
ORD12652,2025-10-17,CUST1049,Customer_1049,West ,Sports,Cycling Helmet,4,2756.38,0.2,185.76,Debit Card,Online
ORD14595,14/02/2024,CUST1200,Customer_1200,north,Sports,Running Shoes,1,5699.73,0.0,93.57,Credit Card,Online
ORD10946,2024-04-06,CUST1279,Customer_1279,north,Home & Kitchen,Vacuum Cleaner,3,4841.05,0.0,90.35,Credit Card,Online
ORD12821,2025-11-29,CUST1354,Customer_1354,West ,Beauty,Face Cream,3,2252.74,0.0,0.0,UPI,Retail Store
ORD11548,2025-09-15,CUST1175,Customer_1175,West ,Electronics,Smartwatch,3,49539.76,0.15,113.86,Credit Card,Online
ORD14616,2024-04-17,CUST1255,Customer_1255,West,Electronics,Smartwatch,4,23591.41,0.25,0.0,,Retail Store
ORD11554,2024-12-04,CUST1091,Customer_1091,West,Sports,Running Shoes,1,1096.48,0.0,0.0,Net Banking,Retail Store
ORD10616,02/11/2025,CUST1004,Customer_1004,SOUTH,Clothing,Jacket,5,1241.85,0.15,55.67,Cash on Delivery,Online
ORD13747,03-Oct-2024,CUST1187,Customer_1187,East,Home & Kitchen,Bedsheet,1,1234.24,0.1,28.13,Net Banking,Online
ORD10955,2025-09-20,CUST1278,Customer_1278,West ,Beauty,Lipstick,4,2344.68,0.0,0.0,Cash on Delivery,Retail Store
ORD10194,2025-02-24,CUST1057,Customer_1057,West ,Beauty,Shampoo,2,,0.15,0.0,Net Banking,Retail Store
ORD10909,2024-02-15,CUST1260,Customer_1260,West,Sports,Cycling Helmet,1,2259.62,0.0,139.76,Debit Card,Online
ORD13445,2024-01-03,CUST1344,Customer_1344,north,Electronics,Headphones,3,48108.03,0.15,0.0,Cash on Delivery,Retail Store
ORD12000,03/09/2024,CUST1154,Customer_1154,North,Electronics,Tablet,4,9344.47,0.0,3.73,UPI,Online
ORD14655,2024-11-10,CUST1346,Customer_1346,South,Home & Kitchen,Bedsheet,3,7082.05,0.25,34.62,UPI,Online
ORD11686,2024-09-25,CUST1146,Customer_1146,East,Electronics,Laptop,4,27919.06,0.0,67.36,Net Banking,Online
ORD14216,2025-05-09,CUST1364,Customer_1364,West ,Clothing,Dress,3,1807.67,0.2,0.0,Cash on Delivery,Retail Store
ORD10368,2025-11-24,CUST1047,Customer_1047,South,Home & Kitchen,Blender,5,7517.49,0.25,0.0,Net Banking,Retail Store
ORD12984,01/12/2025,CUST1323,Customer_1323,SOUTH,Home & Kitchen,Lamp,1,1403.7,0.05,35.65,Debit Card,Online
ORD14297,2024-08-24,CUST1312,Customer_1312,SOUTH,Home & Kitchen,Cookware Set,5,7856.6,0.05,63.81,Debit Card,Online
ORD13570,2025-08-12,CUST1185,Customer_1185,West,Home & Kitchen,Vacuum Cleaner,4,7140.16,0.2,30.92,UPI,Online
ORD14036,13/12/2025,CUST1241,Customer_1241,West,Home & Kitchen,Lamp,5,4785.34,0.05,0.0,UPI,Retail Store
ORD13211,2024-05-31,CUST1332,Customer_1332,North,Beauty,Lipstick,-1,1999.38,0.15,0.0,Net Banking,Retail Store
ORD14978,2025-08-16,CUST1356,Customer_1356,north,Beauty,Perfume,3,2117.91,0.15,0.0,Net Banking,Retail Store
ORD13642,05/03/2025,CUST1056,Customer_1056,North,Sports,Dumbbells,5,2387.3,0.15,129.81,Debit Card,Online
ORD12304,27-Sep-2024,CUST1153,Customer_1153, East,Sports,Cycling Helmet,3,3827.61,0.1,0.0,Credit Card,Retail Store
ORD10216,16/11/2025,CUST1057,Customer_1057,South,Beauty,Lipstick,1,1383.32,0.05,96.39,Cash on Delivery,Online
ORD11375,2025-02-14,CUST1032,Customer_1032,,Home & Kitchen,Lamp,1,7521.57,0.05,0.0,Credit Card,Retail Store
ORD14380,2024-09-09,CUST1105,Customer_1105,north,Sports,Cycling Helmet,3,690.09,0.15,36.94,Credit Card,Online
ORD14722,2025-04-09,CUST1048,Customer_1048,South,Home & Kitchen,Bedsheet,4,1649.49,0.0,0.0,Net Banking,Retail Store
ORD13517,2025-09-17,CUST1014,Customer_1014,South,Home & Kitchen,Lamp,4,7693.63,0.25,0.0,Credit Card,Retail Store
ORD11055,19-Feb-2025,CUST1112,Customer_1112,,Home & Kitchen,Vacuum Cleaner,5,2884.4,0.1,0.0,UPI,Retail Store
ORD13079,10-Jul-2024,CUST1008,Customer_1008, East,Home & Kitchen,Cookware Set,4,7464.31,0.0,0.0,UPI,Retail Store
ORD11342,2025-02-11,CUST1079,Customer_1079,north,Clothing,Shoes,2,1562.09,0.0,185.1,Cash on Delivery,Online
ORD14394,2025-09-18,CUST1344,Customer_1344,South,Clothing,Jacket,3,2485.16,0.0,75.69,Credit Card,Online
ORD14449,06/12/2025,CUST1066,Customer_1066,North,Electronics,Smartwatch,4,57179.11,0.05,0.0,Credit Card,Retail Store
ORD13687,28-Jan-2024,CUST1047,Customer_1047, East,Beauty,Face Cream,5,2166.51,0.0,0.0,UPI,Retail Store
ORD11884,21/12/2024,CUST1083,Customer_1083, East,Beauty,Perfume,4,1746.31,0.1,0.0,Debit Card,Retail Store
ORD10460,2024-12-29,CUST1168,Customer_1168,West ,Sports,Dumbbells,1,3609.99,0.1,27.53,Debit Card,Online
ORD12065,2025-03-23,CUST1338,Customer_1338,South,Beauty,Perfume,3,2090.93,0.25,0.0,UPI,Retail Store
ORD12565,2024-11-15,CUST1379,Customer_1379,SOUTH,Home & Kitchen,Lamp,4,2415.04,0.15,0.0,UPI,Retail Store
ORD11135,2025-02-10,CUST1314,Customer_1314,West,Beauty,Sunscreen,3,1203.26,0.0,0.0,Debit Card,Retail Store
ORD10267,27/01/2024,CUST1011,Customer_1011,South,Clothing,Jeans,3,516.17,0.0,0.0,Credit Card,Retail Store
ORD11370,02/11/2025,CUST1323,Customer_1323,,Sports,Yoga Mat,3,4023.43,0.2,163.1,Net Banking,Online
ORD12070,2024-02-17,CUST1334,Customer_1334,East,Beauty,Lipstick,4,,0.2,0.0,Credit Card,Retail Store
ORD12632,2025-12-12,CUST1014,Customer_1014,East,Sports,Yoga Mat,3,5378.55,0.2,60.52,,Online
ORD12717,16/12/2025,CUST1320,Customer_1320,East,Sports,Running Shoes,4,4689.25,0.0,3.85,UPI,Online
ORD14194,05/03/2025,CUST1369,Customer_1369,West ,Sports,Yoga Mat,1,4920.43,0.25,0.0,Net Banking,Retail Store
ORD10817,2025-11-25,CUST1044,Customer_1044,North,Clothing,Shoes,5,360.91,0.2,0.0,Cash on Delivery,Retail Store
ORD10769,2024-08-07,CUST1096,Customer_1096,East,Home & Kitchen,Bedsheet,1,4312.81,0.0,0.0,Debit Card,Retail Store
ORD13003,2025-11-15,CUST1295,Customer_1295,north,Beauty,Perfume,4,227.55,0.0,0.0,Debit Card,Retail Store
ORD11304,2024-01-12,CUST1290,Customer_1290, East,Beauty,Shampoo,2,583.62,0.0,0.0,Credit Card,Retail Store
ORD12822,2024-09-23,CUST1090,Customer_1090, East,Beauty,Sunscreen,2,1802.95,0.15,145.79,Debit Card,Online
ORD14517,2024-05-13,CUST1113,Customer_1113,West ,Electronics,Headphones,2,11457.66,,0.0,UPI,Retail Store
ORD13357,2025-03-03,CUST1182,Customer_1182,SOUTH,Beauty,Shampoo,3,312.52,0.25,66.74,UPI,Online
ORD10234,23/10/2024,CUST1161,Customer_1161,north,Electronics,Smartwatch,1,39023.23,0.0,56.3,Net Banking,Online
ORD12818,07/01/2025,CUST1036,Customer_1036,West,Sports,Running Shoes,3,4205.96,0.1,0.0,Cash on Delivery,Retail Store
ORD10001,2024-12-10,CUST1359,Customer_1359, East,Sports,Running Shoes,2,2766.64,0.05,0.0,Credit Card,Retail Store
ORD12378,2024-02-21,CUST1320,Customer_1320,West ,Electronics,Smartwatch,1,10192.4,0.05,74.59,UPI,Online
ORD13239,2024-12-10,CUST1082,Customer_1082,South,Electronics,Smartwatch,5,31539.56,0.15,0.0,,Retail Store
ORD12650,2025-09-08,CUST1068,Customer_1068,South,Beauty,Lipstick,1,905.97,0.05,0.0,Cash on Delivery,Retail Store
ORD12139,01/06/2025,CUST1040,Customer_1040,East,Home & Kitchen,Bedsheet,5,5138.58,0.25,129.47,Credit Card,Online
ORD12842,2025-05-03,CUST1052,Customer_1052,SOUTH,Beauty,Face Cream,3,264.83,0.2,0.0,Cash on Delivery,Retail Store
ORD10210,2024-11-04,CUST1024,Customer_1024,South,Electronics,Headphones,1,25881.37,0.0,0.0,Net Banking,Retail Store
ORD10671,2025-05-16,CUST1267,Customer_1267,north,Home & Kitchen,Bedsheet,1,7591.17,0.25,0.0,,Retail Store
ORD13458,01-Mar-2024,CUST1308,Customer_1308,West,Home & Kitchen,Blender,5,7457.7,0.0,0.0,Credit Card,Retail Store
ORD13565,17-Apr-2024,CUST1106,Customer_1106,West,Home & Kitchen,Cookware Set,3,2927.13,0.1,57.79,Cash on Delivery,Online
ORD10438,02/03/2025,CUST1228,Customer_1228,East,Electronics,Laptop,5,34199.65,0.25,96.95,Net Banking,Online
ORD13670,2024-01-08,CUST1117,Customer_1117,SOUTH,Clothing,Jacket,4,2533.97,0.0,0.0,Debit Card,Retail Store
ORD11399,14/03/2025,CUST1306,Customer_1306,East,Home & Kitchen,Vacuum Cleaner,4,1892.53,0.25,0.0,UPI,Retail Store
ORD13745,2024-03-21,CUST1173,Customer_1173,West ,Sports,Cycling Helmet,1,2396.16,0.15,155.25,UPI,Online
ORD12234,27/10/2024,CUST1395,Customer_1395,West ,Home & Kitchen,Blender,3,7279.54,0.0,0.0,UPI,Retail Store
ORD10880,03-Oct-2024,CUST1049,Customer_1049,South,Home & Kitchen,Vacuum Cleaner,5,,0.0,0.0,Cash on Delivery,Retail Store
ORD12888,2024-11-08,CUST1388,Customer_1388,north,Sports,Yoga Mat,5,3241.95,0.0,0.0,Debit Card,Retail Store
ORD13770,27/07/2025,CUST1056,Customer_1056, East,Clothing,Dress,1,1966.72,0.05,78.89,Net Banking,Online
ORD13611,2025-03-02,CUST1351,Customer_1351,north,Sports,Cycling Helmet,4,3489.14,0.1,34.15,Net Banking,Online
ORD11008,2024-07-05,CUST1145,Customer_1145,North,Sports,Cycling Helmet,2,5210.36,0.2,0.0,Net Banking,Retail Store
ORD14592,2025-09-11,CUST1010,Customer_1010,north,Clothing,Shoes,2,1192.27,,0.0,Debit Card,Retail Store
ORD14844,2025-08-03,CUST1253,Customer_1253,South,Home & Kitchen,Bedsheet,5,2320.3,0.25,12.42,Debit Card,Online
ORD14757,2024-03-20,CUST1192,Customer_1192,north,Clothing,Shoes,3,1379.91,0.1,0.0,UPI,Retail Store
ORD11977,2025-03-12,CUST1309,Customer_1309,South,Sports,Cycling Helmet,4,1520.82,0.1,0.0,Debit Card,Retail Store
ORD14038,2025-08-23,CUST1365,Customer_1365,East,Home & Kitchen,Lamp,5,5257.54,0.0,50.31,Cash on Delivery,Online
ORD10385,11/04/2024,CUST1243,Customer_1243,South,Sports,Running Shoes,4,1692.6,,194.41,Cash on Delivery,Online
ORD11637,2024-03-10,CUST1132,Customer_1132,East,Beauty,Sunscreen,3,1862.95,0.2,0.0,Cash on Delivery,Retail Store
ORD14856,2024-09-20,CUST1089,Customer_1089,SOUTH,Beauty,Shampoo,4,1257.7,0.15,32.58,Net Banking,Online
ORD11743,2024-07-10,CUST1101,Customer_1101,East,Sports,Cricket Bat,-3,5742.04,,0.0,Cash on Delivery,Retail Store
ORD13941,2024-07-11,CUST1081,Customer_1081,South,Home & Kitchen,Vacuum Cleaner,3,6797.92,0.0,176.25,Debit Card,Online
ORD12644,2025-04-23,CUST1393,Customer_1393,East,Sports,Running Shoes,4,5858.49,0.1,0.0,Debit Card,Retail Store
ORD13501,28/01/2025,CUST1336,Customer_1336,South,Sports,Yoga Mat,4,4184.2,0.05,111.54,UPI,Online
ORD14670,2024-03-26,CUST1252,Customer_1252,South,Beauty,Perfume,5,514.24,0.0,0.0,Cash on Delivery,Retail Store
ORD13196,12/12/2025,CUST1346,Customer_1346,East,Clothing,Jeans,4,894.08,0.0,28.0,UPI,Online
ORD11647,2025-01-04,CUST1249,Customer_1249,north,Home & Kitchen,Vacuum Cleaner,1,5979.67,0.25,0.0,Credit Card,Retail Store
ORD13116,31/03/2025,CUST1362,Customer_1362,West ,Sports,Cycling Helmet,4,1174.25,0.0,0.0,Credit Card,Retail Store
ORD13997,2025-08-16,CUST1387,Customer_1387,West,Clothing,Dress,1,2479.9,0.0,0.0,,Retail Store
ORD12527,2025-08-25,CUST1196,Customer_1196,,Clothing,Jeans,-2,2073.37,0.0,103.56,Credit Card,Online
ORD14847,15-Mar-2025,CUST1234,Customer_1234, East,Beauty,Shampoo,2,1032.36,0.15,129.4,Cash on Delivery,Online
ORD14075,2025-03-05,CUST1293,Customer_1293,West ,Clothing,T-Shirt,3,346.02,0.1,0.0,Debit Card,Retail Store
ORD14732,2024-05-02,CUST1288,Customer_1288,West,Home & Kitchen,Cookware Set,3,1435.06,0.05,40.84,Cash on Delivery,Online
ORD13138,2024-05-21,CUST1297,Customer_1297,West ,Home & Kitchen,Bedsheet,5,4432.79,0.05,0.0,UPI,Retail Store
ORD11814,2024-04-10,CUST1016,Customer_1016,West ,Home & Kitchen,Cookware Set,4,3658.19,0.1,7.72,Credit Card,Online
ORD12365,2025-03-10,CUST1305,Customer_1305,West,Home & Kitchen,Blender,3,3669.27,0.1,189.31,Debit Card,Online
ORD13721,20-May-2025,CUST1363,Customer_1363,West,Electronics,Headphones,5,25937.71,0.0,173.6,Cash on Delivery,Online
ORD11734,09/02/2024,CUST1073,Customer_1073,South,Beauty,Perfume,3,1441.31,0.25,36.31,UPI,Online
ORD10396,24-Oct-2025,CUST1351,Customer_1351,West,Sports,Dumbbells,4,3118.14,0.2,0.0,Debit Card,Retail Store
ORD12126,2025-09-19,CUST1087,Customer_1087, East,Sports,Cycling Helmet,2,1315.09,0.0,142.77,Cash on Delivery,Online
ORD13695,2025-01-04,CUST1197,Customer_1197,East,Home & Kitchen,Bedsheet,3,674.9,0.15,0.0,UPI,Retail Store
ORD11906,05-Jan-2025,CUST1260,Customer_1260,West ,Beauty,Sunscreen,5,2462.82,0.15,31.39,Net Banking,Online
ORD11495,2025-06-10,CUST1129,Customer_1129,north,Home & Kitchen,Cookware Set,3,3718.53,0.15,157.31,Net Banking,Online
ORD12226,24/07/2024,CUST1147,Customer_1147,SOUTH,Home & Kitchen,Lamp,5,4037.49,0.0,0.0,Cash on Delivery,Retail Store
ORD12730,2024-03-17,CUST1204,Customer_1204,East,Electronics,Tablet,1,24680.18,0.2,197.04,Debit Card,Online
ORD12263,2024-10-24,CUST1262,Customer_1262, East,Electronics,Smartphone,1,35119.92,0.2,0.0,UPI,Retail Store
ORD14147,2025-09-04,CUST1043,Customer_1043,East,Sports,Cricket Bat,1,5398.9,0.0,0.0,Debit Card,Retail Store
ORD12471,2025-02-15,CUST1070,Customer_1070,north,Clothing,Jacket,3,1437.42,0.15,111.91,Net Banking,Online
ORD11352,2024-06-06,CUST1351,Customer_1351,South,Beauty,Sunscreen,3,717.39,0.25,114.79,Credit Card,Online
ORD10613,2025-11-04,CUST1012,Customer_1012, East,Sports,Running Shoes,4,5113.64,0.25,36.96,Debit Card,Online
ORD10290,2024-09-05,CUST1134,Customer_1134, East,Electronics,Smartwatch,5,42325.43,0.05,22.51,UPI,Online
ORD12698,31/07/2024,CUST1080,Customer_1080,West ,Sports,Dumbbells,2,3495.77,0.05,0.0,Net Banking,Retail Store
ORD14444,2024-04-24,CUST1036,Customer_1036, East,Clothing,Shoes,1,918.13,0.0,0.0,Credit Card,Retail Store
ORD10990,2024-02-03,CUST1144,Customer_1144,South,Sports,Yoga Mat,3,442.43,0.1,0.0,Credit Card,Retail Store
ORD12680,2024-07-04,CUST1038,Customer_1038, East,Electronics,Smartwatch,1,51409.87,0.0,144.91,Debit Card,Online
ORD13793,07/06/2025,CUST1061,Customer_1061,South,Beauty,Shampoo,1,2016.11,0.25,113.2,Credit Card,Online
ORD14130,31/01/2024,CUST1386,Customer_1386,East,Home & Kitchen,Lamp,3,6678.51,0.2,0.0,Net Banking,Retail Store
ORD14874,2025-11-19,CUST1363,Customer_1363, East,Electronics,Smartphone,5,9710.04,0.15,127.58,Net Banking,Online
ORD11660,08-May-2024,CUST1202,Customer_1202,West,Home & Kitchen,Blender,3,7772.44,0.1,0.0,Debit Card,Retail Store
ORD13203,2025-04-14,CUST1244,Customer_1244,North,Home & Kitchen,Bedsheet,1,3820.86,0.15,0.0,Cash on Delivery,Retail Store
ORD13474,13/10/2024,CUST1025,Customer_1025, East,Home & Kitchen,Cookware Set,5,7700.75,0.1,157.68,Credit Card,Online
ORD10650,2025-03-19,CUST1040,Customer_1040,SOUTH,Clothing,T-Shirt,3,1524.35,0.0,189.84,Debit Card,Online
ORD14231,19/12/2025,CUST1262,Customer_1262,West ,Home & Kitchen,Blender,2,,0.0,0.0,Cash on Delivery,Retail Store
ORD12769,2025-08-10,CUST1318,Customer_1318,West,Electronics,Tablet,1,18628.31,0.15,180.21,,Online
ORD11642,2024-09-19,CUST1271,Customer_1271,SOUTH,Sports,Cricket Bat,3,3937.81,0.0,105.88,UPI,Online
ORD11546,2024-08-31,CUST1334,Customer_1334,West ,Clothing,Jacket,1,1683.45,0.05,187.81,UPI,Online
ORD10730,15/06/2024,CUST1380,Customer_1380,South,Clothing,Shoes,1,855.21,0.0,0.0,Cash on Delivery,Retail Store
ORD11783,2024-12-02,CUST1199,Customer_1199,West,Sports,Cycling Helmet,5,3382.65,0.0,167.95,Credit Card,Online
ORD10345,2024-02-07,CUST1012,Customer_1012,SOUTH,Sports,Dumbbells,4,4945.96,0.0,0.0,Credit Card,Retail Store
ORD11714,11/09/2024,CUST1309,Customer_1309, East,Sports,Cycling Helmet,3,4665.02,0.1,0.0,Net Banking,Retail Store
ORD12305,2025-06-11,CUST1124,Customer_1124,SOUTH,Sports,Cricket Bat,2,1283.74,0.1,157.09,Cash on Delivery,Online
ORD13277,2025-12-18,CUST1204,Customer_1204,West ,Beauty,Lipstick,5,559.5,0.05,0.0,Credit Card,Retail Store
ORD14070,2025-10-30,CUST1310,Customer_1310,West,Home & Kitchen,Vacuum Cleaner,4,1370.54,0.2,0.0,UPI,Retail Store
ORD13909,2025-01-28,CUST1121,Customer_1121,North,Beauty,Lipstick,5,1173.19,0.1,0.0,Credit Card,Retail Store
ORD13807,2025-02-01,CUST1350,Customer_1350,South,Electronics,Laptop,4,,0.05,0.0,Debit Card,Retail Store
ORD13972,2024-10-15,CUST1276,Customer_1276,North,Electronics,Tablet,4,44332.31,0.0,184.79,Net Banking,Online
ORD11518,2025-01-24,CUST1326,Customer_1326,West ,Beauty,Shampoo,4,351.99,0.05,0.0,Net Banking,Retail Store
ORD12907,2024-03-28,CUST1148,Customer_1148,West ,Sports,Cricket Bat,2,1202.73,0.05,0.0,Cash on Delivery,Retail Store
ORD10913,2025-01-21,CUST1147,Customer_1147,SOUTH,Sports,Cycling Helmet,1,673.58,0.05,0.0,Credit Card,Retail Store
ORD13095,2025-05-05,CUST1042,Customer_1042,West,Beauty,Shampoo,3,2000.33,0.1,158.46,Debit Card,Online
ORD10794,10/07/2024,CUST1259,Customer_1259,,Electronics,Headphones,2,16900.8,0.05,0.0,Debit Card,Retail Store
ORD10960,2024-12-17,CUST1095,Customer_1095,SOUTH,Sports,Cricket Bat,4,5697.96,,172.09,Credit Card,Online
ORD10392,2024-08-19,CUST1186,Customer_1186,South,Beauty,Shampoo,4,653.09,0.2,118.37,Net Banking,Online
ORD14850,2025-04-18,CUST1380,Customer_1380, East,Clothing,Shoes,2,911.34,0.15,165.88,Cash on Delivery,Online
ORD10268,29/11/2024,CUST1316,Customer_1316,West ,Clothing,T-Shirt,4,1067.27,0.15,0.0,Net Banking,Retail Store
ORD10342,17/02/2025,CUST1076,Customer_1076,South,Electronics,Headphones,4,42453.23,0.2,0.66,Net Banking,Online
ORD12408,04/01/2024,CUST1182,Customer_1182,SOUTH,Home & Kitchen,Vacuum Cleaner,4,3575.0,0.0,0.0,Credit Card,Retail Store
ORD11409,2024-08-11,CUST1056,Customer_1056,South,Clothing,Shoes,4,538.76,0.05,191.19,Credit Card,Online
ORD14018,2025-07-15,CUST1268,Customer_1268,South,Beauty,Lipstick,3,1605.5,,0.0,Cash on Delivery,Retail Store
ORD14631,04-Nov-2025,CUST1041,Customer_1041, East,Beauty,Sunscreen,1,1001.9,0.0,0.0,Credit Card,Retail Store
ORD13185,2024-09-02,CUST1146,Customer_1146, East,Sports,Running Shoes,4,3934.95,0.2,193.98,UPI,Online
ORD11584,2025-03-22,CUST1134,Customer_1134,north,Beauty,Lipstick,5,346.06,0.15,18.75,Debit Card,Online
ORD13958,09-Mar-2024,CUST1370,Customer_1370,South,Sports,Dumbbells,4,5494.12,0.2,95.84,Debit Card,Online
ORD11441,2024-08-20,CUST1192,Customer_1192,SOUTH,Home & Kitchen,Lamp,1,,0.0,148.58,Debit Card,Online
ORD12043,28-May-2024,CUST1371,Customer_1371,north,Clothing,T-Shirt,4,2265.28,0.0,42.66,Credit Card,Online
ORD10893,2024-04-19,CUST1374,Customer_1374,West ,Electronics,Smartwatch,2,17678.12,0.2,144.86,Debit Card,Online
ORD10695,08/10/2024,CUST1292,Customer_1292,East,Home & Kitchen,Vacuum Cleaner,5,6492.16,0.2,120.92,UPI,Online
ORD13244,2024-05-08,CUST1314,Customer_1314,South,Clothing,Shoes,1,2814.11,0.1,0.0,Credit Card,Retail Store
ORD12615,31/05/2024,CUST1324,Customer_1324,north,Clothing,Jeans,5,367.79,0.2,0.0,Net Banking,Retail Store
ORD13223,31/07/2025,CUST1240,Customer_1240,North,Sports,Dumbbells,4,669.83,0.15,0.0,Cash on Delivery,Retail Store
ORD11395,2025-12-13,CUST1134,Customer_1134,SOUTH,Clothing,Jeans,1,,0.15,57.66,Debit Card,Online
ORD14995,2024-07-20,CUST1163,Customer_1163,South,Home & Kitchen,Cookware Set,1,6535.38,0.25,0.0,UPI,Retail Store
ORD13350,2024-06-26,CUST1174,Customer_1174, East,Electronics,Headphones,5,48517.75,0.0,0.0,Credit Card,Retail Store
ORD12597,2024-09-15,CUST1238,Customer_1238,East,Home & Kitchen,Cookware Set,4,3076.92,0.15,0.0,Net Banking,Retail Store
ORD10443,2024-01-20,CUST1043,Customer_1043,West,Clothing,Dress,5,1839.66,0.0,0.0,Debit Card,Retail Store
ORD12075,08/08/2025,CUST1053,Customer_1053,West,Home & Kitchen,Blender,3,3098.32,0.25,0.0,Net Banking,Retail Store
ORD11501,2024-07-11,CUST1033,Customer_1033,,Clothing,Shoes,5,2115.31,0.15,47.8,,Online
ORD11715,2025-05-05,CUST1259,Customer_1259,SOUTH,Electronics,Headphones,1,58308.96,0.25,0.0,UPI,Retail Store
ORD13020,2025-10-21,CUST1321,Customer_1321,West ,Home & Kitchen,Lamp,4,718.2,0.15,0.0,Cash on Delivery,Retail Store
ORD14911,24-May-2025,CUST1222,Customer_1222,West,Clothing,Jeans,4,,0.2,193.11,Credit Card,Online
ORD14093,24/01/2025,CUST1249,Customer_1249,West,Sports,Running Shoes,4,2059.15,0.25,0.0,Cash on Delivery,Retail Store
ORD11195,2024-06-25,CUST1130,Customer_1130,South,Sports,Running Shoes,2,1438.92,0.05,7.09,Net Banking,Online
ORD13298,2024-12-17,CUST1194,Customer_1194,East,Sports,Cycling Helmet,4,3455.97,0.0,64.59,Cash on Delivery,Online
ORD12273,2024-02-19,CUST1066,Customer_1066,South,Clothing,Jacket,2,1587.61,0.15,0.0,Net Banking,Retail Store
ORD10495,17/07/2024,CUST1212,Customer_1212,north,Beauty,Perfume,4,241.24,0.0,0.0,UPI,Retail Store
ORD11988,2024-05-27,CUST1171,Customer_1171,north,Home & Kitchen,Vacuum Cleaner,4,1425.8,,0.0,Credit Card,Retail Store
ORD12328,2025-02-08,CUST1209,Customer_1209,East,Beauty,Shampoo,3,403.81,0.25,0.0,Net Banking,Retail Store
ORD12646,2025-05-11,CUST1167,Customer_1167,north,Home & Kitchen,Lamp,1,672.57,0.0,0.0,Net Banking,Retail Store
ORD12801,2025-04-27,CUST1226,Customer_1226,,Electronics,Laptop,3,13812.65,0.0,21.69,Net Banking,Online
ORD12857,08/11/2025,CUST1196,Customer_1196,North,Electronics,Smartwatch,2,57752.6,0.0,30.85,Net Banking,Online
ORD14385,2024-02-18,CUST1007,Customer_1007,West ,Electronics,Tablet,1,56981.35,0.0,0.0,Credit Card,Retail Store
ORD11268,2025-06-23,CUST1316,Customer_1316,East,Electronics,Smartphone,3,33259.75,0.15,0.0,UPI,Retail Store
ORD14055,2025-11-15,CUST1212,Customer_1212,South,Clothing,Shoes,3,1714.65,0.1,124.11,Net Banking,Online
ORD14842,2024-02-01,CUST1093,Customer_1093,,Home & Kitchen,Bedsheet,5,4453.3,0.15,46.16,Net Banking,Online
ORD12076,28/12/2025,CUST1364,Customer_1364, East,Electronics,Smartphone,3,24748.88,0.15,92.8,UPI,Online
ORD10054,28-Mar-2025,CUST1298,Customer_1298,north,Clothing,Jeans,4,2100.47,0.0,0.0,Cash on Delivery,Retail Store
ORD12132,2024-09-14,CUST1193,Customer_1193,north,Clothing,Dress,1,1984.91,0.0,0.0,Debit Card,Retail Store
ORD12488,2024-05-13,CUST1330,Customer_1330,West ,Electronics,Smartwatch,2,14212.8,0.05,191.56,Debit Card,Online
ORD12051,2025-06-18,CUST1210,Customer_1210,north,Sports,Yoga Mat,1,878.19,0.0,49.06,UPI,Online
ORD14594,2024-05-26,CUST1229,Customer_1229,SOUTH,Beauty,Shampoo,2,1987.48,0.0,67.33,UPI,Online
ORD13986,2024-02-24,CUST1179,Customer_1179,SOUTH,Electronics,Laptop,4,13355.01,0.0,66.91,Cash on Delivery,Online
ORD13456,2024-07-09,CUST1085,Customer_1085,,Clothing,Jeans,3,1926.54,0.2,33.87,Debit Card,Online
ORD11865,03/09/2025,CUST1295,Customer_1295,East,Beauty,Sunscreen,4,168.3,0.0,0.0,Net Banking,Retail Store
ORD10632,13/03/2025,CUST1178,Customer_1178,North,Electronics,Tablet,3,54585.8,0.2,0.0,Credit Card,Retail Store
ORD10577,2025-10-13,CUST1171,Customer_1171,East,Clothing,Dress,4,820.18,0.0,0.0,Cash on Delivery,Retail Store
ORD12514,13-Oct-2024,CUST1142,Customer_1142,North,Clothing,T-Shirt,4,1804.22,0.0,0.0,UPI,Retail Store
ORD11892,2024-10-22,CUST1027,Customer_1027,North,Clothing,T-Shirt,3,1938.91,0.25,23.5,Debit Card,Online
ORD11444,2024-05-15,CUST1294,Customer_1294,South,Clothing,Dress,1,1587.33,0.0,0.0,Cash on Delivery,Retail Store
ORD10787,2025-10-11,CUST1343,Customer_1343,South,Sports,Cricket Bat,3,2604.25,0.05,0.0,UPI,Retail Store
ORD11080,2024-12-18,CUST1398,Customer_1398, East,Home & Kitchen,Vacuum Cleaner,1,5636.43,0.2,0.0,Debit Card,Retail Store
ORD12945,26/01/2025,CUST1249,Customer_1249,East,Clothing,Jeans,1,1827.82,0.0,0.0,Cash on Delivery,Retail Store
ORD10233,2024-09-21,CUST1359,Customer_1359,West ,Beauty,Face Cream,2,568.28,0.05,0.0,Cash on Delivery,Retail Store
ORD14938,2025-12-08,CUST1207,Customer_1207,West ,Electronics,Headphones,4,23752.84,0.05,0.0,,Retail Store
ORD14317,2025-06-25,CUST1250,Customer_1250,West,Home & Kitchen,Blender,1,2330.62,0.15,175.46,Cash on Delivery,Online
ORD13210,2024-08-25,CUST1292,Customer_1292,East,Sports,Cycling Helmet,5,1585.39,0.0,110.19,UPI,Online
ORD13267,22/12/2024,CUST1291,Customer_1291,North,Sports,Dumbbells,5,1870.48,0.0,0.0,UPI,Retail Store
ORD14698,2025-06-29,CUST1364,Customer_1364,north,Beauty,Lipstick,5,1954.9,0.0,8.25,,Online
ORD11893,2025-06-21,CUST1085,Customer_1085, East,Clothing,Jeans,5,2809.32,0.1,0.0,Net Banking,Retail Store
ORD10784,20-Aug-2025,CUST1004,Customer_1004,West ,Electronics,Laptop,1,54255.52,0.15,0.0,Cash on Delivery,Retail Store
ORD14144,2025-02-03,CUST1075,Customer_1075,West ,Sports,Cricket Bat,5,2143.64,0.25,20.94,UPI,Online
ORD13378,2025-10-20,CUST1248,Customer_1248,West ,Sports,Running Shoes,5,5147.18,0.1,0.0,Debit Card,Retail Store
ORD11118,2024-04-19,CUST1142,Customer_1142,South,Sports,Running Shoes,3,553.36,0.15,0.0,Debit Card,Retail Store
ORD10785,2025-07-29,CUST1360,Customer_1360,West ,Clothing,Jacket,3,2732.21,0.0,195.22,UPI,Online
ORD10524,2025-12-24,CUST1351,Customer_1351,West ,Sports,Dumbbells,2,2472.84,0.2,0.0,UPI,Retail Store
ORD10714,2025-09-04,CUST1237,Customer_1237,North,Electronics,Tablet,1,38583.48,0.05,0.0,Net Banking,Retail Store
ORD14612,2024-04-15,CUST1056,Customer_1056,North,Beauty,Shampoo,1,989.43,0.0,0.0,Credit Card,Retail Store
ORD13234,26/06/2024,CUST1214,Customer_1214,SOUTH,Beauty,Shampoo,2,1135.87,0.25,167.57,UPI,Online
ORD14319,2024-12-07,CUST1063,Customer_1063,South,Beauty,Lipstick,1,2376.26,0.25,0.0,UPI,Retail Store
ORD11859,2024-03-06,CUST1128,Customer_1128,North,Sports,Running Shoes,5,580.28,0.25,0.0,Debit Card,Retail Store
ORD10500,2025-10-13,CUST1108,Customer_1108,north,Clothing,Jeans,1,818.09,0.0,0.0,Credit Card,Retail Store
ORD13052,2024-11-24,CUST1010,Customer_1010,South,Beauty,Sunscreen,5,1909.74,,132.89,Credit Card,Online
ORD14498,01/03/2024,CUST1051,Customer_1051,South,Beauty,Shampoo,2,2435.28,0.0,12.71,Cash on Delivery,Online
ORD10857,08-Sep-2024,CUST1125,Customer_1125,South,Clothing,T-Shirt,2,1377.95,0.0,0.0,UPI,Retail Store
ORD14314,13/08/2025,CUST1088,Customer_1088,West,Electronics,Smartwatch,1,36924.5,0.1,80.25,UPI,Online
ORD12692,2025-04-14,CUST1210,Customer_1210,SOUTH,Clothing,Dress,3,1041.95,0.25,0.0,Debit Card,Retail Store
ORD10292,2025-04-05,CUST1079,Customer_1079,SOUTH,Electronics,Headphones,1,37828.64,0.1,40.76,Debit Card,Online
ORD13275,05-Jun-2025,CUST1066,Customer_1066,West ,Clothing,Dress,1,995.39,0.0,92.27,Credit Card,Online
ORD10561,2024-10-24,CUST1066,Customer_1066,West ,Electronics,Laptop,4,30959.34,0.0,190.56,Credit Card,Online
ORD14904,2024-05-17,CUST1356,Customer_1356,SOUTH,Beauty,Perfume,1,,0.1,0.0,UPI,Retail Store
ORD10093,2025-06-14,CUST1189,Customer_1189,South,Home & Kitchen,Lamp,1,5371.71,,0.0,UPI,Retail Store
ORD10661,2025-10-20,CUST1372,Customer_1372,East,Beauty,Perfume,5,1962.33,0.0,112.18,Credit Card,Online
ORD13577,05/06/2024,CUST1109,Customer_1109,North,Beauty,Shampoo,3,695.61,0.2,167.99,Debit Card,Online
ORD11061,2024-01-04,CUST1033,Customer_1033,East,Electronics,Headphones,4,41136.0,0.0,85.68,Credit Card,Online
ORD13753,19-Nov-2024,CUST1386,Customer_1386, East,Beauty,Lipstick,3,1144.88,0.2,79.49,UPI,Online
ORD13123,2024-09-19,CUST1371,Customer_1371,South,Sports,Yoga Mat,2,2323.21,0.0,0.0,UPI,Retail Store
ORD14111,2025-03-28,CUST1325,Customer_1325,North,Beauty,Sunscreen,5,556.68,0.0,0.0,Cash on Delivery,Retail Store
ORD12815,2025-02-10,CUST1212,Customer_1212,SOUTH,Beauty,Face Cream,-3,708.51,0.1,58.82,Cash on Delivery,Online
ORD11828,28-Apr-2024,CUST1373,Customer_1373,South,Electronics,Tablet,4,2049772.14,0.0,0.0,Credit Card,Retail Store
ORD10657,06/02/2024,CUST1101,Customer_1101,South,Clothing,Dress,4,2463.47,0.0,0.0,Net Banking,Retail Store
ORD13699,2025-10-07,CUST1281,Customer_1281, East,Clothing,T-Shirt,5,2689.71,0.0,3.58,Credit Card,Online
ORD11992,2025-07-19,CUST1200,Customer_1200,South,Home & Kitchen,Blender,2,7407.67,0.15,0.0,UPI,Retail Store
ORD14664,2025-07-08,CUST1367,Customer_1367,West ,Clothing,Dress,3,1516.72,0.1,47.92,Credit Card,Online
ORD14538,2024-08-11,CUST1214,Customer_1214,SOUTH,Electronics,Smartwatch,4,50527.84,0.1,0.0,Debit Card,Retail Store
ORD14848,2024-01-12,CUST1047,Customer_1047, East,Home & Kitchen,Cookware Set,5,607.38,0.2,126.12,Debit Card,Online
ORD12577,06-May-2025,CUST1065,Customer_1065,East,Home & Kitchen,Bedsheet,4,6622.09,0.0,0.0,Cash on Delivery,Retail Store
ORD11497,2024-11-03,CUST1268,Customer_1268, East,Beauty,Face Cream,5,1110.01,,0.0,Net Banking,Retail Store
ORD10389,2025-01-24,CUST1315,Customer_1315,SOUTH,Home & Kitchen,Vacuum Cleaner,3,3248.08,0.15,0.0,UPI,Retail Store
ORD10101,2025-02-06,CUST1127,Customer_1127,West,Clothing,Jacket,5,730.22,0.0,0.0,Debit Card,Retail Store
ORD14909,2024-10-23,CUST1277,Customer_1277,West,Clothing,Shoes,1,2197.96,0.05,18.21,Debit Card,Online
ORD12336,2025-04-26,CUST1096,Customer_1096,West,Clothing,Jacket,1,,0.2,175.68,Debit Card,Online
ORD13096,2025-07-18,CUST1051,Customer_1051,South,Electronics,Smartphone,5,56484.26,0.0,18.75,Credit Card,Online
ORD10938,2025-08-08,CUST1176,Customer_1176,South,Beauty,Face Cream,-2,1761.33,0.15,155.44,UPI,Online
ORD13848,20/10/2025,CUST1258,Customer_1258,north,Beauty,Sunscreen,4,1245.67,0.25,170.32,Net Banking,Online
ORD14158,22/12/2025,CUST1297,Customer_1297, East,Electronics,Tablet,4,52037.95,0.0,0.0,Cash on Delivery,Retail Store
ORD13327,2025-07-25,CUST1082,Customer_1082, East,Beauty,Lipstick,5,1208.9,0.0,84.47,Debit Card,Online
ORD10006,29/11/2025,CUST1348,Customer_1348,north,Beauty,Sunscreen,1,1450.08,0.0,58.7,UPI,Online
ORD11063,2025-07-14,CUST1075,Customer_1075, East,Electronics,Laptop,4,4970.51,0.2,0.0,Cash on Delivery,Retail Store
ORD11986,04-Apr-2025,CUST1327,Customer_1327,SOUTH,Sports,Running Shoes,5,5230.89,0.15,0.0,Debit Card,Retail Store
ORD13400,2025-10-21,CUST1338,Customer_1338,North,Clothing,Dress,2,2304.69,0.05,199.14,Credit Card,Online
ORD11103,2024-09-14,CUST1339,Customer_1339,,Beauty,Shampoo,5,1866.67,0.15,0.0,Credit Card,Retail Store
ORD10224,2025-05-30,CUST1359,Customer_1359,SOUTH,Sports,Cricket Bat,5,4165.29,0.0,0.0,Credit Card,Retail Store
ORD10959,2024-12-14,CUST1068,Customer_1068,north,Sports,Cycling Helmet,3,5448.5,0.0,0.0,Credit Card,Retail Store
ORD12382,2025-07-07,CUST1305,Customer_1305,West ,Clothing,Shoes,1,501.19,0.05,0.0,UPI,Retail Store
ORD11227,24-Feb-2024,CUST1205,Customer_1205,West,Electronics,Laptop,5,32381.72,0.2,199.9,Debit Card,Online
ORD10436,2025-08-18,CUST1190,Customer_1190,West,Home & Kitchen,Bedsheet,3,3865.53,0.05,0.0,UPI,Retail Store
ORD13920,2024-05-07,CUST1351,Customer_1351,South,Sports,Yoga Mat,1,3818.4,0.1,195.6,Debit Card,Online
ORD13706,2025-06-21,CUST1183,Customer_1183,SOUTH,Sports,Running Shoes,4,3308.78,0.0,9.83,Cash on Delivery,Online
ORD11043,10/04/2025,CUST1092,Customer_1092,East,Home & Kitchen,Lamp,1,4960.26,0.15,60.55,Cash on Delivery,Online
ORD14309,2025-02-03,CUST1272,Customer_1272,South,Sports,Running Shoes,5,4125.91,0.1,0.0,Cash on Delivery,Retail Store
ORD11494,09-Jul-2025,CUST1390,Customer_1390,West,Home & Kitchen,Vacuum Cleaner,4,3560.05,0.2,0.0,UPI,Retail Store
ORD14210,2025-01-08,CUST1321,Customer_1321,West ,Beauty,Shampoo,4,581.54,0.0,67.6,Debit Card,Online
ORD10602,2024-04-25,CUST1339,Customer_1339,North,Beauty,Perfume,3,1366.9,0.25,0.0,Debit Card,Retail Store
ORD14623,2024-09-14,CUST1077,Customer_1077,West ,Clothing,Jeans,5,1238.27,0.1,26.16,Net Banking,Online
ORD14259,14-Sep-2025,CUST1043,Customer_1043,South,Sports,Cycling Helmet,5,1826.41,0.2,0.0,Debit Card,Retail Store
ORD14839,03/02/2024,CUST1246,Customer_1246,North,Electronics,Tablet,2,14976.8,0.1,0.0,Credit Card,Retail Store
ORD11925,2024-12-27,CUST1307,Customer_1307,North,Clothing,Jeans,3,1014.79,0.0,0.0,,Retail Store
ORD14550,2024-11-12,CUST1064,Customer_1064,north,Beauty,Face Cream,2,1491.07,0.15,155.02,Debit Card,Online
ORD13724,27/05/2025,CUST1164,Customer_1164,North,Beauty,Shampoo,2,867.06,0.1,0.0,UPI,Retail Store
ORD13429,2025-09-16,CUST1109,Customer_1109,East,Sports,Running Shoes,2,4611.75,,0.0,Cash on Delivery,Retail Store
ORD13405,18/03/2025,CUST1104,Customer_1104, East,Electronics,Headphones,4,26292.12,0.25,0.0,Credit Card,Retail Store
ORD11914,2024-07-29,CUST1361,Customer_1361,north,Home & Kitchen,Blender,3,3557.08,0.2,0.0,Cash on Delivery,Retail Store
ORD10548,2024-04-15,CUST1083,Customer_1083, East,Home & Kitchen,Vacuum Cleaner,4,,0.1,182.43,Debit Card,Online
ORD12684,2025-02-15,CUST1026,Customer_1026,SOUTH,Sports,Running Shoes,1,1626.03,0.15,105.16,Net Banking,Online
ORD12653,22/06/2025,CUST1121,Customer_1121,,Sports,Running Shoes,3,3645.84,0.0,0.01,Credit Card,Online
ORD14296,2024-02-03,CUST1159,Customer_1159,South,Beauty,Face Cream,2,,0.0,86.95,Credit Card,Online
ORD13226,2025-12-22,CUST1236,Customer_1236,West,Sports,Yoga Mat,2,3915.26,0.2,16.18,Debit Card,Online
ORD14852,2024-09-17,CUST1007,Customer_1007, East,Beauty,Sunscreen,1,607.58,0.25,64.54,Net Banking,Online
ORD12736,2025-12-23,CUST1376,Customer_1376,SOUTH,Electronics,Tablet,5,6684.54,0.0,0.0,Cash on Delivery,Retail Store
ORD12105,28-Jul-2025,CUST1009,Customer_1009,West,Clothing,Dress,3,1978.27,0.0,108.89,Debit Card,Online
ORD13643,2025-09-12,CUST1277,Customer_1277,north,Beauty,Sunscreen,4,879.84,0.0,0.0,UPI,Retail Store
ORD11958,2024-07-25,CUST1125,Customer_1125, East,Electronics,Tablet,2,16061.28,0.05,0.0,UPI,Retail Store
ORD12060,18/03/2025,CUST1001,Customer_1001,East,Home & Kitchen,Blender,4,6513.51,0.0,133.65,Credit Card,Online
ORD14164,2025-09-27,CUST1313,Customer_1313, East,Clothing,T-Shirt,1,1103.35,0.0,0.0,UPI,Retail Store
ORD14754,2025-05-10,CUST1002,Customer_1002,South,Beauty,Lipstick,5,1014.43,0.05,0.0,Cash on Delivery,Retail Store
ORD10464,2024-07-18,CUST1376,Customer_1376,SOUTH,Home & Kitchen,Lamp,2,574.19,0.25,39.82,Credit Card,Online
ORD13812,2025-11-21,CUST1057,Customer_1057,West ,Clothing,Shoes,5,2450.68,0.1,0.0,Credit Card,Retail Store
ORD13216,2024-09-29,CUST1360,Customer_1360,SOUTH,Electronics,Smartphone,3,24994.35,0.05,0.0,Credit Card,Retail Store
ORD10725,2024-03-18,CUST1262,Customer_1262,South,Home & Kitchen,Blender,5,6487.09,0.0,159.72,Net Banking,Online
ORD13438,2025-06-03,CUST1135,Customer_1135,north,Home & Kitchen,Bedsheet,2,1577.97,0.0,152.94,Credit Card,Online
ORD10940,2024-01-27,CUST1307,Customer_1307,South,Beauty,Lipstick,1,624.84,0.15,122.41,Cash on Delivery,Online
ORD10395,2025-02-26,CUST1186,Customer_1186,north,Beauty,Shampoo,2,898.83,0.05,0.0,Debit Card,Retail Store
ORD10231,2025-01-30,CUST1287,Customer_1287,north,Electronics,Headphones,3,54413.04,0.0,0.0,Credit Card,Retail Store
ORD12708,2024-06-22,CUST1260,Customer_1260,South,Beauty,Perfume,5,278.42,0.25,199.84,UPI,Online
ORD14651,20/03/2025,CUST1188,Customer_1188,north,Sports,Cycling Helmet,3,3633.2,,187.25,Credit Card,Online
ORD12166,2025-03-01,CUST1046,Customer_1046,South,Home & Kitchen,Blender,4,1026.77,0.15,0.0,Cash on Delivery,Retail Store
ORD12243,2025-04-15,CUST1247,Customer_1247,SOUTH,Electronics,Headphones,3,35837.7,0.25,0.0,Debit Card,Retail Store
ORD11143,07-Jun-2025,CUST1098,Customer_1098,South,Clothing,T-Shirt,3,740.36,0.25,0.0,Credit Card,Retail Store
ORD11035,2025-08-03,CUST1083,Customer_1083,East,Sports,Dumbbells,2,3199.83,0.0,142.34,Net Banking,Online
ORD11669,2025-06-13,CUST1156,Customer_1156,,Electronics,Headphones,5,23223.14,0.25,0.0,Debit Card,Retail Store
ORD12718,14-Sep-2024,CUST1218,Customer_1218,West,Beauty,Lipstick,4,306.63,0.0,143.17,UPI,Online
ORD11999,17/10/2025,CUST1242,Customer_1242, East,Beauty,Face Cream,3,1641.03,0.25,0.0,Cash on Delivery,Retail Store
ORD12712,2024-11-29,CUST1363,Customer_1363,north,Beauty,Shampoo,4,768.62,0.2,189.41,Cash on Delivery,Online
ORD14482,02/11/2025,CUST1207,Customer_1207,West ,Beauty,Sunscreen,4,399.66,0.25,54.72,Debit Card,Online
ORD14463,2025-11-20,CUST1113,Customer_1113,East,Clothing,Jacket,5,1629.3,0.0,0.0,Net Banking,Retail Store
ORD11603,06/11/2024,CUST1329,Customer_1329,north,Home & Kitchen,Bedsheet,4,6350.99,0.15,0.0,Debit Card,Retail Store
ORD11796,2025-07-26,CUST1165,Customer_1165,SOUTH,Clothing,Shoes,2,1496.4,0.0,0.0,Debit Card,Retail Store
ORD14788,2024-10-11,CUST1182,Customer_1182,South,Clothing,Jeans,1,1725.02,0.05,140.1,Debit Card,Online
ORD11774,2024-07-03,CUST1228,Customer_1228, East,Home & Kitchen,Lamp,1,7688.08,0.25,0.0,,Retail Store
ORD10773,21/04/2024,CUST1034,Customer_1034, East,Clothing,Dress,3,2879.36,0.1,110.95,Debit Card,Online
ORD13523,2025-06-20,CUST1257,Customer_1257,North,Electronics,Tablet,4,40631.6,0.05,54.12,Net Banking,Online
ORD11960,2025-03-12,CUST1370,Customer_1370,SOUTH,Home & Kitchen,Blender,-1,6840.94,0.0,154.52,Cash on Delivery,Online
ORD12726,2024-06-30,CUST1190,Customer_1190,North,Electronics,Headphones,3,30381.84,0.0,164.65,Net Banking,Online
ORD12747,05/11/2025,CUST1195,Customer_1195,East,Home & Kitchen,Vacuum Cleaner,1,6214.3,0.1,83.63,Net Banking,Online
ORD14157,2025-07-09,CUST1028,Customer_1028,north,Clothing,Jeans,3,1268.45,0.25,0.0,UPI,Retail Store
ORD10201,2024-03-06,CUST1299,Customer_1299,north,Electronics,Headphones,5,58039.4,0.25,0.0,UPI,Retail Store
ORD13977,2024-04-18,CUST1014,Customer_1014,West,Home & Kitchen,Blender,5,3383.67,0.0,0.0,Credit Card,Retail Store
ORD12392,2024-02-19,CUST1133,Customer_1133, East,Electronics,Laptop,1,55391.23,0.0,0.0,Cash on Delivery,Retail Store
ORD11476,2025-10-10,CUST1045,Customer_1045,north,Sports,Dumbbells,1,5833.68,0.2,4.59,Debit Card,Online
ORD12192,2025-08-19,CUST1102,Customer_1102,West,Electronics,Laptop,3,40127.28,0.0,0.0,UPI,Retail Store
ORD13658,2025-10-17,CUST1132,Customer_1132,SOUTH,Home & Kitchen,Blender,1,5457.37,0.0,0.0,Debit Card,Retail Store
ORD14383,05/08/2024,CUST1373,Customer_1373,North,Clothing,Dress,4,1381.16,0.15,0.0,Net Banking,Retail Store
ORD10416,2025-12-02,CUST1045,Customer_1045,SOUTH,Electronics,Smartphone,2,25040.18,0.1,0.0,Credit Card,Retail Store
ORD12605,2025-04-18,CUST1161,Customer_1161, East,Clothing,Jacket,1,631.64,0.0,96.07,Credit Card,Online
ORD14959,2024-07-02,CUST1267,Customer_1267,East,Electronics,Tablet,2,11756.85,0.25,0.0,Credit Card,Retail Store
ORD14490,2025-06-01,CUST1063,Customer_1063,SOUTH,Clothing,Jacket,5,1829.06,0.15,0.0,Net Banking,Retail Store
ORD13944,2025-04-13,CUST1366,Customer_1366,West ,Beauty,Lipstick,1,1918.98,0.1,0.0,Cash on Delivery,Retail Store
ORD13801,10/05/2025,CUST1027,Customer_1027,SOUTH,Clothing,Shoes,1,437.91,0.15,196.67,Debit Card,Online
ORD14243,2025-01-02,CUST1032,Customer_1032,South,Beauty,Sunscreen,3,380.4,0.0,0.0,Cash on Delivery,Retail Store
ORD10338,2025-08-31,CUST1034,Customer_1034,West,Electronics,Smartwatch,1,41601.72,0.0,141.62,Net Banking,Online
ORD10260,22/06/2025,CUST1317,Customer_1317,West ,Home & Kitchen,Lamp,5,7370.05,0.0,100.5,Net Banking,Online
ORD13190,2025-01-26,CUST1174,Customer_1174, East,Home & Kitchen,Bedsheet,1,5147.74,0.05,0.0,UPI,Retail Store
ORD10719,2025-02-22,CUST1074,Customer_1074,East,Home & Kitchen,Vacuum Cleaner,3,4724.65,0.0,0.0,Cash on Delivery,Retail Store
ORD11678,18/05/2025,CUST1040,Customer_1040,South,Home & Kitchen,Lamp,4,4451.41,0.15,0.0,,Retail Store
ORD10568,16-Mar-2025,CUST1232,Customer_1232,West,Electronics,Tablet,2,10012.56,0.15,173.6,Credit Card,Online
ORD13056,2024-07-31,CUST1216,Customer_1216, East,Sports,Cricket Bat,2,1904.82,0.0,17.31,Net Banking,Online
ORD13393,01-Aug-2024,CUST1211,Customer_1211,East,Home & Kitchen,Vacuum Cleaner,3,,0.0,42.16,Debit Card,Online
ORD10376,2025-03-03,CUST1190,Customer_1190,South,Beauty,Lipstick,3,2104.2,0.0,184.68,Credit Card,Online
ORD13516,02/01/2024,CUST1331,Customer_1331,West ,Beauty,Perfume,1,2360.14,0.0,184.88,Debit Card,Online
ORD11771,2024-04-30,CUST1210,Customer_1210,West,Beauty,Sunscreen,5,539.97,0.2,0.0,Credit Card,Retail Store
ORD14005,18/03/2024,CUST1166,Customer_1166,SOUTH,Clothing,Dress,-1,1500.35,0.25,0.0,UPI,Retail Store
ORD10605,2024-10-22,CUST1147,Customer_1147,north,Electronics,Headphones,4,10107.17,0.25,0.0,Credit Card,Retail Store
ORD11963,2024-11-07,CUST1138,Customer_1138,South,Clothing,Shoes,3,1202.69,0.0,0.0,UPI,Retail Store
ORD14489,2024-11-04,CUST1368,Customer_1368,North,Sports,Cricket Bat,4,2207.83,0.1,142.12,Debit Card,Online
ORD11749,2024-07-15,CUST1219,Customer_1219,North,Electronics,Smartwatch,4,33027.61,0.2,0.0,UPI,Retail Store
ORD13407,2024-05-01,CUST1269,Customer_1269,East,Clothing,Jacket,5,1344.64,0.15,197.05,Net Banking,Online
ORD10302,13/02/2024,CUST1368,Customer_1368,West,Home & Kitchen,Lamp,5,5310.45,0.25,0.0,Net Banking,Retail Store
ORD13919,2025-10-18,CUST1255,Customer_1255, East,Home & Kitchen,Lamp,5,3666.81,0.0,0.0,Debit Card,Retail Store
ORD14365,2025-02-01,CUST1216,Customer_1216,West,Electronics,Smartphone,5,48048.62,0.0,0.0,Net Banking,Retail Store
ORD10232,2025-10-03,CUST1263,Customer_1263,West,Sports,Running Shoes,4,1337.41,0.0,41.12,Cash on Delivery,Online
ORD13059,29-Jul-2025,CUST1253,Customer_1253,West ,Sports,Running Shoes,5,5989.86,,0.0,UPI,Retail Store
ORD11550,2025-04-12,CUST1233,Customer_1233,South,Clothing,Jacket,3,1385.31,0.1,174.44,Cash on Delivery,Online
ORD10362,2025-05-23,CUST1344,Customer_1344,West,Electronics,Smartphone,4,24354.93,0.0,58.63,Net Banking,Online
ORD12839,25/06/2025,CUST1040,Customer_1040,north,Clothing,Shoes,3,2332.81,0.25,0.0,Credit Card,Retail Store
ORD11666,2025-03-09,CUST1261,Customer_1261,East,Electronics,Smartphone,-2,29662.01,0.05,0.0,Debit Card,Retail Store
ORD10125,2024-03-15,CUST1130,Customer_1130,West,Clothing,Jacket,1,549.65,0.0,173.89,Cash on Delivery,Online
ORD12723,2024-10-29,CUST1022,Customer_1022,South,Beauty,Sunscreen,2,233.78,0.2,0.0,Net Banking,Retail Store
ORD10953,03-Jun-2025,CUST1064,Customer_1064,East,Electronics,Laptop,1,41969.91,0.1,0.0,UPI,Retail Store
ORD10481,2024-01-28,CUST1210,Customer_1210,West ,Sports,Yoga Mat,3,1815.49,0.25,0.0,Cash on Delivery,Retail Store
ORD14827,2025-01-07,CUST1033,Customer_1033,West,Home & Kitchen,Blender,2,3128.98,0.2,179.95,UPI,Online
ORD14110,2024-02-21,CUST1168,Customer_1168,West,Electronics,Headphones,5,2782587.34,0.0,0.0,UPI,Retail Store
ORD12969,2024-04-22,CUST1315,Customer_1315,South,Clothing,Shoes,4,2625.69,0.15,93.76,Cash on Delivery,Online
ORD10710,2024-12-16,CUST1256,Customer_1256,West,Home & Kitchen,Bedsheet,3,7030.87,0.0,55.66,Debit Card,Online
ORD12803,2024-01-25,CUST1220,Customer_1220,North,Home & Kitchen,Cookware Set,4,2522.46,0.0,0.71,UPI,Online
ORD14156,2025-07-15,CUST1176,Customer_1176,South,Beauty,Sunscreen,5,303.29,0.0,0.0,Net Banking,Retail Store
ORD14024,24/10/2025,CUST1152,Customer_1152,North,Home & Kitchen,Vacuum Cleaner,2,3130.31,0.25,116.28,Net Banking,Online
ORD13707,2024-01-12,CUST1022,Customer_1022,SOUTH,Beauty,Face Cream,1,2091.71,0.2,0.0,Net Banking,Retail Store
ORD12707,2025-01-15,CUST1337,Customer_1337,north,Electronics,Smartwatch,5,3827.9,0.0,22.49,Debit Card,Online
ORD12007,2024-12-16,CUST1049,Customer_1049,West,Sports,Running Shoes,2,545.09,0.1,80.38,Cash on Delivery,Online
ORD10709,2025-05-03,CUST1149,Customer_1149,East,Beauty,Perfume,2,759.64,0.2,117.43,UPI,Online
ORD13693,08/09/2025,CUST1334,Customer_1334,SOUTH,Sports,Dumbbells,2,4039.34,0.25,93.61,,Online
ORD12101,08/12/2024,CUST1289,Customer_1289, East,Home & Kitchen,Cookware Set,5,3169.86,0.0,0.0,Debit Card,Retail Store
ORD14109,19-Jul-2025,CUST1378,Customer_1378, East,Sports,Running Shoes,4,3983.85,0.25,24.99,UPI,Online
ORD14763,2024-01-16,CUST1044,Customer_1044,South,Home & Kitchen,Cookware Set,3,5995.65,0.0,122.42,Debit Card,Online
ORD10813,2024-02-25,CUST1198,Customer_1198,West,Electronics,Smartphone,2,44538.6,0.25,0.0,Net Banking,Retail Store
ORD10130,2024-01-07,CUST1118,Customer_1118, East,Electronics,Smartphone,1,28176.57,0.0,105.88,Credit Card,Online
ORD11961,11/08/2025,CUST1091,Customer_1091,West,Electronics,Tablet,1,28037.94,0.05,0.0,Credit Card,Retail Store
ORD14524,2024-09-11,CUST1030,Customer_1030,,Home & Kitchen,Cookware Set,4,4328.95,0.0,132.03,Cash on Delivery,Online
ORD12603,19/03/2024,CUST1137,Customer_1137,West,Clothing,Jacket,5,656.28,0.0,106.53,UPI,Online
ORD14044,2024-04-14,CUST1281,Customer_1281,West ,Sports,Cycling Helmet,1,1777.89,0.0,0.0,Cash on Delivery,Retail Store
ORD10490,14/09/2025,CUST1331,Customer_1331,SOUTH,Home & Kitchen,Blender,2,,0.05,0.0,Debit Card,Retail Store
ORD12498,2024-01-06,CUST1003,Customer_1003,North,Sports,Dumbbells,4,4128.28,0.15,179.14,UPI,Online
ORD12678,2025-05-26,CUST1391,Customer_1391,South,Home & Kitchen,Vacuum Cleaner,5,5697.77,0.15,162.19,Cash on Delivery,Online
ORD11526,15/02/2025,CUST1011,Customer_1011,South,Clothing,Shoes,5,308.07,0.05,149.36,UPI,Online
ORD11991,2024-10-03,CUST1324,Customer_1324,West,Electronics,Smartwatch,3,23903.73,0.15,0.0,Debit Card,Retail Store
ORD10351,2024-10-10,CUST1002,Customer_1002,South,Sports,Dumbbells,2,3422.45,,0.0,Debit Card,Retail Store
ORD10186,2025-08-14,CUST1055,Customer_1055,West,Electronics,Headphones,4,26049.71,0.25,0.0,Debit Card,Retail Store
ORD13256,26/03/2024,CUST1082,Customer_1082,north,Beauty,Shampoo,3,782.46,0.15,0.0,Net Banking,Retail Store
ORD12886,27/08/2024,CUST1361,Customer_1361,SOUTH,Sports,Running Shoes,1,4212.3,0.05,40.41,Debit Card,Online
ORD12975,2024-09-19,CUST1395,Customer_1395,South,Electronics,Smartwatch,4,52220.08,0.25,0.0,Credit Card,Retail Store
ORD14384,2024-05-01,CUST1145,Customer_1145,SOUTH,Beauty,Face Cream,4,1386.47,0.2,0.0,Credit Card,Retail Store
ORD10399,17/09/2024,CUST1160,Customer_1160,North,Home & Kitchen,Bedsheet,4,2135.06,0.2,0.0,Cash on Delivery,Retail Store
ORD13269,2025-02-11,CUST1357,Customer_1357,north,Beauty,Sunscreen,5,1221.84,0.0,0.0,Credit Card,Retail Store
ORD13381,19/08/2025,CUST1351,Customer_1351,north,Electronics,Headphones,3,34932.03,0.0,0.0,Net Banking,Retail Store
ORD13111,2024-01-10,CUST1308,Customer_1308,north,Beauty,Sunscreen,3,301.69,0.05,49.46,Credit Card,Online
ORD11049,2024-03-08,CUST1134,Customer_1134,SOUTH,Beauty,Shampoo,1,2321.86,0.25,18.29,Net Banking,Online
ORD13447,2024-08-24,CUST1293,Customer_1293, East,Clothing,Dress,4,927.28,0.2,0.0,Debit Card,Retail Store
ORD11100,2024-12-28,CUST1129,Customer_1129, East,Clothing,Jacket,5,1828.4,0.0,0.0,Debit Card,Retail Store
ORD12451,2025-07-29,CUST1034,Customer_1034,,Home & Kitchen,Lamp,5,6287.65,0.2,102.19,Cash on Delivery,Online
ORD14322,2025-09-02,CUST1259,Customer_1259,north,Home & Kitchen,Blender,4,,0.2,0.0,Net Banking,Retail Store
ORD11613,2025-05-15,CUST1346,Customer_1346,East,Clothing,Jacket,2,948.41,0.0,54.02,Debit Card,Online
ORD14686,2024-03-13,CUST1080,Customer_1080,SOUTH,Home & Kitchen,Cookware Set,5,7708.73,0.0,42.67,Debit Card,Online
ORD12761,2025-04-27,CUST1357,Customer_1357,South,Beauty,Lipstick,3,1572.46,0.25,72.08,Cash on Delivery,Online
ORD10421,2024-11-06,CUST1382,Customer_1382,SOUTH,Sports,Cricket Bat,1,2976.91,0.25,0.0,Cash on Delivery,Retail Store
ORD11676,2025-04-03,CUST1090,Customer_1090,West,Sports,Yoga Mat,1,5907.69,0.1,70.34,Cash on Delivery,Online
ORD11401,14/05/2025,CUST1118,Customer_1118, East,Home & Kitchen,Lamp,1,7698.62,0.1,0.0,Debit Card,Retail Store
ORD12372,2025-02-07,CUST1137,Customer_1137,West,Electronics,Smartwatch,2,31498.78,0.0,30.02,Credit Card,Online
ORD10963,2024-04-19,CUST1297,Customer_1297,East,Clothing,Jacket,1,1365.23,0.05,163.51,UPI,Online
ORD13923,07/10/2025,CUST1111,Customer_1111,North,Electronics,Headphones,3,51136.61,0.25,15.63,UPI,Online
ORD11163,2025-07-08,CUST1004,Customer_1004,SOUTH,Home & Kitchen,Cookware Set,2,6448.46,0.1,120.16,UPI,Online
ORD11703,2025-06-22,CUST1110,Customer_1110,SOUTH,Sports,Cricket Bat,4,5542.19,0.15,173.15,Debit Card,Online
ORD12330,2024-09-28,CUST1018,Customer_1018,South,Home & Kitchen,Cookware Set,4,7311.73,0.0,86.03,UPI,Online
ORD13868,16-Dec-2025,CUST1199,Customer_1199,South,Home & Kitchen,Bedsheet,5,,0.0,0.0,Cash on Delivery,Retail Store
ORD14163,06-Aug-2025,CUST1169,Customer_1169,South,Sports,Yoga Mat,-2,968.45,0.0,0.0,Debit Card,Retail Store
ORD10487,14-Sep-2024,CUST1142,Customer_1142,SOUTH,Sports,Cricket Bat,1,970.16,0.0,66.41,Cash on Delivery,Online
ORD14702,2025-04-28,CUST1280,Customer_1280, East,Beauty,Sunscreen,2,1813.54,0.15,176.65,UPI,Online
ORD11249,2025-05-18,CUST1361,Customer_1361,East,Clothing,Jeans,2,502.53,,0.0,Credit Card,Retail Store
ORD10435,04/09/2024,CUST1276,Customer_1276,north,Home & Kitchen,Cookware Set,1,5267.64,0.1,146.4,Cash on Delivery,Online
ORD11740,18/04/2025,CUST1015,Customer_1015, East,Home & Kitchen,Cookware Set,3,5084.18,0.0,0.0,UPI,Retail Store
ORD10255,2024-10-10,CUST1207,Customer_1207,West,Sports,Dumbbells,-5,3531.04,0.15,0.0,Cash on Delivery,Retail Store
ORD12347,2025-10-30,CUST1378,Customer_1378,East,Beauty,Shampoo,4,2349.01,0.15,33.65,Credit Card,Online
ORD10829,2024-07-22,CUST1060,Customer_1060,West,Sports,Running Shoes,2,1014.18,0.0,0.0,Credit Card,Retail Store
ORD10788,2024-06-19,CUST1008,Customer_1008,West,Sports,Cycling Helmet,4,5463.97,0.15,0.0,UPI,Retail Store
ORD11687,2025-05-12,CUST1211,Customer_1211,North,Beauty,Lipstick,1,448.66,0.1,0.0,Net Banking,Retail Store
ORD13521,2025-01-20,CUST1227,Customer_1227, East,Home & Kitchen,Blender,4,2830.64,0.15,0.0,Credit Card,Retail Store
ORD13809,2025-04-02,CUST1352,Customer_1352,East,Sports,Cycling Helmet,3,4172.07,0.1,0.0,UPI,Retail Store
ORD12120,2024-02-12,CUST1098,Customer_1098,South,Home & Kitchen,Blender,4,1047.47,0.1,0.0,Credit Card,Retail Store
ORD13104,2025-04-17,CUST1293,Customer_1293,West,Beauty,Sunscreen,2,1019.23,0.25,0.0,Net Banking,Retail Store
ORD10456,2024-07-20,CUST1161,Customer_1161,north,Electronics,Smartwatch,2,52985.76,0.05,5.57,Credit Card,Online
ORD14142,2024-11-13,CUST1057,Customer_1057,West ,Beauty,Sunscreen,3,1983.6,0.0,94.48,Cash on Delivery,Online
ORD11433,26/11/2024,CUST1370,Customer_1370,North,Beauty,Sunscreen,5,1230.61,0.0,0.0,Net Banking,Retail Store
ORD13128,2024-09-28,CUST1271,Customer_1271,East,Home & Kitchen,Lamp,5,6317.97,0.05,0.0,Net Banking,Retail Store
ORD11012,2024-09-17,CUST1386,Customer_1386,South,Sports,Dumbbells,2,2313.68,0.0,0.0,Cash on Delivery,Retail Store
ORD12887,2025-09-08,CUST1136,Customer_1136,,Clothing,Jeans,3,,0.25,0.0,Net Banking,Retail Store
ORD14503,2025-10-22,CUST1261,Customer_1261,South,Sports,Dumbbells,3,3016.84,0.0,0.0,UPI,Retail Store
ORD14199,24/04/2025,CUST1035,Customer_1035,SOUTH,Electronics,Smartphone,5,38377.42,0.2,0.0,Cash on Delivery,Retail Store
ORD11128,24/11/2024,CUST1029,Customer_1029, East,Beauty,Lipstick,3,2104.49,0.25,185.13,Credit Card,Online
ORD14953,2025-10-04,CUST1320,Customer_1320,West,Home & Kitchen,Vacuum Cleaner,1,6273.33,0.25,0.0,Debit Card,Retail Store
ORD11105,2024-04-08,CUST1183,Customer_1183,South,Clothing,T-Shirt,4,,0.25,0.0,Debit Card,Retail Store
ORD14238,2025-10-28,CUST1191,Customer_1191,West ,Clothing,Shoes,3,666.95,0.0,81.84,Debit Card,Online
ORD10398,23/05/2025,CUST1343,Customer_1343,West,Electronics,Smartwatch,2,34901.94,0.1,154.64,Net Banking,Online
ORD14622,24-Aug-2024,CUST1113,Customer_1113,North,Electronics,Smartwatch,5,55217.99,0.1,196.0,Credit Card,Online
ORD10797,2024-02-13,CUST1372,Customer_1372, East,Home & Kitchen,Lamp,3,6225.59,0.0,0.0,Cash on Delivery,Retail Store
ORD11787,2025-06-27,CUST1217,Customer_1217,West ,Clothing,Jeans,2,1522.87,0.15,188.3,Debit Card,Online
ORD13780,2025-01-11,CUST1008,Customer_1008,West ,Sports,Cycling Helmet,2,4772.26,0.05,19.5,UPI,Online
ORD13057,2025-03-23,CUST1174,Customer_1174,East,Beauty,Face Cream,5,839.21,0.25,175.9,Cash on Delivery,Online
ORD13504,2025-04-08,CUST1014,Customer_1014,North,Electronics,Smartwatch,5,57085.53,0.0,0.0,Debit Card,Retail Store
ORD14221,2024-09-14,CUST1037,Customer_1037,West,Home & Kitchen,Blender,3,3069.91,0.0,69.06,Net Banking,Online
ORD13192,2024-03-07,CUST1010,Customer_1010,SOUTH,Beauty,Lipstick,5,1342.1,0.1,0.0,Debit Card,Retail Store
ORD14037,2025-06-18,CUST1226,Customer_1226, East,Home & Kitchen,Bedsheet,1,4157.05,0.1,30.52,UPI,Online
ORD11361,2025-11-11,CUST1271,Customer_1271,north,Sports,Dumbbells,3,1259.96,0.25,0.0,Net Banking,Retail Store
ORD11458,04/08/2025,CUST1004,Customer_1004,North,Home & Kitchen,Vacuum Cleaner,5,4995.45,0.1,29.11,Credit Card,Online
ORD11334,2024-08-06,CUST1091,Customer_1091,SOUTH,Home & Kitchen,Vacuum Cleaner,1,4753.76,0.15,63.86,Cash on Delivery,Online
ORD13581,2024-04-02,CUST1164,Customer_1164,South,Sports,Running Shoes,3,2482.53,0.05,0.0,Credit Card,Retail Store
ORD10065,25-Jan-2025,CUST1205,Customer_1205,,Beauty,Face Cream,4,498.58,0.15,0.0,Cash on Delivery,Retail Store
ORD10177,07-Aug-2024,CUST1169,Customer_1169,north,Electronics,Headphones,4,55561.71,0.15,0.0,UPI,Retail Store
ORD12374,2024-07-13,CUST1001,Customer_1001,East,Clothing,Dress,3,632.87,0.0,0.0,Cash on Delivery,Retail Store
ORD13585,2025-08-25,CUST1028,Customer_1028,,Home & Kitchen,Lamp,5,2019.43,0.1,0.0,Debit Card,Retail Store
ORD13092,2025-02-23,CUST1302,Customer_1302, East,Clothing,Dress,5,683.63,0.0,195.79,Net Banking,Online
ORD10026,2025-03-29,CUST1112,Customer_1112, East,Clothing,Dress,4,2590.51,0.15,0.0,Net Banking,Retail Store
ORD12573,2025-10-11,CUST1355,Customer_1355,North,Electronics,Smartphone,5,29625.17,0.15,193.11,Net Banking,Online
ORD10525,2024-04-02,CUST1257,Customer_1257,South,Home & Kitchen,Vacuum Cleaner,4,2215.73,0.15,33.02,Debit Card,Online
ORD14785,2024-03-22,CUST1352,Customer_1352,West ,Clothing,Dress,2,2973.13,0.05,0.0,Debit Card,Retail Store
ORD11253,2025-07-06,CUST1143,Customer_1143,North,Beauty,Sunscreen,2,1988.92,0.0,0.0,,Retail Store
ORD11848,2025-09-22,CUST1114,Customer_1114,North,Home & Kitchen,Lamp,4,4827.55,0.15,0.0,Debit Card,Retail Store
ORD11145,2024-04-08,CUST1216,Customer_1216,North,Beauty,Face Cream,2,529.04,0.05,54.03,UPI,Online
ORD12236,05-Apr-2025,CUST1259,Customer_1259,South,Beauty,Shampoo,2,1414.37,0.2,0.0,Debit Card,Retail Store
ORD10321,25-Aug-2024,CUST1386,Customer_1386,East,Beauty,Sunscreen,2,879.42,0.25,0.0,Net Banking,Retail Store
ORD12949,28/01/2024,CUST1082,Customer_1082,north,Home & Kitchen,Vacuum Cleaner,5,4574.0,,4.27,Debit Card,Online
ORD10664,2025-05-22,CUST1358,Customer_1358,West ,Electronics,Smartwatch,2,10982.45,0.2,0.0,Debit Card,Retail Store
ORD14306,2025-08-19,CUST1327,Customer_1327,West ,Clothing,Shoes,3,2225.23,0.0,192.84,Credit Card,Online
ORD13798,2025-12-29,CUST1119,Customer_1119,East,Home & Kitchen,Bedsheet,5,4073.82,0.1,0.0,Net Banking,Retail Store
ORD12201,2025-03-06,CUST1053,Customer_1053,North,Electronics,Headphones,3,29364.91,0.1,132.2,UPI,Online
ORD14956,2024-04-24,CUST1241,Customer_1241,East,Beauty,Face Cream,5,1392.62,0.0,180.89,Cash on Delivery,Online
ORD11221,2025-07-12,CUST1214,Customer_1214,north,Beauty,Perfume,4,,0.2,0.0,Net Banking,Retail Store
ORD10332,2024-10-23,CUST1313,Customer_1313,north,Electronics,Laptop,5,28928.83,0.1,0.0,Net Banking,Retail Store
ORD14135,07-Nov-2024,CUST1313,Customer_1313, East,Sports,Running Shoes,3,5551.68,0.1,92.1,Credit Card,Online
ORD12951,2025-11-01,CUST1220,Customer_1220,SOUTH,Sports,Dumbbells,2,582.16,0.0,0.0,Debit Card,Retail Store
ORD11815,23/04/2024,CUST1116,Customer_1116,north,Electronics,Smartwatch,3,11366.43,0.0,73.97,UPI,Online
ORD14781,06/06/2024,CUST1144,Customer_1144,north,Sports,Cycling Helmet,4,3022.04,0.15,10.52,UPI,Online
ORD10598,2025-02-05,CUST1056,Customer_1056,West,Clothing,T-Shirt,1,944.67,0.2,0.0,UPI,Retail Store
ORD12017,2025-09-21,CUST1243,Customer_1243,East,Beauty,Perfume,1,650.75,0.05,0.0,Credit Card,Retail Store
ORD11900,2025-06-16,CUST1386,Customer_1386,West ,Clothing,T-Shirt,2,2755.89,0.2,72.18,UPI,Online
ORD14875,2025-04-14,CUST1015,Customer_1015,South,Electronics,Laptop,3,35801.77,0.2,0.0,Debit Card,Retail Store
ORD10386,2025-11-08,CUST1195,Customer_1195,north,Sports,Cricket Bat,2,3156.25,0.1,0.0,Net Banking,Retail Store
ORD12262,02/05/2024,CUST1199,Customer_1199, East,Electronics,Tablet,-2,14609.38,0.25,0.0,UPI,Retail Store
ORD11608,2025-10-05,CUST1345,Customer_1345,West,Sports,Cricket Bat,4,2689.19,0.1,47.67,Cash on Delivery,Online
ORD11459,2025-02-04,CUST1318,Customer_1318,SOUTH,Home & Kitchen,Blender,5,7768.43,0.1,108.18,Net Banking,Online
ORD14404,29-Feb-2024,CUST1312,Customer_1312,West,Sports,Yoga Mat,5,2828.26,0.2,52.33,Net Banking,Online
ORD14445,2025-05-26,CUST1354,Customer_1354,,Electronics,Smartwatch,5,43133.05,0.2,0.0,Cash on Delivery,Retail Store
ORD11768,22/09/2025,CUST1192,Customer_1192,South,Electronics,Tablet,3,46359.07,0.1,0.0,UPI,Retail Store
ORD11947,08-Nov-2025,CUST1298,Customer_1298,East,Electronics,Tablet,5,17193.73,0.0,48.6,Debit Card,Online
ORD10228,2025-01-21,CUST1386,Customer_1386,,Sports,Cycling Helmet,5,,0.0,0.0,Net Banking,Retail Store
ORD11028,2025-11-11,CUST1146,Customer_1146,East,Sports,Cycling Helmet,4,4731.9,0.05,6.14,Cash on Delivery,Online
ORD14858,2024-01-19,CUST1315,Customer_1315,SOUTH,Electronics,Smartwatch,3,58324.87,0.2,128.59,Cash on Delivery,Online
ORD10498,2024-05-26,CUST1256,Customer_1256,West,Sports,Running Shoes,5,3962.61,0.15,0.0,Cash on Delivery,Retail Store
ORD11784,18-Mar-2025,CUST1085,Customer_1085, East,Sports,Cycling Helmet,5,4576.44,0.05,157.53,UPI,Online
ORD13839,2024-04-01,CUST1358,Customer_1358, East,Sports,Cricket Bat,1,1291.48,0.25,0.0,Credit Card,Retail Store
ORD10902,13/09/2024,CUST1005,Customer_1005,West,Sports,Running Shoes,1,5571.98,0.0,0.0,,Retail Store
ORD13957,2025-12-04,CUST1353,Customer_1353,West,Home & Kitchen,Bedsheet,5,7774.43,0.0,118.17,Debit Card,Online
ORD10701,2025-02-13,CUST1322,Customer_1322,SOUTH,Electronics,Laptop,5,24442.14,0.0,136.67,Cash on Delivery,Online
ORD14966,2024-03-09,CUST1382,Customer_1382,,Home & Kitchen,Vacuum Cleaner,3,552.03,0.0,106.05,Cash on Delivery,Online
ORD14271,2024-11-25,CUST1074,Customer_1074,West,Clothing,T-Shirt,-2,2983.45,0.1,26.21,Debit Card,Online
ORD12805,2024-03-01,CUST1191,Customer_1191,North,Electronics,Headphones,5,10906.51,0.0,0.0,Cash on Delivery,Retail Store
ORD14822,2025-04-19,CUST1290,Customer_1290,North,Beauty,Face Cream,4,2271.65,0.25,0.0,Net Banking,Retail Store
ORD13135,2025-07-28,CUST1157,Customer_1157,West,Electronics,Smartphone,3,57473.09,0.25,75.88,UPI,Online
ORD12327,2024-02-25,CUST1273,Customer_1273,north,Sports,Yoga Mat,2,4204.44,0.15,0.0,UPI,Retail Store
ORD11237,19/11/2024,CUST1147,Customer_1147,North,Sports,Cricket Bat,5,4932.47,0.0,73.66,Debit Card,Online
ORD11772,09-Nov-2025,CUST1370,Customer_1370,North,Clothing,Jacket,-5,2688.82,0.25,0.0,UPI,Retail Store
ORD11238,2024-08-26,CUST1036,Customer_1036,South,Beauty,Lipstick,3,1100.06,0.15,65.17,Credit Card,Online
ORD12418,2025-04-09,CUST1321,Customer_1321,South,Sports,Cricket Bat,1,4825.92,0.0,71.55,Cash on Delivery,Online
ORD12155,2025-05-31,CUST1237,Customer_1237,SOUTH,Beauty,Shampoo,4,852.17,0.1,71.65,UPI,Online
ORD10949,2025-02-16,CUST1263,Customer_1263,South,Clothing,Dress,3,1845.55,0.2,0.0,Cash on Delivery,Retail Store
ORD12896,2024-10-17,CUST1128,Customer_1128,north,Home & Kitchen,Cookware Set,1,2428.48,0.0,0.0,Cash on Delivery,Retail Store
ORD13278,2025-12-05,CUST1354,Customer_1354,SOUTH,Clothing,Jeans,3,922.57,,191.27,Cash on Delivery,Online
ORD12088,2025-03-28,CUST1096,Customer_1096,West,Clothing,Dress,1,1929.92,0.0,0.0,Net Banking,Retail Store
ORD12512,29-Sep-2025,CUST1030,Customer_1030,East,Home & Kitchen,Bedsheet,1,2412.19,0.0,4.22,Cash on Delivery,Online
ORD11717,2024-06-28,CUST1086,Customer_1086,SOUTH,Electronics,Smartwatch,2,58047.61,0.0,0.0,Net Banking,Retail Store
ORD13930,26/01/2024,CUST1302,Customer_1302,north,Sports,Yoga Mat,3,1409.44,0.0,31.35,,Online
ORD10138,2025-08-08,CUST1283,Customer_1283, East,Electronics,Tablet,5,52027.51,0.05,53.78,Debit Card,Online
ORD14029,2025-05-01,CUST1070,Customer_1070, East,Clothing,Jeans,1,1695.59,0.0,0.0,UPI,Retail Store
ORD10251,2025-12-23,CUST1313,Customer_1313,East,Home & Kitchen,Lamp,2,3276.6,0.15,89.32,,Online
ORD11907,2025-02-27,CUST1250,Customer_1250,,Beauty,Face Cream,1,2417.9,0.0,0.0,Net Banking,Retail Store
ORD14141,2024-08-16,CUST1307,Customer_1307,East,Home & Kitchen,Lamp,3,7735.38,0.05,100.42,Debit Card,Online
ORD14091,2024-05-07,CUST1086,Customer_1086,South,Sports,Running Shoes,4,3151.77,0.25,81.65,Cash on Delivery,Online
ORD14709,2024-02-25,CUST1187,Customer_1187, East,Electronics,Smartwatch,4,42406.68,0.15,86.24,Debit Card,Online
ORD13334,2024-09-28,CUST1349,Customer_1349,West ,Electronics,Headphones,4,55196.11,0.2,91.15,UPI,Online
ORD14521,2025-06-14,CUST1213,Customer_1213,East,Home & Kitchen,Cookware Set,2,7673.71,0.1,78.08,Cash on Delivery,Online
ORD11971,22/03/2025,CUST1323,Customer_1323,South,Beauty,Face Cream,1,212.02,0.05,0.0,Net Banking,Retail Store
ORD10580,2025-10-04,CUST1113,Customer_1113,South,Home & Kitchen,Cookware Set,5,3335.8,0.0,0.0,Credit Card,Retail Store
ORD10912,2024-10-21,CUST1180,Customer_1180,South,Home & Kitchen,Lamp,1,2691.03,0.25,164.87,Debit Card,Online
ORD11718,17/09/2024,CUST1239,Customer_1239,north,Clothing,Shoes,5,2937.21,0.0,12.88,Credit Card,Online
ORD10367,2024-11-11,CUST1148,Customer_1148,West,Sports,Dumbbells,5,624.45,0.0,0.0,Cash on Delivery,Retail Store
ORD13361,15-Aug-2024,CUST1289,Customer_1289,East,Sports,Running Shoes,5,2425.1,0.0,0.0,UPI,Retail Store
ORD14998,2025-11-26,CUST1094,Customer_1094,West ,Home & Kitchen,Lamp,1,3864.56,0.05,169.56,Cash on Delivery,Online
ORD11578,2025-12-01,CUST1061,Customer_1061,South,Sports,Dumbbells,5,2310.96,0.1,0.0,Credit Card,Retail Store
ORD12182,25/12/2025,CUST1234,Customer_1234,South,Beauty,Lipstick,4,1176.78,0.0,0.0,UPI,Retail Store
ORD13833,07/11/2025,CUST1171,Customer_1171,West ,Clothing,Shoes,2,1958.1,0.05,161.02,UPI,Online
ORD13459,2024-02-10,CUST1354,Customer_1354,North,Clothing,T-Shirt,4,778.82,0.25,110.4,Cash on Delivery,Online
ORD14826,28/04/2025,CUST1018,Customer_1018,South,Home & Kitchen,Lamp,5,5678.93,0.05,78.9,Cash on Delivery,Online
ORD10911,2025-07-05,CUST1370,Customer_1370,North,Electronics,Headphones,3,44918.59,0.25,143.85,Net Banking,Online
ORD12541,27-Oct-2024,CUST1185,Customer_1185,West ,Electronics,Laptop,1,39965.3,0.0,127.55,UPI,Online
ORD13214,2025-10-05,CUST1294,Customer_1294,SOUTH,Beauty,Sunscreen,3,,0.2,161.89,UPI,Online
ORD13883,2025-01-12,CUST1009,Customer_1009, East,Clothing,Dress,5,1720.26,0.25,0.0,Net Banking,Retail Store
ORD10110,22/09/2025,CUST1365,Customer_1365,West,Electronics,Laptop,4,45219.3,0.0,133.97,Debit Card,Online
ORD14534,2025-05-21,CUST1226,Customer_1226,West ,Clothing,Dress,-5,1866.07,0.15,0.0,Cash on Delivery,Retail Store
ORD11764,2024-02-03,CUST1014,Customer_1014,East,Clothing,T-Shirt,3,1080.46,0.0,0.0,Net Banking,Retail Store
ORD13871,2024-11-23,CUST1129,Customer_1129,East,Clothing,Jeans,4,2001.55,0.05,0.0,Net Banking,Retail Store
ORD12583,22/05/2025,CUST1281,Customer_1281,West,Electronics,Tablet,4,51727.13,0.0,135.68,Net Banking,Online
ORD12689,2024-10-03,CUST1046,Customer_1046,East,Home & Kitchen,Cookware Set,1,1501.82,0.0,0.0,UPI,Retail Store
ORD11089,2024-01-31,CUST1059,Customer_1059,South,Home & Kitchen,Vacuum Cleaner,3,3594.87,0.0,0.0,Cash on Delivery,Retail Store
ORD10929,2024-12-30,CUST1311,Customer_1311, East,Electronics,Headphones,4,28154.28,0.15,87.25,Net Banking,Online
ORD11338,2025-01-20,CUST1148,Customer_1148,,Home & Kitchen,Blender,2,6223.15,0.25,87.86,UPI,Online
ORD14571,2024-01-26,CUST1055,Customer_1055,north,Home & Kitchen,Cookware Set,1,1358.11,0.1,115.71,Credit Card,Online
ORD12621,2025-08-10,CUST1097,Customer_1097,North,Sports,Dumbbells,1,4219.58,0.0,36.17,Credit Card,Online
ORD12728,2024-07-31,CUST1127,Customer_1127,South,Home & Kitchen,Lamp,3,4385.9,0.0,0.61,Credit Card,Online
ORD10936,18/10/2024,CUST1158,Customer_1158,SOUTH,Sports,Dumbbells,5,5431.72,0.0,196.32,Cash on Delivery,Online
ORD13379,26/09/2024,CUST1327,Customer_1327,West ,Clothing,Dress,1,2353.47,0.1,0.0,Net Banking,Retail Store
ORD12743,2024-08-17,CUST1231,Customer_1231,SOUTH,Clothing,Jeans,4,983.65,0.2,0.0,Cash on Delivery,Retail Store
ORD13006,20/03/2025,CUST1283,Customer_1283,East,Home & Kitchen,Cookware Set,5,7048.08,0.2,0.0,UPI,Retail Store
ORD11250,2025-08-15,CUST1080,Customer_1080,East,Sports,Cycling Helmet,3,2498.86,0.2,179.7,Debit Card,Online
ORD14743,2024-10-16,CUST1271,Customer_1271,West,Home & Kitchen,Vacuum Cleaner,3,3549.97,0.0,123.44,Credit Card,Online
ORD14745,2024-07-29,CUST1356,Customer_1356,East,Home & Kitchen,Lamp,5,4840.9,0.25,195.58,Net Banking,Online
ORD13722,2025-05-26,CUST1360,Customer_1360,West,Beauty,Sunscreen,5,2349.04,,175.95,Debit Card,Online
ORD13741,2024-06-18,CUST1072,Customer_1072,north,Beauty,Face Cream,4,1762.11,0.0,124.58,Net Banking,Online
ORD12303,2025-10-23,CUST1384,Customer_1384,SOUTH,Home & Kitchen,Bedsheet,1,4135.17,0.25,0.0,,Retail Store
ORD12293,2024-01-21,CUST1065,Customer_1065,West,Sports,Dumbbells,2,1492.2,0.2,0.0,Cash on Delivery,Retail Store
ORD12727,27/07/2024,CUST1201,Customer_1201,SOUTH,Electronics,Smartphone,5,26333.28,0.15,0.0,Credit Card,Retail Store
ORD12579,28-Mar-2024,CUST1303,Customer_1303,north,Sports,Cricket Bat,2,4551.49,,68.53,UPI,Online
ORD12781,2025-07-31,CUST1384,Customer_1384,South,Electronics,Tablet,4,55792.6,,15.4,Credit Card,Online
ORD13305,2024-09-28,CUST1095,Customer_1095,SOUTH,Home & Kitchen,Blender,5,1625.66,0.15,0.0,UPI,Retail Store
ORD10705,2025-03-25,CUST1208,Customer_1208,,Sports,Running Shoes,4,4748.94,0.0,0.0,UPI,Retail Store
ORD11197,2025-09-11,CUST1399,Customer_1399,North,Clothing,Shoes,4,1273.06,0.25,0.0,Credit Card,Retail Store
ORD11850,2024-07-22,CUST1314,Customer_1314,North,Home & Kitchen,Bedsheet,-3,6409.06,0.15,0.0,Net Banking,Retail Store
ORD14281,2025-10-10,CUST1021,Customer_1021,North,Home & Kitchen,Lamp,3,2467.22,0.0,84.46,Debit Card,Online
ORD10434,2024-03-27,CUST1228,Customer_1228,SOUTH,Clothing,Dress,5,2183.17,0.1,104.09,Cash on Delivery,Online
ORD13964,17/10/2024,CUST1011,Customer_1011, East,Home & Kitchen,Vacuum Cleaner,2,7798.28,,190.3,Net Banking,Online
ORD12719,2025-10-20,CUST1112,Customer_1112,South,Clothing,T-Shirt,3,1817.2,0.2,117.93,Cash on Delivery,Online
ORD11731,24/12/2025,CUST1227,Customer_1227,West ,Home & Kitchen,Bedsheet,-5,7728.81,0.0,0.0,Credit Card,Retail Store
ORD10383,2025-03-24,CUST1148,Customer_1148,South,Beauty,Shampoo,1,180.05,0.2,78.96,Credit Card,Online
ORD11794,2025-05-17,CUST1344,Customer_1344,West ,Electronics,Headphones,3,,0.25,0.0,Credit Card,Retail Store
ORD13505,2024-06-05,CUST1306,Customer_1306,north,Beauty,Shampoo,4,1618.63,0.15,0.0,UPI,Retail Store
ORD12346,2025-09-25,CUST1021,Customer_1021,East,Beauty,Shampoo,4,,0.05,68.26,,Online
ORD12046,10-Aug-2024,CUST1086,Customer_1086,West,Sports,Dumbbells,4,3899.72,0.1,146.28,,Online
ORD13832,13-Dec-2024,CUST1195,Customer_1195,South,Sports,Cycling Helmet,1,1673.29,0.05,0.0,Debit Card,Retail Store
ORD12024,2025-07-04,CUST1011,Customer_1011,north,Sports,Cricket Bat,4,4253.26,0.25,190.51,Credit Card,Online
ORD10432,2024-12-12,CUST1211,Customer_1211,East,Beauty,Lipstick,5,173.38,0.0,78.65,Cash on Delivery,Online
ORD10739,2025-07-16,CUST1134,Customer_1134,South,Sports,Running Shoes,1,1443.39,0.25,0.0,UPI,Retail Store
ORD14004,31/05/2024,CUST1394,Customer_1394,West,Beauty,Face Cream,4,1220.64,0.0,28.7,Debit Card,Online
ORD12513,2025-02-02,CUST1256,Customer_1256,West ,Beauty,Face Cream,4,874.51,0.2,167.05,Cash on Delivery,Online
ORD12237,2025-10-26,CUST1167,Customer_1167,South,Beauty,Shampoo,5,2124.16,0.15,0.0,Net Banking,Retail Store
ORD13655,07-Dec-2024,CUST1108,Customer_1108,north,Beauty,Lipstick,2,1057.05,0.25,0.0,Credit Card,Retail Store
ORD13532,07/11/2024,CUST1040,Customer_1040,South,Electronics,Smartphone,4,2468.48,0.0,107.18,Net Banking,Online
ORD11825,2024-09-02,CUST1227,Customer_1227,north,Electronics,Smartwatch,5,7551.23,0.0,0.0,Net Banking,Retail Store
ORD13475,01/01/2024,CUST1296,Customer_1296,West ,Electronics,Tablet,3,4335.5,0.0,0.0,Cash on Delivery,Retail Store
ORD12402,2025-04-08,CUST1286,Customer_1286,SOUTH,Electronics,Smartwatch,2,40465.64,0.05,0.0,Debit Card,Retail Store
ORD13021,2025-04-17,CUST1248,Customer_1248,,Sports,Cycling Helmet,2,3770.31,0.05,0.0,Debit Card,Retail Store
ORD11725,2024-08-14,CUST1169,Customer_1169, East,Clothing,Dress,1,682.17,0.2,0.0,Net Banking,Retail Store
ORD10003,2025-09-15,CUST1040,Customer_1040,West,Clothing,T-Shirt,4,1285.05,0.0,0.0,Debit Card,Retail Store
ORD11766,2024-10-18,CUST1389,Customer_1389,West,Clothing,Jacket,2,1961.93,,0.0,Cash on Delivery,Retail Store
ORD14411,2024-05-12,CUST1103,Customer_1103, East,Home & Kitchen,Bedsheet,1,3051.61,,16.98,UPI,Online
ORD14860,2025-05-28,CUST1080,Customer_1080,SOUTH,Clothing,T-Shirt,5,148233.41,0.1,0.0,Debit Card,Retail Store
ORD14172,2024-07-26,CUST1004,Customer_1004, East,Beauty,Lipstick,4,2452.03,0.2,0.0,Net Banking,Retail Store
ORD10007,2024-06-05,CUST1080,Customer_1080,East,Beauty,Face Cream,3,1619.46,0.05,119.79,Net Banking,Online
ORD14506,12-Mar-2024,CUST1083,Customer_1083, East,Clothing,Jacket,5,2952.64,0.0,72.56,UPI,Online
ORD13791,2024-05-11,CUST1005,Customer_1005,West ,Clothing,Jeans,2,1046.37,0.0,20.52,UPI,Online
ORD12671,2025-11-01,CUST1218,Customer_1218,SOUTH,Sports,Cricket Bat,1,4011.65,0.15,0.0,Net Banking,Retail Store
ORD10403,2025-10-18,CUST1259,Customer_1259, East,Electronics,Laptop,4,,0.25,0.0,Debit Card,Retail Store
ORD14734,10/03/2025,CUST1227,Customer_1227,East,Electronics,Laptop,4,13289.63,0.15,0.0,Credit Card,Retail Store
ORD10050,29/04/2025,CUST1282,Customer_1282, East,Sports,Running Shoes,4,5193.67,0.15,99.07,Cash on Delivery,Online
ORD13409,2024-08-17,CUST1064,Customer_1064,north,Electronics,Laptop,4,2778.64,0.2,46.59,UPI,Online
ORD12147,18/07/2025,CUST1114,Customer_1114, East,Beauty,Perfume,5,513.57,0.15,16.46,Cash on Delivery,Online
ORD13163,02-Jul-2025,CUST1108,Customer_1108,SOUTH,Electronics,Tablet,2,33766.52,0.2,133.52,Credit Card,Online
ORD12196,2024-04-30,CUST1361,Customer_1361,South,Electronics,Smartphone,4,15677.82,0.15,0.0,Credit Card,Retail Store
ORD14514,2025-01-12,CUST1042,Customer_1042,East,Beauty,Perfume,5,1770.72,0.0,173.13,Net Banking,Online
ORD10558,2025-01-24,CUST1316,Customer_1316,SOUTH,Electronics,Smartphone,4,45140.75,0.2,53.98,Cash on Delivery,Online
ORD10726,2025-10-28,CUST1044,Customer_1044,East,Sports,Running Shoes,5,3008.0,0.0,0.0,Net Banking,Retail Store
ORD11886,2025-02-10,CUST1169,Customer_1169, East,Electronics,Smartphone,3,14978.48,0.25,106.46,Cash on Delivery,Online
ORD12534,31-Dec-2025,CUST1090,Customer_1090,West,Electronics,Tablet,1,57704.66,0.0,31.9,Credit Card,Online
ORD11151,2024-12-24,CUST1227,Customer_1227,East,Beauty,Face Cream,4,1511.96,0.1,140.3,Credit Card,Online
ORD10009,24/03/2025,CUST1281,Customer_1281,West ,Clothing,Jacket,5,871.86,0.15,44.94,Credit Card,Online
ORD14615,2024-08-05,CUST1058,Customer_1058,,Electronics,Smartphone,5,8356.74,0.15,0.0,Credit Card,Retail Store
ORD11707,2024-01-25,CUST1356,Customer_1356,East,Electronics,Tablet,4,45220.74,0.15,1.42,Cash on Delivery,Online
ORD10545,2024-07-12,CUST1104,Customer_1104,East,Sports,Running Shoes,2,3177.38,0.0,62.03,UPI,Online
ORD14177,2024-01-26,CUST1222,Customer_1222,East,Beauty,Shampoo,5,1163.08,0.25,0.0,Cash on Delivery,Retail Store
ORD12630,24/10/2024,CUST1237,Customer_1237,South,Electronics,Headphones,1,57248.23,0.2,105.8,Cash on Delivery,Online
ORD11614,2024-06-17,CUST1043,Customer_1043,north,Clothing,Jeans,3,1952.65,0.1,86.44,Net Banking,Online
ORD11071,05/08/2025,CUST1370,Customer_1370,West ,Electronics,Laptop,5,7725.34,0.15,76.34,Debit Card,Online
ORD14485,2025-08-12,CUST1137,Customer_1137, East,Beauty,Sunscreen,4,1552.43,0.15,0.0,Credit Card,Retail Store
ORD10716,2025-05-22,CUST1272,Customer_1272,South,Clothing,Jacket,3,99499.43,0.25,0.0,Cash on Delivery,Retail Store
ORD14630,11/06/2025,CUST1347,Customer_1347,West ,Beauty,Sunscreen,1,1331.91,0.1,119.05,Credit Card,Online
ORD14468,2025-08-04,CUST1286,Customer_1286,East,Clothing,Jacket,3,1519.9,0.2,94.34,Cash on Delivery,Online
ORD11396,07-Apr-2024,CUST1048,Customer_1048, East,Electronics,Laptop,2,25418.17,0.0,41.16,Cash on Delivery,Online
ORD11231,2024-04-18,CUST1085,Customer_1085,South,Sports,Cycling Helmet,4,4404.33,0.2,0.0,Net Banking,Retail Store
ORD13783,2025-10-09,CUST1020,Customer_1020,West,Sports,Cycling Helmet,2,,0.1,182.99,Net Banking,Online
ORD11896,09/11/2025,CUST1362,Customer_1362, East,Clothing,Dress,2,1108.28,0.0,0.0,Cash on Delivery,Retail Store
ORD11758,2025-02-14,CUST1314,Customer_1314,South,Sports,Cycling Helmet,5,4855.17,0.0,0.0,Cash on Delivery,Retail Store
ORD10318,2025-11-18,CUST1023,Customer_1023,East,Electronics,Tablet,3,45871.89,0.25,0.0,,Retail Store
ORD12123,2025-08-04,CUST1255,Customer_1255,,Beauty,Lipstick,4,1476.56,0.0,0.0,Cash on Delivery,Retail Store
ORD14072,2025-10-22,CUST1072,Customer_1072, East,Beauty,Sunscreen,-5,968.16,0.05,71.54,Net Banking,Online
ORD11672,2025-11-14,CUST1004,Customer_1004,West ,Electronics,Smartwatch,4,19790.66,0.15,61.21,Cash on Delivery,Online
ORD13489,2024-06-07,CUST1138,Customer_1138, East,Beauty,Lipstick,1,828.26,,0.0,,Retail Store
ORD14928,2024-04-04,CUST1284,Customer_1284,West,Sports,Running Shoes,1,2545.67,0.15,49.84,Cash on Delivery,Online
ORD12685,15/05/2025,CUST1078,Customer_1078,West,Sports,Cricket Bat,2,637.12,0.15,92.17,Debit Card,Online
ORD14402,2024-11-21,CUST1101,Customer_1101,SOUTH,Home & Kitchen,Lamp,3,3901.22,0.0,88.49,Credit Card,Online
ORD11587,2024-09-08,CUST1315,Customer_1315,north,Electronics,Smartphone,-5,20762.35,0.15,117.82,UPI,Online
ORD10427,2025-05-20,CUST1241,Customer_1241,West,Clothing,Dress,2,2101.05,0.2,199.85,Net Banking,Online
ORD14204,2024-05-20,CUST1067,Customer_1067,West,Beauty,Lipstick,-2,1946.42,0.15,0.0,Net Banking,Retail Store
ORD14058,2024-06-01,CUST1380,Customer_1380,South,Electronics,Smartphone,4,52124.09,0.05,164.94,Credit Card,Online
ORD10480,07/10/2024,CUST1091,Customer_1091,north,Sports,Running Shoes,4,644.52,0.0,181.75,Credit Card,Online
ORD12209,2025-01-03,CUST1081,Customer_1081, East,Sports,Dumbbells,4,2901.95,0.2,0.0,Net Banking,Retail Store
ORD10546,2025-09-09,CUST1090,Customer_1090, East,Beauty,Sunscreen,2,2430.41,0.0,165.31,Credit Card,Online
ORD11298,12/10/2025,CUST1197,Customer_1197,East,Electronics,Smartphone,4,9247.25,0.0,134.5,Cash on Delivery,Online
ORD10262,2025-08-12,CUST1313,Customer_1313,South,Home & Kitchen,Vacuum Cleaner,2,3292.32,0.0,111.07,UPI,Online
ORD12456,17/09/2025,CUST1079,Customer_1079,East,Clothing,Jeans,2,2349.03,0.0,51.7,Cash on Delivery,Online
ORD14483,2025-05-08,CUST1344,Customer_1344,SOUTH,Electronics,Headphones,2,27547.94,,0.0,Net Banking,Retail Store
ORD13477,2024-05-26,CUST1296,Customer_1296,West,Clothing,Jacket,2,2401.41,0.05,0.0,Debit Card,Retail Store
ORD10666,2024-01-11,CUST1265,Customer_1265,East,Sports,Cricket Bat,4,1157.9,0.25,0.0,Debit Card,Retail Store
ORD10171,2024-04-16,CUST1012,Customer_1012,West,Clothing,Dress,3,325.91,0.1,0.0,Cash on Delivery,Retail Store
ORD11176,02/12/2024,CUST1270,Customer_1270,north,Sports,Dumbbells,5,,0.1,0.0,Debit Card,Retail Store
ORD13339,31/05/2024,CUST1291,Customer_1291,South,Beauty,Face Cream,3,1743.24,0.15,7.52,Credit Card,Online
ORD11077,2025-04-25,CUST1182,Customer_1182,North,Beauty,Sunscreen,1,1681.64,0.0,23.87,Debit Card,Online
ORD13725,06-Apr-2024,CUST1134,Customer_1134,East,Beauty,Perfume,-2,677.48,0.25,135.24,UPI,Online
ORD12823,23/09/2025,CUST1389,Customer_1389,South,Clothing,Shoes,5,681.54,0.0,132.96,Cash on Delivery,Online
ORD10686,16/10/2024,CUST1357,Customer_1357, East,Clothing,Shoes,4,2360.25,0.15,0.0,Net Banking,Retail Store
ORD14636,2024-04-24,CUST1164,Customer_1164,East,Electronics,Tablet,3,49754.47,0.25,157.76,Cash on Delivery,Online
ORD12188,05-Aug-2024,CUST1281,Customer_1281,East,Sports,Running Shoes,2,1097.27,0.15,84.48,Net Banking,Online
ORD10693,2025-12-06,CUST1182,Customer_1182,West ,Electronics,Tablet,4,6416.74,0.25,65.32,Credit Card,Online
ORD13198,2025-12-21,CUST1204,Customer_1204,South,Electronics,Tablet,-4,37779.94,0.05,72.28,Debit Card,Online
ORD14443,11-Sep-2025,CUST1042,Customer_1042,West,Home & Kitchen,Lamp,3,6584.67,0.2,0.0,Net Banking,Retail Store
ORD12611,2024-01-19,CUST1364,Customer_1364,East,Beauty,Perfume,1,792.04,,151.64,UPI,Online
ORD14395,2024-08-05,CUST1298,Customer_1298,,Electronics,Headphones,1,3263.04,0.0,0.0,Credit Card,Retail Store
ORD14642,2024-10-29,CUST1163,Customer_1163, East,Clothing,T-Shirt,2,1701.18,0.1,53.55,Debit Card,Online
ORD13195,19-Feb-2024,CUST1219,Customer_1219,South,Home & Kitchen,Cookware Set,5,5075.09,0.15,47.83,Cash on Delivery,Online
ORD12954,2025-12-14,CUST1159,Customer_1159,South,Clothing,Dress,4,1535.55,0.15,0.0,Credit Card,Retail Store
ORD14286,2025-12-03,CUST1221,Customer_1221, East,Home & Kitchen,Cookware Set,5,2878.97,0.15,90.1,Net Banking,Online
ORD12617,2025-06-05,CUST1390,Customer_1390,West ,Beauty,Sunscreen,4,185.55,0.0,2.42,,Online
ORD13834,24-Jun-2025,CUST1388,Customer_1388,South,Sports,Yoga Mat,4,5110.76,0.15,0.0,Credit Card,Retail Store
ORD13908,2025-10-07,CUST1165,Customer_1165,West ,Home & Kitchen,Cookware Set,2,2049.09,0.0,0.0,Debit Card,Retail Store
ORD11827,2025-12-29,CUST1365,Customer_1365,South,Home & Kitchen,Lamp,4,862.08,,176.71,UPI,Online
ORD10781,2025-01-18,CUST1105,Customer_1105,West,Clothing,Jeans,2,2269.13,0.2,94.05,Cash on Delivery,Online
ORD11727,2025-06-12,CUST1147,Customer_1147,East,Home & Kitchen,Vacuum Cleaner,5,4173.51,0.0,23.8,UPI,Online
ORD14192,2024-05-24,CUST1103,Customer_1103,West,Clothing,Jacket,5,770.15,0.0,43.61,Debit Card,Online
ORD14063,2025-04-08,CUST1372,Customer_1372,East,Sports,Cycling Helmet,5,3092.85,0.0,0.0,Debit Card,Retail Store
ORD10541,30/05/2025,CUST1384,Customer_1384,north,Sports,Running Shoes,5,1619.72,0.25,59.27,UPI,Online
ORD10711,2024-07-26,CUST1398,Customer_1398,,Electronics,Smartphone,3,,0.05,190.41,Cash on Delivery,Online
ORD13197,2024-10-01,CUST1393,Customer_1393, East,Clothing,T-Shirt,1,2347.01,0.0,98.71,Cash on Delivery,Online
ORD12560,2025-01-16,CUST1302,Customer_1302, East,Electronics,Laptop,2,48211.16,0.15,0.0,Net Banking,Retail Store
ORD12868,2025-07-29,CUST1223,Customer_1223,SOUTH,Sports,Cycling Helmet,5,1564.26,0.15,0.0,Cash on Delivery,Retail Store
ORD10630,2024-04-26,CUST1070,Customer_1070,North,Sports,Dumbbells,3,5876.29,0.25,0.0,UPI,Retail Store
ORD10254,29-Mar-2024,CUST1265,Customer_1265, East,Home & Kitchen,Cookware Set,1,5113.92,0.0,0.0,UPI,Retail Store
ORD11942,2025-07-27,CUST1124,Customer_1124,West,Beauty,Sunscreen,1,1467.21,0.0,0.0,Net Banking,Retail Store
ORD12600,2024-09-07,CUST1307,Customer_1307,West ,Clothing,Jacket,4,1952.29,,103.75,Cash on Delivery,Online
ORD10882,2025-03-18,CUST1083,Customer_1083, East,Clothing,Jacket,2,824.26,0.2,38.03,Debit Card,Online
ORD12430,2025-05-18,CUST1086,Customer_1086,north,Clothing,Jacket,4,1344.33,0.0,99.73,Credit Card,Online
ORD13189,2025-01-07,CUST1324,Customer_1324,South,Electronics,Smartwatch,2,,0.15,171.88,Debit Card,Online
ORD11240,2024-06-07,CUST1394,Customer_1394,North,Electronics,Smartwatch,4,7261.11,0.1,0.0,Net Banking,Retail Store
ORD13751,2024-03-21,CUST1188,Customer_1188,north,Beauty,Shampoo,4,1746.11,0.0,0.0,Credit Card,Retail Store
ORD10378,2025-11-06,CUST1064,Customer_1064,North,Clothing,Jeans,1,601.65,0.0,181.71,Cash on Delivery,Online
ORD13961,2024-08-22,CUST1072,Customer_1072,North,Beauty,Lipstick,4,1170.49,0.0,0.0,Cash on Delivery,Retail Store
ORD11171,2024-07-11,CUST1338,Customer_1338, East,Clothing,Jacket,2,1682.02,0.25,147.04,Cash on Delivery,Online
ORD14753,2024-03-06,CUST1366,Customer_1366, East,Home & Kitchen,Vacuum Cleaner,4,1418.43,0.1,0.0,UPI,Retail Store
ORD10629,20-Dec-2024,CUST1112,Customer_1112,West ,Beauty,Perfume,3,778.71,0.0,40.71,UPI,Online
ORD12481,2025-04-10,CUST1176,Customer_1176, East,Beauty,Sunscreen,4,2213.66,0.25,0.0,UPI,Retail Store
ORD12165,08/05/2024,CUST1300,Customer_1300, East,Sports,Dumbbells,1,2016.06,0.05,0.0,Cash on Delivery,Retail Store
ORD12369,2025-07-31,CUST1257,Customer_1257,North,Home & Kitchen,Cookware Set,3,5767.9,0.0,103.67,Credit Card,Online
ORD10588,29/11/2025,CUST1308,Customer_1308,SOUTH,Clothing,Dress,2,1941.34,0.2,39.42,UPI,Online
ORD10790,2024-09-24,CUST1194,Customer_1194,West ,Beauty,Face Cream,3,1992.68,0.15,0.0,UPI,Retail Store
ORD12399,2024-09-14,CUST1051,Customer_1051,South,Beauty,Sunscreen,3,1938.54,0.0,37.04,Net Banking,Online
ORD11144,23/04/2024,CUST1314,Customer_1314,,Beauty,Shampoo,4,1388.09,0.05,175.04,Credit Card,Online
ORD11329,2024-10-29,CUST1118,Customer_1118,north,Electronics,Tablet,2,3937.11,0.25,8.77,UPI,Online
ORD12809,2025-06-02,CUST1253,Customer_1253, East,Electronics,Laptop,2,41561.75,0.15,0.0,Cash on Delivery,Retail Store
ORD14954,2025-06-24,CUST1333,Customer_1333,SOUTH,Clothing,Jeans,3,743.26,0.2,0.0,Cash on Delivery,Retail Store
ORD13690,2025-01-19,CUST1001,Customer_1001,West,Home & Kitchen,Lamp,4,7766.61,0.0,0.0,Debit Card,Retail Store
ORD13276,2025-01-30,CUST1329,Customer_1329,South,Home & Kitchen,Lamp,3,2975.53,0.0,0.0,UPI,Retail Store
ORD10075,28-Nov-2025,CUST1101,Customer_1101,SOUTH,Clothing,Dress,2,778.29,,87.95,UPI,Online
ORD12394,2025-01-02,CUST1139,Customer_1139,West ,Beauty,Perfume,3,840.43,0.1,59.14,Cash on Delivery,Online
ORD14090,2024-01-12,CUST1157,Customer_1157,West,Home & Kitchen,Vacuum Cleaner,5,6852.17,0.2,0.0,Cash on Delivery,Retail Store
ORD13703,2024-04-02,CUST1295,Customer_1295, East,Electronics,Smartwatch,3,9976.76,0.0,164.97,Net Banking,Online
ORD13887,2025-07-29,CUST1337,Customer_1337,West,Clothing,Dress,1,1973.0,0.05,124.63,Credit Card,Online
ORD12407,21-Sep-2024,CUST1316,Customer_1316,north,Home & Kitchen,Blender,5,6591.82,0.25,0.0,Net Banking,Retail Store
ORD10554,2025-04-16,CUST1008,Customer_1008, East,Home & Kitchen,Bedsheet,4,3120.11,0.1,165.56,Debit Card,Online
ORD10702,2024-01-24,CUST1050,Customer_1050,West,Beauty,Sunscreen,4,475.64,0.2,0.0,Debit Card,Retail Store
ORD11466,2024-07-28,CUST1276,Customer_1276,West ,Home & Kitchen,Lamp,4,6610.9,0.15,0.0,Debit Card,Retail Store
ORD14879,2025-07-09,CUST1261,Customer_1261,north,Sports,Yoga Mat,4,3392.51,0.0,0.0,Cash on Delivery,Retail Store
ORD11735,2024-05-13,CUST1397,Customer_1397,West,Clothing,Jeans,4,1315.09,0.0,0.0,Credit Card,Retail Store
ORD11101,2024-10-05,CUST1108,Customer_1108,West ,Home & Kitchen,Blender,4,4090.91,0.0,165.53,UPI,Online
ORD13922,11-Jul-2025,CUST1217,Customer_1217,East,Electronics,Smartwatch,5,31384.26,0.05,184.83,Debit Card,Online
ORD12193,2025-11-30,CUST1382,Customer_1382,East,Electronics,Tablet,3,,0.0,0.0,Debit Card,Retail Store
ORD14740,2024-05-21,CUST1252,Customer_1252,,Clothing,T-Shirt,5,749.53,0.0,53.84,Debit Card,Online
ORD12027,24/09/2024,CUST1337,Customer_1337,West,Beauty,Sunscreen,5,2056.52,0.0,160.56,Net Banking,Online
ORD10945,2025-01-20,CUST1000,Customer_1000,West,Beauty,Face Cream,2,461.04,0.15,178.28,Cash on Delivery,Online
ORD11997,2024-08-29,CUST1368,Customer_1368,north,Electronics,Tablet,1,7254.88,0.0,29.51,Credit Card,Online
ORD13733,06/09/2025,CUST1162,Customer_1162,SOUTH,Electronics,Smartphone,2,17223.89,,192.78,Debit Card,Online
ORD14985,2024-06-08,CUST1087,Customer_1087,West ,Home & Kitchen,Cookware Set,1,5844.25,0.15,0.0,Credit Card,Retail Store
ORD10842,2025-03-13,CUST1001,Customer_1001,West ,Electronics,Smartphone,3,28103.49,0.0,95.27,Net Banking,Online
ORD11924,2024-05-13,CUST1190,Customer_1190, East,Beauty,Face Cream,3,999.77,0.0,43.79,Cash on Delivery,Online
ORD12550,2024-09-24,CUST1217,Customer_1217,South,Home & Kitchen,Cookware Set,4,5218.91,0.0,0.0,UPI,Retail Store
ORD12415,2024-09-26,CUST1355,Customer_1355,SOUTH,Clothing,Dress,3,967.65,0.0,0.0,Net Banking,Retail Store
ORD14775,2024-07-21,CUST1245,Customer_1245,South,Clothing,Jacket,1,2399.04,0.25,0.0,Cash on Delivery,Retail Store
ORD11919,17/12/2025,CUST1368,Customer_1368,West,Beauty,Face Cream,2,1555.82,0.0,0.0,Debit Card,Retail Store
ORD13650,04-Aug-2025,CUST1324,Customer_1324,SOUTH,Clothing,Jacket,3,1277.88,0.0,169.81,UPI,Online
ORD13623,2024-06-14,CUST1359,Customer_1359,north,Sports,Yoga Mat,4,1590.03,0.0,140.35,UPI,Online
ORD10968,2025-08-23,CUST1314,Customer_1314,West,Electronics,Headphones,4,2985.65,0.05,26.23,Credit Card,Online
ORD13778,2025-01-30,CUST1037,Customer_1037,West ,Electronics,Laptop,2,30490.39,0.1,0.0,Cash on Delivery,Retail Store
ORD12776,2025-08-03,CUST1278,Customer_1278,north,Electronics,Smartphone,4,27953.42,0.2,0.0,Net Banking,Retail Store
ORD11281,2024-02-03,CUST1116,Customer_1116,West,Sports,Cricket Bat,3,2199.21,0.0,52.37,Cash on Delivery,Online
ORD10225,2025-06-19,CUST1287,Customer_1287, East,Beauty,Sunscreen,5,1404.67,0.0,134.05,Debit Card,Online
ORD13934,2025-09-12,CUST1301,Customer_1301,South,Electronics,Smartwatch,2,42101.79,0.0,196.74,Debit Card,Online
ORD10755,24/09/2024,CUST1010,Customer_1010,SOUTH,Sports,Running Shoes,4,3653.02,0.2,0.0,UPI,Retail Store
ORD11856,2025-03-29,CUST1393,Customer_1393,north,Sports,Yoga Mat,3,5542.99,0.05,0.0,Cash on Delivery,Retail Store
ORD14466,2024-08-10,CUST1099,Customer_1099,SOUTH,Clothing,Jeans,2,1052.62,0.1,171.27,Cash on Delivery,Online
ORD13694,15-Sep-2025,CUST1236,Customer_1236,North,Home & Kitchen,Lamp,3,2810.16,0.15,0.0,Debit Card,Retail Store
ORD14916,02/07/2025,CUST1371,Customer_1371,north,Clothing,Jeans,2,2378.67,0.15,0.0,Net Banking,Retail Store
ORD13844,2024-12-03,CUST1291,Customer_1291, East,Beauty,Shampoo,1,607.53,0.0,0.0,UPI,Retail Store
ORD14432,2024-02-19,CUST1138,Customer_1138, East,Clothing,Jeans,1,1260.06,0.2,0.0,Debit Card,Retail Store
ORD10845,2024-05-07,CUST1162,Customer_1162, East,Clothing,Jeans,4,2877.08,0.25,91.9,Debit Card,Online
ORD10572,2025-01-07,CUST1381,Customer_1381,north,Clothing,Shoes,5,883.57,0.15,139.86,Net Banking,Online
ORD14019,2025-11-20,CUST1003,Customer_1003,SOUTH,Beauty,Face Cream,5,2037.66,0.2,16.85,Credit Card,Online
ORD13545,08/05/2025,CUST1093,Customer_1093,North,Home & Kitchen,Lamp,5,4222.11,0.25,184.8,UPI,Online
ORD12016,21-Jul-2025,CUST1216,Customer_1216,West ,Beauty,Shampoo,1,1946.04,0.25,0.0,Cash on Delivery,Retail Store
ORD11131,10/04/2025,CUST1234,Customer_1234,West ,Sports,Yoga Mat,2,679.98,0.0,159.59,UPI,Online
ORD13854,2024-05-16,CUST1168,Customer_1168,West ,Home & Kitchen,Cookware Set,-4,6593.33,0.0,190.64,Cash on Delivery,Online
ORD11624,26/11/2024,CUST1343,Customer_1343,West,Clothing,Shoes,3,993.1,,77.38,Net Banking,Online
ORD13821,17/04/2024,CUST1109,Customer_1109,,Clothing,Dress,5,1341.51,0.1,153.87,Net Banking,Online
ORD10154,19/12/2025,CUST1148,Customer_1148,West,Sports,Cricket Bat,5,5545.1,0.0,0.0,Debit Card,Retail Store
ORD10476,2024-01-28,CUST1096,Customer_1096,South,Beauty,Face Cream,3,395.14,0.25,0.0,Cash on Delivery,Retail Store
ORD14934,2025-01-01,CUST1315,Customer_1315, East,Sports,Dumbbells,5,1806.51,0.1,170.04,Cash on Delivery,Online
ORD11662,2024-11-28,CUST1042,Customer_1042,West,Home & Kitchen,Cookware Set,-5,7345.82,0.2,114.93,Debit Card,Online
ORD10081,2025-04-04,CUST1078,Customer_1078,West,Clothing,Jeans,5,1481.72,0.1,0.0,UPI,Retail Store
ORD11039,2024-12-05,CUST1395,Customer_1395,North,Electronics,Smartwatch,4,1705.24,0.0,0.0,Cash on Delivery,Retail Store
ORD13636,07/05/2025,CUST1045,Customer_1045,north,Clothing,Jeans,3,,0.0,0.0,Net Banking,Retail Store
ORD11690,2025-05-28,CUST1323,Customer_1323,South,Sports,Yoga Mat,3,877.51,0.0,146.73,Credit Card,Online
ORD10278,2025-08-03,CUST1224,Customer_1224,SOUTH,Clothing,T-Shirt,4,2726.39,0.05,0.0,UPI,Retail Store
ORD12869,17/03/2024,CUST1203,Customer_1203,West ,Clothing,T-Shirt,5,2258.51,0.1,152.2,UPI,Online
ORD11651,15-Sep-2025,CUST1038,Customer_1038,West ,Home & Kitchen,Bedsheet,3,552.25,0.25,123.49,Debit Card,Online
ORD10551,2025-11-02,CUST1319,Customer_1319,East,Home & Kitchen,Vacuum Cleaner,1,2490.51,0.0,0.0,Cash on Delivery,Retail Store
ORD14925,2025-04-11,CUST1039,Customer_1039,north,Electronics,Headphones,3,16209.56,0.0,165.75,Credit Card,Online
ORD13114,2024-03-22,CUST1390,Customer_1390,West,Sports,Yoga Mat,5,1451.04,0.2,0.0,Cash on Delivery,Retail Store
ORD11087,2025-04-02,CUST1316,Customer_1316,West,Home & Kitchen,Bedsheet,1,1569.47,0.1,0.0,Credit Card,Retail Store
ORD12185,2025-03-29,CUST1364,Customer_1364,North,Clothing,Dress,5,330.8,0.05,0.0,Debit Card,Retail Store
ORD10382,04-Dec-2025,CUST1056,Customer_1056,West ,Sports,Dumbbells,4,1048.05,0.1,0.0,Debit Card,Retail Store
ORD11099,25-May-2024,CUST1273,Customer_1273,North,Home & Kitchen,Lamp,4,1588.61,0.0,0.0,Credit Card,Retail Store
ORD14031,2024-09-16,CUST1035,Customer_1035, East,Electronics,Smartwatch,3,57074.3,0.1,0.0,Credit Card,Retail Store
ORD14076,2025-05-30,CUST1112,Customer_1112,SOUTH,Clothing,Jeans,1,,0.2,101.4,Debit Card,Online
ORD10482,2025-07-15,CUST1381,Customer_1381,West ,Beauty,Shampoo,4,1725.19,0.0,0.0,Debit Card,Retail Store
ORD12083,2025-06-11,CUST1270,Customer_1270,West ,Home & Kitchen,Cookware Set,3,7660.72,0.0,53.0,Credit Card,Online
ORD14591,24-Jul-2024,CUST1180,Customer_1180,South,Sports,Running Shoes,3,526.1,0.2,152.59,Credit Card,Online
ORD14160,06/04/2025,CUST1347,Customer_1347,North,Sports,Running Shoes,4,4797.32,0.0,86.49,Debit Card,Online
ORD12285,02/05/2024,CUST1135,Customer_1135,East,Beauty,Lipstick,4,2015.09,0.25,73.65,UPI,Online
ORD12274,09/07/2025,CUST1095,Customer_1095,north,Electronics,Headphones,3,26770.59,0.25,151.62,Debit Card,Online
ORD10918,2024-06-09,CUST1387,Customer_1387,SOUTH,Clothing,Jacket,5,2894.09,0.2,37.32,UPI,Online
ORD10984,21-Jul-2024,CUST1053,Customer_1053,West,Clothing,Jeans,1,1505.53,0.05,0.0,Credit Card,Retail Store
ORD13358,2025-11-13,CUST1077,Customer_1077,West ,Beauty,Sunscreen,2,1819.24,0.0,188.14,Credit Card,Online
ORD10473,14/12/2024,CUST1262,Customer_1262,SOUTH,Clothing,Shoes,2,1580.98,0.25,0.0,Debit Card,Retail Store
ORD13587,09-Nov-2024,CUST1263,Customer_1263, East,Clothing,Jacket,2,2323.52,0.1,0.0,Debit Card,Retail Store
ORD11120,2024-07-28,CUST1361,Customer_1361,East,Home & Kitchen,Bedsheet,3,2159.65,0.0,0.0,Debit Card,Retail Store
ORD12952,2025-01-05,CUST1337,Customer_1337,West ,Clothing,Jacket,4,2520.17,0.1,44.18,Credit Card,Online
ORD11321,2024-02-13,CUST1153,Customer_1153,North,Home & Kitchen,Blender,5,6803.24,0.25,108.17,Credit Card,Online
ORD10089,31/12/2024,CUST1103,Customer_1103,North,Electronics,Smartphone,1,19639.44,0.1,0.0,UPI,Retail Store
ORD10850,2025-09-22,CUST1299,Customer_1299,North,Sports,Cycling Helmet,5,903.85,0.0,105.05,UPI,Online
ORD14723,2024-10-31,CUST1023,Customer_1023,East,Home & Kitchen,Lamp,5,5648.98,0.0,0.0,Net Banking,Retail Store
ORD13539,2024-07-13,CUST1128,Customer_1128,West ,Beauty,Lipstick,4,1899.98,0.15,161.55,Net Banking,Online
ORD12241,2024-09-30,CUST1081,Customer_1081,West ,Sports,Running Shoes,5,4835.36,0.05,179.23,Net Banking,Online
ORD12427,2024-09-12,CUST1106,Customer_1106,North,Sports,Running Shoes,3,,0.1,0.0,UPI,Retail Store
ORD10297,2025-08-17,CUST1266,Customer_1266,West,Sports,Dumbbells,4,3436.51,0.0,0.0,Debit Card,Retail Store
ORD14068,28-May-2025,CUST1155,Customer_1155,North,Clothing,T-Shirt,3,1555.29,0.1,80.69,Credit Card,Online
ORD10527,2025-09-13,CUST1381,Customer_1381,East,Electronics,Smartwatch,5,15787.24,0.0,34.96,Net Banking,Online
ORD14464,2024-02-01,CUST1368,Customer_1368,South,Home & Kitchen,Vacuum Cleaner,5,,0.25,0.0,Debit Card,Retail Store
ORD10442,18/06/2024,CUST1166,Customer_1166,north,Electronics,Tablet,5,15120.1,0.0,128.78,Net Banking,Online
ORD10072,2024-03-14,CUST1108,Customer_1108,North,Clothing,Jacket,3,2316.94,0.15,91.95,Cash on Delivery,Online
ORD13656,2025-04-18,CUST1115,Customer_1115, East,Electronics,Tablet,5,33452.41,0.0,49.18,Credit Card,Online
ORD11684,17-Nov-2024,CUST1314,Customer_1314, East,Home & Kitchen,Bedsheet,2,2584.85,0.2,102.4,,Online
ORD13802,2025-12-14,CUST1396,Customer_1396,South,Beauty,Sunscreen,3,1960.58,0.15,0.0,,Retail Store
ORD11138,2025-09-30,CUST1125,Customer_1125,SOUTH,Beauty,Shampoo,4,572.73,0.1,40.95,Credit Card,Online
ORD14120,2025-12-20,CUST1388,Customer_1388,West,Clothing,Shoes,1,582.43,0.0,0.0,,Retail Store
ORD14982,2024-07-20,CUST1187,Customer_1187,West,Sports,Dumbbells,3,2188.92,0.25,0.0,Net Banking,Retail Store
ORD14870,2025-04-21,CUST1194,Customer_1194, East,Sports,Yoga Mat,1,4717.94,0.05,195.43,UPI,Online
ORD13296,03/08/2024,CUST1116,Customer_1116,South,Clothing,Jeans,5,1717.99,0.2,0.0,Credit Card,Retail Store
ORD11006,19/04/2025,CUST1046,Customer_1046, East,Electronics,Smartphone,5,40948.92,0.0,0.0,Net Banking,Retail Store
ORD14887,13/05/2024,CUST1072,Customer_1072,South,Home & Kitchen,Lamp,1,2075.1,0.25,0.0,Net Banking,Retail Store
ORD14984,26-Nov-2024,CUST1212,Customer_1212,SOUTH,Clothing,Jeans,5,738.71,,0.0,Debit Card,Retail Store
ORD11475,2024-10-22,CUST1178,Customer_1178,West,Sports,Cycling Helmet,2,5543.68,0.15,0.0,UPI,Retail Store
ORD12569,2024-01-07,CUST1099,Customer_1099,North,Electronics,Tablet,1,2739379.16,0.15,55.44,Net Banking,Online
ORD10083,23-Dec-2024,CUST1264,Customer_1264, East,Electronics,Laptop,1,17458.29,0.25,0.0,Credit Card,Retail Store
ORD12406,2025-12-14,CUST1244,Customer_1244,SOUTH,Beauty,Face Cream,3,2324.31,0.0,0.0,UPI,Retail Store
ORD14596,02/03/2024,CUST1377,Customer_1377,north,Clothing,Dress,2,525.64,0.0,160.98,Credit Card,Online
ORD11836,04/01/2024,CUST1241,Customer_1241,North,Beauty,Perfume,3,2495.15,0.15,0.0,Debit Card,Retail Store
ORD13376,2024-02-23,CUST1211,Customer_1211,north,Clothing,Dress,2,1178.06,0.05,0.0,Cash on Delivery,Retail Store
ORD12635,25-Oct-2024,CUST1377,Customer_1377,SOUTH,Home & Kitchen,Blender,3,6799.32,0.25,0.0,Debit Card,Retail Store
ORD14315,2025-08-28,CUST1249,Customer_1249,,Beauty,Shampoo,2,713.33,0.25,37.28,Credit Card,Online
ORD14028,2024-09-08,CUST1007,Customer_1007,north,Home & Kitchen,Blender,2,4166.16,0.05,0.0,UPI,Retail Store
ORD12008,05/03/2025,CUST1182,Customer_1182,West ,Sports,Yoga Mat,3,1197.23,0.0,0.0,Net Banking,Retail Store
ORD12593,04/10/2024,CUST1248,Customer_1248, East,Beauty,Lipstick,4,1662.84,0.0,93.58,Cash on Delivery,Online
ORD10047,2025-12-27,CUST1320,Customer_1320,North,Beauty,Face Cream,2,1289.07,0.05,0.0,Net Banking,Retail Store
ORD12506,2024-01-19,CUST1016,Customer_1016,West ,Sports,Cycling Helmet,4,1232.83,0.05,0.0,Net Banking,Retail Store
ORD12104,22-Sep-2025,CUST1044,Customer_1044,north,Sports,Yoga Mat,4,4578.77,0.25,0.0,UPI,Retail Store
ORD13472,2024-10-03,CUST1386,Customer_1386,West,Electronics,Smartphone,3,59846.86,,0.0,Net Banking,Retail Store
ORD11929,2025-01-06,CUST1248,Customer_1248,West ,Clothing,Jeans,5,1041.12,0.0,67.31,Cash on Delivery,Online
ORD10397,2024-11-17,CUST1069,Customer_1069,South,Electronics,Laptop,3,11795.14,0.0,0.0,Cash on Delivery,Retail Store
ORD11507,08-May-2024,CUST1120,Customer_1120, East,Sports,Cycling Helmet,3,4388.75,0.0,135.34,Cash on Delivery,Online
ORD13702,2024-01-29,CUST1145,Customer_1145,East,Beauty,Perfume,3,1847.45,0.1,176.14,Cash on Delivery,Online
ORD14303,2024-09-15,CUST1082,Customer_1082,SOUTH,Electronics,Smartwatch,3,39446.48,0.15,146.38,Debit Card,Online
ORD13271,2025-03-27,CUST1070,Customer_1070, East,Beauty,Lipstick,4,1979.74,0.2,0.0,Debit Card,Retail Store
ORD14528,23/11/2025,CUST1297,Customer_1297,SOUTH,Clothing,Shoes,3,512.0,0.15,0.0,Debit Card,Retail Store
ORD14613,2024-07-25,CUST1012,Customer_1012,West,Beauty,Lipstick,3,1969.95,0.0,176.36,Credit Card,Online
ORD13119,2024-08-08,CUST1391,Customer_1391,East,Electronics,Laptop,1,11848.58,0.0,46.52,Cash on Delivery,Online
ORD14519,19/03/2025,CUST1299,Customer_1299,East,Sports,Cycling Helmet,1,1444.13,0.0,164.05,Cash on Delivery,Online
ORD10986,18/01/2024,CUST1011,Customer_1011,West,Sports,Running Shoes,5,1240.72,0.0,0.0,UPI,Retail Store
ORD13373,2024-04-09,CUST1331,Customer_1331,South,Sports,Cycling Helmet,4,4840.51,0.0,59.07,Cash on Delivery,Online
ORD14659,2025-08-29,CUST1087,Customer_1087,East,Clothing,Dress,1,1396.52,0.0,0.0,Credit Card,Retail Store
ORD13352,2025-10-16,CUST1129,Customer_1129,West,Electronics,Laptop,5,23920.26,0.15,126.34,Cash on Delivery,Online
ORD10484,2025-09-04,CUST1272,Customer_1272, East,Clothing,Shoes,1,2030.73,0.0,74.93,Debit Card,Online
ORD14751,01/09/2025,CUST1086,Customer_1086,north,Clothing,Dress,3,2647.38,0.15,182.82,Debit Card,Online
ORD10237,2024-05-11,CUST1290,Customer_1290,West,Electronics,Tablet,4,,0.15,0.0,Credit Card,Retail Store
ORD14423,2024-02-29,CUST1277,Customer_1277,South,Sports,Cricket Bat,1,2616.02,0.1,0.0,UPI,Retail Store
ORD13087,08/07/2025,CUST1316,Customer_1316,West ,Home & Kitchen,Blender,1,7939.11,0.05,87.8,Net Banking,Online
ORD10471,2024-02-09,CUST1330,Customer_1330,SOUTH,Electronics,Laptop,1,30853.25,0.15,0.0,Debit Card,Retail Store
ORD12963,29/01/2025,CUST1009,Customer_1009,north,Sports,Cricket Bat,2,5213.28,0.0,0.0,Cash on Delivery,Retail Store
ORD11104,29-Aug-2025,CUST1044,Customer_1044,SOUTH,Beauty,Perfume,1,788.31,0.2,0.0,Cash on Delivery,Retail Store
ORD13168,15/08/2025,CUST1155,Customer_1155,East,Clothing,Jacket,5,1631.23,0.1,0.0,Net Banking,Retail Store
ORD10802,2025-12-26,CUST1167,Customer_1167,West,Clothing,Jacket,4,1858.49,0.05,0.0,Debit Card,Retail Store
ORD13295,2025-09-23,CUST1127,Customer_1127,SOUTH,Beauty,Shampoo,1,2017.66,,0.0,Net Banking,Retail Store
ORD14474,2025-11-12,CUST1366,Customer_1366,SOUTH,Home & Kitchen,Vacuum Cleaner,1,2500.67,0.15,72.07,Credit Card,Online
ORD14884,2024-04-28,CUST1073,Customer_1073,South,Home & Kitchen,Bedsheet,2,,0.25,0.0,Debit Card,Retail Store
ORD12824,02/10/2024,CUST1013,Customer_1013,SOUTH,Sports,Cycling Helmet,1,2606.6,0.0,96.78,Debit Card,Online
ORD12423,02-Aug-2024,CUST1092,Customer_1092,South,Beauty,Perfume,4,990.37,0.15,143.86,Credit Card,Online
ORD12971,2024-04-27,CUST1159,Customer_1159,West ,Sports,Running Shoes,5,2105.57,0.0,21.15,Debit Card,Online
ORD11737,2025-06-08,CUST1112,Customer_1112,north,Clothing,Dress,4,2126.89,0.2,0.0,Debit Card,Retail Store
ORD13336,16/09/2025,CUST1178,Customer_1178,West,Electronics,Laptop,1,34326.03,0.05,0.0,Debit Card,Retail Store
ORD14205,22-Sep-2025,CUST1197,Customer_1197,South,Beauty,Perfume,5,2201.57,0.2,13.99,UPI,Online
ORD14465,2024-09-14,CUST1399,Customer_1399,north,Clothing,T-Shirt,4,962.37,0.1,17.4,Net Banking,Online
ORD13132,2024-04-26,CUST1273,Customer_1273,South,Home & Kitchen,Lamp,2,6287.22,0.15,58.61,Debit Card,Online
ORD10034,22/09/2025,CUST1006,Customer_1006,West ,Beauty,Lipstick,1,509.53,0.1,0.0,Cash on Delivery,Retail Store
ORD14895,2024-09-13,CUST1260,Customer_1260,north,Sports,Cycling Helmet,3,732.99,0.0,119.3,Net Banking,Online
ORD12661,2025-03-06,CUST1082,Customer_1082, East,Sports,Cricket Bat,3,5113.34,0.0,196.01,UPI,Online
ORD10564,27-Oct-2025,CUST1082,Customer_1082,South,Electronics,Laptop,5,6719.91,0.25,0.0,Net Banking,Retail Store
ORD14206,2025-04-18,CUST1152,Customer_1152,north,Electronics,Headphones,2,34313.78,0.05,0.0,Debit Card,Retail Store
ORD10074,2024-12-23,CUST1301,Customer_1301,East,Beauty,Sunscreen,1,545.11,0.05,29.29,Debit Card,Online
ORD10855,09/05/2024,CUST1268,Customer_1268,West,Beauty,Sunscreen,3,740.86,0.25,0.0,Credit Card,Retail Store
ORD10309,10/03/2024,CUST1312,Customer_1312,South,Sports,Cycling Helmet,5,2076.05,0.2,0.0,UPI,Retail Store
ORD12268,13-Jun-2024,CUST1118,Customer_1118,East,Home & Kitchen,Blender,5,7995.91,0.0,17.59,Net Banking,Online
ORD10282,2024-11-07,CUST1327,Customer_1327,West,Electronics,Laptop,5,,0.0,20.25,Net Banking,Online
ORD12448,2025-01-14,CUST1092,Customer_1092,SOUTH,Beauty,Perfume,1,1194.37,0.0,0.0,Credit Card,Retail Store
ORD12416,2025-03-18,CUST1049,Customer_1049,north,Electronics,Smartphone,1,49844.38,0.2,114.79,Debit Card,Online
ORD10547,2025-12-25,CUST1390,Customer_1390,East,Electronics,Smartphone,2,17157.9,0.15,0.0,Cash on Delivery,Retail Store
ORD13176,2025-03-12,CUST1251,Customer_1251,South,Clothing,Jacket,3,1435.37,0.1,41.27,UPI,Online
ORD13712,2025-11-25,CUST1358,Customer_1358,SOUTH,Home & Kitchen,Bedsheet,4,3171.35,0.0,0.0,,Retail Store
ORD11158,2024-08-05,CUST1134,Customer_1134,SOUTH,Electronics,Tablet,3,52131.38,0.0,0.0,Cash on Delivery,Retail Store
ORD11680,2024-01-19,CUST1016,Customer_1016,South,Clothing,Jacket,5,1194.45,0.05,0.0,Cash on Delivery,Retail Store
ORD10720,2025-09-24,CUST1009,Customer_1009,north,Clothing,Jeans,3,,0.05,48.63,Credit Card,Online
ORD10291,2025-09-30,CUST1211,Customer_1211,North,Beauty,Perfume,3,547.75,0.25,137.07,Debit Card,Online
ORD10540,2025-12-11,CUST1034,Customer_1034, East,Beauty,Lipstick,5,1787.26,0.0,33.1,Cash on Delivery,Online
ORD14215,12/09/2024,CUST1134,Customer_1134,East,Electronics,Headphones,2,43414.25,0.0,0.0,Credit Card,Retail Store
ORD11036,2025-04-17,CUST1285,Customer_1285,South,Clothing,Jeans,2,340.24,0.2,101.58,Credit Card,Online
ORD13891,2024-06-05,CUST1196,Customer_1196,East,Home & Kitchen,Cookware Set,2,6316.74,0.2,0.0,Cash on Delivery,Retail Store
ORD11047,2024-02-20,CUST1248,Customer_1248, East,Electronics,Laptop,4,8895.51,0.0,0.0,Debit Card,Retail Store
ORD12161,31/08/2024,CUST1319,Customer_1319,North,Sports,Yoga Mat,5,2822.33,0.0,0.0,Credit Card,Retail Store
ORD13552,2024-07-07,CUST1114,Customer_1114,East,Clothing,Jeans,5,2792.71,0.0,0.0,Credit Card,Retail Store
ORD10060,24/08/2025,CUST1059,Customer_1059,East,Clothing,T-Shirt,1,562.42,0.2,166.74,Cash on Delivery,Online
ORD13602,2024-02-15,CUST1177,Customer_1177,South,Electronics,Smartphone,2,53244.88,0.05,0.0,UPI,Retail Store
ORD12852,2024-06-29,CUST1162,Customer_1162,North,Electronics,Smartphone,5,11991.19,0.25,0.0,UPI,Retail Store
ORD11189,2024-05-06,CUST1391,Customer_1391,West,Home & Kitchen,Vacuum Cleaner,3,6251.89,0.25,0.0,Credit Card,Retail Store
ORD13841,28-Feb-2025,CUST1123,Customer_1123,SOUTH,Electronics,Tablet,1,27865.01,0.0,0.0,Credit Card,Retail Store
ORD14706,2024-09-11,CUST1386,Customer_1386,West,Clothing,Dress,2,1777.39,0.0,29.97,UPI,Online
ORD13974,2025-12-26,CUST1356,Customer_1356,SOUTH,Clothing,T-Shirt,4,,0.0,13.97,UPI,Online
ORD10535,2025-03-12,CUST1257,Customer_1257,West,Sports,Dumbbells,2,614.85,0.0,76.07,Credit Card,Online
ORD14017,20/07/2024,CUST1028,Customer_1028,East,Clothing,Jeans,2,2038.89,0.0,0.0,Net Banking,Retail Store
ORD14570,23/12/2024,CUST1268,Customer_1268,SOUTH,Electronics,Smartphone,2,57335.26,0.0,61.84,Debit Card,Online
ORD12608,13/08/2024,CUST1188,Customer_1188,north,Clothing,Jeans,3,2193.08,0.0,0.0,Cash on Delivery,Retail Store
ORD12998,2024-07-19,CUST1313,Customer_1313, East,Beauty,Sunscreen,2,2019.3,0.05,110.34,Net Banking,Online
ORD10581,2024-01-23,CUST1305,Customer_1305,West ,Electronics,Headphones,2,53834.38,0.25,137.47,Credit Card,Online
ORD12668,26/01/2024,CUST1245,Customer_1245, East,Beauty,Perfume,4,1460.0,0.15,0.0,Cash on Delivery,Retail Store
ORD10195,02/10/2024,CUST1019,Customer_1019,North,Clothing,Jacket,4,2172.89,0.25,0.0,UPI,Retail Store
ORD11263,2024-09-14,CUST1228,Customer_1228,East,Electronics,Smartphone,1,,0.2,0.0,Credit Card,Retail Store
ORD10172,2025-06-01,CUST1030,Customer_1030, East,Clothing,Jacket,1,2582.86,0.0,87.0,Credit Card,Online
ORD12934,2024-07-01,CUST1315,Customer_1315,West ,Clothing,T-Shirt,2,1513.95,0.0,99.8,Net Banking,Online
ORD13689,2025-07-05,CUST1073,Customer_1073, East,Home & Kitchen,Lamp,5,266312.77,0.0,0.0,,Retail Store
ORD10924,17/10/2024,CUST1171,Customer_1171,South,Beauty,Face Cream,5,1036.63,0.1,176.46,Cash on Delivery,Online
ORD11013,2024-07-16,CUST1399,Customer_1399,north,Electronics,Smartphone,3,17787.37,0.0,0.0,Credit Card,Retail Store
ORD13700,21/10/2025,CUST1388,Customer_1388, East,Sports,Dumbbells,5,1067.55,0.15,176.62,Debit Card,Online
ORD11173,28-Jun-2025,CUST1026,Customer_1026,SOUTH,Sports,Cycling Helmet,5,2305.59,0.0,140.85,Debit Card,Online
ORD11562,2024-03-18,CUST1144,Customer_1144,West ,Electronics,Laptop,2,,0.0,11.88,Debit Card,Online
ORD11641,2024-02-19,CUST1176,Customer_1176, East,Clothing,Jeans,3,1172.42,0.25,0.0,UPI,Retail Store
ORD12812,2025-03-04,CUST1123,Customer_1123,SOUTH,Clothing,Jacket,3,1782.0,0.0,0.0,UPI,Retail Store
ORD11430,2025-03-05,CUST1282,Customer_1282, East,Home & Kitchen,Vacuum Cleaner,4,6261.17,,137.89,Net Banking,Online
ORD12627,2024-12-04,CUST1241,Customer_1241,SOUTH,Sports,Cycling Helmet,1,1919.97,0.2,0.0,Cash on Delivery,Retail Store
ORD13976,2025-12-25,CUST1033,Customer_1033,SOUTH,Electronics,Laptop,3,32004.48,0.0,0.0,Debit Card,Retail Store
ORD14471,2025-04-09,CUST1215,Customer_1215,West ,Electronics,Smartwatch,5,1938.67,0.0,187.65,Credit Card,Online
ORD13915,2024-06-08,CUST1355,Customer_1355,East,Sports,Yoga Mat,-4,2862.04,0.0,0.0,Debit Card,Retail Store
ORD13432,30/10/2024,CUST1132,Customer_1132, East,Home & Kitchen,Lamp,1,7269.15,0.0,144.45,Debit Card,Online
ORD12334,2024-12-18,CUST1044,Customer_1044,North,Sports,Dumbbells,2,5657.58,0.15,0.0,Net Banking,Retail Store
ORD11239,2025-04-28,CUST1060,Customer_1060,SOUTH,Home & Kitchen,Lamp,4,6651.97,0.15,27.36,UPI,Online
ORD10415,2024-04-04,CUST1231,Customer_1231,East,Home & Kitchen,Bedsheet,2,2923.78,0.2,0.0,Debit Card,Retail Store
ORD14086,2025-05-10,CUST1248,Customer_1248,North,Home & Kitchen,Vacuum Cleaner,5,4664.56,0.1,48.74,Cash on Delivery,Online
ORD10982,2025-04-26,CUST1339,Customer_1339,West ,Electronics,Headphones,3,17715.27,0.2,29.04,Credit Card,Online
ORD11164,19/06/2024,CUST1167,Customer_1167,North,Clothing,T-Shirt,2,1620.57,0.0,78.88,Credit Card,Online
ORD11779,2024-09-04,CUST1014,Customer_1014,West,Beauty,Perfume,5,1040.1,0.1,161.69,Cash on Delivery,Online
ORD14632,2025-02-18,CUST1026,Customer_1026,West ,Electronics,Headphones,2,5504.43,0.05,0.0,Debit Card,Retail Store
ORD13467,23-Nov-2024,CUST1200,Customer_1200,East,Sports,Running Shoes,3,431.29,0.0,8.97,Debit Card,Online
ORD10586,2025-02-11,CUST1191,Customer_1191,East,Electronics,Smartwatch,2,57548.7,0.15,0.0,UPI,Retail Store
ORD10595,2024-03-11,CUST1335,Customer_1335,East,Clothing,Dress,1,1281.84,0.05,29.46,UPI,Online
ORD11811,2024-09-06,CUST1152,Customer_1152,North,Clothing,T-Shirt,4,1625.48,0.0,0.0,Net Banking,Retail Store
ORD10812,09-Sep-2025,CUST1261,Customer_1261, East,Beauty,Shampoo,2,1072.69,0.25,22.54,Debit Card,Online
ORD11949,22/11/2025,CUST1251,Customer_1251, East,Home & Kitchen,Bedsheet,3,6404.18,0.15,0.0,UPI,Retail Store
ORD14798,10-Feb-2024,CUST1119,Customer_1119,SOUTH,Clothing,Dress,2,2701.92,0.1,0.0,Credit Card,Retail Store
ORD11167,2024-11-10,CUST1314,Customer_1314,West,Electronics,Smartwatch,1,55099.86,0.25,71.32,UPI,Online
ORD11930,2025-05-28,CUST1173,Customer_1173,South,Sports,Yoga Mat,2,3875.22,0.1,164.91,UPI,Online
ORD10220,2025-07-14,CUST1169,Customer_1169,South,Sports,Cycling Helmet,5,1641.78,0.1,98.48,Credit Card,Online
ORD11065,2024-09-18,CUST1251,Customer_1251, East,Beauty,Lipstick,2,175.98,0.15,0.0,Debit Card,Retail Store
ORD11692,2024-11-13,CUST1287,Customer_1287,North,Electronics,Laptop,1,21495.65,0.0,0.0,Net Banking,Retail Store
ORD12721,22/01/2024,CUST1000,Customer_1000, East,Clothing,Dress,1,2069.04,0.2,43.71,Debit Card,Online
ORD12764,2024-09-29,CUST1193,Customer_1193,West,Electronics,Laptop,2,35463.02,0.0,86.17,UPI,Online
ORD12013,2024-01-12,CUST1216,Customer_1216,East,Electronics,Smartwatch,5,27568.48,0.25,0.0,Credit Card,Retail Store
ORD12932,2024-10-28,CUST1339,Customer_1339,north,Clothing,Jacket,3,108867.67,0.0,0.0,Debit Card,Retail Store
ORD10774,2024-09-04,CUST1254,Customer_1254,SOUTH,Clothing,Jeans,5,595.23,0.0,88.4,Cash on Delivery,Online
ORD10305,2025-01-22,CUST1354,Customer_1354,North,Clothing,T-Shirt,1,1279.95,0.0,0.0,Debit Card,Retail Store
ORD10439,2024-04-22,CUST1234,Customer_1234,north,Clothing,Dress,5,1578.06,0.2,23.55,Credit Card,Online
ORD10713,2024-03-03,CUST1233,Customer_1233,West,Clothing,T-Shirt,5,2306.4,0.1,0.0,Net Banking,Retail Store
ORD14672,2024-12-03,CUST1266,Customer_1266,North,Home & Kitchen,Bedsheet,3,7986.39,0.1,0.0,UPI,Retail Store
ORD12909,2024-09-01,CUST1199,Customer_1199,West ,Clothing,Jacket,4,390.8,0.1,0.0,Debit Card,Retail Store
ORD11024,2024-06-26,CUST1030,Customer_1030,SOUTH,Electronics,Tablet,1,35945.38,0.0,186.2,Cash on Delivery,Online
ORD13108,2024-01-19,CUST1161,Customer_1161,North,Beauty,Lipstick,4,2432.17,0.25,153.04,UPI,Online
ORD11082,14-Nov-2024,CUST1263,Customer_1263,South,Sports,Yoga Mat,5,3887.54,0.05,0.0,Net Banking,Retail Store
ORD13806,2024-10-08,CUST1027,Customer_1027,South,Clothing,Shoes,3,2905.02,0.0,0.0,Debit Card,Retail Store
ORD10734,2025-04-26,CUST1056,Customer_1056,East,Clothing,T-Shirt,4,1307.6,0.0,107.89,Cash on Delivery,Online
ORD11674,2025-07-22,CUST1262,Customer_1262, East,Sports,Cycling Helmet,5,4076.08,0.05,0.0,Net Banking,Retail Store
ORD14429,2025-02-15,CUST1218,Customer_1218, East,Beauty,Face Cream,3,2213.4,0.1,74.4,Debit Card,Online
ORD13735,2024-04-20,CUST1352,Customer_1352,West,Electronics,Tablet,5,36973.98,0.0,0.0,Credit Card,Retail Store
ORD12972,2024-12-14,CUST1065,Customer_1065,north,Home & Kitchen,Vacuum Cleaner,5,6660.61,0.0,0.0,Cash on Delivery,Retail Store
ORD14910,15-Oct-2025,CUST1038,Customer_1038,North,Sports,Cricket Bat,4,1732.05,0.05,91.62,Credit Card,Online
ORD12113,2024-06-16,CUST1357,Customer_1357,South,Electronics,Tablet,2,44557.61,0.0,0.0,Credit Card,Retail Store
ORD11610,2024-05-05,CUST1063,Customer_1063,West,Sports,Cricket Bat,3,2488.03,0.0,0.0,Net Banking,Retail Store
ORD11643,2025-07-17,CUST1003,Customer_1003,West ,Home & Kitchen,Cookware Set,4,3238.73,0.2,0.0,Net Banking,Retail Store
ORD11219,2024-11-12,CUST1225,Customer_1225,East,Beauty,Shampoo,3,706.0,0.05,69.94,UPI,Online
ORD11604,19/09/2025,CUST1113,Customer_1113,North,Beauty,Sunscreen,4,28029.76,0.1,0.0,Cash on Delivery,Retail Store
ORD10357,10/12/2025,CUST1240,Customer_1240,West,Sports,Yoga Mat,4,1746.86,0.0,0.0,Debit Card,Retail Store
ORD12890,03/10/2025,CUST1323,Customer_1323,West,Clothing,Dress,3,563.24,0.05,0.0,Cash on Delivery,Retail Store
ORD10530,2025-02-24,CUST1181,Customer_1181,West ,Electronics,Headphones,3,12390.23,0.0,153.89,Credit Card,Online
ORD13879,2025-10-09,CUST1054,Customer_1054,SOUTH,Beauty,Face Cream,3,2004.77,0.0,24.48,UPI,Online
ORD14912,2025-06-09,CUST1386,Customer_1386,East,Clothing,T-Shirt,4,1480.83,0.1,0.0,Net Banking,Retail Store
ORD11093,2024-05-02,CUST1166,Customer_1166,north,Sports,Yoga Mat,1,2131.46,0.05,153.85,Debit Card,Online
ORD11765,2024-11-25,CUST1186,Customer_1186,West ,Sports,Cycling Helmet,4,3984.02,0.2,0.0,UPI,Retail Store
ORD13913,2025-06-06,CUST1102,Customer_1102,north,Home & Kitchen,Vacuum Cleaner,2,1834.33,0.15,0.0,Net Banking,Retail Store
ORD10985,02/06/2024,CUST1292,Customer_1292,north,Clothing,Shoes,4,2082.91,0.0,18.02,Debit Card,Online
ORD12800,14/10/2025,CUST1253,Customer_1253,West ,Home & Kitchen,Vacuum Cleaner,1,6256.1,0.25,95.24,Net Banking,Online
ORD12213,22-Aug-2024,CUST1145,Customer_1145,North,Beauty,Perfume,5,2155.1,0.0,0.0,Credit Card,Retail Store
ORD13443,31/07/2024,CUST1204,Customer_1204,South,Clothing,Jacket,2,435.01,,0.0,Cash on Delivery,Retail Store
ORD12544,01/02/2025,CUST1185,Customer_1185,north,Electronics,Headphones,2,46459.48,0.1,19.54,Debit Card,Online
ORD13043,2024-09-23,CUST1022,Customer_1022,North,Home & Kitchen,Bedsheet,1,6825.15,0.15,192.28,UPI,Online
ORD12742,10/05/2025,CUST1344,Customer_1344, East,Electronics,Headphones,4,27663.41,0.15,78.49,Credit Card,Online
ORD14337,2025-12-12,CUST1311,Customer_1311,West ,Beauty,Perfume,3,1096.55,0.0,0.0,Net Banking,Retail Store
ORD14299,2025-10-10,CUST1165,Customer_1165,East,Beauty,Face Cream,2,880.49,0.0,64.08,UPI,Online
ORD11288,23/01/2024,CUST1104,Customer_1104,north,Home & Kitchen,Cookware Set,5,4111.83,0.15,27.8,Net Banking,Online
ORD12581,2025-06-13,CUST1019,Customer_1019,SOUTH,Home & Kitchen,Cookware Set,3,,0.25,182.63,Net Banking,Online
ORD10137,2025-03-17,CUST1078,Customer_1078, East,Beauty,Shampoo,4,995.81,0.0,17.92,Credit Card,Online
ORD10973,2024-11-29,CUST1179,Customer_1179,South,Beauty,Lipstick,3,468.82,0.0,0.0,Net Banking,Retail Store
ORD11648,27/10/2025,CUST1141,Customer_1141,South,Sports,Running Shoes,5,2724.29,0.15,81.15,UPI,Online
ORD12473,2025-03-16,CUST1211,Customer_1211,SOUTH,Home & Kitchen,Lamp,1,318695.6,0.0,0.0,UPI,Retail Store
ORD10615,29-Dec-2024,CUST1217,Customer_1217,West ,Clothing,T-Shirt,3,329.75,0.0,0.0,Cash on Delivery,Retail Store
ORD13597,19/05/2025,CUST1355,Customer_1355,SOUTH,Sports,Yoga Mat,4,3621.63,0.2,0.0,Credit Card,Retail Store
ORD13371,2025-09-23,CUST1339,Customer_1339,West ,Beauty,Shampoo,5,593.5,0.1,0.0,Net Banking,Retail Store
ORD11858,28-Sep-2024,CUST1029,Customer_1029,north,Clothing,Jeans,1,1897.57,0.0,0.0,Debit Card,Retail Store
ORD14349,01/04/2025,CUST1213,Customer_1213,South,Home & Kitchen,Cookware Set,1,4758.9,0.0,0.0,Credit Card,Retail Store
ORD14936,17/02/2025,CUST1352,Customer_1352,East,Sports,Yoga Mat,5,2451.54,0.1,0.0,Debit Card,Retail Store
ORD11711,2025-01-28,CUST1036,Customer_1036,West,Sports,Cycling Helmet,2,2626.76,0.25,37.92,Credit Card,Online
ORD14532,2024-12-22,CUST1372,Customer_1372,North,Electronics,Smartwatch,4,16385.17,0.05,0.0,UPI,Retail Store
ORD14920,2025-03-09,CUST1259,Customer_1259,West ,Clothing,T-Shirt,5,478.62,0.0,0.0,Net Banking,Retail Store
ORD14572,2025-06-04,CUST1046,Customer_1046,West ,Beauty,Sunscreen,4,1042.26,0.15,167.45,Debit Card,Online
ORD14703,2025-02-22,CUST1343,Customer_1343,West,Beauty,Face Cream,3,413.67,0.0,24.23,Credit Card,Online
ORD12294,2025-08-27,CUST1038,Customer_1038, East,Home & Kitchen,Lamp,4,,0.0,0.0,Credit Card,Retail Store
ORD11366,06/02/2024,CUST1235,Customer_1235, East,Clothing,Jeans,4,2853.77,0.0,0.0,UPI,Retail Store
ORD10414,05-Oct-2025,CUST1348,Customer_1348,North,Electronics,Smartwatch,3,57146.36,0.25,131.23,UPI,Online
ORD12740,2024-12-21,CUST1031,Customer_1031,South,Sports,Dumbbells,2,3776.23,0.1,39.86,Net Banking,Online
ORD13180,2025-06-21,CUST1307,Customer_1307,West,Beauty,Lipstick,4,186.83,,167.57,Cash on Delivery,Online
ORD12282,2024-12-05,CUST1216,Customer_1216,West,Home & Kitchen,Cookware Set,5,7623.88,0.0,151.77,UPI,Online
ORD13507,2025-10-10,CUST1191,Customer_1191,West ,Beauty,Sunscreen,3,2017.93,0.15,0.0,Net Banking,Retail Store
ORD11040,2024-10-15,CUST1342,Customer_1342,West ,Beauty,Lipstick,3,852.86,0.05,0.0,Net Banking,Retail Store
ORD14505,2025-10-03,CUST1339,Customer_1339,north,Sports,Cycling Helmet,5,1769.89,0.05,0.0,Credit Card,Retail Store
ORD14418,2025-05-15,CUST1303,Customer_1303,North,Home & Kitchen,Blender,3,2762.33,0.05,0.0,Credit Card,Retail Store
ORD10508,01-Feb-2025,CUST1174,Customer_1174,SOUTH,Sports,Dumbbells,1,2140.47,0.05,103.95,UPI,Online
ORD11881,2025-12-16,CUST1364,Customer_1364,South,Electronics,Headphones,5,10092.71,0.1,161.49,UPI,Online
ORD13500,2024-09-20,CUST1054,Customer_1054, East,Beauty,Sunscreen,4,1581.76,0.0,0.0,UPI,Retail Store
ORD11781,2025-06-09,CUST1095,Customer_1095,West,Sports,Running Shoes,5,2073.32,0.15,0.0,UPI,Retail Store
ORD14152,01/03/2025,CUST1385,Customer_1385,East,Sports,Running Shoes,2,3418.35,0.0,0.0,Credit Card,Retail Store
ORD14537,07/04/2024,CUST1093,Customer_1093,north,Beauty,Face Cream,1,2167.32,0.2,0.0,UPI,Retail Store
ORD12535,2024-01-18,CUST1197,Customer_1197,West,Home & Kitchen,Bedsheet,4,5645.29,0.25,0.0,Debit Card,Retail Store
ORD13490,2024-08-11,CUST1206,Customer_1206,West,Home & Kitchen,Cookware Set,1,3972.77,0.15,0.0,Net Banking,Retail Store
ORD10543,02/10/2025,CUST1177,Customer_1177,SOUTH,Sports,Cricket Bat,3,3824.3,0.0,0.0,Debit Card,Retail Store
ORD14637,2025-02-10,CUST1043,Customer_1043,SOUTH,Sports,Cycling Helmet,4,2334.98,,141.3,UPI,Online
ORD13588,18/06/2024,CUST1196,Customer_1196,South,Home & Kitchen,Lamp,3,2370.52,0.0,0.0,UPI,Retail Store
ORD10223,08/04/2025,CUST1336,Customer_1336,East,Sports,Cycling Helmet,3,1932.14,0.1,0.0,Cash on Delivery,Retail Store
ORD13882,2025-08-12,CUST1145,Customer_1145,SOUTH,Sports,Cycling Helmet,4,,0.0,17.28,Net Banking,Online
ORD14008,2025-09-12,CUST1108,Customer_1108,East,Clothing,Jacket,4,2085.22,0.2,7.96,Debit Card,Online
ORD11402,2024-06-12,CUST1126,Customer_1126,West ,Sports,Yoga Mat,5,,0.15,0.0,UPI,Retail Store
ORD14124,2025-12-25,CUST1276,Customer_1276,West ,Sports,Running Shoes,4,2739.02,0.25,0.0,,Retail Store
ORD12874,2024-09-28,CUST1322,Customer_1322, East,Clothing,T-Shirt,5,596.74,0.1,0.0,Debit Card,Retail Store
ORD12136,01-Apr-2025,CUST1323,Customer_1323,South,Beauty,Face Cream,4,1037.41,0.05,103.77,Debit Card,Online
ORD10180,12/08/2025,CUST1392,Customer_1392, East,Sports,Dumbbells,2,713.09,0.05,35.22,UPI,Online
ORD12784,2025-12-17,CUST1003,Customer_1003,East,Sports,Cricket Bat,2,2895.43,,0.0,Cash on Delivery,Retail Store
ORD13496,2025-02-13,CUST1003,Customer_1003,West,Electronics,Smartwatch,5,9602.76,0.0,41.68,Net Banking,Online
ORD12300,2024-06-23,CUST1227,Customer_1227,South,Beauty,Perfume,5,2172.46,0.2,36.26,UPI,Online
ORD11322,2025-07-28,CUST1370,Customer_1370,East,Home & Kitchen,Cookware Set,1,,0.15,37.29,Cash on Delivery,Online
ORD12555,2024-12-30,CUST1024,Customer_1024,North,Sports,Cricket Bat,3,1787.75,0.0,102.93,Net Banking,Online
ORD14117,2024-01-22,CUST1321,Customer_1321,West,Sports,Yoga Mat,2,3045.55,0.2,0.0,Credit Card,Retail Store
ORD10539,27-Jul-2025,CUST1050,Customer_1050,SOUTH,Electronics,Tablet,5,43933.01,0.1,182.17,Cash on Delivery,Online
ORD10289,2024-05-31,CUST1357,Customer_1357,South,Clothing,Jeans,1,2921.81,0.2,109.63,Cash on Delivery,Online
ORD10975,2024-11-30,CUST1014,Customer_1014,South,Home & Kitchen,Cookware Set,2,2105.74,0.2,110.63,UPI,Online
ORD12852,2024-06-29,CUST1162,Customer_1162,North,Electronics,Smartphone,5,11991.19,0.25,0.0,UPI,Retail Store
ORD13564,2025-04-22,CUST1056,Customer_1056,West ,Clothing,Shoes,2,1533.79,0.25,0.0,Net Banking,Retail Store
ORD14274,2025-12-01,CUST1357,Customer_1357,West,Beauty,Shampoo,1,1940.63,0.2,0.0,Net Banking,Retail Store
ORD10041,16-Sep-2025,CUST1213,Customer_1213,South,Sports,Cycling Helmet,5,5944.18,0.0,52.93,Debit Card,Online
ORD14355,05-May-2024,CUST1004,Customer_1004,SOUTH,Electronics,Laptop,2,41433.5,0.2,0.0,Cash on Delivery,Retail Store
ORD12702,2024-03-14,CUST1066,Customer_1066, East,Home & Kitchen,Vacuum Cleaner,1,6128.26,0.1,0.0,Cash on Delivery,Retail Store
ORD13074,2024-03-18,CUST1154,Customer_1154, East,Clothing,T-Shirt,5,2991.38,0.05,171.77,UPI,Online
ORD13551,2025-08-24,CUST1184,Customer_1184,north,Electronics,Tablet,3,39178.32,0.1,0.0,Credit Card,Retail Store
ORD13897,11/09/2024,CUST1132,Customer_1132, East,Clothing,Jacket,2,933.16,,0.0,Net Banking,Retail Store
ORD12903,2024-12-13,CUST1092,Customer_1092,north,Sports,Yoga Mat,4,2705.73,0.15,56.76,Debit Card,Online
ORD14104,2024-04-03,CUST1380,Customer_1380,West,Sports,Yoga Mat,5,1498.46,0.0,74.3,Credit Card,Online
ORD10876,03-Mar-2025,CUST1368,Customer_1368,West,Sports,Cycling Helmet,3,3911.44,0.25,89.85,UPI,Online
ORD11391,26/08/2025,CUST1374,Customer_1374,West,Electronics,Laptop,4,50023.33,0.25,174.97,Credit Card,Online
ORD10506,2025-11-17,CUST1087,Customer_1087,East,Electronics,Headphones,4,3209.47,0.25,0.0,Net Banking,Retail Store
ORD13632,2024-07-01,CUST1398,Customer_1398,West,Electronics,Smartphone,3,42942.76,0.2,0.0,Net Banking,Retail Store
ORD11014,2025-07-13,CUST1205,Customer_1205,North,Electronics,Smartwatch,4,55984.44,,0.0,Cash on Delivery,Retail Store
ORD10387,2025-07-24,CUST1276,Customer_1276,north,Sports,Yoga Mat,1,2878.31,0.0,0.0,Debit Card,Retail Store
ORD12497,2024-06-29,CUST1158,Customer_1158,West,Home & Kitchen,Vacuum Cleaner,5,5798.61,0.2,0.0,Net Banking,Retail Store
ORD10307,2025-09-07,CUST1006,Customer_1006,West,Beauty,Lipstick,4,1533.83,0.0,0.0,Net Banking,Retail Store
ORD11336,05-Sep-2024,CUST1099,Customer_1099,West ,Home & Kitchen,Bedsheet,4,4602.04,0.0,108.41,Cash on Delivery,Online
ORD11863,2025-07-08,CUST1173,Customer_1173,SOUTH,Beauty,Shampoo,-5,2160.58,0.0,76.95,Net Banking,Online
ORD14417,2024-10-22,CUST1082,Customer_1082,SOUTH,Clothing,Jeans,4,2292.09,0.05,0.0,Cash on Delivery,Retail Store
ORD14654,2025-10-01,CUST1297,Customer_1297,north,Beauty,Face Cream,2,2088.0,0.1,87.15,UPI,Online
ORD11255,2025-04-08,CUST1293,Customer_1293,SOUTH,Electronics,Smartwatch,2,4293.84,0.2,0.0,Debit Card,Retail Store
ORD13622,2025-01-21,CUST1325,Customer_1325,West ,Sports,Cycling Helmet,4,1969.78,0.25,43.95,UPI,Online
ORD10340,2024-07-01,CUST1393,Customer_1393,West ,Beauty,Perfume,3,931.74,0.1,0.0,Debit Card,Retail Store
ORD11801,2024-04-26,CUST1244,Customer_1244,north,Sports,Cricket Bat,1,445.7,0.0,0.0,Debit Card,Retail Store
ORD14715,2024-11-23,CUST1273,Customer_1273,West,Electronics,Smartwatch,4,32098.49,0.05,0.0,Debit Card,Retail Store
ORD13491,08/11/2024,CUST1387,Customer_1387,East,Sports,Dumbbells,4,3045.47,0.0,96.54,UPI,Online
ORD14476,2025-04-12,CUST1361,Customer_1361,West ,Clothing,Shoes,1,2299.14,0.15,151.72,Debit Card,Online
ORD12966,2025-04-12,CUST1054,Customer_1054,North,Sports,Cycling Helmet,4,5748.55,0.15,193.04,Credit Card,Online
ORD14041,2024-02-08,CUST1386,Customer_1386,north,Beauty,Sunscreen,4,1973.1,0.1,114.33,Debit Card,Online
ORD10747,2024-09-05,CUST1029,Customer_1029,West,Electronics,Laptop,3,38955.53,0.25,0.0,Net Banking,Retail Store
ORD12772,2025-02-25,CUST1346,Customer_1346,SOUTH,Sports,Cycling Helmet,5,5968.29,0.1,0.0,UPI,Retail Store
ORD13678,2024-07-03,CUST1065,Customer_1065, East,Clothing,Dress,1,720.8,0.2,95.52,Net Banking,Online
ORD12053,2024-10-13,CUST1100,Customer_1100,West,Electronics,Tablet,5,47970.39,0.0,88.74,Credit Card,Online
ORD11503,10/09/2025,CUST1253,Customer_1253,South,Clothing,Dress,2,1241.12,0.0,64.84,Net Banking,Online
ORD14235,2025-09-02,CUST1305,Customer_1305,West,Home & Kitchen,Blender,4,2471.34,0.2,159.99,Debit Card,Online
ORD12804,2025-03-05,CUST1149,Customer_1149, East,Sports,Running Shoes,1,4244.79,0.25,87.82,Cash on Delivery,Online
ORD11780,2024-05-13,CUST1333,Customer_1333,West,Beauty,Face Cream,5,2204.69,0.0,98.31,Net Banking,Online
ORD12576,2025-03-24,CUST1294,Customer_1294,East,Home & Kitchen,Lamp,4,54047.53,0.1,151.46,Credit Card,Online
ORD10765,2024-04-29,CUST1085,Customer_1085,South,Electronics,Smartwatch,2,59844.5,0.25,73.14,UPI,Online
ORD10925,2024-04-21,CUST1348,Customer_1348,West,Clothing,Shoes,3,2691.89,0.1,0.0,Debit Card,Retail Store
ORD10856,05/04/2025,CUST1152,Customer_1152,East,Electronics,Tablet,4,19021.8,,0.0,UPI,Retail Store
ORD14965,2024-12-13,CUST1169,Customer_1169, East,Clothing,Jacket,4,2317.35,0.2,63.66,Cash on Delivery,Online
ORD11270,21/06/2024,CUST1200,Customer_1200,north,Clothing,Dress,2,323.28,0.2,110.49,Cash on Delivery,Online
ORD14399,2025-08-23,CUST1238,Customer_1238,East,Clothing,Jeans,3,2658.7,0.0,0.0,Debit Card,Retail Store
ORD13241,2024-02-14,CUST1242,Customer_1242,SOUTH,Beauty,Lipstick,5,2108.22,0.0,0.0,Cash on Delivery,Retail Store
ORD11114,2025-09-14,CUST1385,Customer_1385,north,Home & Kitchen,Vacuum Cleaner,2,7225.16,0.05,0.0,UPI,Retail Store
ORD14814,2024-06-13,CUST1213,Customer_1213,South,Electronics,Smartwatch,4,38307.73,0.0,0.0,UPI,Retail Store
ORD12351,06-Jan-2025,CUST1379,Customer_1379,,Beauty,Lipstick,1,490.3,0.05,41.9,UPI,Online
ORD10751,2025-10-16,CUST1399,Customer_1399,West ,Clothing,Shoes,1,2297.62,0.0,0.0,Debit Card,Retail Store
ORD14254,2024-01-22,CUST1340,Customer_1340,South,Electronics,Smartwatch,1,43644.03,0.0,0.0,UPI,Retail Store
ORD13396,2025-12-31,CUST1348,Customer_1348,SOUTH,Sports,Dumbbells,5,2198.15,0.1,0.0,,Retail Store
ORD10151,2025-07-16,CUST1085,Customer_1085,South,Electronics,Tablet,1,14400.98,0.25,0.0,UPI,Retail Store
ORD11032,2024-09-03,CUST1352,Customer_1352,South,Electronics,Smartwatch,5,27844.68,0.15,0.0,Debit Card,Retail Store
ORD13264,2025-08-16,CUST1188,Customer_1188, East,Electronics,Laptop,5,44045.17,0.05,19.59,Cash on Delivery,Online
ORD10346,2025-10-31,CUST1060,Customer_1060,North,Clothing,Dress,4,1748.72,0.25,2.87,Debit Card,Online
ORD14733,2024-09-15,CUST1331,Customer_1331,North,Sports,Yoga Mat,1,423.83,0.25,50.83,Debit Card,Online
ORD11670,2024-11-17,CUST1010,Customer_1010,,Home & Kitchen,Cookware Set,3,1012.86,0.25,0.0,Cash on Delivery,Retail Store
ORD10706,2024-06-22,CUST1371,Customer_1371,SOUTH,Electronics,Laptop,4,31426.24,0.0,159.11,Debit Card,Online
ORD14741,2025-04-08,CUST1269,Customer_1269,SOUTH,Home & Kitchen,Blender,4,1438.74,0.25,0.0,Credit Card,Retail Store
ORD14576,2024-01-26,CUST1028,Customer_1028,West,Sports,Running Shoes,3,3662.66,,0.0,UPI,Retail Store
ORD13716,2025-10-14,CUST1286,Customer_1286,West,Clothing,Shoes,4,2447.57,0.2,0.0,UPI,Retail Store
ORD11400,2024-10-10,CUST1219,Customer_1219,SOUTH,Clothing,Jacket,2,1875.03,0.05,0.0,Debit Card,Retail Store
ORD11017,2024-04-26,CUST1314,Customer_1314,South,Clothing,Dress,2,1589.94,0.15,45.41,Cash on Delivery,Online
ORD13027,2024-09-15,CUST1271,Customer_1271,South,Sports,Yoga Mat,3,1918.16,0.15,173.54,Credit Card,Online
ORD11649,09-Jul-2025,CUST1348,Customer_1348,West,Sports,Running Shoes,3,3393.5,0.1,114.57,Debit Card,Online
ORD12240,15-Nov-2024,CUST1001,Customer_1001,North,Electronics,Headphones,3,27506.92,0.2,0.0,Cash on Delivery,Retail Store
ORD14233,2025-11-07,CUST1157,Customer_1157,East,Home & Kitchen,Vacuum Cleaner,3,7479.61,0.05,91.96,Cash on Delivery,Online
ORD11502,06/07/2024,CUST1180,Customer_1180,SOUTH,Sports,Yoga Mat,3,1234.33,0.2,104.71,Credit Card,Online
ORD10087,31/12/2024,CUST1034,Customer_1034,SOUTH,Sports,Cycling Helmet,5,2566.54,0.0,154.3,Debit Card,Online
ORD10521,2025-06-28,CUST1288,Customer_1288, East,Sports,Cycling Helmet,2,3780.2,0.0,0.0,Credit Card,Retail Store
ORD14617,2024-08-27,CUST1275,Customer_1275,SOUTH,Home & Kitchen,Lamp,5,6015.63,0.2,132.5,UPI,Online
ORD11556,2025-09-07,CUST1100,Customer_1100,West,Home & Kitchen,Bedsheet,3,6273.35,0.2,0.0,Credit Card,Retail Store
ORD14179,2025-05-14,CUST1389,Customer_1389,East,Electronics,Headphones,3,50377.71,0.0,0.0,Debit Card,Retail Store
ORD13076,29-Dec-2024,CUST1351,Customer_1351,West ,Clothing,Jacket,5,2524.45,0.2,199.7,UPI,Online
ORD13479,2025-06-30,CUST1154,Customer_1154,North,Home & Kitchen,Vacuum Cleaner,5,6173.58,0.2,49.36,Cash on Delivery,Online
ORD14724,2025-08-09,CUST1374,Customer_1374,,Clothing,Shoes,3,1139.31,0.1,0.0,Credit Card,Retail Store
ORD11201,30/04/2025,CUST1092,Customer_1092, East,Clothing,Dress,3,2277.93,0.25,41.65,Net Banking,Online
ORD12135,2024-06-21,CUST1378,Customer_1378,North,Clothing,T-Shirt,1,977.68,0.2,0.0,Credit Card,Retail Store
ORD14013,2025-05-16,CUST1018,Customer_1018,north,Sports,Dumbbells,3,2149.62,0.25,0.0,UPI,Retail Store
ORD12463,2024-03-02,CUST1139,Customer_1139,West,Sports,Dumbbells,2,5529.52,0.2,84.47,Credit Card,Online
ORD14735,2024-07-16,CUST1260,Customer_1260,East,Home & Kitchen,Lamp,1,4327.56,0.1,102.28,Credit Card,Online
ORD14553,21/01/2024,CUST1192,Customer_1192,North,Sports,Cycling Helmet,4,2484.03,0.05,0.0,Debit Card,Retail Store
ORD14988,2025-05-22,CUST1056,Customer_1056,north,Sports,Yoga Mat,1,1196.64,0.15,0.0,Debit Card,Retail Store
ORD13152,2024-05-26,CUST1296,Customer_1296,SOUTH,Sports,Yoga Mat,1,5972.17,0.2,14.63,Credit Card,Online
ORD11142,2025-11-05,CUST1266,Customer_1266,East,Home & Kitchen,Lamp,4,6313.03,0.1,35.81,Cash on Delivery,Online
ORD14539,10/09/2024,CUST1388,Customer_1388,SOUTH,Sports,Cycling Helmet,1,4453.81,0.0,0.0,Debit Card,Retail Store
ORD10010,2025-06-10,CUST1173,Customer_1173,West ,Electronics,Tablet,5,14382.72,0.0,144.67,Debit Card,Online
ORD14940,2025-03-18,CUST1122,Customer_1122,West,Sports,Yoga Mat,1,4858.88,0.0,0.0,UPI,Retail Store
ORD13645,2025-07-23,CUST1082,Customer_1082,West,Sports,Yoga Mat,1,4865.15,0.0,0.0,Credit Card,Retail Store
ORD14989,2025-05-09,CUST1137,Customer_1137,East,Electronics,Laptop,5,11931.82,0.1,0.0,Cash on Delivery,Retail Store
ORD13286,2025-11-04,CUST1014,Customer_1014,West ,Electronics,Laptop,5,55225.64,0.0,43.68,Debit Card,Online
ORD14871,2024-05-03,CUST1165,Customer_1165,North,Home & Kitchen,Bedsheet,3,7361.56,0.0,0.0,Cash on Delivery,Retail Store
ORD12296,2024-11-03,CUST1114,Customer_1114,East,Clothing,Jacket,2,1953.66,0.2,0.0,Cash on Delivery,Retail Store
ORD13473,2025-07-07,CUST1320,Customer_1320,SOUTH,Clothing,Jacket,4,2551.93,0.1,77.4,Net Banking,Online
ORD11845,26/09/2024,CUST1015,Customer_1015,East,Home & Kitchen,Cookware Set,2,7931.08,0.05,127.13,Net Banking,Online
ORD12099,2025-09-09,CUST1344,Customer_1344,,Home & Kitchen,Bedsheet,4,6539.46,0.05,131.85,Net Banking,Online
ORD10569,16/11/2025,CUST1388,Customer_1388,East,Beauty,Perfume,3,851.09,0.05,178.99,Credit Card,Online
ORD13017,10-Jul-2025,CUST1381,Customer_1381, East,Sports,Cycling Helmet,4,5783.45,0.05,0.0,UPI,Retail Store
ORD14283,2025-12-10,CUST1094,Customer_1094,East,Clothing,Jeans,4,566.87,0.25,24.02,Debit Card,Online
ORD12276,29-Aug-2025,CUST1090,Customer_1090, East,Sports,Cricket Bat,2,2680.89,0.25,0.0,Cash on Delivery,Retail Store
ORD11408,2024-01-12,CUST1359,Customer_1359,north,Home & Kitchen,Vacuum Cleaner,4,3950.07,0.1,198.7,Net Banking,Online
ORD13889,2025-07-30,CUST1382,Customer_1382,North,Electronics,Headphones,1,45787.56,0.1,139.93,UPI,Online
ORD14695,01-May-2024,CUST1335,Customer_1335,West ,Sports,Cricket Bat,3,1755.63,0.2,59.61,Net Banking,Online
ORD13290,2025-09-12,CUST1347,Customer_1347,East,Beauty,Lipstick,1,431.53,0.25,175.86,UPI,Online
ORD14229,2024-02-23,CUST1103,Customer_1103,north,Beauty,Shampoo,3,426.34,0.25,0.0,UPI,Retail Store
ORD13308,25-Mar-2024,CUST1368,Customer_1368, East,Sports,Dumbbells,1,1390.01,0.0,0.0,Debit Card,Retail Store
ORD11332,2024-07-20,CUST1071,Customer_1071,South,Home & Kitchen,Bedsheet,4,5302.6,0.0,0.0,UPI,Retail Store
ORD11647,2025-01-04,CUST1249,Customer_1249,north,Home & Kitchen,Vacuum Cleaner,1,5979.67,0.25,0.0,Credit Card,Retail Store
ORD12443,27/10/2025,CUST1141,Customer_1141,West ,Home & Kitchen,Blender,5,2511.74,0.05,127.2,Credit Card,Online
ORD12768,2025-08-14,CUST1252,Customer_1252,West ,Home & Kitchen,Cookware Set,2,7893.14,0.0,119.26,,Online
ORD10688,24-Sep-2024,CUST1096,Customer_1096, East,Electronics,Smartphone,3,,0.0,79.64,Debit Card,Online
ORD10822,2025-06-16,CUST1276,Customer_1276,North,Clothing,Dress,2,2526.65,0.0,147.94,UPI,Online
ORD12390,2024-08-27,CUST1225,Customer_1225,SOUTH,Sports,Yoga Mat,2,3879.83,0.0,113.67,Credit Card,Online
ORD13384,2024-08-21,CUST1018,Customer_1018,SOUTH,Electronics,Smartphone,5,16683.97,0.2,1.58,Credit Card,Online
ORD12938,2024-05-11,CUST1089,Customer_1089,north,Sports,Running Shoes,2,5780.84,0.1,0.0,Net Banking,Retail Store
ORD11677,2024-04-15,CUST1144,Customer_1144,SOUTH,Electronics,Smartwatch,5,43879.16,0.15,82.33,UPI,Online
ORD11149,26-Dec-2025,CUST1078,Customer_1078,North,Electronics,Tablet,5,14592.64,0.15,0.0,Cash on Delivery,Retail Store
ORD14771,2025-11-17,CUST1301,Customer_1301,,Beauty,Shampoo,5,1561.65,0.15,6.39,Debit Card,Online
ORD14864,2024-07-30,CUST1209,Customer_1209,North,Home & Kitchen,Vacuum Cleaner,2,2175.0,0.25,124.83,Credit Card,Online
ORD13634,2025-12-11,CUST1112,Customer_1112, East,Sports,Dumbbells,4,4237.33,0.05,0.0,Net Banking,Retail Store
ORD13039,12/03/2025,CUST1298,Customer_1298,North,Home & Kitchen,Vacuum Cleaner,5,3377.45,0.2,0.0,Net Banking,Retail Store
ORD12114,2025-02-14,CUST1239,Customer_1239,South,Sports,Cricket Bat,3,4205.95,0.0,0.0,Credit Card,Retail Store
ORD13530,2025-09-07,CUST1030,Customer_1030,north,Clothing,Shoes,3,804.36,0.0,179.34,Cash on Delivery,Online
ORD12916,08-Jul-2024,CUST1384,Customer_1384,South,Sports,Cycling Helmet,4,5136.88,0.15,0.0,UPI,Retail Store
ORD13765,2024-10-01,CUST1006,Customer_1006, East,Sports,Cycling Helmet,4,5626.12,0.1,0.0,,Retail Store
ORD13599,2025-07-01,CUST1009,Customer_1009,,Beauty,Sunscreen,5,339.13,0.25,111.9,Net Banking,Online
ORD10733,27-Jun-2024,CUST1079,Customer_1079,East,Clothing,Shoes,1,2639.13,0.0,0.0,Debit Card,Retail Store
ORD13786,2024-03-05,CUST1246,Customer_1246,West ,Beauty,Sunscreen,4,2343.5,0.25,0.0,Net Banking,Retail Store
ORD10917,2025-02-21,CUST1391,Customer_1391,North,Clothing,Dress,1,2117.1,0.1,0.0,Debit Card,Retail Store
ORD13120,05-Mar-2024,CUST1256,Customer_1256,North,Sports,Yoga Mat,2,5456.19,0.0,0.0,Net Banking,Retail Store
ORD13646,2024-04-30,CUST1056,Customer_1056,North,Beauty,Shampoo,3,1765.86,0.25,0.0,UPI,Retail Store
ORD12612,2025-08-29,CUST1343,Customer_1343,West ,Home & Kitchen,Vacuum Cleaner,4,5126.17,0.15,0.0,Debit Card,Retail Store
ORD10559,2024-07-11,CUST1053,Customer_1053,North,Electronics,Laptop,5,21125.09,0.1,0.0,Debit Card,Retail Store
ORD13804,2024-01-20,CUST1029,Customer_1029,West ,Sports,Running Shoes,1,1390.23,0.0,0.0,Credit Card,Retail Store
ORD10707,04/12/2024,CUST1107,Customer_1107,north,Home & Kitchen,Blender,3,4186.83,0.25,0.0,Net Banking,Retail Store
ORD11561,2024-09-02,CUST1350,Customer_1350,West ,Home & Kitchen,Cookware Set,3,3156.06,0.0,0.0,Cash on Delivery,Retail Store
ORD10583,2024-08-13,CUST1062,Customer_1062,East,Clothing,Dress,1,2354.59,0.0,0.0,UPI,Retail Store
ORD11208,2024-09-02,CUST1168,Customer_1168,North,Electronics,Smartphone,-2,2706.34,0.25,24.26,Credit Card,Online
ORD12470,2025-09-22,CUST1396,Customer_1396,West,Home & Kitchen,Blender,2,2250.38,0.05,0.0,Net Banking,Retail Store
ORD10422,22/03/2025,CUST1044,Customer_1044,West,Clothing,Jeans,1,2179.29,0.05,0.0,Credit Card,Retail Store
ORD12873,2024-04-14,CUST1153,Customer_1153,West ,Beauty,Lipstick,1,2074.42,0.1,171.78,UPI,Online
ORD10875,2025-06-27,CUST1172,Customer_1172,West,Electronics,Headphones,4,58202.53,0.1,90.99,Cash on Delivery,Online
ORD14578,15/03/2025,CUST1095,Customer_1095,West,Electronics,Tablet,5,42367.4,0.1,0.0,UPI,Retail Store
ORD12849,2025-11-16,CUST1236,Customer_1236,West ,Beauty,Shampoo,3,227.54,0.0,73.64,,Online
ORD13993,2024-02-06,CUST1304,Customer_1304,north,Home & Kitchen,Blender,2,3167.92,0.25,73.43,Debit Card,Online
ORD13249,2024-08-06,CUST1297,Customer_1297,north,Electronics,Headphones,4,31293.06,0.0,0.0,UPI,Retail Store
ORD11566,2025-06-07,CUST1162,Customer_1162,North,Sports,Dumbbells,4,2912.59,0.2,0.0,UPI,Retail Store
ORD13683,14/05/2024,CUST1020,Customer_1020,South,Beauty,Lipstick,1,1408.09,0.0,100.16,Cash on Delivery,Online
ORD10227,2024-07-26,CUST1121,Customer_1121,,Sports,Cricket Bat,1,3491.9,0.1,0.0,Debit Card,Retail Store
ORD10826,2025-03-08,CUST1325,Customer_1325,SOUTH,Sports,Cycling Helmet,1,3052.15,0.0,75.99,Cash on Delivery,Online
ORD13112,2025-03-19,CUST1215,Customer_1215,North,Home & Kitchen,Bedsheet,3,5460.43,0.15,0.0,Debit Card,Retail Store
ORD12667,2024-12-18,CUST1328,Customer_1328,West,Beauty,Perfume,1,1743.2,0.25,186.15,Cash on Delivery,Online
ORD12321,2025-10-06,CUST1376,Customer_1376, East,Home & Kitchen,Bedsheet,2,1391.62,0.15,129.58,Credit Card,Online
ORD14387,15/07/2025,CUST1387,Customer_1387,West ,Clothing,T-Shirt,2,2883.8,0.0,90.79,UPI,Online
ORD11636,2025-06-03,CUST1230,Customer_1230,North,Home & Kitchen,Vacuum Cleaner,3,6426.87,0.1,121.77,Debit Card,Online
ORD13480,2024-01-11,CUST1246,Customer_1246,West ,Beauty,Sunscreen,4,374.04,0.2,61.53,Debit Card,Online
ORD13317,2025-07-10,CUST1225,Customer_1225, East,Clothing,Jeans,5,1704.44,0.05,0.0,Debit Card,Retail Store
ORD12533,06-Aug-2025,CUST1114,Customer_1114,SOUTH,Electronics,Tablet,1,31001.69,0.25,0.0,Cash on Delivery,Retail Store
ORD11190,2025-08-27,CUST1283,Customer_1283,South,Sports,Yoga Mat,1,596.64,0.05,0.0,Net Banking,Retail Store
ORD14932,2024-10-25,CUST1184,Customer_1184,South,Clothing,Shoes,1,1358.35,0.0,0.0,,Retail Store
ORD14023,01/05/2024,CUST1255,Customer_1255,SOUTH,Clothing,Dress,1,2786.56,0.1,10.48,Credit Card,Online
ORD11569,2024-09-16,CUST1028,Customer_1028,SOUTH,Home & Kitchen,Blender,2,2812.45,0.0,0.0,Debit Card,Retail Store
ORD13312,2025-06-27,CUST1250,Customer_1250,South,Clothing,Dress,3,,0.1,0.0,Net Banking,Retail Store
ORD12134,2024-02-19,CUST1161,Customer_1161,West ,Electronics,Laptop,3,39578.48,0.05,52.02,Net Banking,Online
ORD13573,2024-04-30,CUST1095,Customer_1095,North,Clothing,Jeans,1,2417.06,0.0,0.0,Debit Card,Retail Store
ORD11808,19/11/2024,CUST1193,Customer_1193,West ,Clothing,T-Shirt,4,1643.15,0.0,151.94,Credit Card,Online
ORD10825,2025-02-01,CUST1061,Customer_1061,north,Clothing,Jeans,1,621.17,0.15,0.0,Cash on Delivery,Retail Store
ORD13265,17/09/2024,CUST1204,Customer_1204,South,Home & Kitchen,Cookware Set,5,739.92,0.0,130.52,Cash on Delivery,Online
ORD10499,2025-12-21,CUST1003,Customer_1003,West ,Clothing,Shoes,1,1428.17,0.0,90.13,Debit Card,Online
ORD14397,2024-01-10,CUST1204,Customer_1204,East,Sports,Cricket Bat,2,3146.08,0.05,0.0,Credit Card,Retail Store
ORD13534,31/05/2025,CUST1091,Customer_1091,North,Sports,Running Shoes,4,1701.49,0.2,0.0,Credit Card,Retail Store
ORD10816,03-May-2024,CUST1330,Customer_1330,North,Clothing,Shoes,3,,0.05,2.87,Cash on Delivery,Online
ORD11316,2025-06-05,CUST1355,Customer_1355,SOUTH,Clothing,Jeans,5,1249.52,0.15,145.78,Net Banking,Online
ORD13053,2025-09-02,CUST1039,Customer_1039,East,Electronics,Smartphone,1,53574.05,0.2,111.1,Debit Card,Online
ORD10509,2024-05-30,CUST1308,Customer_1308,East,Sports,Dumbbells,1,5088.41,0.25,0.0,Credit Card,Retail Store
ORD10146,2025-04-18,CUST1363,Customer_1363, East,Electronics,Headphones,3,41112.65,0.2,128.1,Debit Card,Online
ORD14270,2024-11-10,CUST1270,Customer_1270,North,Sports,Cycling Helmet,1,3150.31,0.0,0.0,Cash on Delivery,Retail Store
ORD14772,20/04/2024,CUST1055,Customer_1055,north,Home & Kitchen,Blender,1,7439.92,0.0,59.85,UPI,Online
ORD14046,2025-04-26,CUST1204,Customer_1204,North,Clothing,T-Shirt,4,708.64,0.2,86.35,Cash on Delivery,Online
ORD11536,2024-08-27,CUST1207,Customer_1207, East,Electronics,Headphones,5,34929.73,0.15,120.62,Debit Card,Online
ORD14893,2024-01-28,CUST1323,Customer_1323,East,Sports,Cricket Bat,3,3304.76,0.0,0.0,Net Banking,Retail Store
ORD11196,04/06/2024,CUST1156,Customer_1156,North,Beauty,Sunscreen,4,1433.47,0.0,0.0,Net Banking,Retail Store
ORD13560,2024-02-28,CUST1194,Customer_1194, East,Electronics,Tablet,2,7242.04,0.1,0.0,UPI,Retail Store
ORD10470,2025-01-26,CUST1265,Customer_1265,West ,Home & Kitchen,Cookware Set,5,3883.63,0.1,0.0,Debit Card,Retail Store
ORD10205,2025-06-26,CUST1299,Customer_1299,North,Home & Kitchen,Lamp,1,7582.26,0.2,198.47,Debit Card,Online
ORD14084,2025-11-17,CUST1146,Customer_1146, East,Electronics,Headphones,4,8865.25,0.0,161.07,UPI,Online
ORD11789,2024-10-27,CUST1172,Customer_1172, East,Home & Kitchen,Lamp,5,7858.28,0.0,71.94,Cash on Delivery,Online
ORD13331,04-Feb-2025,CUST1204,Customer_1204,East,Beauty,Face Cream,4,753.55,0.0,0.0,Cash on Delivery,Retail Store
ORD14836,19/04/2024,CUST1053,Customer_1053, East,Sports,Cricket Bat,-2,5356.96,0.15,144.36,Credit Card,Online
ORD10204,06/03/2025,CUST1241,Customer_1241,SOUTH,Clothing,Jacket,5,2135.22,0.1,0.0,UPI,Retail Store
ORD12005,2024-08-31,CUST1337,Customer_1337,North,Sports,Cycling Helmet,5,4344.36,0.0,0.0,UPI,Retail Store
ORD14737,2024-07-01,CUST1027,Customer_1027,north,Home & Kitchen,Blender,2,2976.76,,0.0,UPI,Retail Store
ORD12444,28/01/2024,CUST1147,Customer_1147,north,Electronics,Headphones,1,27065.53,0.05,45.03,Cash on Delivery,Online
ORD12352,2024-11-30,CUST1056,Customer_1056, East,Home & Kitchen,Lamp,5,2842.87,0.05,161.89,Debit Card,Online
ORD11754,14-Jul-2025,CUST1227,Customer_1227,North,Home & Kitchen,Cookware Set,4,2931.13,0.0,30.15,Cash on Delivery,Online
ORD11215,2024-04-19,CUST1159,Customer_1159, East,Clothing,Jeans,3,1095.58,0.15,157.26,Credit Card,Online
ORD13187,2025-09-16,CUST1051,Customer_1051,East,Home & Kitchen,Lamp,4,53733.7,,0.0,Credit Card,Retail Store
ORD14518,2025-08-29,CUST1022,Customer_1022,East,Electronics,Smartwatch,3,36134.36,0.0,0.0,Cash on Delivery,Retail Store
ORD14134,2025-03-20,CUST1036,Customer_1036, East,Beauty,Face Cream,2,1404.62,0.0,0.0,Cash on Delivery,Retail Store
ORD11451,2025-11-19,CUST1208,Customer_1208, East,Clothing,Jacket,1,2920.88,0.0,0.0,Debit Card,Retail Store
ORD12215,14/02/2024,CUST1077,Customer_1077,,Clothing,Dress,3,2011.41,0.2,0.0,Debit Card,Retail Store
ORD12636,2024-03-31,CUST1235,Customer_1235, East,Beauty,Lipstick,5,2056.42,0.15,145.03,Credit Card,Online
ORD11903,2024-03-30,CUST1269,Customer_1269, East,Electronics,Laptop,3,13130.36,0.0,0.0,Credit Card,Retail Store
ORD10979,13/09/2025,CUST1345,Customer_1345,West ,Electronics,Smartphone,3,47749.27,0.25,0.0,Net Banking,Retail Store
ORD10549,2025-05-18,CUST1012,Customer_1012,South,Clothing,Shoes,4,909.89,0.0,191.29,Debit Card,Online
ORD14877,2024-04-21,CUST1337,Customer_1337, East,Clothing,Dress,5,2129.65,,0.0,Cash on Delivery,Retail Store
ORD14551,04/06/2024,CUST1357,Customer_1357,West,Sports,Yoga Mat,1,880.12,,139.82,Cash on Delivery,Online
ORD12266,2025-06-11,CUST1258,Customer_1258,South,Clothing,Dress,2,1698.81,0.25,3.04,Net Banking,Online
ORD13262,2025-12-15,CUST1324,Customer_1324,North,Home & Kitchen,Lamp,3,4362.65,0.15,0.0,UPI,Retail Store
ORD11425,2024-11-17,CUST1019,Customer_1019,West ,Sports,Cricket Bat,4,5641.67,0.0,153.23,Debit Card,Online
ORD13465,2024-08-19,CUST1112,Customer_1112,West ,Clothing,Jacket,1,1200.1,0.1,50.54,Net Banking,Online
ORD10576,2024-02-03,CUST1114,Customer_1114,East,Sports,Cricket Bat,3,1752.7,0.2,0.0,,Retail Store
ORD11452,2024-05-21,CUST1213,Customer_1213,South,Beauty,Shampoo,5,1523.12,0.1,0.0,UPI,Retail Store
ORD13351,2025-11-11,CUST1089,Customer_1089,,Clothing,Dress,1,1515.21,0.05,24.04,Cash on Delivery,Online
ORD10445,2024-04-11,CUST1093,Customer_1093, East,Home & Kitchen,Blender,2,5108.57,0.2,0.0,UPI,Retail Store
ORD13990,2025-04-30,CUST1173,Customer_1173,SOUTH,Beauty,Shampoo,5,1752.37,0.0,85.81,UPI,Online
ORD12894,08-Jul-2025,CUST1078,Customer_1078,SOUTH,Sports,Dumbbells,1,987.29,0.2,163.97,Credit Card,Online
ORD10627,16/01/2024,CUST1180,Customer_1180,West,Clothing,Jacket,4,548.38,0.0,11.33,Credit Card,Online
ORD10347,05/03/2024,CUST1323,Customer_1323, East,Electronics,Laptop,1,11485.33,0.05,0.0,UPI,Retail Store
ORD10341,08/08/2025,CUST1091,Customer_1091,West ,Beauty,Face Cream,2,1187.72,0.0,0.0,,Retail Store
ORD14359,08/10/2024,CUST1315,Customer_1315,north,Electronics,Tablet,4,11350.47,0.0,62.42,Credit Card,Online
ORD14924,30-Dec-2024,CUST1355,Customer_1355,north,Beauty,Lipstick,4,2150.5,0.25,0.0,UPI,Retail Store
ORD10777,2024-01-04,CUST1209,Customer_1209, East,Sports,Cycling Helmet,1,981.24,0.2,171.4,Net Banking,Online
ORD12942,2025-10-13,CUST1039,Customer_1039,East,Home & Kitchen,Lamp,4,1168.59,0.0,70.73,Debit Card,Online
ORD14922,2025-06-08,CUST1320,Customer_1320,SOUTH,Sports,Cycling Helmet,1,5016.34,0.0,95.85,Debit Card,Online
ORD10303,2024-06-19,CUST1376,Customer_1376,North,Electronics,Tablet,4,38392.94,0.25,92.72,Net Banking,Online
ORD10926,2024-03-16,CUST1271,Customer_1271,,Beauty,Perfume,1,1848.94,0.0,0.0,UPI,Retail Store
ORD13191,2025-02-27,CUST1170,Customer_1170, East,Electronics,Headphones,4,16821.73,0.0,0.0,UPI,Retail Store
ORD10675,2025-12-27,CUST1061,Customer_1061,SOUTH,Electronics,Smartwatch,1,51686.58,0.15,188.11,Net Banking,Online
ORD14261,14/05/2024,CUST1365,Customer_1365,West ,Electronics,Tablet,1,23737.33,0.15,0.0,Net Banking,Retail Store
ORD12308,2024-08-30,CUST1209,Customer_1209,West,Clothing,Shoes,1,932.59,0.15,0.0,UPI,Retail Store
ORD10584,2024-06-26,CUST1246,Customer_1246,north,Clothing,T-Shirt,3,1561.02,0.1,116.73,Cash on Delivery,Online
ORD12012,2025-07-11,CUST1213,Customer_1213,North,Home & Kitchen,Bedsheet,3,1467.42,0.0,0.0,Debit Card,Retail Store
ORD13258,25-Jan-2024,CUST1286,Customer_1286,East,Electronics,Smartphone,1,4639.57,0.05,142.45,Debit Card,Online
ORD14692,2024-03-09,CUST1295,Customer_1295, East,Sports,Running Shoes,5,97834.62,0.0,157.76,Cash on Delivery,Online
ORD13205,2025-03-14,CUST1333,Customer_1333,SOUTH,Sports,Running Shoes,4,4565.78,0.0,141.18,Credit Card,Online
ORD10241,2025-04-01,CUST1256,Customer_1256,East,Sports,Yoga Mat,4,4231.31,0.0,0.0,Cash on Delivery,Retail Store
ORD11862,2024-08-16,CUST1154,Customer_1154,SOUTH,Electronics,Laptop,5,14069.15,0.0,33.47,Credit Card,Online
ORD11479,2024-01-14,CUST1333,Customer_1333,North,Clothing,T-Shirt,2,1436.18,0.05,117.87,Credit Card,Online
ORD12014,28/10/2024,CUST1096,Customer_1096,North,Home & Kitchen,Lamp,3,1283.55,0.0,125.8,Credit Card,Online
ORD13157,10/02/2025,CUST1140,Customer_1140,north,Electronics,Smartwatch,5,47008.68,0.25,55.61,Cash on Delivery,Online
ORD13931,2024-02-20,CUST1297,Customer_1297,North,Home & Kitchen,Lamp,5,6666.52,0.0,11.98,Net Banking,Online
ORD12754,2024-03-18,CUST1250,Customer_1250,South,Clothing,Shoes,4,1724.36,0.05,0.0,Cash on Delivery,Retail Store
ORD10170,19/07/2024,CUST1167,Customer_1167,West,Electronics,Tablet,-4,13239.26,0.25,186.48,Debit Card,Online
ORD12501,16/07/2024,CUST1334,Customer_1334,West ,Home & Kitchen,Vacuum Cleaner,4,6831.18,0.25,0.0,Cash on Delivery,Retail Store
ORD10896,03-May-2025,CUST1090,Customer_1090,north,Beauty,Face Cream,4,1663.99,0.1,0.0,Debit Card,Retail Store
ORD12807,2024-05-27,CUST1036,Customer_1036,East,Electronics,Headphones,1,41128.41,0.2,0.0,Credit Card,Retail Store
ORD11376,2024-08-25,CUST1321,Customer_1321,north,Beauty,Sunscreen,5,1208.29,0.0,0.0,,Retail Store
ORD13455,25-Oct-2025,CUST1058,Customer_1058, East,Electronics,Headphones,1,34790.92,,43.44,UPI,Online
ORD12977,15-Oct-2024,CUST1350,Customer_1350,SOUTH,Electronics,Smartwatch,2,55374.4,0.2,0.0,Credit Card,Retail Store
ORD14821,2025-07-27,CUST1135,Customer_1135,West ,Clothing,Dress,4,2039.78,0.2,109.44,Net Banking,Online
ORD13406,29-Feb-2024,CUST1218,Customer_1218,north,Sports,Running Shoes,2,3685.58,0.0,144.48,Credit Card,Online
ORD10477,2024-05-12,CUST1105,Customer_1105,West ,Clothing,Jacket,5,1700.04,0.0,0.0,Credit Card,Retail Store
ORD13344,11/09/2024,CUST1186,Customer_1186,SOUTH,Clothing,T-Shirt,3,1126.66,0.25,109.23,UPI,Online
ORD10337,2025-06-16,CUST1221,Customer_1221,East,Sports,Cricket Bat,3,4181.63,,134.56,UPI,Online
ORD11895,2025-05-07,CUST1281,Customer_1281,north,Clothing,T-Shirt,2,643.06,0.0,85.33,Cash on Delivery,Online
ORD10320,2025-09-23,CUST1025,Customer_1025,SOUTH,Clothing,T-Shirt,4,1335.72,0.25,194.74,Debit Card,Online
ORD12129,30-Jun-2024,CUST1217,Customer_1217, East,Clothing,Jeans,3,2166.12,0.15,0.0,Debit Card,Retail Store
ORD13849,03/12/2024,CUST1337,Customer_1337,,Clothing,T-Shirt,3,2795.29,0.05,118.2,Net Banking,Online
ORD10635,2024-03-06,CUST1008,Customer_1008,north,Beauty,Face Cream,4,1110.24,0.15,0.0,UPI,Retail Store
ORD10620,2024-07-27,CUST1251,Customer_1251,East,Beauty,Perfume,2,601.9,0.0,0.0,Credit Card,Retail Store
ORD14012,2024-06-27,CUST1226,Customer_1226,north,Electronics,Tablet,5,41534.02,0.0,0.0,Net Banking,Retail Store
ORD14351,2025-06-04,CUST1106,Customer_1106,SOUTH,Beauty,Perfume,4,384.64,0.05,0.0,Net Banking,Retail Store
ORD11658,2024-05-08,CUST1290,Customer_1290,East,Home & Kitchen,Blender,5,4084.12,0.0,82.52,Credit Card,Online
ORD12102,09-Oct-2025,CUST1094,Customer_1094, East,Beauty,Lipstick,5,919.38,0.05,94.72,Net Banking,Online
ORD12687,2024-06-16,CUST1264,Customer_1264,north,Sports,Cycling Helmet,1,4819.09,0.0,50.41,,Online
ORD13929,2025-11-26,CUST1252,Customer_1252, East,Electronics,Smartwatch,1,48347.19,0.05,107.97,Credit Card,Online
ORD13414,2025-09-18,CUST1120,Customer_1120,north,Home & Kitchen,Blender,4,4515.33,0.1,0.0,Debit Card,Retail Store
ORD14708,2025-09-02,CUST1253,Customer_1253,North,Home & Kitchen,Bedsheet,3,2451.83,0.0,0.0,Net Banking,Retail Store
ORD13019,21/05/2024,CUST1372,Customer_1372,West,Electronics,Laptop,4,35688.13,0.0,83.41,UPI,Online
ORD12820,09/07/2024,CUST1212,Customer_1212,West ,Sports,Running Shoes,4,2281.05,0.0,123.18,UPI,Online
ORD13813,2024-11-07,CUST1282,Customer_1282,north,Beauty,Sunscreen,5,2300.77,0.15,0.0,Debit Card,Retail Store
ORD13078,2025-05-24,CUST1020,Customer_1020,,Clothing,Jacket,3,322.53,0.0,50.54,UPI,Online
ORD10681,2025-10-06,CUST1016,Customer_1016,North,Electronics,Tablet,2,28833.94,0.0,0.0,Debit Card,Retail Store
ORD12312,2024-12-25,CUST1313,Customer_1313,South,Clothing,Jeans,2,1695.34,0.0,0.0,Credit Card,Retail Store
ORD11709,2025-05-04,CUST1000,Customer_1000,West,Electronics,Tablet,5,46181.22,0.2,52.74,Credit Card,Online
ORD12298,2024-04-21,CUST1245,Customer_1245, East,Home & Kitchen,Lamp,3,6103.8,0.0,0.0,Cash on Delivery,Retail Store
ORD13880,25-Jan-2024,CUST1171,Customer_1171,East,Sports,Cricket Bat,1,5414.0,0.0,16.6,Debit Card,Online
ORD11261,2025-05-23,CUST1296,Customer_1296,South,Electronics,Smartwatch,3,24480.08,0.05,0.0,Cash on Delivery,Retail Store
ORD13641,2025-12-17,CUST1279,Customer_1279, East,Sports,Cricket Bat,2,4866.56,0.2,46.02,Debit Card,Online
ORD13183,25/05/2025,CUST1365,Customer_1365,North,Clothing,Dress,3,2505.82,0.05,166.51,Cash on Delivery,Online
ORD11950,2024-09-24,CUST1257,Customer_1257,north,Beauty,Sunscreen,1,2303.93,0.2,0.0,Debit Card,Retail Store
ORD14480,29-Aug-2024,CUST1088,Customer_1088,South,Beauty,Shampoo,4,359.37,0.2,146.7,Credit Card,Online
ORD13440,23/02/2025,CUST1379,Customer_1379,North,Home & Kitchen,Vacuum Cleaner,2,3909.2,0.0,86.23,Credit Card,Online
ORD14098,2025-07-11,CUST1041,Customer_1041,West,Home & Kitchen,Blender,-2,4863.82,0.2,0.0,Cash on Delivery,Retail Store
ORD10735,2025-07-03,CUST1390,Customer_1390,North,Sports,Cycling Helmet,2,1029.5,0.2,0.0,UPI,Retail Store
ORD10536,2025-12-29,CUST1268,Customer_1268,SOUTH,Home & Kitchen,Cookware Set,2,5329.05,0.15,8.18,Credit Card,Online
ORD14685,17/01/2025,CUST1371,Customer_1371,West,Clothing,Dress,4,1347.88,0.05,0.0,Cash on Delivery,Retail Store
ORD14330,13/01/2024,CUST1085,Customer_1085,East,Beauty,Lipstick,-2,173.85,0.0,0.0,UPI,Retail Store
ORD12950,2024-12-20,CUST1057,Customer_1057, East,Home & Kitchen,Bedsheet,5,4049.17,0.0,195.29,Cash on Delivery,Online
ORD11349,2025-05-24,CUST1008,Customer_1008,East,Electronics,Headphones,2,27060.84,0.1,0.0,UPI,Retail Store
ORD10866,2025-08-25,CUST1221,Customer_1221, East,Clothing,Shoes,4,1300.03,0.2,0.0,Debit Card,Retail Store
ORD11127,2024-06-16,CUST1276,Customer_1276,East,Home & Kitchen,Lamp,1,6478.72,0.0,176.22,UPI,Online
ORD14972,2024-06-04,CUST1188,Customer_1188,West ,Beauty,Face Cream,1,2146.24,0.1,0.0,Net Banking,Retail Store
ORD10122,2025-08-14,CUST1344,Customer_1344,SOUTH,Electronics,Smartphone,1,15208.85,0.15,0.0,Debit Card,Retail Store
ORD14948,2024-01-15,CUST1334,Customer_1334, East,Home & Kitchen,Lamp,3,1493.9,0.0,26.04,Debit Card,Online
ORD14710,2025-08-06,CUST1007,Customer_1007, East,Beauty,Lipstick,5,194.05,0.15,162.43,UPI,Online
ORD11767,10/08/2025,CUST1020,Customer_1020,West ,Home & Kitchen,Blender,2,6255.13,0.2,148.71,Cash on Delivery,Online
ORD13165,28/10/2024,CUST1023,Customer_1023,West ,Electronics,Smartwatch,4,50696.72,0.15,94.6,Credit Card,Online
ORD14504,04/01/2025,CUST1114,Customer_1114,South,Home & Kitchen,Cookware Set,4,4777.71,0.0,0.0,Cash on Delivery,Retail Store
ORD13950,2025-12-20,CUST1130,Customer_1130,West,Sports,Yoga Mat,3,4515.24,0.15,170.26,Cash on Delivery,Online
ORD11607,2025-07-03,CUST1331,Customer_1331,SOUTH,Beauty,Perfume,1,1606.0,0.0,166.8,UPI,Online
ORD12095,17-Oct-2025,CUST1055,Customer_1055,West,Beauty,Lipstick,5,1512.8,0.0,0.0,Debit Card,Retail Store
ORD13160,2024-02-13,CUST1137,Customer_1137,North,Home & Kitchen,Blender,1,3268.08,0.0,177.44,Credit Card,Online
ORD12837,2024-12-12,CUST1339,Customer_1339,West,Sports,Yoga Mat,4,2093.65,0.2,0.0,Net Banking,Retail Store
ORD12421,2024-11-17,CUST1254,Customer_1254,north,Sports,Running Shoes,5,1326.22,0.2,0.0,Credit Card,Retail Store
ORD11797,08/04/2024,CUST1067,Customer_1067,East,Home & Kitchen,Cookware Set,1,5339.28,0.15,0.0,Credit Card,Retail Store
ORD12902,2025-06-24,CUST1115,Customer_1115,South,Clothing,T-Shirt,5,2381.51,0.0,0.0,Net Banking,Retail Store
ORD11506,2024-03-26,CUST1014,Customer_1014, East,Sports,Cricket Bat,5,3880.04,0.05,158.02,Debit Card,Online
ORD14249,29/09/2024,CUST1136,Customer_1136,West,Clothing,Shoes,1,665.88,0.0,157.92,UPI,Online
ORD12474,2025-10-28,CUST1159,Customer_1159,North,Clothing,T-Shirt,1,2647.08,0.1,164.27,UPI,Online
ORD12900,2025-05-03,CUST1243,Customer_1243,North,Clothing,Jeans,2,2767.14,0.05,32.24,Cash on Delivery,Online
ORD13651,2024-10-18,CUST1307,Customer_1307,North,Clothing,Dress,4,1285.44,0.15,0.0,UPI,Retail Store
ORD11193,2024-04-12,CUST1312,Customer_1312,East,Electronics,Laptop,4,1928.38,0.1,0.0,UPI,Retail Store
ORD11220,2025-02-07,CUST1215,Customer_1215,North,Electronics,Smartwatch,4,11046.14,0.0,0.0,Net Banking,Retail Store
ORD14790,11-Jan-2024,CUST1269,Customer_1269,West ,Beauty,Lipstick,4,1749.08,0.0,72.84,Cash on Delivery,Online
ORD11194,2024-01-29,CUST1399,Customer_1399,West ,Clothing,Dress,1,1963.54,0.25,0.0,Debit Card,Retail Store
ORD12364,08-Mar-2025,CUST1073,Customer_1073,north,Home & Kitchen,Bedsheet,2,3690.72,0.0,44.86,Cash on Delivery,Online
ORD12637,2024-12-25,CUST1342,Customer_1342,South,Clothing,Shoes,1,345.81,0.0,0.0,Net Banking,Retail Store
ORD10078,03-Nov-2025,CUST1144,Customer_1144,East,Beauty,Lipstick,3,924.77,0.1,116.55,UPI,Online
ORD11698,24-Feb-2024,CUST1287,Customer_1287,West ,Beauty,Sunscreen,5,2260.73,0.0,150.7,Cash on Delivery,Online
ORD12476,2025-01-01,CUST1229,Customer_1229,North,Electronics,Tablet,4,267246.18,,0.0,Cash on Delivery,Retail Store
ORD12785,2025-01-17,CUST1062,Customer_1062,South,Electronics,Laptop,5,57512.4,0.0,0.0,Net Banking,Retail Store
ORD13861,2025-07-07,CUST1096,Customer_1096,East,Clothing,Jacket,3,1845.18,0.2,0.0,Cash on Delivery,Retail Store
ORD12190,2024-09-20,CUST1393,Customer_1393,West,Electronics,Headphones,1,35424.56,0.15,0.0,UPI,Retail Store
ORD10370,22/05/2024,CUST1287,Customer_1287,South,Electronics,Smartphone,4,25813.17,0.2,60.65,Debit Card,Online
ORD10485,2024-06-20,CUST1122,Customer_1122,South,Clothing,T-Shirt,1,,0.0,0.0,UPI,Retail Store
ORD14145,2024-03-09,CUST1146,Customer_1146,north,Sports,Cycling Helmet,2,3570.12,0.0,72.89,Cash on Delivery,Online
ORD10520,2025-07-02,CUST1216,Customer_1216,north,Electronics,Tablet,3,39511.48,0.0,0.0,Debit Card,Retail Store
ORD10571,06-Apr-2025,CUST1375,Customer_1375,East,Home & Kitchen,Blender,2,,0.0,7.3,Cash on Delivery,Online
ORD13661,2024-08-10,CUST1386,Customer_1386, East,Clothing,Jacket,3,2499.59,0.0,0.0,Cash on Delivery,Retail Store
ORD12281,10/05/2025,CUST1227,Customer_1227,north,Electronics,Headphones,-5,43220.6,0.0,0.0,Net Banking,Retail Store
ORD11943,2024-01-09,CUST1145,Customer_1145,north,Beauty,Sunscreen,1,1907.17,0.0,37.12,Net Banking,Online
ORD10947,2024-03-17,CUST1349,Customer_1349,East,Home & Kitchen,Blender,4,3974.04,0.0,0.0,Credit Card,Retail Store
ORD13762,2024-04-08,CUST1298,Customer_1298,South,Home & Kitchen,Vacuum Cleaner,4,1155.07,0.2,0.0,Credit Card,Retail Store
ORD14679,2025-12-05,CUST1236,Customer_1236,north,Beauty,Shampoo,3,2339.81,0.2,165.9,Debit Card,Online
ORD11489,25/12/2024,CUST1055,Customer_1055,West ,Beauty,Perfume,4,1537.04,0.2,168.3,Credit Card,Online
ORD13663,2024-08-18,CUST1011,Customer_1011,West,Electronics,Laptop,3,37787.51,0.15,0.0,Debit Card,Retail Store
ORD14906,30/05/2024,CUST1049,Customer_1049,South,Clothing,Dress,2,2094.97,0.0,43.23,Credit Card,Online
ORD11096,2024-08-20,CUST1308,Customer_1308,South,Sports,Dumbbells,1,1643.53,,0.0,Net Banking,Retail Store
ORD12124,2024-08-23,CUST1156,Customer_1156,East,Home & Kitchen,Blender,4,73351.12,0.15,0.0,Cash on Delivery,Retail Store
ORD12750,2025-04-01,CUST1183,Customer_1183,West,Sports,Dumbbells,5,4479.91,0.0,0.0,Net Banking,Retail Store
ORD13788,2024-04-23,CUST1172,Customer_1172,East,Clothing,Jacket,4,1542.62,0.0,0.0,UPI,Retail Store
ORD10510,05/06/2024,CUST1158,Customer_1158,West,Sports,Yoga Mat,3,4343.19,0.15,184.63,Debit Card,Online
ORD14054,2024-11-04,CUST1291,Customer_1291,East,Sports,Yoga Mat,3,2316.36,0.2,10.46,Cash on Delivery,Online
ORD12940,15/05/2024,CUST1283,Customer_1283,,Clothing,Jeans,2,2882.33,0.0,0.0,UPI,Retail Store
ORD11359,2025-08-09,CUST1312,Customer_1312,West,Home & Kitchen,Bedsheet,1,3154.53,0.0,0.0,Net Banking,Retail Store
ORD11107,2025-10-26,CUST1118,Customer_1118,SOUTH,Electronics,Tablet,2,39644.01,0.25,188.14,Debit Card,Online
ORD10533,25/11/2025,CUST1384,Customer_1384, East,Beauty,Sunscreen,4,958.68,0.0,86.87,Net Banking,Online
ORD12426,12-Jun-2024,CUST1324,Customer_1324,north,Electronics,Headphones,1,,0.0,83.19,Credit Card,Online
ORD12720,30/03/2024,CUST1166,Customer_1166,North,Electronics,Smartphone,4,52621.29,0.0,0.0,Net Banking,Retail Store
ORD12168,24-Mar-2024,CUST1300,Customer_1300, East,Home & Kitchen,Lamp,2,1059.8,0.0,0.0,Net Banking,Retail Store
ORD13469,2024-12-07,CUST1257,Customer_1257,West ,Beauty,Shampoo,3,1187.81,0.15,23.89,Net Banking,Online
ORD13936,09/10/2024,CUST1129,Customer_1129,South,Home & Kitchen,Bedsheet,2,7391.57,0.15,0.0,Net Banking,Retail Store
ORD14585,03-Dec-2025,CUST1153,Customer_1153,West,Beauty,Face Cream,3,2454.84,0.0,0.0,Debit Card,Retail Store
ORD13230,2024-12-08,CUST1032,Customer_1032,north,Home & Kitchen,Bedsheet,-5,5444.41,0.0,0.0,UPI,Retail Store
ORD14888,2024-10-23,CUST1054,Customer_1054,SOUTH,Beauty,Shampoo,3,2316.17,0.25,162.01,Debit Card,Online
ORD13777,2024-04-12,CUST1014,Customer_1014, East,Clothing,Jacket,2,2241.55,0.15,116.94,Net Banking,Online
ORD11730,2024-07-04,CUST1089,Customer_1089,East,Home & Kitchen,Cookware Set,5,7359.77,0.2,44.21,Cash on Delivery,Online
ORD14558,2024-03-10,CUST1144,Customer_1144,East,Sports,Cycling Helmet,2,816.78,0.0,0.0,Cash on Delivery,Retail Store
ORD11002,2025-11-07,CUST1338,Customer_1338,North,Clothing,T-Shirt,2,2513.5,0.0,169.92,UPI,Online
ORD14674,08-Jun-2024,CUST1025,Customer_1025,SOUTH,Home & Kitchen,Vacuum Cleaner,3,7316.42,0.05,5.86,Net Banking,Online
ORD12858,2025-04-05,CUST1120,Customer_1120,SOUTH,Sports,Cycling Helmet,2,1186.43,0.15,0.0,Debit Card,Retail Store
ORD14711,2025-12-03,CUST1034,Customer_1034,North,Home & Kitchen,Lamp,2,3450.33,0.25,174.45,Cash on Delivery,Online
ORD13939,29-Jun-2024,CUST1069,Customer_1069,SOUTH,Beauty,Lipstick,5,899.89,0.0,135.86,Debit Card,Online
ORD10883,2025-10-19,CUST1326,Customer_1326,North,Beauty,Sunscreen,1,1984.8,0.15,0.0,Credit Card,Retail Store
ORD11688,2024-01-16,CUST1099,Customer_1099,north,Beauty,Face Cream,3,2058.24,0.0,50.21,Net Banking,Online
ORD11347,2024-10-30,CUST1017,Customer_1017,East,Sports,Cycling Helmet,3,1200.37,0.2,0.0,Debit Card,Retail Store
ORD13975,2024-06-03,CUST1039,Customer_1039,West ,Electronics,Smartphone,1,3473.28,0.1,0.0,Credit Card,Retail Store
ORD11708,2025-09-30,CUST1341,Customer_1341,South,Electronics,Headphones,1,20612.12,0.1,171.08,Debit Card,Online
ORD12927,04/03/2024,CUST1322,Customer_1322,South,Beauty,Lipstick,1,1998.14,0.25,150.06,Credit Card,Online
ORD13610,2024-12-19,CUST1142,Customer_1142,East,Clothing,T-Shirt,4,2412.53,0.1,0.0,Cash on Delivery,Retail Store
ORD10670,21/01/2025,CUST1000,Customer_1000,West ,Home & Kitchen,Blender,1,4037.67,0.2,0.0,UPI,Retail Store
ORD11266,26/12/2025,CUST1326,Customer_1326,SOUTH,Clothing,Jacket,4,2169.55,0.05,118.14,Net Banking,Online
ORD14646,09/02/2025,CUST1013,Customer_1013,East,Home & Kitchen,Lamp,1,1213.29,0.05,91.71,,Online
ORD13232,18-Feb-2025,CUST1182,Customer_1182,SOUTH,Clothing,Jacket,3,949.65,0.0,20.49,Net Banking,Online
ORD11551,2024-04-15,CUST1221,Customer_1221,West ,Sports,Yoga Mat,1,1603.4,0.25,0.0,UPI,Retail Store
ORD12325,06/10/2024,CUST1331,Customer_1331, East,Sports,Running Shoes,4,2399.01,0.0,168.43,Cash on Delivery,Online
ORD14584,2025-07-12,CUST1164,Customer_1164,South,Home & Kitchen,Bedsheet,5,603.94,0.0,101.71,Credit Card,Online
ORD14846,2024-06-21,CUST1233,Customer_1233,North,Electronics,Laptop,2,58822.24,0.25,115.41,UPI,Online
ORD13738,20/04/2025,CUST1326,Customer_1326,north,Home & Kitchen,Lamp,3,,0.0,19.38,UPI,Online
ORD14626,25-Aug-2024,CUST1250,Customer_1250,North,Sports,Cycling Helmet,1,3962.62,0.2,0.0,Credit Card,Retail Store
ORD13007,2024-10-06,CUST1353,Customer_1353,north,Electronics,Laptop,1,37556.04,0.15,198.28,UPI,Online
ORD13252,2024-07-31,CUST1059,Customer_1059,North,Clothing,Jeans,5,2297.43,0.0,0.0,Cash on Delivery,Retail Store
ORD11365,2025-09-29,CUST1047,Customer_1047,North,Sports,Yoga Mat,4,5001.53,0.2,47.11,Cash on Delivery,Online
ORD12225,2024-04-17,CUST1029,Customer_1029,North,Home & Kitchen,Bedsheet,4,2862.15,0.0,0.0,Cash on Delivery,Retail Store
ORD14327,14/12/2024,CUST1192,Customer_1192,North,Clothing,Jacket,3,356.37,0.0,0.0,Net Banking,Retail Store
ORD12677,2024-12-22,CUST1191,Customer_1191,north,Sports,Yoga Mat,2,,0.05,147.32,,Online
ORD10363,2025-02-25,CUST1349,Customer_1349,SOUTH,Sports,Dumbbells,4,5282.04,0.15,0.0,Cash on Delivery,Retail Store
ORD12601,2025-06-30,CUST1092,Customer_1092,North,Beauty,Lipstick,4,696.22,0.05,148.84,Debit Card,Online
ORD14862,2025-01-20,CUST1321,Customer_1321,West ,Clothing,Dress,1,1497.71,0.0,98.76,UPI,Online
ORD12359,2024-09-27,CUST1359,Customer_1359,North,Sports,Cricket Bat,3,1541.79,0.25,0.0,Cash on Delivery,Retail Store
ORD12333,2024-10-16,CUST1248,Customer_1248,SOUTH,Home & Kitchen,Blender,3,525.51,0.05,0.0,UPI,Retail Store
ORD14619,08-Nov-2025,CUST1183,Customer_1183, East,Clothing,Jacket,1,1155.01,0.2,0.0,Net Banking,Retail Store
ORD10614,2025-02-04,CUST1381,Customer_1381,South,Clothing,Jeans,5,1585.63,0.1,0.0,Cash on Delivery,Retail Store
ORD11760,2024-05-16,CUST1193,Customer_1193,SOUTH,Home & Kitchen,Lamp,5,4869.75,0.1,0.0,Debit Card,Retail Store
ORD10091,21-Sep-2025,CUST1164,Customer_1164,north,Electronics,Headphones,3,19430.01,0.15,134.24,Credit Card,Online
ORD11644,28-Sep-2025,CUST1014,Customer_1014,SOUTH,Clothing,T-Shirt,2,755.72,0.0,0.0,Net Banking,Retail Store
ORD14240,28-May-2025,CUST1067,Customer_1067,West,Electronics,Headphones,4,13944.36,0.1,0.0,Cash on Delivery,Retail Store
ORD14760,2024-06-07,CUST1217,Customer_1217,West,Sports,Cricket Bat,4,2378.03,0.25,0.0,Cash on Delivery,Retail Store
ORD12563,09/07/2024,CUST1196,Customer_1196, East,Sports,Yoga Mat,4,4837.66,0.1,0.0,Debit Card,Retail Store
ORD11964,2024-08-31,CUST1278,Customer_1278,West ,Sports,Yoga Mat,3,1787.75,0.05,0.0,UPI,Retail Store
ORD12773,2024-04-12,CUST1049,Customer_1049,West,Beauty,Sunscreen,2,1650.77,0.1,113.36,UPI,Online
ORD14128,2024-01-10,CUST1001,Customer_1001,West,Electronics,Tablet,5,11421.3,0.0,0.0,UPI,Retail Store
ORD14263,22/11/2024,CUST1006,Customer_1006,West,Home & Kitchen,Cookware Set,5,2049.38,0.25,0.0,Debit Card,Retail Store
ORD13468,2024-01-17,CUST1077,Customer_1077,north,Clothing,T-Shirt,2,983.2,0.2,82.03,Debit Card,Online
ORD12996,2025-03-24,CUST1161,Customer_1161,West,Home & Kitchen,Lamp,2,7679.12,0.25,161.09,Net Banking,Online
ORD13247,2024-12-31,CUST1004,Customer_1004, East,Clothing,Jacket,2,1768.25,0.2,0.0,UPI,Retail Store
ORD11661,2025-09-23,CUST1312,Customer_1312, East,Sports,Cricket Bat,4,5791.83,0.15,0.0,Cash on Delivery,Retail Store
ORD12401,2025-02-18,CUST1136,Customer_1136,East,Home & Kitchen,Bedsheet,5,5454.12,0.1,0.0,UPI,Retail Store
ORD10950,2024-03-27,CUST1358,Customer_1358,East,Electronics,Smartwatch,4,1259872.71,0.0,125.83,Debit Card,Online
ORD13894,2024-01-07,CUST1279,Customer_1279,SOUTH,Home & Kitchen,Bedsheet,2,744.88,0.0,34.66,Cash on Delivery,Online
ORD13077,09-Dec-2025,CUST1113,Customer_1113,South,Home & Kitchen,Cookware Set,1,3406.72,0.05,0.0,UPI,Retail Store
ORD10258,11/08/2024,CUST1264,Customer_1264,north,Sports,Yoga Mat,3,5615.82,0.15,99.8,Debit Card,Online
ORD11496,2024-09-03,CUST1287,Customer_1287,West ,Clothing,Jacket,5,2607.63,0.15,0.0,Cash on Delivery,Retail Store
ORD11602,15-Mar-2025,CUST1191,Customer_1191,East,Home & Kitchen,Blender,2,6450.99,0.0,103.47,Net Banking,Online
ORD14796,2024-04-12,CUST1203,Customer_1203,East,Sports,Cricket Bat,3,1661.98,0.0,0.0,UPI,Retail Store
ORD13355,2024-04-09,CUST1239,Customer_1239,north,Beauty,Face Cream,5,2334.79,0.15,112.48,Net Banking,Online
ORD10649,2024-09-26,CUST1292,Customer_1292,East,Beauty,Lipstick,5,2310.08,0.25,193.69,UPI,Online
ORD12323,2025-11-25,CUST1196,Customer_1196,,Home & Kitchen,Bedsheet,3,6043.26,0.0,80.69,Debit Card,Online
ORD14241,2025-10-25,CUST1327,Customer_1327,West,Electronics,Smartwatch,1,51170.18,,17.66,Net Banking,Online
ORD10970,11-Jun-2025,CUST1073,Customer_1073,East,Beauty,Shampoo,4,83069.61,0.15,0.0,UPI,Retail Store
ORD13155,18/04/2025,CUST1180,Customer_1180,North,Sports,Cycling Helmet,1,2215.49,0.15,0.0,Debit Card,Retail Store
ORD11305,2024-08-08,CUST1291,Customer_1291,West ,Sports,Running Shoes,2,3764.58,0.05,0.0,Cash on Delivery,Retail Store
ORD13451,01-Nov-2024,CUST1211,Customer_1211,West,Home & Kitchen,Blender,4,3569.27,0.0,39.54,Debit Card,Online
ORD12284,2025-06-06,CUST1165,Customer_1165, East,Electronics,Smartphone,-1,42968.27,0.0,96.27,Credit Card,Online
ORD12500,02/01/2024,CUST1039,Customer_1039,North,Sports,Running Shoes,4,705.72,0.1,0.0,,Retail Store
ORD11782,2025-03-19,CUST1166,Customer_1166,SOUTH,Home & Kitchen,Blender,5,5604.96,0.2,0.0,Net Banking,Retail Store
ORD11363,01/02/2024,CUST1328,Customer_1328,SOUTH,Sports,Running Shoes,5,1630.79,0.2,0.0,Net Banking,Retail Store
ORD11468,2025-10-16,CUST1054,Customer_1054,West,Clothing,T-Shirt,5,2771.22,0.0,190.03,Net Banking,Online
ORD11945,2024-11-14,CUST1208,Customer_1208,West ,Clothing,Shoes,5,550.9,0.0,0.0,Credit Card,Retail Store
ORD13300,11/03/2024,CUST1353,Customer_1353,north,Home & Kitchen,Cookware Set,1,6339.34,0.05,0.0,Debit Card,Retail Store
ORD14217,23/03/2024,CUST1299,Customer_1299,West ,Home & Kitchen,Bedsheet,4,5451.29,0.0,0.0,Debit Card,Retail Store
ORD10270,2025-05-03,CUST1157,Customer_1157, East,Home & Kitchen,Lamp,3,6187.2,0.25,159.35,UPI,Online
ORD13700,21/10/2025,CUST1388,Customer_1388, East,Sports,Dumbbells,5,1067.55,0.15,176.62,Debit Card,Online
ORD14638,2025-07-18,CUST1002,Customer_1002,SOUTH,Clothing,Jeans,4,1622.78,0.0,0.0,Credit Card,Retail Store
ORD11696,2024-09-04,CUST1197,Customer_1197,North,Electronics,Smartphone,2,48830.29,,199.29,Credit Card,Online
ORD14469,10/03/2024,CUST1042,Customer_1042, East,Home & Kitchen,Vacuum Cleaner,1,5831.86,0.0,120.55,Credit Card,Online
ORD14085,2025-07-09,CUST1221,Customer_1221,SOUTH,Home & Kitchen,Lamp,1,4924.12,0.0,74.97,UPI,Online
ORD11911,18/11/2024,CUST1066,Customer_1066,north,Home & Kitchen,Blender,3,541.7,,47.4,UPI,Online
ORD13023,12-Aug-2024,CUST1323,Customer_1323,West,Sports,Yoga Mat,2,5955.37,0.0,19.55,Credit Card,Online
ORD11819,2024-09-30,CUST1003,Customer_1003,South,Electronics,Headphones,5,39146.44,0.25,78.12,Cash on Delivery,Online
ORD10406,2025-11-20,CUST1316,Customer_1316,West,Beauty,Sunscreen,3,183.17,0.25,189.21,Debit Card,Online
ORD11805,2025-11-01,CUST1077,Customer_1077,South,Clothing,Shoes,4,2929.26,0.0,177.57,,Online
ORD13558,2024-03-24,CUST1333,Customer_1333,SOUTH,Clothing,Shoes,1,2371.41,0.15,0.0,Debit Card,Retail Store
ORD13647,09/11/2024,CUST1166,Customer_1166,north,Sports,Yoga Mat,2,3961.56,0.25,0.0,Cash on Delivery,Retail Store
ORD13595,2025-12-13,CUST1166,Customer_1166,North,Clothing,Dress,1,2377.08,0.0,0.0,Net Banking,Retail Store
ORD14540,2024-09-30,CUST1110,Customer_1110,South,Electronics,Smartphone,1,51052.39,0.25,185.96,Net Banking,Online
ORD14738,2024-04-09,CUST1338,Customer_1338, East,Beauty,Sunscreen,4,1296.53,0.0,0.0,Cash on Delivery,Retail Store
ORD13940,2025-03-03,CUST1176,Customer_1176,north,Clothing,Dress,4,979.06,0.2,88.92,Net Banking,Online
ORD11544,2025-08-20,CUST1163,Customer_1163, East,Sports,Cricket Bat,2,3089.6,0.2,155.07,Net Banking,Online
ORD10463,2025-12-10,CUST1296,Customer_1296,West,Sports,Cricket Bat,5,3177.21,0.05,0.0,Debit Card,Retail Store
ORD11223,2024-09-15,CUST1139,Customer_1139,SOUTH,Clothing,Jacket,1,2295.09,0.2,0.0,Debit Card,Retail Store
ORD14434,2025-01-21,CUST1382,Customer_1382, East,Electronics,Tablet,3,49575.71,0.0,153.59,Net Banking,Online
ORD14115,2025-08-22,CUST1291,Customer_1291,East,Clothing,Shoes,2,2519.6,0.2,0.0,Cash on Delivery,Retail Store
ORD11091,2024-05-31,CUST1348,Customer_1348,West ,Beauty,Face Cream,1,2067.29,0.15,0.0,Cash on Delivery,Retail Store
ORD10691,2024-02-19,CUST1272,Customer_1272,North,Beauty,Face Cream,-2,,0.2,0.0,Credit Card,Retail Store
ORD11241,2025-04-24,CUST1082,Customer_1082,SOUTH,Clothing,Shoes,1,1474.86,0.25,0.0,Credit Card,Retail Store
ORD10103,11-May-2024,CUST1026,Customer_1026, East,Sports,Cycling Helmet,2,5021.74,0.0,0.0,UPI,Retail Store
ORD13434,25/09/2025,CUST1058,Customer_1058, East,Home & Kitchen,Lamp,4,3875.7,0.05,106.49,UPI,Online
ORD11631,2025-10-11,CUST1029,Customer_1029,SOUTH,Sports,Cricket Bat,1,2596.1,0.05,89.64,Debit Card,Online
ORD13025,2025-07-23,CUST1163,Customer_1163,SOUTH,Beauty,Sunscreen,4,2312.38,0.15,65.53,Debit Card,Online
ORD10683,2025-08-14,CUST1307,Customer_1307,North,Home & Kitchen,Lamp,4,6223.8,0.1,184.47,Debit Card,Online
ORD14604,15/09/2025,CUST1232,Customer_1232,West ,Clothing,Shoes,2,2492.47,0.0,0.0,Debit Card,Retail Store
ORD13316,2025-07-12,CUST1086,Customer_1086,north,Home & Kitchen,Vacuum Cleaner,3,2861.37,0.15,0.0,Cash on Delivery,Retail Store
ORD10597,2025-06-26,CUST1260,Customer_1260, East,Home & Kitchen,Blender,4,5990.01,0.1,129.27,Credit Card,Online
ORD13313,2024-12-24,CUST1253,Customer_1253,SOUTH,Sports,Cycling Helmet,1,5892.96,0.2,0.0,Credit Card,Retail Store
ORD12863,2025-11-25,CUST1280,Customer_1280,north,Home & Kitchen,Vacuum Cleaner,2,7864.97,0.15,0.0,Net Banking,Retail Store
ORD13963,2025-03-16,CUST1036,Customer_1036,West,Electronics,Smartwatch,3,50222.68,0.0,0.0,Cash on Delivery,Retail Store
ORD12695,2024-07-20,CUST1099,Customer_1099,SOUTH,Sports,Dumbbells,1,3368.44,0.0,43.49,Debit Card,Online
ORD14298,06/02/2025,CUST1264,Customer_1264,South,Home & Kitchen,Vacuum Cleaner,5,5495.09,0.0,0.0,UPI,Retail Store
ORD12080,2025-01-26,CUST1338,Customer_1338,north,Beauty,Shampoo,1,326.79,0.15,0.0,UPI,Retail Store
ORD10199,2025-10-29,CUST1132,Customer_1132,,Electronics,Laptop,1,11030.08,0.1,0.0,Credit Card,Retail Store
ORD13194,2024-03-28,CUST1020,Customer_1020,north,Beauty,Shampoo,5,381.07,0.25,173.12,Net Banking,Online
ORD14894,2025-01-20,CUST1258,Customer_1258,SOUTH,Clothing,Dress,2,1912.47,0.15,0.0,Debit Card,Retail Store
ORD12121,2025-06-06,CUST1326,Customer_1326,West,Home & Kitchen,Lamp,1,2536.37,0.2,178.85,Credit Card,Online
ORD13852,2024-02-27,CUST1100,Customer_1100,West ,Home & Kitchen,Vacuum Cleaner,3,4414.51,0.0,0.0,Credit Card,Retail Store
ORD11813,09/02/2025,CUST1012,Customer_1012,West,Clothing,Jacket,5,935.06,0.05,106.38,Debit Card,Online
ORD12350,2025-07-11,CUST1110,Customer_1110,West ,Beauty,Lipstick,5,1650.53,0.15,2.72,UPI,Online
ORD10039,2024-01-13,CUST1091,Customer_1091,West ,Home & Kitchen,Blender,5,2691.02,0.0,0.0,,Retail Store
ORD12672,18/04/2025,CUST1083,Customer_1083,South,Clothing,Dress,5,,0.25,172.15,Net Banking,Online
ORD10068,2025-08-10,CUST1307,Customer_1307, East,Home & Kitchen,Vacuum Cleaner,1,2181.84,0.1,121.8,Net Banking,Online
ORD12410,2024-09-27,CUST1080,Customer_1080,north,Beauty,Lipstick,1,2001.7,0.1,0.0,Debit Card,Retail Store
ORD12182,25/12/2025,CUST1234,Customer_1234,South,Beauty,Lipstick,4,1176.78,0.0,0.0,UPI,Retail Store
ORD13041,2025-06-07,CUST1370,Customer_1370,West ,Beauty,Perfume,3,156.06,0.0,10.55,Debit Card,Online
ORD10679,2025-10-19,CUST1211,Customer_1211,East,Clothing,Jeans,3,1096.32,0.15,0.0,Credit Card,Retail Store
ORD14227,18/10/2024,CUST1334,Customer_1334, East,Beauty,Face Cream,3,2471.11,0.0,0.0,Net Banking,Retail Store
ORD14161,2024-03-13,CUST1045,Customer_1045,north,Electronics,Laptop,4,24151.41,0.2,146.77,Net Banking,Online
ORD14088,2025-01-13,CUST1308,Customer_1308,SOUTH,Clothing,T-Shirt,5,2389.51,0.0,116.2,Cash on Delivery,Online
ORD12528,2025-01-28,CUST1229,Customer_1229,West,Electronics,Tablet,4,44140.21,0.0,123.27,Net Banking,Online
ORD10365,2025-11-12,CUST1146,Customer_1146,SOUTH,Clothing,Jeans,2,2983.19,0.0,0.0,Debit Card,Retail Store
ORD10733,27-Jun-2024,CUST1079,Customer_1079,East,Clothing,Shoes,1,2639.13,0.0,0.0,Debit Card,Retail Store
ORD13329,09-Jan-2024,CUST1115,Customer_1115, East,Clothing,T-Shirt,3,1265.67,0.0,0.0,Cash on Delivery,Retail Store
ORD12341,2024-07-17,CUST1216,Customer_1216,SOUTH,Clothing,Dress,1,899.62,0.15,112.67,UPI,Online
ORD12071,2025-06-25,CUST1328,Customer_1328,West ,Clothing,Dress,4,,0.25,0.0,Debit Card,Retail Store
ORD10954,2025-12-12,CUST1376,Customer_1376,South,Sports,Cycling Helmet,5,2964.16,0.0,47.06,UPI,Online
ORD12673,2025-09-10,CUST1365,Customer_1365,South,Beauty,Lipstick,4,1431.93,0.15,136.89,UPI,Online
ORD10287,08/02/2024,CUST1291,Customer_1291, East,Clothing,T-Shirt,3,2529.4,0.1,184.37,Credit Card,Online
ORD11765,2024-11-25,CUST1186,Customer_1186,West ,Sports,Cycling Helmet,4,3984.02,0.2,0.0,UPI,Retail Store
ORD12549,2025-08-19,CUST1111,Customer_1111,West ,Electronics,Laptop,3,22275.13,0.2,0.0,Debit Card,Retail Store
ORD12167,2024-11-17,CUST1286,Customer_1286, East,Sports,Cricket Bat,1,479.25,0.15,43.82,Credit Card,Online
ORD13321,2024-08-22,CUST1096,Customer_1096,,Beauty,Sunscreen,2,2414.44,0.1,0.0,Cash on Delivery,Retail Store
ORD12425,2024-08-06,CUST1230,Customer_1230,West,Home & Kitchen,Lamp,1,7577.9,0.25,0.0,Net Banking,Retail Store
ORD11581,2024-05-15,CUST1293,Customer_1293,West ,Electronics,Headphones,1,14978.08,0.0,31.58,Credit Card,Online
ORD12028,17-Apr-2024,CUST1226,Customer_1226,West,Sports,Cycling Helmet,5,3015.85,0.0,102.33,Credit Card,Online
ORD12062,07-Dec-2024,CUST1300,Customer_1300,West,Electronics,Laptop,2,19338.68,0.0,139.56,Cash on Delivery,Online
ORD13285,2024-11-05,CUST1056,Customer_1056,East,Clothing,Jeans,4,2232.34,0.15,0.0,Debit Card,Retail Store
ORD12609,2024-11-03,CUST1345,Customer_1345,SOUTH,Clothing,Shoes,3,2656.26,0.0,0.0,Debit Card,Retail Store
ORD13345,2024-11-07,CUST1235,Customer_1235,West ,Home & Kitchen,Cookware Set,5,6478.74,0.05,179.08,Debit Card,Online
ORD12556,2024-05-24,CUST1061,Customer_1061,East,Electronics,Smartphone,5,21094.39,0.15,0.0,Net Banking,Retail Store
ORD12311,2025-09-07,CUST1257,Customer_1257,North,Home & Kitchen,Vacuum Cleaner,1,2692.52,0.0,185.82,Credit Card,Online
ORD14758,2025-11-30,CUST1316,Customer_1316,north,Beauty,Sunscreen,5,341.75,0.1,0.0,Credit Card,Retail Store
ORD12686,2024-01-16,CUST1376,Customer_1376, East,Clothing,Shoes,-4,327.11,0.15,0.0,UPI,Retail Store
ORD13847,30/12/2025,CUST1073,Customer_1073,SOUTH,Electronics,Laptop,2,51585.44,0.15,146.0,Cash on Delivery,Online
ORD12066,2024-11-10,CUST1362,Customer_1362,East,Beauty,Perfume,1,1158.34,0.25,0.0,Cash on Delivery,Retail Store
ORD11057,2024-05-25,CUST1322,Customer_1322,,Home & Kitchen,Blender,5,7975.86,0.0,0.0,Cash on Delivery,Retail Store
ORD10793,11/09/2025,CUST1046,Customer_1046,West ,Electronics,Smartwatch,2,43443.28,0.25,88.5,UPI,Online
ORD12985,2024-02-02,CUST1025,Customer_1025,north,Electronics,Tablet,3,3988.89,0.25,159.64,Debit Card,Online
ORD14341,12/01/2025,CUST1365,Customer_1365,SOUTH,Electronics,Smartwatch,5,45983.88,0.0,31.75,Cash on Delivery,Online
ORD11732,02/09/2025,CUST1034,Customer_1034,North,Home & Kitchen,Cookware Set,2,5768.89,,0.0,UPI,Retail Store
ORD14292,2024-07-05,CUST1212,Customer_1212,East,Beauty,Lipstick,2,365.79,0.05,110.56,Cash on Delivery,Online
ORD11097,2024-07-23,CUST1017,Customer_1017,South,Beauty,Lipstick,1,1064.36,0.0,0.0,Credit Card,Retail Store
ORD11597,2024-12-20,CUST1283,Customer_1283,north,Electronics,Headphones,3,27160.06,0.0,69.01,Cash on Delivery,Online
ORD11293,05/11/2025,CUST1275,Customer_1275,North,Beauty,Shampoo,1,,0.1,93.18,Debit Card,Online
ORD10950,2024-03-27,CUST1358,Customer_1358,East,Electronics,Smartwatch,4,1259872.71,0.0,125.83,Debit Card,Online
ORD13319,2025-06-19,CUST1035,Customer_1035,north,Home & Kitchen,Vacuum Cleaner,3,1098.78,0.15,0.0,Credit Card,Retail Store
ORD14800,2025-01-28,CUST1158,Customer_1158,north,Clothing,Jeans,5,2863.7,0.15,0.0,Net Banking,Retail Store
ORD12911,2025-01-24,CUST1068,Customer_1068,West ,Home & Kitchen,Blender,1,6079.52,0.0,0.0,Credit Card,Retail Store
ORD12056,2024-10-29,CUST1115,Customer_1115,West,Sports,Cricket Bat,3,3127.17,0.05,0.0,Net Banking,Retail Store
ORD12130,30-Oct-2025,CUST1087,Customer_1087,West,Sports,Cycling Helmet,4,2437.32,0.0,0.0,UPI,Retail Store
ORD14976,2024-03-20,CUST1318,Customer_1318,South,Beauty,Perfume,1,779.69,0.0,189.06,Credit Card,Online
ORD10828,2025-04-19,CUST1282,Customer_1282, East,Beauty,Shampoo,5,1984.96,,50.64,Net Banking,Online
ORD14777,2025-01-13,CUST1227,Customer_1227,South,Clothing,Shoes,3,,0.2,93.76,UPI,Online
ORD13649,2025-09-26,CUST1260,Customer_1260,South,Clothing,T-Shirt,-2,2941.84,0.25,0.0,Net Banking,Retail Store
ORD10722,2025-08-10,CUST1224,Customer_1224,South,Home & Kitchen,Blender,4,6314.32,0.1,65.57,Cash on Delivery,Online
ORD14974,2025-05-17,CUST1030,Customer_1030, East,Clothing,Jacket,4,2815.27,0.2,0.0,Debit Card,Retail Store
ORD13985,2025-05-22,CUST1374,Customer_1374,north,Electronics,Smartwatch,3,31215.65,0.2,0.0,Net Banking,Retail Store
ORD11595,08/07/2025,CUST1056,Customer_1056,West,Beauty,Shampoo,1,514.8,0.1,95.92,UPI,Online
ORD13569,2024-10-10,CUST1371,Customer_1371,North,Sports,Yoga Mat,5,2390.46,0.05,0.0,Debit Card,Retail Store
ORD14510,13-Aug-2024,CUST1369,Customer_1369, East,Home & Kitchen,Lamp,4,2358.28,0.2,186.82,Credit Card,Online
ORD10764,15-Nov-2024,CUST1293,Customer_1293,South,Clothing,Shoes,2,1501.79,0.0,118.02,UPI,Online
ORD14184,20/12/2024,CUST1140,Customer_1140,West ,Home & Kitchen,Cookware Set,5,5247.74,0.25,132.17,Net Banking,Online
ORD12591,2024-07-08,CUST1035,Customer_1035, East,Clothing,T-Shirt,2,1173.56,,0.0,Net Banking,Retail Store
ORD12525,06-Jul-2025,CUST1045,Customer_1045,South,Clothing,Shoes,5,1717.54,0.0,130.94,Debit Card,Online
ORD11592,2024-10-08,CUST1182,Customer_1182,West ,Clothing,T-Shirt,4,2425.69,0.25,193.39,UPI,Online
ORD13495,2025-05-28,CUST1315,Customer_1315,north,Clothing,Dress,4,792.37,0.25,0.0,Cash on Delivery,Retail Store
ORD11421,2025-02-18,CUST1186,Customer_1186,north,Sports,Cricket Bat,2,2663.56,0.15,95.28,Cash on Delivery,Online
ORD10654,2024-10-01,CUST1163,Customer_1163, East,Electronics,Laptop,4,46760.38,0.1,0.0,Credit Card,Retail Store
ORD14125,23/07/2024,CUST1331,Customer_1331,SOUTH,Clothing,T-Shirt,5,2344.16,0.0,0.0,Debit Card,Retail Store
ORD10283,2025-11-21,CUST1118,Customer_1118, East,Sports,Running Shoes,2,3525.59,0.15,158.49,Credit Card,Online
ORD13630,2025-07-20,CUST1335,Customer_1335,East,Beauty,Perfume,1,383.83,0.2,23.64,Cash on Delivery,Online
ORD14166,2024-04-08,CUST1000,Customer_1000,West ,Beauty,Perfume,4,1563.2,0.0,0.0,Debit Card,Retail Store
ORD12259,15-Dec-2024,CUST1098,Customer_1098, East,Clothing,Jacket,1,2564.89,0.05,126.95,Net Banking,Online
ORD12026,2024-01-30,CUST1008,Customer_1008,East,Electronics,Tablet,4,2306.11,0.05,0.0,UPI,Retail Store
ORD14990,15/10/2025,CUST1335,Customer_1335,West ,Home & Kitchen,Cookware Set,5,2237.71,0.0,0.0,Credit Card,Retail Store
ORD13431,2025-05-14,CUST1331,Customer_1331,north,Home & Kitchen,Bedsheet,1,2398.68,0.05,117.26,Net Banking,Online
ORD14727,2024-05-12,CUST1392,Customer_1392,SOUTH,Sports,Cricket Bat,2,1625.07,0.15,0.0,Net Banking,Retail Store
ORD11445,2025-07-06,CUST1320,Customer_1320,East,Sports,Running Shoes,1,1246.54,0.0,75.71,Credit Card,Online
ORD10981,24/01/2024,CUST1330,Customer_1330,East,Electronics,Tablet,5,28422.56,0.0,0.0,Net Banking,Retail Store
ORD13219,2025-08-03,CUST1216,Customer_1216,South,Home & Kitchen,Bedsheet,1,362977.18,0.0,179.42,Credit Card,Online
ORD11153,05/03/2024,CUST1377,Customer_1377, East,Home & Kitchen,Cookware Set,5,4063.85,0.1,112.49,Cash on Delivery,Online
ORD14149,2024-12-28,CUST1131,Customer_1131,north,Sports,Cycling Helmet,2,5722.4,0.0,11.13,Cash on Delivery,Online
ORD10674,2024-02-09,CUST1320,Customer_1320,East,Electronics,Tablet,1,55763.13,0.0,16.56,Debit Card,Online
ORD10468,2025-06-22,CUST1339,Customer_1339,,Sports,Yoga Mat,2,2999.9,0.15,0.0,Cash on Delivery,Retail Store
ORD13756,2025-05-04,CUST1322,Customer_1322,North,Home & Kitchen,Blender,4,6045.77,0.2,56.55,UPI,Online
ORD13026,2025-05-07,CUST1190,Customer_1190,north,Electronics,Headphones,3,41548.96,0.0,159.82,Net Banking,Online
ORD10429,2025-09-17,CUST1285,Customer_1285,South,Home & Kitchen,Cookware Set,5,7597.01,0.0,101.46,Net Banking,Online
ORD13084,2024-02-14,CUST1195,Customer_1195,North,Electronics,Laptop,5,52999.55,0.15,162.79,Debit Card,Online
ORD11555,2025-08-09,CUST1361,Customer_1361, East,Beauty,Lipstick,2,317.66,0.1,134.23,Net Banking,Online
ORD11129,2024-07-03,CUST1025,Customer_1025,North,Beauty,Perfume,5,1252.53,0.0,0.0,Net Banking,Retail Store
ORD11210,2024-02-11,CUST1277,Customer_1277,north,Home & Kitchen,Vacuum Cleaner,5,6999.51,0.05,86.91,Debit Card,Online
ORD10916,14-Jul-2025,CUST1024,Customer_1024,West ,Electronics,Smartwatch,3,8769.47,0.0,75.62,Debit Card,Online
ORD10166,23-May-2025,CUST1222,Customer_1222,north,Electronics,Smartwatch,5,19593.47,0.0,0.0,Debit Card,Retail Store
ORD13946,2024-07-14,CUST1028,Customer_1028,SOUTH,Beauty,Sunscreen,3,732.78,0.2,0.0,Net Banking,Retail Store
ORD13253,2024-06-13,CUST1225,Customer_1225,West ,Clothing,T-Shirt,5,371.25,0.2,112.63,UPI,Online
ORD14817,03/04/2025,CUST1146,Customer_1146,West ,Beauty,Shampoo,5,554.88,0.0,164.6,Credit Card,Online
ORD13097,09/04/2024,CUST1196,Customer_1196,North,Electronics,Smartphone,2,,0.0,169.82,Net Banking,Online
ORD12494,20/09/2025,CUST1028,Customer_1028,SOUTH,Electronics,Laptop,1,56624.41,0.0,0.0,Debit Card,Retail Store
ORD11000,2024-02-20,CUST1302,Customer_1302,north,Beauty,Face Cream,4,1047.71,0.1,166.18,Debit Card,Online
ORD11178,2024-04-17,CUST1251,Customer_1251,North,Sports,Yoga Mat,3,3856.29,0.0,0.0,UPI,Retail Store
ORD10056,2025-10-04,CUST1146,Customer_1146,north,Clothing,Dress,3,976.69,0.0,115.91,Cash on Delivery,Online
ORD10208,20/03/2025,CUST1127,Customer_1127,East,Clothing,Jacket,3,1889.41,0.15,0.0,UPI,Retail Store
ORD12111,03/02/2024,CUST1316,Customer_1316,North,Electronics,Headphones,4,4927.07,0.0,131.36,Credit Card,Online
ORD13858,2024-05-04,CUST1037,Customer_1037,South,Clothing,T-Shirt,2,2596.38,0.0,49.51,Net Banking,Online
ORD11307,2025-02-12,CUST1381,Customer_1381,South,Clothing,Dress,1,326.58,0.25,170.58,UPI,Online
ORD11440,2025-03-16,CUST1108,Customer_1108,East,Home & Kitchen,Bedsheet,2,515.46,0.15,0.0,Debit Card,Retail Store
ORD10425,2025-04-04,CUST1118,Customer_1118,North,Electronics,Tablet,1,19977.23,0.15,0.0,Debit Card,Retail Store
ORD10697,2024-06-04,CUST1147,Customer_1147,West ,Sports,Running Shoes,5,2320.52,0.25,134.6,Debit Card,Online
ORD14200,2025-07-28,CUST1379,Customer_1379,East,Home & Kitchen,Bedsheet,5,2081.66,0.0,42.4,Debit Card,Online
ORD11265,13/06/2025,CUST1353,Customer_1353,West ,Clothing,Jacket,-3,866.69,0.0,0.0,Net Banking,Retail Store
ORD12987,29-Mar-2024,CUST1310,Customer_1310,SOUTH,Home & Kitchen,Cookware Set,5,1518.39,0.15,0.0,Credit Card,Retail Store
ORD12850,2025-08-19,CUST1236,Customer_1236,SOUTH,Beauty,Lipstick,2,1490.3,0.0,0.0,Credit Card,Retail Store
ORD11593,2025-03-10,CUST1032,Customer_1032,West,Home & Kitchen,Bedsheet,4,3828.22,0.25,0.0,UPI,Retail Store
ORD12301,23-Nov-2024,CUST1248,Customer_1248,North,Home & Kitchen,Cookware Set,5,,0.0,0.0,,Retail Store
ORD10492,2025-01-03,CUST1084,Customer_1084,East,Clothing,Jeans,4,1070.45,0.0,0.0,Cash on Delivery,Retail Store
ORD10961,2025-09-16,CUST1258,Customer_1258,West ,Electronics,Tablet,4,3001.07,0.0,0.0,UPI,Retail Store
ORD11860,16/03/2025,CUST1158,Customer_1158,South,Beauty,Sunscreen,3,648.05,0.25,0.0,Credit Card,Retail Store
ORD12993,2024-01-27,CUST1356,Customer_1356,West,Home & Kitchen,Bedsheet,2,1559.15,0.25,0.0,Cash on Delivery,Retail Store
ORD14543,2025-12-04,CUST1021,Customer_1021,north,Sports,Cricket Bat,3,5230.37,0.2,12.13,Cash on Delivery,Online
ORD10978,2024-05-21,CUST1225,Customer_1225,West,Electronics,Smartphone,1,40503.15,0.15,5.62,Debit Card,Online
ORD14700,2025-12-27,CUST1103,Customer_1103,South,Clothing,Jacket,4,767.83,,149.31,Cash on Delivery,Online
ORD13307,2024-07-14,CUST1285,Customer_1285,South,Beauty,Lipstick,5,1963.82,0.0,63.43,Net Banking,Online
ORD10819,12/04/2025,CUST1000,Customer_1000,East,Electronics,Tablet,4,42622.4,0.15,0.0,UPI,Retail Store
ORD11826,2025-10-17,CUST1286,Customer_1286,East,Home & Kitchen,Blender,3,7171.6,0.05,0.0,Net Banking,Retail Store
ORD13617,2025-11-14,CUST1018,Customer_1018,West ,Beauty,Face Cream,3,826.85,0.0,0.0,Debit Card,Retail Store
ORD13794,2024-10-15,CUST1285,Customer_1285,West,Clothing,Jacket,3,2031.03,0.25,0.0,UPI,Retail Store
ORD11467,08/05/2024,CUST1386,Customer_1386,SOUTH,Beauty,Lipstick,5,1021.79,0.15,0.0,UPI,Retail Store
ORD14313,2025-10-02,CUST1166,Customer_1166,SOUTH,Beauty,Perfume,5,1639.68,0.0,0.0,UPI,Retail Store
ORD10621,07/08/2025,CUST1396,Customer_1396,SOUTH,Beauty,Sunscreen,5,1861.47,0.05,160.32,UPI,Online
ORD13502,14/07/2025,CUST1113,Customer_1113,north,Beauty,Lipstick,3,273.25,0.25,0.0,UPI,Retail Store
ORD14346,2024-03-26,CUST1123,Customer_1123,North,Home & Kitchen,Blender,5,7013.17,0.15,102.32,,Online
ORD11778,19/05/2024,CUST1150,Customer_1150,West,Beauty,Sunscreen,2,2234.65,0.2,0.0,Credit Card,Retail Store
ORD14769,2024-11-14,CUST1074,Customer_1074,North,Sports,Dumbbells,2,3476.42,0.0,0.0,Cash on Delivery,Retail Store
ORD10336,2025-11-25,CUST1243,Customer_1243,North,Sports,Dumbbells,4,2017.24,,0.0,Credit Card,Retail Store
ORD14907,10/12/2024,CUST1236,Customer_1236,West ,Sports,Dumbbells,5,4663.7,0.05,0.0,UPI,Retail Store
ORD11083,2025-01-09,CUST1134,Customer_1134,SOUTH,Clothing,Jeans,5,661.74,0.0,44.98,Net Banking,Online
ORD12607,2024-03-05,CUST1042,Customer_1042,West ,Beauty,Shampoo,5,1123.88,0.1,127.69,Debit Card,Online
ORD10390,2024-02-08,CUST1179,Customer_1179, East,Electronics,Smartphone,2,19757.82,0.15,0.0,Net Banking,Retail Store
ORD10737,2024-05-14,CUST1380,Customer_1380,SOUTH,Electronics,Smartwatch,3,7655.85,0.1,149.59,Debit Card,Online
ORD10113,17/05/2024,CUST1253,Customer_1253,West ,Clothing,Jacket,-1,589.71,0.25,161.76,UPI,Online
ORD11068,2024-03-30,CUST1003,Customer_1003, East,Home & Kitchen,Vacuum Cleaner,4,6424.66,0.0,79.05,UPI,Online
ORD10937,2025-11-07,CUST1355,Customer_1355, East,Sports,Cycling Helmet,4,2408.84,0.2,0.0,Net Banking,Retail Store
ORD12299,2025-10-11,CUST1133,Customer_1133,SOUTH,Home & Kitchen,Lamp,4,6289.61,0.2,46.79,Debit Card,Online
ORD11873,2024-09-25,CUST1015,Customer_1015, East,Beauty,Face Cream,5,1328.53,0.25,136.85,Net Banking,Online
ORD14704,05/05/2025,CUST1277,Customer_1277,north,Clothing,Shoes,2,1527.36,0.0,0.0,Credit Card,Retail Store
ORD11015,2025-10-03,CUST1282,Customer_1282,north,Clothing,T-Shirt,3,1695.82,0.2,0.0,Net Banking,Retail Store
ORD10257,24/11/2025,CUST1394,Customer_1394,SOUTH,Clothing,Jacket,4,2627.46,0.05,0.0,Cash on Delivery,Retail Store
ORD13193,25/12/2024,CUST1141,Customer_1141,South,Sports,Running Shoes,3,3596.15,0.05,0.0,Net Banking,Retail Store
ORD11339,06-Dec-2025,CUST1121,Customer_1121,South,Sports,Dumbbells,2,1421.22,0.1,45.59,Cash on Delivery,Online
ORD11152,2024-12-17,CUST1192,Customer_1192,north,Home & Kitchen,Lamp,5,4810.6,0.0,152.8,Cash on Delivery,Online
ORD12264,2024-01-24,CUST1020,Customer_1020,East,Sports,Running Shoes,2,1129.03,0.05,0.0,UPI,Retail Store
ORD10992,28/01/2024,CUST1245,Customer_1245, East,Electronics,Smartphone,3,1659.82,0.05,20.08,Net Banking,Online
ORD12968,23-Nov-2025,CUST1250,Customer_1250,East,Clothing,T-Shirt,2,2470.4,0.25,0.0,UPI,Retail Store
ORD12558,2025-10-14,CUST1221,Customer_1221, East,Beauty,Shampoo,1,,0.2,139.21,Net Banking,Online
ORD11009,2025-03-30,CUST1359,Customer_1359,SOUTH,Home & Kitchen,Bedsheet,4,5088.53,0.0,0.0,Credit Card,Retail Store
ORD13124,2024-01-23,CUST1393,Customer_1393,West ,Beauty,Shampoo,1,,0.0,164.48,UPI,Online
ORD14917,2025-07-19,CUST1212,Customer_1212,north,Beauty,Face Cream,2,208.67,0.25,30.07,Cash on Delivery,Online
ORD10526,2025-06-11,CUST1029,Customer_1029,South,Electronics,Laptop,5,48788.29,0.25,123.26,Cash on Delivery,Online
ORD13513,2024-01-16,CUST1242,Customer_1242,West,Sports,Cycling Helmet,4,3974.91,0.25,0.0,Net Banking,Retail Store
ORD10132,2024-04-05,CUST1203,Customer_1203, East,Electronics,Laptop,4,15727.66,0.0,0.0,Net Banking,Retail Store
ORD12462,2024-09-21,CUST1309,Customer_1309,West ,Beauty,Face Cream,2,1853.47,0.15,188.82,Net Banking,Online
ORD10035,2024-12-10,CUST1374,Customer_1374,SOUTH,Sports,Cricket Bat,3,3002.37,0.2,0.0,,Retail Store
ORD10441,2025-05-31,CUST1034,Customer_1034,West ,Electronics,Smartwatch,4,34597.19,0.0,173.27,Cash on Delivery,Online
ORD10064,2025-04-14,CUST1243,Customer_1243,North,Beauty,Perfume,5,1859.02,0.1,0.0,Credit Card,Retail Store
ORD12029,2025-04-19,CUST1393,Customer_1393,South,Home & Kitchen,Cookware Set,2,5670.05,0.0,4.31,Cash on Delivery,Online
ORD11668,2024-10-06,CUST1014,Customer_1014,north,Beauty,Face Cream,3,1531.23,0.0,0.0,UPI,Retail Store
ORD14467,2024-12-04,CUST1399,Customer_1399,north,Clothing,Dress,4,2880.29,0.0,70.6,Credit Card,Online
ORD11282,2024-08-05,CUST1218,Customer_1218, East,Electronics,Laptop,4,38652.82,0.1,108.45,Cash on Delivery,Online
ORD12175,2025-12-28,CUST1276,Customer_1276,East,Electronics,Smartwatch,5,40472.5,0.0,93.33,Net Banking,Online
ORD10638,2024-06-13,CUST1144,Customer_1144,north,Clothing,T-Shirt,3,2932.77,0.0,21.25,Debit Card,Online
ORD13068,2025-10-02,CUST1042,Customer_1042, East,Beauty,Perfume,3,2082.94,0.15,3.83,Net Banking,Online
ORD11224,2024-07-19,CUST1131,Customer_1131,South,Sports,Dumbbells,1,4691.92,0.25,92.72,Net Banking,Online
ORD13338,2024-01-08,CUST1307,Customer_1307, East,Sports,Yoga Mat,3,5444.81,0.05,0.0,UPI,Retail Store
ORD14739,05-Apr-2025,CUST1160,Customer_1160,North,Clothing,Dress,2,2586.72,0.0,158.82,Cash on Delivery,Online
ORD11218,2024-11-15,CUST1272,Customer_1272,North,Home & Kitchen,Blender,4,7667.9,0.1,178.77,UPI,Online
ORD11598,2024-05-19,CUST1299,Customer_1299,SOUTH,Clothing,Shoes,1,2610.64,0.25,0.0,Debit Card,Retail Store
ORD12725,01/05/2024,CUST1158,Customer_1158, East,Sports,Cycling Helmet,2,924.58,0.0,0.0,Cash on Delivery,Retail Store
ORD12836,2024-05-01,CUST1276,Customer_1276, East,Clothing,Dress,5,2385.74,0.25,151.31,Net Banking,Online
ORD13743,2024-08-18,CUST1346,Customer_1346,north,Electronics,Smartwatch,2,11459.82,0.15,122.29,Debit Card,Online
ORD13928,2024-08-26,CUST1076,Customer_1076,North,Electronics,Tablet,5,2582.17,0.15,87.09,Credit Card,Online
ORD10767,2025-05-18,CUST1387,Customer_1387,West ,Sports,Dumbbells,3,2836.78,0.0,0.0,Net Banking,Retail Store
ORD12572,2025-04-28,CUST1026,Customer_1026,north,Clothing,Jeans,5,1578.61,0.0,0.76,Net Banking,Online
ORD14279,05/07/2025,CUST1230,Customer_1230,South,Home & Kitchen,Cookware Set,4,5000.07,0.0,156.7,Net Banking,Online
ORD11294,2025-10-22,CUST1275,Customer_1275,North,Electronics,Smartwatch,4,55754.25,0.15,0.0,Credit Card,Retail Store
ORD13274,2024-11-16,CUST1292,Customer_1292, East,Electronics,Laptop,1,6750.06,0.0,0.0,,Retail Store
ORD13309,2025-09-14,CUST1365,Customer_1365,SOUTH,Sports,Yoga Mat,3,4372.54,0.0,159.4,Cash on Delivery,Online
ORD11108,2024-07-05,CUST1350,Customer_1350,East,Sports,Cricket Bat,2,5741.35,0.15,24.21,Credit Card,Online
ORD11659,2025-04-22,CUST1306,Customer_1306,South,Clothing,T-Shirt,5,1024.76,0.0,163.92,Cash on Delivery,Online
ORD11744,2024-07-11,CUST1100,Customer_1100,,Clothing,Shoes,2,1193.74,0.0,0.0,Debit Card,Retail Store
ORD11278,2024-06-25,CUST1219,Customer_1219,East,Electronics,Smartwatch,3,7355.08,0.05,57.41,Credit Card,Online
ORD13525,2024-06-09,CUST1081,Customer_1081,SOUTH,Beauty,Shampoo,1,1116.16,0.0,192.14,Credit Card,Online
ORD14329,16/04/2024,CUST1106,Customer_1106,West,Home & Kitchen,Bedsheet,4,7716.86,0.25,84.12,Net Banking,Online
ORD10129,2025-11-15,CUST1086,Customer_1086,North,Home & Kitchen,Cookware Set,2,4566.03,0.0,168.51,Cash on Delivery,Online
ORD12700,2025-02-07,CUST1066,Customer_1066,north,Clothing,Jeans,-2,1810.81,0.1,0.0,,Retail Store
ORD12255,2025-11-16,CUST1301,Customer_1301,West ,Home & Kitchen,Cookware Set,1,2503.39,0.0,22.4,Cash on Delivery,Online
ORD10027,2024-08-28,CUST1081,Customer_1081,SOUTH,Beauty,Lipstick,3,1288.8,0.1,27.67,Net Banking,Online
ORD12941,2024-07-25,CUST1343,Customer_1343,West ,Home & Kitchen,Vacuum Cleaner,5,6404.18,0.0,158.47,Cash on Delivery,Online
ORD14294,2024-12-05,CUST1357,Customer_1357,South,Clothing,Jacket,2,1270.82,0.0,0.0,Debit Card,Retail Store
ORD14223,2024-10-08,CUST1145,Customer_1145,West ,Clothing,Dress,2,2687.84,0.0,0.0,Cash on Delivery,Retail Store
ORD10452,2024-07-15,CUST1198,Customer_1198,north,Clothing,T-Shirt,1,1500.36,0.15,196.02,Debit Card,Online
ORD11234,2025-02-11,CUST1202,Customer_1202,North,Clothing,Jeans,1,2981.95,0.1,0.0,Cash on Delivery,Retail Store
ORD14593,21-Jun-2025,CUST1057,Customer_1057,North,Clothing,Shoes,2,2457.65,0.0,0.0,Net Banking,Retail Store
ORD11719,2024-04-15,CUST1345,Customer_1345,north,Clothing,Shoes,-4,1449.38,,41.6,Debit Card,Online
ORD14863,30/07/2025,CUST1014,Customer_1014,North,Electronics,Tablet,5,10675.39,0.25,0.0,Cash on Delivery,Retail Store
ORD13113,2024-10-04,CUST1230,Customer_1230, East,Sports,Running Shoes,1,1200.91,0.0,155.55,Net Banking,Online
ORD10459,14/03/2025,CUST1286,Customer_1286,South,Electronics,Laptop,4,37612.17,0.25,90.82,UPI,Online
ORD12391,2025-04-02,CUST1385,Customer_1385,East,Beauty,Sunscreen,3,2492.63,0.0,0.0,Credit Card,Retail Store
ORD10680,2024-04-02,CUST1079,Customer_1079,West,Sports,Cycling Helmet,2,2316.21,0.1,93.54,UPI,Online
ORD12009,27-Dec-2024,CUST1020,Customer_1020,north,Clothing,Jeans,2,677.8,0.05,0.0,Cash on Delivery,Retail Store
ORD12466,2024-09-15,CUST1102,Customer_1102,South,Electronics,Laptop,2,,0.1,89.92,Cash on Delivery,Online
ORD11747,02/11/2025,CUST1075,Customer_1075,North,Beauty,Face Cream,4,546.82,0.05,0.0,UPI,Retail Store
ORD14511,2025-11-22,CUST1227,Customer_1227, East,Beauty,Face Cream,4,,0.25,53.4,Net Banking,Online
ORD11954,2025-05-17,CUST1343,Customer_1343,SOUTH,Sports,Yoga Mat,3,4566.32,0.0,120.63,Debit Card,Online
ORD10361,26/04/2025,CUST1389,Customer_1389,north,Clothing,Jacket,3,1441.91,0.0,0.0,Cash on Delivery,Retail Store
ORD11804,2024-07-15,CUST1346,Customer_1346,West,Beauty,Perfume,3,2191.82,0.05,0.0,Credit Card,Retail Store
ORD13808,2024-03-24,CUST1072,Customer_1072,West,Electronics,Laptop,5,27072.7,0.0,0.0,Credit Card,Retail Store
ORD14861,2024-07-13,CUST1339,Customer_1339,SOUTH,Electronics,Headphones,1,57470.12,0.25,0.0,Net Banking,Retail Store
ORD10202,2024-01-27,CUST1133,Customer_1133,north,Home & Kitchen,Cookware Set,2,6929.87,0.0,0.0,UPI,Retail Store
ORD10934,28/06/2024,CUST1296,Customer_1296,South,Beauty,Sunscreen,2,2235.25,0.05,58.89,Debit Card,Online
ORD14508,03/04/2025,CUST1333,Customer_1333, East,Electronics,Smartphone,2,17077.19,0.0,124.87,,Online
ORD14808,2025-02-23,CUST1076,Customer_1076,north,Home & Kitchen,Lamp,3,3544.58,0.1,0.0,UPI,Retail Store
ORD10964,17-Oct-2024,CUST1243,Customer_1243,,Sports,Yoga Mat,2,5735.29,0.0,0.0,Credit Card,Retail Store
ORD10124,2024-02-29,CUST1356,Customer_1356, East,Beauty,Lipstick,2,679.56,0.25,77.68,Net Banking,Online
ORD14600,2025-11-17,CUST1206,Customer_1206,South,Electronics,Laptop,5,34613.34,0.25,0.0,UPI,Retail Store
ORD14834,2025-11-18,CUST1168,Customer_1168,West,Beauty,Face Cream,2,969.68,0.25,0.0,UPI,Retail Store
ORD11965,2025-10-17,CUST1099,Customer_1099,South,Beauty,Face Cream,1,2478.51,0.0,165.69,Cash on Delivery,Online
ORD12515,2024-04-04,CUST1248,Customer_1248,,Sports,Cricket Bat,4,761.2,0.2,137.25,Debit Card,Online
ORD14197,2024-01-14,CUST1372,Customer_1372,East,Beauty,Sunscreen,3,702.18,0.05,33.76,Cash on Delivery,Online
ORD10446,2025-04-20,CUST1192,Customer_1192,South,Electronics,Headphones,2,36424.77,0.15,81.5,Cash on Delivery,Online
ORD14807,10/09/2024,CUST1239,Customer_1239,East,Sports,Running Shoes,1,870.41,0.0,176.49,Net Banking,Online
ORD10647,2024-06-22,CUST1376,Customer_1376,north,Clothing,Shoes,5,1148.79,0.05,184.9,,Online
ORD14100,2025-01-25,CUST1072,Customer_1072,West,Electronics,Smartphone,3,53835.38,0.2,91.16,Debit Card,Online
ORD12452,25/02/2025,CUST1313,Customer_1313,West ,Clothing,T-Shirt,5,781.05,0.05,60.33,Credit Card,Online
ORD13383,2024-11-14,CUST1015,Customer_1015,East,Sports,Yoga Mat,1,3572.51,0.0,0.0,UPI,Retail Store
ORD11757,2025-05-05,CUST1281,Customer_1281,North,Beauty,Perfume,4,2054.59,0.15,28.46,Cash on Delivery,Online
ORD11588,2025-02-22,CUST1385,Customer_1385,North,Electronics,Laptop,4,44268.0,0.0,0.0,Net Banking,Retail Store
ORD10935,13/04/2025,CUST1072,Customer_1072,North,Beauty,Lipstick,5,2476.55,0.0,149.86,Cash on Delivery,Online
ORD11450,2024-06-12,CUST1127,Customer_1127,north,Beauty,Perfume,4,761.42,0.2,4.34,UPI,Online
ORD14246,2025-10-07,CUST1332,Customer_1332,South,Clothing,Jacket,5,2840.03,0.05,0.0,Credit Card,Retail Store
ORD13403,2025-01-18,CUST1256,Customer_1256,South,Home & Kitchen,Bedsheet,3,4878.18,0.0,2.12,Net Banking,Online
ORD11353,2024-12-04,CUST1072,Customer_1072, East,Beauty,Face Cream,4,898.84,0.1,0.0,UPI,Retail Store
ORD12961,2025-01-10,CUST1148,Customer_1148,West,Electronics,Laptop,4,45274.0,0.0,7.95,Cash on Delivery,Online
ORD11188,2025-08-06,CUST1108,Customer_1108,north,Electronics,Tablet,4,4126.86,0.0,0.0,Net Banking,Retail Store
ORD10217,17/03/2024,CUST1339,Customer_1339,SOUTH,Beauty,Shampoo,5,1338.08,0.0,0.0,Debit Card,Retail Store
ORD11415,06-Nov-2024,CUST1246,Customer_1246,North,Electronics,Headphones,4,52798.95,0.0,57.87,Debit Card,Online
ORD14320,04/11/2024,CUST1066,Customer_1066,West ,Clothing,Jeans,3,2098.39,0.0,0.0,UPI,Retail Store
ORD13857,2024-07-17,CUST1187,Customer_1187,SOUTH,Sports,Cricket Bat,1,1604.13,0.25,0.0,Cash on Delivery,Retail Store
ORD14809,05-Apr-2024,CUST1139,Customer_1139,West ,Home & Kitchen,Blender,1,6345.91,0.0,0.0,Credit Card,Retail Store
ORD10877,18-Feb-2024,CUST1153,Customer_1153,north,Electronics,Smartphone,5,17023.91,0.2,0.0,Net Banking,Retail Store
ORD13766,24/10/2024,CUST1207,Customer_1207,North,Electronics,Smartphone,1,20680.9,0.0,62.9,Net Banking,Online
ORD12022,2024-02-06,CUST1286,Customer_1286, East,Home & Kitchen,Cookware Set,1,3111.82,0.1,0.0,Cash on Delivery,Retail Store
ORD10066,2025-11-12,CUST1050,Customer_1050,East,Electronics,Tablet,2,53453.32,0.15,18.24,Cash on Delivery,Online
ORD13701,2025-04-13,CUST1189,Customer_1189,West ,Sports,Cycling Helmet,1,4993.06,0.0,35.68,Net Banking,Online
ORD11481,2025-03-03,CUST1033,Customer_1033,West,Home & Kitchen,Bedsheet,5,6046.96,0.25,0.0,Cash on Delivery,Retail Store
ORD14557,2024-09-29,CUST1073,Customer_1073,north,Beauty,Lipstick,-5,812.32,0.05,183.01,Debit Card,Online
ORD10736,2024-05-08,CUST1240,Customer_1240,East,Home & Kitchen,Cookware Set,3,5872.36,0.05,131.84,Debit Card,Online
ORD11846,2025-12-11,CUST1292,Customer_1292,West,Electronics,Smartphone,5,54745.44,0.0,118.77,Debit Card,Online
ORD10272,20-Feb-2024,CUST1211,Customer_1211,North,Clothing,T-Shirt,2,1529.43,0.0,56.42,Debit Card,Online
ORD11490,19-Jun-2025,CUST1157,Customer_1157,West ,Sports,Running Shoes,1,1866.59,0.0,0.0,UPI,Retail Store
ORD14872,2024-12-23,CUST1107,Customer_1107,South,Beauty,Sunscreen,4,2491.88,0.0,96.51,Net Banking,Online
ORD13659,27/07/2025,CUST1214,Customer_1214,East,Electronics,Headphones,3,20723.68,0.25,72.38,Credit Card,Online
ORD14220,2024-05-26,CUST1364,Customer_1364,South,Electronics,Smartwatch,3,35853.77,0.05,135.49,Debit Card,Online
ORD14178,17-Jul-2025,CUST1317,Customer_1317,West,Sports,Yoga Mat,3,404.82,0.0,0.0,Debit Card,Retail Store
ORD11944,01/12/2025,CUST1095,Customer_1095,West ,Beauty,Lipstick,3,2143.33,0.05,0.0,Net Banking,Retail Store
ORD10660,2025-12-20,CUST1234,Customer_1234,West,Clothing,T-Shirt,3,1316.77,0.1,198.63,Cash on Delivery,Online
ORD11446,30-Jan-2024,CUST1325,Customer_1325,West,Sports,Cricket Bat,5,3795.13,0.0,0.0,Cash on Delivery,Retail Store
ORD12801,2025-04-27,CUST1226,Customer_1226,,Electronics,Laptop,3,13812.65,0.0,21.69,Net Banking,Online
ORD13051,2025-05-16,CUST1190,Customer_1190,north,Home & Kitchen,Cookware Set,1,2366.72,0.0,0.0,Cash on Delivery,Retail Store
ORD10288,2024-02-25,CUST1171,Customer_1171,North,Home & Kitchen,Lamp,4,6107.59,0.2,65.37,UPI,Online
ORD11776,18-Aug-2025,CUST1240,Customer_1240,West,Home & Kitchen,Vacuum Cleaner,3,2711.83,0.0,138.25,Cash on Delivery,Online
ORD11357,2024-03-11,CUST1262,Customer_1262,North,Beauty,Face Cream,2,1879.33,0.1,0.0,Net Banking,Retail Store
ORD13875,28/01/2024,CUST1189,Customer_1189,East,Clothing,Jeans,5,384.1,0.0,81.5,Net Banking,Online
ORD14082,2025-06-19,CUST1045,Customer_1045,South,Beauty,Perfume,2,1407.7,0.0,0.0,Cash on Delivery,Retail Store
ORD13315,2024-12-10,CUST1362,Customer_1362,South,Sports,Cycling Helmet,4,4358.3,0.0,191.75,Debit Card,Online
ORD14081,13/06/2024,CUST1124,Customer_1124,North,Sports,Running Shoes,2,1051.4,0.25,79.2,UPI,Online
ORD13555,2024-01-11,CUST1329,Customer_1329,North,Beauty,Perfume,3,2420.35,0.05,0.0,UPI,Retail Store
ORD10226,2024-04-14,CUST1102,Customer_1102,West,Home & Kitchen,Cookware Set,3,6382.68,0.25,0.0,Net Banking,Retail Store
ORD10760,26-Oct-2025,CUST1036,Customer_1036,South,Sports,Yoga Mat,5,5941.71,0.0,18.83,UPI,Online
ORD10514,30/10/2025,CUST1263,Customer_1263,South,Home & Kitchen,Bedsheet,4,,0.0,0.0,Cash on Delivery,Retail Store
ORD14050,2025-07-10,CUST1006,Customer_1006,SOUTH,Electronics,Smartwatch,1,13277.08,0.05,55.41,UPI,Online
ORD11605,2025-10-20,CUST1355,Customer_1355,West ,Clothing,Jacket,1,1552.29,0.15,0.0,Debit Card,Retail Store
ORD14969,2024-03-20,CUST1066,Customer_1066,West,Home & Kitchen,Vacuum Cleaner,1,7561.02,0.05,0.0,Net Banking,Retail Store
ORD14973,2025-07-24,CUST1116,Customer_1116,West ,Beauty,Shampoo,1,325.36,0.0,0.0,Debit Card,Retail Store
ORD12917,2025-07-15,CUST1093,Customer_1093,West,Home & Kitchen,Blender,1,6804.64,0.2,0.0,UPI,Retail Store
ORD12891,2025-05-24,CUST1346,Customer_1346,West,Home & Kitchen,Cookware Set,3,6797.21,0.0,46.53,UPI,Online
ORD13594,2025-07-14,CUST1353,Customer_1353,SOUTH,Home & Kitchen,Vacuum Cleaner,2,2880.34,0.0,5.58,UPI,Online
ORD10908,2024-02-24,CUST1046,Customer_1046,West,Sports,Yoga Mat,2,3084.2,0.0,181.6,Debit Card,Online
ORD10800,2025-03-02,CUST1081,Customer_1081,north,Beauty,Face Cream,3,829.91,0.05,0.0,Debit Card,Retail Store
ORD10768,2024-02-19,CUST1156,Customer_1156,North,Beauty,Perfume,1,1530.55,0.15,0.0,UPI,Retail Store
ORD10193,2024-10-09,CUST1040,Customer_1040,North,Beauty,Shampoo,2,307.48,0.15,0.0,Net Banking,Retail Store
ORD13664,2024-05-21,CUST1221,Customer_1221,East,Electronics,Laptop,3,18482.88,0.0,0.0,Cash on Delivery,Retail Store
ORD10742,2024-10-30,CUST1051,Customer_1051,,Clothing,Dress,2,710.54,0.2,0.0,Cash on Delivery,Retail Store
ORD14143,2024-06-03,CUST1168,Customer_1168, East,Beauty,Sunscreen,4,804.62,0.2,0.0,Credit Card,Retail Store
ORD11454,2025-07-22,CUST1070,Customer_1070,East,Home & Kitchen,Blender,5,2027.09,0.25,88.94,Debit Card,Online
ORD10612,10/09/2025,CUST1069,Customer_1069,South,Clothing,Jeans,3,2828.63,0.0,20.72,Debit Card,Online
ORD13416,2025-08-31,CUST1004,Customer_1004,West,Sports,Yoga Mat,3,3628.7,0.25,0.0,Debit Card,Retail Store
ORD11870,21/01/2024,CUST1297,Customer_1297, East,Clothing,T-Shirt,4,2434.92,0.0,0.0,Credit Card,Retail Store
ORD13822,2025-12-04,CUST1351,Customer_1351,SOUTH,Beauty,Perfume,4,2083.99,0.0,0.0,Cash on Delivery,Retail Store
ORD10401,02-Apr-2024,CUST1196,Customer_1196,West,Home & Kitchen,Vacuum Cleaner,1,559.0,0.1,171.88,UPI,Online
ORD14057,2024-08-09,CUST1232,Customer_1232,North,Beauty,Face Cream,3,1477.88,0.25,0.0,Debit Card,Retail Store
ORD10849,2024-08-22,CUST1033,Customer_1033,north,Beauty,Face Cream,4,1196.52,0.15,33.71,Cash on Delivery,Online
ORD13969,2024-11-05,CUST1252,Customer_1252,North,Sports,Cycling Helmet,2,4579.25,0.0,0.0,Net Banking,Retail Store
ORD11728,15/06/2024,CUST1003,Customer_1003,SOUTH,Home & Kitchen,Blender,5,5788.09,0.15,139.26,Debit Card,Online
ORD10374,2024-02-19,CUST1083,Customer_1083,South,Sports,Yoga Mat,2,2749.28,0.15,153.29,Net Banking,Online
ORD12935,2025-03-23,CUST1099,Customer_1099, East,Sports,Yoga Mat,1,5521.21,0.25,189.46,Credit Card,Online
ORD10537,2025-11-16,CUST1026,Customer_1026,East,Home & Kitchen,Cookware Set,3,1886.3,0.0,0.0,UPI,Retail Store
ORD14112,2024-04-06,CUST1018,Customer_1018,North,Beauty,Shampoo,3,1864.84,0.0,0.0,Net Banking,Retail Store
ORD13159,13/03/2025,CUST1243,Customer_1243,East,Clothing,Dress,2,1177.82,0.25,144.14,Debit Card,Online
ORD11007,2024-02-15,CUST1340,Customer_1340,West,Electronics,Laptop,1,14916.23,0.2,0.0,Debit Card,Retail Store
ORD14882,2024-12-14,CUST1327,Customer_1327,East,Electronics,Smartphone,5,7642.95,0.1,0.0,Net Banking,Retail Store
ORD14396,12-Jul-2025,CUST1336,Customer_1336,East,Beauty,Face Cream,5,262.06,0.15,50.04,Credit Card,Online
ORD14610,2025-02-14,CUST1320,Customer_1320,East,Electronics,Laptop,1,33990.86,0.1,0.0,Debit Card,Retail Store
ORD10578,2025-07-20,CUST1264,Customer_1264,SOUTH,Clothing,Shoes,2,1661.49,0.1,18.65,Debit Card,Online
ORD10692,2025-03-03,CUST1235,Customer_1235,SOUTH,Home & Kitchen,Blender,5,2721.08,0.15,119.16,UPI,Online
ORD11611,09/08/2025,CUST1051,Customer_1051,north,Electronics,Headphones,4,41151.56,0.25,97.78,Net Banking,Online
ORD12734,25/06/2025,CUST1394,Customer_1394,north,Electronics,Tablet,1,27143.86,0.0,2.61,Debit Card,Online
ORD14986,2025-01-05,CUST1372,Customer_1372,SOUTH,Beauty,Face Cream,5,1818.8,0.05,84.26,UPI,Online
ORD14248,29-Nov-2024,CUST1155,Customer_1155,West,Home & Kitchen,Blender,3,6463.8,0.15,121.11,Net Banking,Online
ORD10655,2024-11-11,CUST1133,Customer_1133,,Home & Kitchen,Lamp,4,909.75,0.0,107.2,Net Banking,Online
ORD10444,2025-01-26,CUST1043,Customer_1043,South,Sports,Cycling Helmet,3,2723.64,0.15,57.07,Credit Card,Online
ORD14981,2025-07-11,CUST1064,Customer_1064, East,Home & Kitchen,Cookware Set,3,7098.72,0.1,16.41,Net Banking,Online
ORD11829,2024-11-06,CUST1205,Customer_1205,north,Home & Kitchen,Vacuum Cleaner,4,4868.93,0.15,191.92,Cash on Delivery,Online
ORD13207,2025-10-18,CUST1265,Customer_1265,North,Clothing,T-Shirt,3,2265.98,0.25,34.21,Net Banking,Online
ORD11228,2024-08-02,CUST1103,Customer_1103,West ,Electronics,Tablet,4,36145.26,0.0,21.39,Credit Card,Online
ORD13616,2025-05-18,CUST1146,Customer_1146,South,Clothing,Dress,4,1627.21,0.0,0.0,Net Banking,Retail Store
ORD13677,2024-06-29,CUST1303,Customer_1303,West ,Beauty,Lipstick,2,220.74,0.0,0.0,Debit Card,Retail Store
ORD13044,2025-10-10,CUST1288,Customer_1288,North,Beauty,Shampoo,3,1594.25,0.0,0.0,Credit Card,Retail Store
ORD10590,2025-09-19,CUST1008,Customer_1008,north,Electronics,Smartwatch,1,25782.11,0.25,0.0,Cash on Delivery,Retail Store
ORD12906,2024-04-24,CUST1060,Customer_1060,East,Clothing,T-Shirt,2,1757.16,0.1,199.28,Cash on Delivery,Online
ORD11575,2024-06-07,CUST1311,Customer_1311,West,Home & Kitchen,Bedsheet,4,890.17,0.15,198.03,UPI,Online
ORD10478,2024-10-09,CUST1105,Customer_1105,East,Clothing,Jeans,3,,0.25,164.92,Cash on Delivery,Online
ORD14413,2025-11-27,CUST1195,Customer_1195,East,Sports,Dumbbells,3,3159.36,0.0,107.76,UPI,Online
ORD14496,2025-06-17,CUST1354,Customer_1354,West ,Clothing,T-Shirt,3,1168.36,0.1,183.08,UPI,Online
ORD12656,2024-06-07,CUST1356,Customer_1356, East,Electronics,Tablet,5,1652.59,0.1,0.0,Debit Card,Retail Store
ORD12396,2025-11-28,CUST1356,Customer_1356,North,Beauty,Sunscreen,3,2247.26,0.0,73.63,Net Banking,Online
ORD14052,2024-11-08,CUST1280,Customer_1280,SOUTH,Beauty,Shampoo,2,271.87,0.05,188.76,Net Banking,Online
ORD14749,2024-06-07,CUST1346,Customer_1346,,Sports,Yoga Mat,2,3676.85,0.25,0.0,Net Banking,Retail Store
ORD12660,26-Sep-2024,CUST1239,Customer_1239,South,Sports,Cricket Bat,2,4491.33,0.15,94.64,Credit Card,Online
ORD11871,18/02/2025,CUST1280,Customer_1280,South,Electronics,Laptop,3,552586.12,0.0,50.63,Net Banking,Online
ORD13531,04/07/2024,CUST1035,Customer_1035,North,Beauty,Shampoo,1,1851.34,0.25,146.12,Debit Card,Online
ORD12620,22-Sep-2024,CUST1339,Customer_1339,north,Clothing,T-Shirt,3,2760.27,0.2,0.0,Cash on Delivery,Retail Store
ORD10465,2025-11-24,CUST1145,Customer_1145,,Clothing,Jeans,3,1797.16,0.0,61.01,UPI,Online
ORD10743,2024-05-23,CUST1164,Customer_1164,East,Clothing,Jacket,1,2103.92,0.2,0.0,Debit Card,Retail Store
ORD12751,2024-01-26,CUST1370,Customer_1370,West ,Clothing,Dress,4,2377.14,0.05,0.0,Debit Card,Retail Store
ORD13731,2024-07-05,CUST1296,Customer_1296,South,Clothing,Shoes,-3,1331.68,0.0,148.99,Debit Card,Online
ORD10182,2024-03-01,CUST1308,Customer_1308,East,Clothing,T-Shirt,5,1958.16,0.15,0.0,Credit Card,Retail Store
ORD10242,2024-02-17,CUST1020,Customer_1020,SOUTH,Clothing,Shoes,2,415.58,0.25,0.0,Credit Card,Retail Store
ORD12716,2025-10-22,CUST1363,Customer_1363,West,Sports,Cricket Bat,5,646.13,0.1,0.0,Net Banking,Retail Store
ORD11394,26/05/2024,CUST1049,Customer_1049,West,Electronics,Tablet,4,20224.88,0.0,74.46,Debit Card,Online
ORD11053,2024-08-15,CUST1103,Customer_1103,South,Home & Kitchen,Bedsheet,1,766.41,0.2,0.0,Cash on Delivery,Retail Store
ORD13259,2025-12-14,CUST1084,Customer_1084,East,Home & Kitchen,Blender,4,842.21,0.05,0.0,Cash on Delivery,Retail Store
ORD10653,2025-04-02,CUST1342,Customer_1342, East,Beauty,Lipstick,4,2412.86,0.2,92.95,Credit Card,Online
ORD10148,2025-04-13,CUST1100,Customer_1100,north,Beauty,Face Cream,3,1063.3,0.15,134.42,Net Banking,Online
ORD10708,01/05/2025,CUST1304,Customer_1304,north,Electronics,Smartphone,2,3017.52,0.1,29.31,Debit Card,Online
ORD13586,19/07/2024,CUST1120,Customer_1120,West ,Sports,Dumbbells,4,417.85,0.05,170.98,Credit Card,Online
ORD10023,2025-09-22,CUST1339,Customer_1339,,Electronics,Laptop,5,25390.99,0.0,60.77,Net Banking,Online
ORD11285,2025-08-29,CUST1010,Customer_1010,West,Home & Kitchen,Cookware Set,3,7245.69,0.2,0.0,Credit Card,Retail Store
ORD11957,2024-04-22,CUST1039,Customer_1039,West ,Electronics,Tablet,2,58733.94,0.25,8.75,Debit Card,Online
ORD12260,16-Mar-2025,CUST1054,Customer_1054, East,Clothing,T-Shirt,1,1119.34,0.1,101.14,UPI,Online
ORD11532,2025-02-02,CUST1085,Customer_1085,West,Electronics,Headphones,2,2258.63,0.0,160.47,Cash on Delivery,Online
ORD11436,2025-10-17,CUST1031,Customer_1031,East,Clothing,Jeans,2,1212.43,0.15,0.0,Net Banking,Retail Store
ORD10919,13/10/2024,CUST1117,Customer_1117,North,Home & Kitchen,Vacuum Cleaner,5,7335.75,0.2,73.67,Debit Card,Online
ORD11199,21/02/2025,CUST1289,Customer_1289,West ,Electronics,Tablet,4,39822.53,0.1,109.43,Credit Card,Online
ORD12216,17-May-2024,CUST1003,Customer_1003,north,Home & Kitchen,Lamp,-5,5450.92,0.2,83.28,Credit Card,Online
ORD14625,2024-10-30,CUST1222,Customer_1222,SOUTH,Beauty,Perfume,4,1658.24,0.15,0.0,Credit Card,Retail Store
ORD10469,2025-01-18,CUST1297,Customer_1297,South,Beauty,Sunscreen,1,663.7,0.0,59.01,Debit Card,Online
ORD14915,2024-01-27,CUST1318,Customer_1318, East,Home & Kitchen,Bedsheet,4,5409.26,0.15,107.08,Cash on Delivery,Online
ORD13506,2025-11-14,CUST1160,Customer_1160,north,Sports,Cycling Helmet,5,5118.4,0.0,0.0,Credit Card,Retail Store
ORD10106,31/05/2024,CUST1371,Customer_1371,,Electronics,Tablet,4,39852.07,0.2,38.16,Credit Card,Online
ORD11484,2025-10-25,CUST1071,Customer_1071,South,Electronics,Tablet,5,45199.27,0.15,0.0,Cash on Delivery,Retail Store
ORD14644,2024-03-27,CUST1113,Customer_1113,SOUTH,Sports,Yoga Mat,4,1363.75,0.0,0.0,Credit Card,Retail Store
ORD10350,18-Sep-2025,CUST1354,Customer_1354,north,Clothing,Jeans,2,1412.48,0.25,0.0,UPI,Retail Store
ORD11509,2025-01-14,CUST1124,Customer_1124,West ,Beauty,Perfume,3,708.23,0.15,22.04,Debit Card,Online
ORD11260,2024-05-05,CUST1125,Customer_1125,north,Clothing,Jeans,3,740.67,0.05,32.34,UPI,Online
ORD10048,2025-04-28,CUST1047,Customer_1047,East,Clothing,T-Shirt,4,715.72,0.25,184.37,Cash on Delivery,Online
ORD10238,2024-06-21,CUST1317,Customer_1317,West,Electronics,Smartphone,3,20708.25,0.2,0.0,Debit Card,Retail Store
ORD10712,19/09/2024,CUST1259,Customer_1259,East,Electronics,Laptop,5,51026.43,0.05,137.93,Debit Card,Online
ORD11443,2024-02-29,CUST1387,Customer_1387,West ,Home & Kitchen,Cookware Set,5,3885.2,0.15,25.0,Cash on Delivery,Online
ORD14742,15/08/2025,CUST1156,Customer_1156,West ,Electronics,Tablet,4,14674.01,0.1,90.49,Credit Card,Online
ORD10158,2024-02-23,CUST1000,Customer_1000,north,Beauty,Shampoo,2,369.35,0.0,0.0,Debit Card,Retail Store
ORD13582,2025-07-13,CUST1397,Customer_1397,South,Clothing,Shoes,2,1339.23,0.1,5.04,Net Banking,Online
ORD13992,2025-07-08,CUST1253,Customer_1253, East,Electronics,Smartwatch,2,37775.03,0.2,0.0,Debit Card,Retail Store
ORD13943,2024-05-23,CUST1291,Customer_1291,SOUTH,Home & Kitchen,Blender,1,5179.05,0.05,1.22,Credit Card,Online
ORD12663,10/03/2025,CUST1351,Customer_1351,North,Clothing,Dress,2,2742.53,0.1,67.89,Credit Card,Online
ORD12718,14-Sep-2024,CUST1218,Customer_1218,West,Beauty,Lipstick,4,306.63,0.0,143.17,UPI,Online
ORD12613,2025-07-14,CUST1122,Customer_1122,SOUTH,Electronics,Smartphone,1,17462.99,0.0,12.24,UPI,Online
ORD14245,2025-01-05,CUST1123,Customer_1123,north,Sports,Cricket Bat,5,1443.87,0.1,0.0,Debit Card,Retail Store
ORD12511,2024-11-07,CUST1312,Customer_1312,north,Electronics,Laptop,1,5861.81,0.0,0.0,UPI,Retail Store
ORD10900,17-Mar-2025,CUST1049,Customer_1049,North,Beauty,Lipstick,5,1257.75,0.05,113.03,Credit Card,Online
ORD13522,2025-01-28,CUST1095,Customer_1095,West,Electronics,Smartphone,2,15295.96,,78.41,Debit Card,Online
ORD14335,2025-05-01,CUST1070,Customer_1070,East,Sports,Cycling Helmet,2,4913.9,0.0,174.38,Net Banking,Online
ORD11931,2024-10-22,CUST1390,Customer_1390,north,Home & Kitchen,Bedsheet,5,6839.8,0.1,183.49,Credit Card,Online
ORD14786,2025-03-09,CUST1022,Customer_1022,North,Clothing,Dress,5,2069.5,0.0,0.0,Cash on Delivery,Retail Store
ORD14366,2024-01-09,CUST1169,Customer_1169, East,Electronics,Smartphone,5,26320.1,0.05,157.11,Net Banking,Online
ORD13033,29/01/2024,CUST1338,Customer_1338,West,Clothing,T-Shirt,2,2179.79,0.1,0.0,Net Banking,Retail Store
ORD12771,2025-01-02,CUST1311,Customer_1311,SOUTH,Beauty,Shampoo,2,1023.29,0.0,185.41,Cash on Delivery,Online
ORD13600,2024-01-25,CUST1164,Customer_1164,South,Electronics,Laptop,5,52066.14,0.1,0.0,Debit Card,Retail Store
ORD14897,05/06/2025,CUST1174,Customer_1174,West,Sports,Cricket Bat,3,4772.2,0.25,0.0,Net Banking,Retail Store
ORD13684,2025-04-18,CUST1259,Customer_1259, East,Sports,Yoga Mat,4,5784.84,0.25,0.0,Net Banking,Retail Store
ORD13248,2024-12-16,CUST1109,Customer_1109,north,Sports,Cricket Bat,5,1330.67,0.1,0.0,Cash on Delivery,Retail Store
ORD12254,18/03/2024,CUST1012,Customer_1012,West,Electronics,Smartwatch,2,21731.55,0.15,0.0,Cash on Delivery,Retail Store
ORD12125,2024-08-29,CUST1336,Customer_1336,West ,Clothing,Jacket,2,2777.0,0.25,0.0,Debit Card,Retail Store
ORD10030,2025-01-23,CUST1065,Customer_1065,West ,Sports,Cycling Helmet,1,5254.37,0.1,0.0,UPI,Retail Store
ORD12306,2025-08-31,CUST1317,Customer_1317,North,Electronics,Tablet,5,28940.88,0.0,0.0,Credit Card,Retail Store
ORD11226,25/03/2024,CUST1132,Customer_1132,East,Electronics,Laptop,1,59588.35,0.1,23.69,Debit Card,Online
ORD13385,2024-11-25,CUST1222,Customer_1222,North,Beauty,Lipstick,1,2089.89,0.05,0.0,Cash on Delivery,Retail Store
ORD12329,2025-10-29,CUST1255,Customer_1255,SOUTH,Sports,Cricket Bat,4,4788.41,0.05,186.57,Cash on Delivery,Online
ORD10173,19/05/2024,CUST1066,Customer_1066,South,Clothing,Jacket,3,1360.97,0.05,32.87,,Online
ORD12676,2024-12-10,CUST1099,Customer_1099,West ,Electronics,Smartphone,-4,20135.48,,0.0,Cash on Delivery,Retail Store
ORD13301,2025-10-31,CUST1034,Customer_1034,north,Beauty,Lipstick,2,1519.43,0.0,70.51,Cash on Delivery,Online
ORD14690,2025-03-29,CUST1309,Customer_1309,North,Clothing,Jacket,3,1319.7,0.05,0.0,UPI,Retail Store
ORD10859,2025-09-28,CUST1051,Customer_1051,SOUTH,Clothing,Dress,3,2002.82,,176.71,Credit Card,Online
ORD11972,18-Dec-2024,CUST1292,Customer_1292,West ,Electronics,Tablet,1,4364.08,0.0,0.0,Cash on Delivery,Retail Store
ORD11917,2025-11-02,CUST1243,Customer_1243,West ,Sports,Running Shoes,2,1809.02,0.25,171.0,Net Banking,Online
ORD13349,15-Nov-2024,CUST1079,Customer_1079,East,Clothing,Jacket,2,1710.94,0.1,0.0,Cash on Delivery,Retail Store
ORD14103,2024-10-20,CUST1036,Customer_1036,West ,Clothing,T-Shirt,5,1267.47,0.0,198.84,Credit Card,Online
ORD14087,20/12/2025,CUST1269,Customer_1269,East,Home & Kitchen,Cookware Set,2,685.28,0.0,0.0,Cash on Delivery,Retail Store
ORD12491,10/07/2025,CUST1075,Customer_1075,West ,Sports,Yoga Mat,1,1329.3,0.25,0.0,Credit Card,Retail Store
ORD14980,2024-09-30,CUST1356,Customer_1356,South,Beauty,Lipstick,1,172.91,0.25,0.0,Net Banking,Retail Store
ORD10807,2025-10-21,CUST1167,Customer_1167,North,Sports,Running Shoes,3,2213.75,0.0,144.56,Net Banking,Online
ORD11469,2024-07-22,CUST1243,Customer_1243,North,Beauty,Lipstick,1,1779.24,0.2,0.0,Credit Card,Retail Store
ORD12006,2025-12-25,CUST1037,Customer_1037,SOUTH,Sports,Cricket Bat,5,2263.74,0.05,70.2,Net Banking,Online
ORD14222,2025-08-29,CUST1028,Customer_1028,East,Sports,Running Shoes,5,1806.67,0.15,56.54,Net Banking,Online
ORD14211,2025-08-15,CUST1176,Customer_1176,north,Electronics,Smartwatch,2,57139.59,0.15,89.96,Cash on Delivery,Online
ORD14843,21-May-2024,CUST1004,Customer_1004,West ,Sports,Dumbbells,3,4986.7,0.2,27.58,Cash on Delivery,Online
ORD13609,2024-04-20,CUST1206,Customer_1206,South,Beauty,Perfume,1,1716.35,0.05,47.44,Net Banking,Online
ORD10493,2025-09-01,CUST1216,Customer_1216,East,Sports,Cycling Helmet,4,5182.64,0.1,0.0,UPI,Retail Store
ORD11623,2024-04-15,CUST1215,Customer_1215,West,Beauty,Face Cream,4,1380.35,0.1,177.21,Credit Card,Online
ORD12651,2024-06-19,CUST1138,Customer_1138,North,Beauty,Sunscreen,-3,2034.97,0.0,0.0,Cash on Delivery,Retail Store
ORD14493,26/01/2024,CUST1110,Customer_1110, East,Electronics,Headphones,5,14287.15,0.25,13.38,Cash on Delivery,Online
ORD11001,2024-01-16,CUST1390,Customer_1390,,Home & Kitchen,Lamp,2,4932.31,0.25,0.0,Debit Card,Retail Store
ORD12317,12-Jun-2025,CUST1218,Customer_1218, East,Clothing,Dress,1,1732.88,0.2,39.79,Cash on Delivery,Online
ORD13686,2024-05-26,CUST1388,Customer_1388,SOUTH,Home & Kitchen,Bedsheet,1,3775.07,0.0,0.0,Debit Card,Retail Store
ORD11951,2024-10-25,CUST1114,Customer_1114, East,Clothing,Shoes,1,2897.75,0.0,0.0,Cash on Delivery,Retail Store
ORD12746,2025-04-01,CUST1301,Customer_1301,West ,Clothing,Jacket,4,2743.3,0.0,0.0,Cash on Delivery,Retail Store
ORD13485,2025-08-07,CUST1353,Customer_1353,north,Beauty,Perfume,2,708.72,0.2,0.0,Cash on Delivery,Retail Store
ORD10972,2025-02-17,CUST1378,Customer_1378,South,Electronics,Headphones,5,16849.84,0.25,157.38,Cash on Delivery,Online
ORD11308,2024-05-15,CUST1145,Customer_1145, East,Sports,Yoga Mat,2,5446.35,0.25,0.0,UPI,Retail Store
ORD10549,2025-05-18,CUST1012,Customer_1012,South,Clothing,Shoes,4,909.89,0.0,191.29,Debit Card,Online
ORD12489,2025-05-21,CUST1253,Customer_1253,East,Sports,Cycling Helmet,1,5147.19,0.25,0.0,Debit Card,Retail Store
ORD13417,11/02/2024,CUST1202,Customer_1202,West,Home & Kitchen,Blender,5,1245.58,0.1,1.11,UPI,Online
ORD14681,2025-10-04,CUST1042,Customer_1042,north,Beauty,Perfume,4,417.83,0.15,146.89,Net Banking,Online
ORD14006,2025-09-29,CUST1018,Customer_1018, East,Home & Kitchen,Cookware Set,5,3568.22,0.05,175.21,Debit Card,Online
ORD14422,2025-01-14,CUST1314,Customer_1314,North,Clothing,Jacket,1,1667.8,0.0,140.15,Net Banking,Online
ORD12811,2025-05-20,CUST1105,Customer_1105,north,Electronics,Laptop,2,35461.29,0.25,79.51,UPI,Online
ORD13905,12/11/2025,CUST1381,Customer_1381, East,Sports,Yoga Mat,4,3963.71,0.0,79.81,UPI,Online
ORD13240,30-Aug-2025,CUST1051,Customer_1051,north,Clothing,T-Shirt,5,2169.48,0.0,0.0,UPI,Retail Store
ORD14675,2025-10-26,CUST1382,Customer_1382,West,Beauty,Sunscreen,1,,0.2,0.0,UPI,Retail Store
ORD14599,2025-08-04,CUST1338,Customer_1338,East,Beauty,Sunscreen,1,865.34,0.0,151.26,Credit Card,Online
ORD12642,2025-06-19,CUST1274,Customer_1274,East,Beauty,Perfume,2,1654.66,0.1,0.0,Net Banking,Retail Store
ORD11663,2024-11-21,CUST1360,Customer_1360,North,Electronics,Smartwatch,3,25284.89,0.15,128.26,UPI,Online
ORD11701,04/08/2024,CUST1338,Customer_1338,SOUTH,Sports,Cricket Bat,5,3578.26,0.0,175.29,Debit Card,Online
ORD10016,10/07/2025,CUST1318,Customer_1318,North,Sports,Yoga Mat,1,1767.99,0.25,0.0,Net Banking,Retail Store
ORD13392,2025-04-12,CUST1378,Customer_1378, East,Clothing,Shoes,5,323.09,0.0,7.86,Credit Card,Online
ORD11058,01/01/2024,CUST1027,Customer_1027,East,Clothing,Jeans,1,2782.32,0.0,0.0,Debit Card,Retail Store
ORD10640,05/09/2024,CUST1275,Customer_1275,SOUTH,Electronics,Tablet,1,40063.07,0.15,0.0,Debit Card,Retail Store
ORD12659,23/11/2025,CUST1013,Customer_1013,,Home & Kitchen,Vacuum Cleaner,5,1621.9,0.0,0.0,Credit Card,Retail Store
ORD13010,07/06/2024,CUST1354,Customer_1354,North,Electronics,Laptop,1,15558.73,0.0,0.0,Cash on Delivery,Retail Store
ORD12169,2024-03-28,CUST1378,Customer_1378,West,Home & Kitchen,Bedsheet,4,4783.01,0.05,0.0,Credit Card,Retail Store
ORD12813,19/09/2025,CUST1066,Customer_1066,North,Beauty,Sunscreen,2,2236.66,0.2,0.0,UPI,Retail Store
ORD14260,2025-10-02,CUST1007,Customer_1007,north,Clothing,Jacket,1,1935.3,0.0,187.58,Debit Card,Online
ORD14795,2025-11-06,CUST1095,Customer_1095,north,Electronics,Headphones,2,36833.68,0.25,102.69,Debit Card,Online
ORD11186,2025-11-16,CUST1165,Customer_1165,North,Clothing,Jacket,5,1108.96,0.05,0.0,Debit Card,Retail Store
ORD13884,2024-07-25,CUST1256,Customer_1256, East,Beauty,Shampoo,2,1926.28,0.05,165.11,Net Banking,Online
ORD12662,2025-11-04,CUST1252,Customer_1252,SOUTH,Clothing,T-Shirt,1,,0.05,0.0,Cash on Delivery,Retail Store
ORD14244,2024-12-01,CUST1356,Customer_1356,North,Clothing,Jacket,2,2353.27,0.0,13.79,UPI,Online
ORD13752,2025-12-07,CUST1341,Customer_1341,,Home & Kitchen,Vacuum Cleaner,4,3424.25,,0.0,Debit Card,Retail Store
ORD11716,31/12/2025,CUST1304,Customer_1304, East,Electronics,Smartwatch,2,32542.83,0.0,0.0,Debit Card,Retail Store
ORD12960,11/12/2024,CUST1263,Customer_1263,West ,Beauty,Face Cream,3,2193.92,0.1,0.0,Cash on Delivery,Retail Store
ORD12469,2025-09-22,CUST1171,Customer_1171, East,Sports,Running Shoes,4,1157.52,0.25,62.89,Credit Card,Online
ORD11966,05-Aug-2024,CUST1382,Customer_1382,West ,Home & Kitchen,Lamp,1,7053.68,0.05,0.0,Credit Card,Retail Store
ORD11920,2025-10-18,CUST1210,Customer_1210,North,Sports,Running Shoes,1,,0.2,0.0,Cash on Delivery,Retail Store
ORD13143,2024-07-29,CUST1342,Customer_1342, East,Home & Kitchen,Cookware Set,2,7295.32,0.0,0.0,,Retail Store
ORD14552,04/12/2024,CUST1163,Customer_1163,North,Beauty,Lipstick,2,393.04,0.15,55.93,Net Banking,Online
ORD14066,2024-06-15,CUST1046,Customer_1046,,Home & Kitchen,Vacuum Cleaner,3,4157.32,0.0,135.72,Credit Card,Online
ORD12965,2025-05-03,CUST1034,Customer_1034,South,Sports,Dumbbells,1,1081.81,0.0,111.81,Net Banking,Online
ORD10585,2025-09-13,CUST1392,Customer_1392,West,Sports,Cricket Bat,2,4583.64,0.0,0.0,Net Banking,Retail Store
ORD13263,2024-11-20,CUST1163,Customer_1163, East,Clothing,Jeans,1,2287.3,0.15,0.0,Net Banking,Retail Store
ORD10036,2025-05-15,CUST1108,Customer_1108,West,Home & Kitchen,Vacuum Cleaner,3,4668.43,0.2,0.0,Cash on Delivery,Retail Store
ORD11072,04-Jun-2025,CUST1264,Customer_1264,West ,Electronics,Headphones,3,29506.89,0.0,0.0,Debit Card,Retail Store
ORD10076,2025-09-21,CUST1240,Customer_1240, East,Beauty,Perfume,3,238.38,0.0,89.95,Cash on Delivery,Online
ORD12238,24/12/2025,CUST1013,Customer_1013,West,Sports,Cricket Bat,1,1482.49,0.0,0.0,Cash on Delivery,Retail Store
ORD14941,04/09/2024,CUST1132,Customer_1132,SOUTH,Sports,Running Shoes,5,3778.55,0.0,0.0,Net Banking,Retail Store
ORD14097,2024-07-16,CUST1237,Customer_1237,West ,Sports,Running Shoes,2,902.77,0.0,0.0,Net Banking,Retail Store
ORD10997,2024-04-29,CUST1358,Customer_1358,West ,Beauty,Face Cream,1,2417.94,0.0,182.79,Cash on Delivery,Online
ORD13541,2025-09-05,CUST1286,Customer_1286,north,Electronics,Laptop,1,37529.06,0.0,47.75,Net Banking,Online
ORD12368,2024-09-11,CUST1054,Customer_1054,West ,Home & Kitchen,Vacuum Cleaner,3,2505.99,0.25,132.97,Credit Card,Online
ORD13784,2025-10-29,CUST1187,Customer_1187,North,Clothing,Shoes,2,2002.35,0.25,0.0,UPI,Retail Store
ORD14589,22/07/2025,CUST1114,Customer_1114,north,Home & Kitchen,Blender,1,753.23,0.05,1.31,Cash on Delivery,Online
ORD12049,2025-09-29,CUST1182,Customer_1182,West,Clothing,T-Shirt,5,1801.51,0.25,0.0,Cash on Delivery,Retail Store
ORD11407,2025-02-10,CUST1071,Customer_1071,north,Beauty,Perfume,5,,0.25,77.72,Debit Card,Online
ORD11905,2025-04-14,CUST1313,Customer_1313,north,Sports,Running Shoes,4,1061.76,0.05,11.43,Debit Card,Online
ORD10639,20-Mar-2024,CUST1108,Customer_1108,West,Home & Kitchen,Bedsheet,5,3341.3,0.0,0.0,Net Banking,Retail Store
ORD10375,2025-07-01,CUST1093,Customer_1093,East,Electronics,Tablet,2,52537.92,0.0,103.63,Credit Card,Online
ORD13792,16-Nov-2025,CUST1068,Customer_1068,West ,Home & Kitchen,Bedsheet,4,7924.13,0.1,0.0,Cash on Delivery,Retail Store
ORD12170,2025-03-08,CUST1082,Customer_1082,West,Beauty,Face Cream,3,574.01,0.0,26.83,Credit Card,Online
ORD14154,2025-07-13,CUST1278,Customer_1278,SOUTH,Sports,Running Shoes,2,2540.98,0.15,85.52,Debit Card,Online
ORD11327,29/09/2024,CUST1121,Customer_1121,South,Electronics,Smartwatch,4,50010.25,0.2,117.33,Credit Card,Online
ORD12786,27/09/2024,CUST1303,Customer_1303,West ,Home & Kitchen,Vacuum Cleaner,2,1554.21,0.0,132.63,Debit Card,Online
ORD12793,2024-11-07,CUST1004,Customer_1004,South,Home & Kitchen,Cookware Set,2,2175.5,0.0,86.28,Cash on Delivery,Online
ORD14350,2024-08-17,CUST1361,Customer_1361,West ,Electronics,Headphones,1,38420.15,0.1,0.0,UPI,Retail Store
ORD14935,2024-05-20,CUST1064,Customer_1064,West ,Electronics,Headphones,2,24388.26,0.0,26.66,Credit Card,Online
ORD11384,2024-05-06,CUST1324,Customer_1324, East,Home & Kitchen,Blender,5,1903.73,0.25,0.0,Cash on Delivery,Retail Store
ORD10189,2025-10-15,CUST1281,Customer_1281,South,Beauty,Shampoo,1,1560.51,0.0,61.67,Cash on Delivery,Online
ORD11515,2025-02-21,CUST1161,Customer_1161,West ,Sports,Running Shoes,4,4772.88,0.1,0.0,UPI,Retail Store
ORD14899,14-Jan-2024,CUST1094,Customer_1094,West,Electronics,Headphones,4,,0.0,20.81,Debit Card,Online
ORD14725,2025-01-01,CUST1359,Customer_1359,North,Clothing,T-Shirt,2,2033.59,0.0,0.0,Net Banking,Retail Store
ORD13935,28/02/2024,CUST1139,Customer_1139,South,Sports,Running Shoes,1,547.05,0.0,187.45,Debit Card,Online
ORD13568,2025-05-09,CUST1266,Customer_1266,north,Home & Kitchen,Vacuum Cleaner,3,5452.44,0.05,0.0,Cash on Delivery,Retail Store
ORD12059,21-Sep-2024,CUST1242,Customer_1242,West ,Electronics,Headphones,2,13946.52,0.0,54.08,Net Banking,Online
ORD10353,30/08/2024,CUST1059,Customer_1059,West,Electronics,Smartphone,4,20569.38,0.0,14.71,Cash on Delivery,Online
ORD12398,2025-04-28,CUST1392,Customer_1392,SOUTH,Beauty,Shampoo,1,517.33,0.2,0.0,UPI,Retail Store
ORD13081,2024-01-02,CUST1045,Customer_1045, East,Clothing,Jeans,2,1814.54,0.25,120.61,Cash on Delivery,Online
ORD14567,2025-07-15,CUST1349,Customer_1349,West ,Electronics,Smartwatch,4,22909.13,0.2,156.19,Cash on Delivery,Online
ORD12248,10/11/2025,CUST1239,Customer_1239, East,Sports,Dumbbells,1,4376.16,0.0,51.47,Credit Card,Online
ORD13999,2025-12-03,CUST1129,Customer_1129,SOUTH,Clothing,T-Shirt,2,1427.16,0.1,100.73,Credit Card,Online
ORD11383,25/07/2024,CUST1287,Customer_1287,North,Clothing,Shoes,4,646.85,0.05,0.0,Debit Card,Retail Store
ORD11628,2025-05-06,CUST1279,Customer_1279,north,Clothing,Dress,3,2024.7,0.0,154.3,Cash on Delivery,Online
ORD13954,13/09/2025,CUST1056,Customer_1056,East,Clothing,Shoes,1,530.03,0.0,21.85,Cash on Delivery,Online
ORD13953,2025-08-17,CUST1268,Customer_1268,North,Electronics,Smartwatch,2,30145.54,0.15,186.38,,Online
ORD12495,22/11/2025,CUST1196,Customer_1196, East,Sports,Dumbbells,2,5277.56,0.1,79.04,Debit Card,Online
ORD14187,11-Jul-2024,CUST1350,Customer_1350,North,Electronics,Smartwatch,4,22296.53,0.0,0.0,Credit Card,Retail Store
ORD12326,2025-08-27,CUST1053,Customer_1053,South,Home & Kitchen,Blender,5,4846.62,0.0,0.0,Cash on Delivery,Retail Store
ORD13408,04-Nov-2025,CUST1158,Customer_1158,West ,Sports,Running Shoes,1,2083.19,0.15,0.0,Credit Card,Retail Store
ORD14175,2024-02-23,CUST1208,Customer_1208,South,Electronics,Tablet,4,29807.24,,85.84,Debit Card,Online
ORD12929,2024-10-15,CUST1371,Customer_1371,South,Sports,Yoga Mat,1,762.75,0.0,0.0,Credit Card,Retail Store
ORD14451,2024-09-21,CUST1385,Customer_1385,SOUTH,Sports,Dumbbells,4,4162.66,0.0,183.64,UPI,Online
ORD13106,2025-07-22,CUST1014,Customer_1014,SOUTH,Electronics,Smartwatch,1,24336.56,0.15,0.0,Net Banking,Retail Store
ORD11470,23/12/2024,CUST1042,Customer_1042,West ,Clothing,T-Shirt,1,1052.38,0.0,0.0,Cash on Delivery,Retail Store
ORD11839,04/03/2024,CUST1075,Customer_1075,SOUTH,Clothing,Jacket,4,629.86,0.0,0.0,Debit Card,Retail Store
ORD14035,19/02/2024,CUST1386,Customer_1386,East,Electronics,Headphones,2,266577.49,0.0,0.0,Net Banking,Retail Store
ORD10240,2025-01-09,CUST1009,Customer_1009,,Sports,Yoga Mat,5,5406.32,0.0,0.0,Debit Card,Retail Store
ORD11517,17/07/2025,CUST1192,Customer_1192,South,Electronics,Headphones,5,10210.49,0.0,144.73,Cash on Delivery,Online
ORD12163,15/02/2024,CUST1391,Customer_1391,North,Electronics,Headphones,3,56424.83,0.15,0.0,Credit Card,Retail Store
ORD10676,2024-06-26,CUST1206,Customer_1206,North,Beauty,Face Cream,1,555.58,0.2,0.0,UPI,Retail Store
ORD14150,2025-02-22,CUST1212,Customer_1212,West,Sports,Cycling Helmet,4,4055.93,0.15,0.0,,Retail Store
ORD14770,2025-01-15,CUST1138,Customer_1138,East,Electronics,Smartwatch,2,9591.51,0.0,0.0,Debit Card,Retail Store
ORD14007,2024-01-16,CUST1123,Customer_1123,SOUTH,Clothing,Dress,2,1847.13,0.0,0.0,Credit Card,Retail Store
ORD14688,2024-08-13,CUST1051,Customer_1051,South,Electronics,Tablet,5,42113.84,0.0,25.71,,Online
ORD11382,2025-11-14,CUST1340,Customer_1340,North,Electronics,Smartwatch,5,39263.53,0.1,0.0,Net Banking,Retail Store
ORD11205,2024-03-28,CUST1012,Customer_1012,North,Sports,Dumbbells,4,3147.9,0.0,0.0,Credit Card,Retail Store
ORD12454,19/07/2025,CUST1106,Customer_1106,SOUTH,Beauty,Perfume,2,2427.27,0.2,0.0,Credit Card,Retail Store
ORD12919,10/12/2025,CUST1155,Customer_1155,West ,Clothing,Shoes,5,1389.68,0.0,0.0,Net Banking,Retail Store
ORD14171,10/12/2024,CUST1367,Customer_1367,East,Home & Kitchen,Bedsheet,2,7064.65,0.25,91.14,Debit Card,Online
ORD11027,2024-03-19,CUST1129,Customer_1129,West,Home & Kitchen,Vacuum Cleaner,1,5396.16,0.05,0.0,Debit Card,Retail Store
ORD11019,2025-07-24,CUST1335,Customer_1335, East,Sports,Cricket Bat,2,5992.38,0.1,0.0,Cash on Delivery,Retail Store
ORD11816,22/07/2024,CUST1091,Customer_1091,South,Sports,Yoga Mat,3,1062.27,0.0,79.93,Credit Card,Online
ORD13105,03/05/2025,CUST1100,Customer_1100,East,Beauty,Shampoo,1,2426.1,0.0,178.86,Debit Card,Online
ORD14278,2024-09-21,CUST1207,Customer_1207,SOUTH,Beauty,Sunscreen,3,513.26,0.1,0.0,Cash on Delivery,Retail Store
ORD13730,2024-01-01,CUST1362,Customer_1362,SOUTH,Sports,Dumbbells,2,621.28,0.0,55.88,Cash on Delivery,Online
ORD14487,2024-12-19,CUST1366,Customer_1366,,Beauty,Perfume,4,479.06,0.25,0.0,UPI,Retail Store
ORD12830,2025-12-03,CUST1305,Customer_1305,north,Beauty,Lipstick,5,795.64,0.15,0.0,Debit Card,Retail Store
ORD13399,2025-10-22,CUST1255,Customer_1255, East,Beauty,Face Cream,5,1723.6,0.0,0.0,Net Banking,Retail Store
ORD12392,2024-02-19,CUST1133,Customer_1133, East,Electronics,Laptop,1,55391.23,0.0,0.0,Cash on Delivery,Retail Store
ORD13055,2025-11-26,CUST1330,Customer_1330,SOUTH,Electronics,Laptop,3,37645.32,0.0,41.61,Net Banking,Online
ORD11483,24-May-2025,CUST1367,Customer_1367,West ,Clothing,T-Shirt,1,1780.9,0.2,0.0,Net Banking,Retail Store
ORD13318,2025-05-26,CUST1386,Customer_1386,North,Beauty,Sunscreen,-3,1228.62,0.0,0.0,Debit Card,Retail Store
ORD12373,2024-12-03,CUST1341,Customer_1341,West ,Electronics,Smartwatch,5,9663.34,0.0,0.0,Debit Card,Retail Store
ORD14276,2024-07-10,CUST1108,Customer_1108,South,Home & Kitchen,Blender,3,2994.85,0.0,32.58,Net Banking,Online
ORD14047,21/02/2025,CUST1119,Customer_1119,South,Sports,Dumbbells,3,2887.04,0.25,167.64,Credit Card,Online
ORD12367,2024-02-24,CUST1387,Customer_1387,West,Electronics,Smartwatch,5,41510.57,0.2,0.0,Credit Card,Retail Store
ORD13142,2025-06-05,CUST1073,Customer_1073,SOUTH,Clothing,T-Shirt,2,2070.73,0.2,143.02,UPI,Online
ORD13982,2024-12-11,CUST1169,Customer_1169,SOUTH,Beauty,Shampoo,2,2141.55,0.1,115.91,Net Banking,Online
ORD12623,2025-07-10,CUST1140,Customer_1140,West,Beauty,Face Cream,1,1137.71,0.0,15.05,Credit Card,Online
ORD11292,28-Jan-2024,CUST1044,Customer_1044,East,Clothing,Jacket,3,2169.29,0.25,0.0,Credit Card,Retail Store
ORD10852,2025-04-18,CUST1216,Customer_1216,SOUTH,Clothing,Jeans,1,2223.83,0.0,106.73,Debit Card,Online
ORD12814,2024-09-28,CUST1342,Customer_1342,West ,Beauty,Face Cream,1,1675.61,0.0,123.59,,Online
ORD13150,2025-02-02,CUST1257,Customer_1257,,Beauty,Shampoo,4,2120.34,0.0,47.07,Credit Card,Online
ORD13343,2025-07-29,CUST1004,Customer_1004,SOUTH,Beauty,Perfume,5,2413.48,0.05,0.0,Credit Card,Retail Store
ORD11617,2024-06-19,CUST1362,Customer_1362,East,Electronics,Smartphone,5,32100.76,0.05,161.02,UPI,Online
ORD12826,2025-03-08,CUST1296,Customer_1296, East,Clothing,Jeans,5,1276.03,0.0,0.0,Debit Card,Retail Store
ORD13177,2025-09-09,CUST1203,Customer_1203,North,Home & Kitchen,Bedsheet,4,5221.5,0.0,44.56,Net Banking,Online
ORD12614,2025-08-18,CUST1084,Customer_1084,North,Clothing,T-Shirt,5,2880.76,0.05,0.0,Debit Card,Retail Store
ORD14731,2025-12-11,CUST1246,Customer_1246,north,Electronics,Smartwatch,1,45142.27,0.25,167.98,UPI,Online
ORD14661,04/01/2025,CUST1260,Customer_1260,East,Home & Kitchen,Lamp,4,6906.82,0.25,106.57,Net Banking,Online
ORD12867,2024-06-11,CUST1109,Customer_1109,West ,Beauty,Face Cream,1,1899.98,0.0,0.0,Cash on Delivery,Retail Store
ORD14648,2025-07-14,CUST1282,Customer_1282,North,Clothing,Shoes,2,321.58,0.1,0.0,Credit Card,Retail Store
ORD13369,2024-02-16,CUST1004,Customer_1004,north,Home & Kitchen,Bedsheet,4,1552.88,0.0,42.96,Credit Card,Online
ORD14789,2025-11-10,CUST1360,Customer_1360,north,Beauty,Sunscreen,4,2487.05,0.05,0.0,Net Banking,Retail Store
ORD10140,09-Sep-2025,CUST1202,Customer_1202,West,Home & Kitchen,Bedsheet,4,6616.07,0.15,0.0,Cash on Delivery,Retail Store
ORD11589,2024-12-05,CUST1373,Customer_1373,East,Clothing,Jeans,4,990.79,0.2,73.51,Net Banking,Online
ORD14295,2025-05-28,CUST1093,Customer_1093,East,Beauty,Shampoo,3,303.13,0.1,69.39,Cash on Delivery,Online
ORD14325,2024-03-13,CUST1050,Customer_1050,North,Beauty,Lipstick,2,118484.68,0.0,45.56,,Online
ORD14560,2025-07-30,CUST1181,Customer_1181,north,Clothing,Jeans,3,2389.22,0.1,55.29,Debit Card,Online
ORD12437,2024-05-14,CUST1091,Customer_1091,East,Sports,Cricket Bat,3,,0.25,59.88,Debit Card,Online
ORD13279,24/09/2025,CUST1285,Customer_1285,South,Home & Kitchen,Vacuum Cleaner,1,3649.24,0.1,0.0,,Retail Store
ORD10778,2024-08-31,CUST1390,Customer_1390,north,Electronics,Tablet,5,,,0.0,UPI,Retail Store
ORD10820,19/11/2025,CUST1371,Customer_1371,West ,Sports,Cycling Helmet,2,5907.67,0.0,0.0,Net Banking,Retail Store
ORD14344,2024-03-22,CUST1261,Customer_1261,West ,Home & Kitchen,Lamp,2,5458.81,0.25,128.98,Debit Card,Online
ORD12745,2025-09-01,CUST1381,Customer_1381,North,Beauty,Lipstick,2,219.28,0.0,165.04,Credit Card,Online
ORD14563,06-May-2025,CUST1137,Customer_1137,North,Clothing,T-Shirt,5,1361.43,0.0,0.0,Net Banking,Retail Store
ORD13362,05/04/2025,CUST1226,Customer_1226, East,Electronics,Tablet,5,16470.74,0.0,0.0,UPI,Retail Store
ORD12532,2025-12-28,CUST1170,Customer_1170,West ,Sports,Cycling Helmet,3,1032.4,0.2,172.8,Cash on Delivery,Online
ORD11136,2025-02-12,CUST1212,Customer_1212,South,Clothing,Jacket,2,1161.05,0.0,5.56,Debit Card,Online
ORD11817,2025-01-23,CUST1383,Customer_1383,north,Electronics,Laptop,3,38389.66,0.05,0.0,Debit Card,Retail Store
ORD10229,17/05/2025,CUST1066,Customer_1066,SOUTH,Clothing,Dress,-3,2831.24,0.1,0.0,Credit Card,Retail Store
ORD10999,2025-10-16,CUST1088,Customer_1088,South,Electronics,Laptop,5,3717.02,0.25,0.0,Debit Card,Retail Store
ORD12715,2025-06-12,CUST1304,Customer_1304,north,Sports,Cycling Helmet,1,4831.48,0.0,0.0,Credit Card,Retail Store
ORD13785,2025-08-08,CUST1128,Customer_1128,West,Home & Kitchen,Cookware Set,5,4852.54,0.15,69.31,Credit Card,Online
ORD13461,2024-12-06,CUST1275,Customer_1275,SOUTH,Electronics,Smartphone,5,39200.55,0.25,0.0,Debit Card,Retail Store
ORD14639,2025-01-06,CUST1093,Customer_1093,SOUTH,Sports,Cricket Bat,5,3555.09,0.05,0.0,Debit Card,Retail Store
ORD12580,2025-03-26,CUST1231,Customer_1231,East,Beauty,Lipstick,5,1336.99,0.05,0.0,Debit Card,Retail Store
ORD14683,21-Sep-2025,CUST1230,Customer_1230, East,Clothing,Dress,2,1021.73,0.0,94.93,Credit Card,Online
ORD10024,2025-11-05,CUST1107,Customer_1107,SOUTH,Beauty,Sunscreen,5,1261.99,0.0,134.56,Credit Card,Online
ORD11118,2024-04-19,CUST1142,Customer_1142,South,Sports,Running Shoes,3,553.36,0.15,0.0,Debit Card,Retail Store
ORD12149,2024-04-01,CUST1254,Customer_1254,South,Home & Kitchen,Bedsheet,5,274290.04,0.1,0.0,Debit Card,Retail Store
ORD10628,2024-03-19,CUST1224,Customer_1224,West,Clothing,Jacket,1,2704.15,0.0,0.0,Cash on Delivery,Retail Store
ORD11471,2025-04-11,CUST1048,Customer_1048,North,Sports,Running Shoes,1,2833.21,0.2,0.0,Net Banking,Retail Store
ORD10261,2024-07-10,CUST1201,Customer_1201,West,Clothing,Shoes,1,2160.87,0.1,0.0,UPI,Retail Store
ORD11388,2024-12-30,CUST1126,Customer_1126,East,Beauty,Shampoo,4,2275.8,0.15,0.0,Debit Card,Retail Store
ORD13040,2025-08-31,CUST1123,Customer_1123,West ,Sports,Cycling Helmet,1,5882.6,0.0,0.0,Credit Card,Retail Store
ORD14071,2024-06-27,CUST1058,Customer_1058,North,Beauty,Sunscreen,4,1505.67,0.05,0.0,Cash on Delivery,Retail Store
ORD12553,27/01/2024,CUST1281,Customer_1281,East,Home & Kitchen,Bedsheet,2,2084.65,0.0,0.0,Net Banking,Retail Store
ORD12422,2024-05-17,CUST1248,Customer_1248,north,Clothing,T-Shirt,5,354.51,0.0,91.28,Debit Card,Online
ORD11695,2024-04-01,CUST1132,Customer_1132, East,Sports,Cycling Helmet,5,996.64,0.1,0.86,UPI,Online
ORD10008,11-Mar-2024,CUST1250,Customer_1250,East,Electronics,Headphones,3,50152.43,0.25,0.0,Debit Card,Retail Store
ORD11606,2025-02-14,CUST1314,Customer_1314,West,Home & Kitchen,Cookware Set,1,4128.17,0.15,0.0,UPI,Retail Store
ORD11066,04/12/2024,CUST1054,Customer_1054,South,Beauty,Sunscreen,3,1800.77,0.1,114.26,Credit Card,Online
ORD11902,2024-03-24,CUST1251,Customer_1251,South,Clothing,Jeans,2,2490.81,0.0,0.0,UPI,Retail Store
ORD12411,2024-05-22,CUST1023,Customer_1023,South,Electronics,Smartwatch,5,48415.12,0.1,0.0,Cash on Delivery,Retail Store
ORD14997,2025-11-29,CUST1267,Customer_1267,East,Home & Kitchen,Bedsheet,2,7801.36,0.0,0.0,UPI,Retail Store
ORD11713,24/01/2025,CUST1375,Customer_1375,West,Clothing,Jeans,3,702.8,0.0,0.0,Cash on Delivery,Retail Store
ORD13061,06/07/2025,CUST1103,Customer_1103,north,Clothing,Shoes,1,1901.48,0.15,17.78,Debit Card,Online
ORD10400,2024-01-22,CUST1358,Customer_1358,North,Electronics,Laptop,5,41440.2,0.1,50.6,Credit Card,Online
ORD14529,21/05/2024,CUST1025,Customer_1025,West,Sports,Running Shoes,5,4568.41,0.05,139.31,Cash on Delivery,Online
ORD14577,19/07/2025,CUST1108,Customer_1108,South,Home & Kitchen,Blender,4,4414.0,0.2,0.0,Net Banking,Retail Store
ORD11994,2025-02-26,CUST1145,Customer_1145,North,Electronics,Headphones,2,57746.43,0.0,164.16,Credit Card,Online
ORD11539,2024-11-08,CUST1240,Customer_1240,East,Clothing,Shoes,4,626.76,0.0,0.0,Debit Card,Retail Store
ORD13789,2025-07-11,CUST1287,Customer_1287,South,Beauty,Face Cream,3,2234.82,0.0,0.0,Net Banking,Retail Store
ORD14968,19/07/2024,CUST1166,Customer_1166,North,Clothing,Dress,1,804.53,0.2,138.57,UPI,Online
ORD13811,2025-12-06,CUST1234,Customer_1234,SOUTH,Home & Kitchen,Vacuum Cleaner,1,3293.39,0.15,36.58,UPI,Online
ORD14507,2024-10-16,CUST1237,Customer_1237,north,Home & Kitchen,Lamp,4,5531.17,0.2,0.0,Cash on Delivery,Retail Store
ORD13281,2025-10-08,CUST1349,Customer_1349,North,Electronics,Headphones,2,32875.56,0.15,29.85,Net Banking,Online
ORD10038,12/04/2024,CUST1118,Customer_1118,north,Electronics,Smartphone,3,32848.04,0.1,0.0,Debit Card,Retail Store
ORD12292,2024-11-29,CUST1152,Customer_1152,East,Sports,Cycling Helmet,5,3788.87,0.0,9.93,Cash on Delivery,Online
ORD13388,2025-03-18,CUST1364,Customer_1364,north,Clothing,Shoes,1,2963.28,0.0,0.0,Cash on Delivery,Retail Store
ORD10864,12/08/2024,CUST1168,Customer_1168,West,Sports,Cricket Bat,4,1842.8,0.05,185.21,Cash on Delivery,Online
ORD14905,2025-12-03,CUST1211,Customer_1211,North,Beauty,Face Cream,5,1957.64,0.05,0.0,Cash on Delivery,Retail Store
ORD14566,2025-12-09,CUST1000,Customer_1000, East,Beauty,Shampoo,2,,0.25,0.0,Credit Card,Retail Store
ORD13829,2024-01-24,CUST1321,Customer_1321,north,Beauty,Face Cream,3,2433.41,0.15,165.26,Credit Card,Online
ORD11434,23/04/2024,CUST1345,Customer_1345,SOUTH,Clothing,Jeans,2,1114.0,0.1,0.0,Debit Card,Retail Store
ORD12440,12/03/2024,CUST1084,Customer_1084,East,Home & Kitchen,Lamp,2,609.18,0.0,0.0,Credit Card,Retail Store
ORD12433,2024-06-30,CUST1252,Customer_1252,north,Electronics,Tablet,5,21773.09,0.2,0.0,Net Banking,Retail Store
ORD12375,2024-01-13,CUST1096,Customer_1096,East,Clothing,Jeans,3,1623.2,0.0,0.0,Credit Card,Retail Store
ORD14324,2024-10-12,CUST1108,Customer_1108,West ,Sports,Running Shoes,2,4293.62,0.0,181.89,Credit Card,Online
ORD14721,29-Sep-2025,CUST1367,Customer_1367,North,Electronics,Smartphone,5,44691.51,0.1,0.0,Cash on Delivery,Retail Store
ORD10207,25/11/2024,CUST1390,Customer_1390,West,Electronics,Smartphone,5,26620.47,,125.34,Credit Card,Online
ORD13328,12/12/2025,CUST1389,Customer_1389,West,Home & Kitchen,Lamp,1,4730.95,0.15,145.14,Net Banking,Online
ORD13101,22-Jan-2024,CUST1389,Customer_1389,West ,Home & Kitchen,Vacuum Cleaner,4,1600.13,0.0,49.35,Cash on Delivery,Online
ORD12568,10/08/2024,CUST1145,Customer_1145, East,Beauty,Shampoo,5,1777.33,0.25,52.38,Debit Card,Online
ORD11069,2024-01-26,CUST1118,Customer_1118,East,Clothing,Shoes,2,681.96,0.25,0.0,Credit Card,Retail Store
ORD13527,2025-07-07,CUST1014,Customer_1014,West,Beauty,Lipstick,1,273.8,0.1,69.69,Net Banking,Online
ORD12096,2024-11-29,CUST1380,Customer_1380,north,Home & Kitchen,Cookware Set,2,2422.15,0.0,0.0,UPI,Retail Store
ORD10890,2025-02-21,CUST1086,Customer_1086,north,Clothing,Dress,1,889.73,0.05,98.53,Net Banking,Online
ORD10669,03-Apr-2024,CUST1169,Customer_1169,East,Sports,Cycling Helmet,5,1341.36,0.05,95.09,Debit Card,Online
ORD10851,2025-09-27,CUST1130,Customer_1130,East,Beauty,Shampoo,3,1112.24,0.0,0.0,UPI,Retail Store
ORD14804,2025-11-03,CUST1054,Customer_1054,East,Beauty,Perfume,5,1117.75,0.0,0.0,,Retail Store
ORD11654,2025-08-19,CUST1238,Customer_1238, East,Home & Kitchen,Lamp,3,2823.3,0.05,0.0,Debit Card,Retail Store
ORD10698,2024-11-18,CUST1130,Customer_1130,West ,Beauty,Face Cream,5,637.75,0.1,124.97,Credit Card,Online
ORD14339,2025-04-15,CUST1352,Customer_1352,East,Beauty,Sunscreen,3,205.66,0.1,0.0,UPI,Retail Store
ORD10293,2024-06-23,CUST1267,Customer_1267,West,Home & Kitchen,Bedsheet,4,5511.95,0.1,0.0,Net Banking,Retail Store
ORD14849,2024-09-24,CUST1017,Customer_1017,SOUTH,Sports,Cricket Bat,1,,0.15,16.41,Cash on Delivery,Online
ORD10894,12/11/2025,CUST1063,Customer_1063,West,Home & Kitchen,Vacuum Cleaner,4,5473.4,0.05,0.0,Cash on Delivery,Retail Store
ORD12724,2025-03-26,CUST1396,Customer_1396,South,Electronics,Smartphone,3,5351.19,0.0,148.4,Net Banking,Online
ORD11325,2024-07-03,CUST1381,Customer_1381, East,Electronics,Tablet,5,15767.03,0.2,0.0,Credit Card,Retail Store
ORD12297,17-Jul-2025,CUST1377,Customer_1377,North,Beauty,Perfume,4,2257.64,0.0,186.93,Net Banking,Online
ORD10983,2024-04-27,CUST1024,Customer_1024,South,Clothing,Jeans,1,2154.32,0.0,76.52,Credit Card,Online
ORD11112,2025-04-18,CUST1070,Customer_1070,West,Sports,Running Shoes,2,2460.84,0.0,0.0,Cash on Delivery,Retail Store
ORD10631,2024-07-07,CUST1301,Customer_1301,North,Beauty,Perfume,1,1049.08,0.2,108.31,UPI,Online
ORD11967,06/12/2025,CUST1328,Customer_1328,West,Sports,Cricket Bat,4,928.6,0.05,196.21,Credit Card,Online
ORD13782,10-Jan-2024,CUST1239,Customer_1239,north,Home & Kitchen,Cookware Set,5,7030.61,0.2,0.0,Debit Card,Retail Store
ORD10212,01-Jun-2024,CUST1151,Customer_1151,South,Clothing,T-Shirt,5,2819.44,0.25,0.0,Credit Card,Retail Store
ORD14669,10/11/2025,CUST1263,Customer_1263,West,Home & Kitchen,Bedsheet,3,564.71,0.0,0.0,UPI,Retail Store
ORD11609,2025-05-19,CUST1379,Customer_1379,West ,Home & Kitchen,Lamp,1,6551.48,0.1,0.0,Debit Card,Retail Store
ORD14983,2025-03-25,CUST1185,Customer_1185,East,Beauty,Face Cream,5,528.34,0.25,0.0,UPI,Retail Store
ORD13004,2025-09-20,CUST1060,Customer_1060, East,Electronics,Smartphone,2,59059.39,0.0,42.29,Cash on Delivery,Online
ORD11287,2025-01-31,CUST1397,Customer_1397,West,Electronics,Tablet,1,27949.13,0.0,0.0,Net Banking,Retail Store
ORD12990,2025-05-19,CUST1356,Customer_1356,West ,Beauty,Lipstick,1,1538.22,0.0,0.0,Credit Card,Retail Store
ORD13512,2024-11-07,CUST1258,Customer_1258,South,Clothing,Jeans,2,2790.58,0.0,8.94,Debit Card,Online
ORD12376,2025-08-03,CUST1304,Customer_1304,SOUTH,Clothing,Shoes,3,1529.43,0.15,172.7,Debit Card,Online
ORD10198,2025-04-30,CUST1360,Customer_1360,SOUTH,Clothing,Jacket,3,2015.61,0.0,167.53,UPI,Online
ORD13696,2024-05-31,CUST1148,Customer_1148,SOUTH,Sports,Cricket Bat,2,1716.29,0.05,0.0,Net Banking,Retail Store
ORD14608,26/02/2025,CUST1041,Customer_1041,north,Sports,Yoga Mat,3,2749.19,0.05,0.0,UPI,Retail Store
ORD14049,2025-07-25,CUST1080,Customer_1080,East,Beauty,Face Cream,4,1605.15,0.05,108.95,Debit Card,Online
ORD14502,2025-08-30,CUST1173,Customer_1173,North,Electronics,Tablet,2,52112.43,0.0,0.0,Cash on Delivery,Retail Store
ORD12666,07/02/2024,CUST1197,Customer_1197, East,Clothing,T-Shirt,5,2107.28,0.0,0.0,Debit Card,Retail Store
ORD10379,29/05/2024,CUST1022,Customer_1022,north,Electronics,Laptop,1,47268.69,0.0,0.0,Net Banking,Retail Store
ORD11442,14/01/2024,CUST1042,Customer_1042,South,Beauty,Lipstick,4,830.62,0.25,0.0,Net Banking,Retail Store
ORD14512,08-Jun-2025,CUST1044,Customer_1044,East,Electronics,Laptop,3,46225.84,,152.37,Cash on Delivery,Online
ORD12271,2025-07-18,CUST1327,Customer_1327,north,Beauty,Perfume,4,379.34,0.0,0.0,Debit Card,Retail Store
ORD13464,2025-10-22,CUST1089,Customer_1089,West ,Clothing,Jeans,3,,0.25,0.0,UPI,Retail Store
ORD10523,25-Nov-2025,CUST1048,Customer_1048, East,Sports,Cricket Bat,5,5700.46,0.15,51.81,Cash on Delivery,Online
ORD14902,2024-06-11,CUST1009,Customer_1009,West,Home & Kitchen,Lamp,5,7006.49,0.15,0.0,Debit Card,Retail Store
ORD14381,10-Feb-2025,CUST1111,Customer_1111,north,Beauty,Perfume,4,1497.44,0.0,0.0,Cash on Delivery,Retail Store
ORD11934,14/07/2025,CUST1377,Customer_1377, East,Sports,Dumbbells,4,2253.23,0.1,0.0,Cash on Delivery,Retail Store
ORD10570,2024-01-11,CUST1219,Customer_1219,West,Home & Kitchen,Vacuum Cleaner,2,4516.3,0.2,64.75,Credit Card,Online
ORD14881,2025-07-02,CUST1273,Customer_1273,North,Home & Kitchen,Vacuum Cleaner,1,5248.86,0.0,198.69,UPI,Online
ORD14750,2025-10-31,CUST1223,Customer_1223,north,Home & Kitchen,Blender,4,5638.26,0.15,55.36,UPI,Online
ORD13983,19/02/2025,CUST1061,Customer_1061,East,Sports,Cycling Helmet,1,5176.59,0.2,10.95,UPI,Online
ORD14282,2025-09-05,CUST1050,Customer_1050,South,Clothing,Dress,3,654.76,0.0,135.83,Debit Card,Online
ORD13945,2025-07-21,CUST1073,Customer_1073,East,Sports,Running Shoes,3,2986.13,0.25,142.83,Cash on Delivery,Online
ORD12631,01/05/2025,CUST1174,Customer_1174,East,Electronics,Headphones,4,9752.23,0.0,137.03,Cash on Delivery,Online
ORD14092,2024-06-04,CUST1180,Customer_1180,West ,Home & Kitchen,Blender,2,1075.91,0.0,0.0,Cash on Delivery,Retail Store
ORD13171,27/03/2025,CUST1315,Customer_1315,East,Electronics,Headphones,5,50804.55,0.0,0.0,Cash on Delivery,Retail Store
ORD12876,2025-08-07,CUST1385,Customer_1385,South,Sports,Cycling Helmet,2,,0.1,0.0,Cash on Delivery,Retail Store
ORD14782,14/06/2025,CUST1292,Customer_1292,East,Sports,Cycling Helmet,2,2357.01,,30.42,Debit Card,Online
ORD13576,11/06/2025,CUST1137,Customer_1137,West,Electronics,Laptop,3,36361.65,0.05,0.0,Net Banking,Retail Store
ORD13626,2024-04-24,CUST1025,Customer_1025, East,Beauty,Perfume,1,647.41,0.15,25.16,UPI,Online
ORD14279,05/07/2025,CUST1230,Customer_1230,South,Home & Kitchen,Cookware Set,4,5000.07,0.0,156.7,Net Banking,Online
ORD14256,2025-02-13,CUST1040,Customer_1040,,Beauty,Lipstick,5,2415.57,0.0,187.44,Credit Card,Online
ORD10821,2024-12-17,CUST1184,Customer_1184,East,Beauty,Face Cream,5,,0.0,0.0,Net Banking,Retail Store
ORD13488,2024-07-08,CUST1219,Customer_1219, East,Sports,Yoga Mat,2,4683.19,0.0,119.91,Debit Card,Online
ORD13297,08/08/2025,CUST1091,Customer_1091, East,Electronics,Laptop,4,34364.95,0.0,93.54,Cash on Delivery,Online
ORD11204,2025-05-27,CUST1130,Customer_1130,north,Beauty,Sunscreen,4,652.65,0.0,0.0,Cash on Delivery,Retail Store
ORD14053,30/11/2024,CUST1283,Customer_1283,East,Sports,Cycling Helmet,2,4086.48,0.0,0.0,Net Banking,Retail Store
ORD14944,2025-07-27,CUST1292,Customer_1292,East,Clothing,Shoes,3,2005.33,0.15,103.6,Net Banking,Online
ORD12446,2025-04-11,CUST1239,Customer_1239,SOUTH,Sports,Yoga Mat,3,4067.18,0.0,0.88,Credit Card,Online
ORD13000,20-Jan-2025,CUST1019,Customer_1019,north,Beauty,Sunscreen,5,995.79,0.0,0.0,,Retail Store
ORD11664,2025-09-28,CUST1063,Customer_1063,West,Beauty,Sunscreen,4,1190.76,0.05,0.0,Net Banking,Retail Store
ORD12439,28/08/2025,CUST1352,Customer_1352,North,Electronics,Tablet,5,41687.98,0.2,134.23,Credit Card,Online
ORD12939,2025-03-01,CUST1219,Customer_1219,north,Home & Kitchen,Vacuum Cleaner,3,5900.6,0.2,110.83,UPI,Online
ORD10816,03-May-2024,CUST1330,Customer_1330,North,Clothing,Shoes,3,,0.05,2.87,Cash on Delivery,Online
ORD13682,2025-03-27,CUST1110,Customer_1110,,Electronics,Smartwatch,4,18338.51,0.1,149.71,Credit Card,Online
ORD14137,2024-06-03,CUST1098,Customer_1098,South,Beauty,Face Cream,3,2193.2,0.05,0.0,Cash on Delivery,Retail Store
ORD12085,2024-10-22,CUST1181,Customer_1181,South,Home & Kitchen,Vacuum Cleaner,4,4068.61,0.0,0.0,Debit Card,Retail Store
ORD12509,27/10/2024,CUST1231,Customer_1231, East,Clothing,T-Shirt,1,2364.74,0.0,128.14,UPI,Online
ORD12307,2025-08-08,CUST1301,Customer_1301,north,Electronics,Laptop,3,8128.63,0.0,0.0,Debit Card,Retail Store
ORD13823,2024-06-17,CUST1332,Customer_1332,north,Electronics,Smartwatch,3,16251.78,0.0,4.3,Cash on Delivery,Online
ORD11645,2025-12-17,CUST1212,Customer_1212,East,Clothing,Dress,5,1574.33,0.05,0.0,UPI,Retail Store
ORD14285,2024-07-13,CUST1273,Customer_1273,SOUTH,Home & Kitchen,Vacuum Cleaner,2,7668.77,0.25,0.0,Debit Card,Retail Store
ORD14436,2025-09-12,CUST1269,Customer_1269,South,Sports,Running Shoes,5,4270.32,0.0,0.0,UPI,Retail Store
ORD14939,20/05/2024,CUST1078,Customer_1078,north,Beauty,Shampoo,4,991.35,0.1,173.99,Debit Card,Online
ORD10750,2024-06-13,CUST1211,Customer_1211,SOUTH,Electronics,Smartwatch,3,41456.18,0.1,0.0,Cash on Delivery,Retail Store
ORD12420,2025-03-29,CUST1390,Customer_1390,West ,Beauty,Sunscreen,2,2172.44,0.2,0.0,Cash on Delivery,Retail Store
ORD11161,2025-11-12,CUST1352,Customer_1352, East,Electronics,Headphones,2,18794.14,0.1,0.0,Net Banking,Retail Store
ORD12596,2025-09-16,CUST1245,Customer_1245,north,Sports,Running Shoes,2,2211.89,0.1,0.0,UPI,Retail Store
ORD12885,2025-08-29,CUST1399,Customer_1399,West,Beauty,Shampoo,3,1702.05,0.1,0.0,Net Banking,Retail Store
ORD12570,27/07/2024,CUST1057,Customer_1057,,Electronics,Smartwatch,3,16421.7,0.0,127.13,Debit Card,Online
ORD14714,30/01/2024,CUST1288,Customer_1288,South,Clothing,Jacket,3,2202.39,0.1,0.0,UPI,Retail Store
ORD12074,2024-11-23,CUST1010,Customer_1010,north,Electronics,Headphones,1,31236.15,0.25,113.9,UPI,Online
ORD10277,2024-05-08,CUST1045,Customer_1045,SOUTH,Clothing,Jeans,4,2813.29,0.0,0.0,Net Banking,Retail Store
ORD10158,2024-02-23,CUST1000,Customer_1000,north,Beauty,Shampoo,2,369.35,0.0,0.0,Debit Card,Retail Store
ORD14287,18-Apr-2024,CUST1364,Customer_1364,West ,Home & Kitchen,Cookware Set,5,6879.54,0.0,0.0,Credit Card,Retail Store
ORD11146,2024-03-02,CUST1271,Customer_1271, East,Clothing,Dress,1,736.96,0.0,0.0,Debit Card,Retail Store
ORD10294,24-Aug-2024,CUST1027,Customer_1027,South,Beauty,Face Cream,1,2181.06,0.2,0.0,UPI,Retail Store
ORD14016,2025-02-23,CUST1164,Customer_1164,East,Clothing,Jacket,1,819.63,0.25,0.0,Cash on Delivery,Retail Store
ORD10977,03/07/2024,CUST1112,Customer_1112,West ,Clothing,Shoes,3,1198.09,0.0,114.21,Credit Card,Online
ORD10259,2025-09-20,CUST1102,Customer_1102,North,Clothing,Jeans,3,974.18,0.25,0.0,Cash on Delivery,Retail Store
ORD12206,2025-09-17,CUST1284,Customer_1284,north,Home & Kitchen,Vacuum Cleaner,4,1890.66,0.0,186.63,Credit Card,Online
ORD13200,2024-10-24,CUST1053,Customer_1053,East,Home & Kitchen,Lamp,4,4488.94,0.0,0.0,Credit Card,Retail Store
ORD11761,03-Jan-2024,CUST1344,Customer_1344,South,Home & Kitchen,Blender,4,,0.25,138.43,Cash on Delivery,Online
ORD13018,2024-02-07,CUST1235,Customer_1235, East,Electronics,Tablet,2,39025.79,0.25,5.49,Debit Card,Online
ORD12639,14/07/2025,CUST1258,Customer_1258,South,Home & Kitchen,Blender,4,4847.48,0.0,0.0,UPI,Retail Store
ORD11168,2024-07-23,CUST1072,Customer_1072,West,Home & Kitchen,Lamp,5,6749.5,0.25,0.0,Credit Card,Retail Store
ORD12314,2025-03-23,CUST1003,Customer_1003,SOUTH,Beauty,Perfume,3,1892.89,0.0,0.0,Credit Card,Retail Store
ORD12893,2025-03-19,CUST1231,Customer_1231,SOUTH,Electronics,Headphones,4,31578.16,0.2,0.0,Debit Card,Retail Store
ORD13324,2025-12-23,CUST1214,Customer_1214,East,Sports,Yoga Mat,5,3500.65,0.1,0.0,Credit Card,Retail Store
ORD10413,09/09/2024,CUST1092,Customer_1092,South,Clothing,Dress,3,873.47,0.0,56.86,UPI,Online
ORD13774,2024-11-09,CUST1025,Customer_1025,SOUTH,Beauty,Lipstick,5,1506.31,0.25,55.55,Net Banking,Online
ORD13070,2024-12-15,CUST1239,Customer_1239,West,Sports,Yoga Mat,5,2181.67,0.25,0.0,Credit Card,Retail Store
ORD14765,2025-11-19,CUST1187,Customer_1187,SOUTH,Sports,Cycling Helmet,5,5109.47,0.0,53.63,Net Banking,Online
ORD11369,2024-06-03,CUST1281,Customer_1281, East,Clothing,Dress,3,854.48,0.0,22.9,Credit Card,Online
ORD14079,2024-03-01,CUST1063,Customer_1063, East,Clothing,Jeans,4,920.27,0.25,127.01,Credit Card,Online
ORD10904,25/06/2024,CUST1000,Customer_1000,West,Beauty,Perfume,3,2454.66,0.05,39.17,Credit Card,Online
ORD12530,2025-07-14,CUST1192,Customer_1192,North,Sports,Cricket Bat,4,810.58,0.0,0.0,,Retail Store
ORD10513,2024-02-27,CUST1383,Customer_1383,West ,Clothing,T-Shirt,3,2131.46,0.0,23.47,Debit Card,Online
ORD10067,28/12/2024,CUST1043,Customer_1043, East,Electronics,Smartwatch,1,23299.84,0.2,0.0,Credit Card,Retail Store
ORD12585,2025-02-07,CUST1154,Customer_1154,SOUTH,Sports,Running Shoes,2,4149.97,0.15,0.0,UPI,Retail Store
ORD14273,2024-09-10,CUST1210,Customer_1210, East,Beauty,Face Cream,5,269.37,0.0,0.0,Credit Card,Retail Store
ORD12081,2025-06-18,CUST1352,Customer_1352,West,Clothing,Jeans,1,1401.69,0.0,0.0,Debit Card,Retail Store
ORD11314,2024-10-04,CUST1099,Customer_1099,North,Clothing,Shoes,1,2487.99,0.0,0.0,Cash on Delivery,Retail Store
ORD13620,2024-06-15,CUST1065,Customer_1065,north,Home & Kitchen,Lamp,1,712.11,0.15,0.0,Debit Card,Retail Store
ORD11726,2025-02-04,CUST1285,Customer_1285,West ,Beauty,Perfume,1,743.89,0.2,137.15,Credit Card,Online
ORD12357,2024-06-16,CUST1043,Customer_1043,South,Beauty,Perfume,2,1602.62,0.15,0.0,UPI,Retail Store
ORD14113,2025-12-04,CUST1223,Customer_1223,North,Electronics,Smartwatch,5,43898.11,0.15,0.0,Credit Card,Retail Store
ORD14530,2024-02-29,CUST1271,Customer_1271,East,Beauty,Perfume,3,503.77,0.2,0.0,Net Banking,Retail Store
ORD13310,2024-06-20,CUST1395,Customer_1395,East,Sports,Cricket Bat,3,1823.19,0.0,53.08,Credit Card,Online
ORD11790,2024-10-12,CUST1298,Customer_1298,north,Beauty,Perfume,4,2468.26,0.1,0.0,Cash on Delivery,Retail Store
ORD14776,2024-06-21,CUST1178,Customer_1178, East,Home & Kitchen,Bedsheet,5,4012.49,0.05,41.02,Cash on Delivery,Online
ORD13951,19/10/2025,CUST1122,Customer_1122,West ,Clothing,T-Shirt,3,1373.91,0.0,159.93,Net Banking,Online
ORD14305,2025-01-23,CUST1239,Customer_1239, East,Electronics,Smartwatch,5,41890.96,0.05,178.5,UPI,Online
ORD14077,31/08/2024,CUST1175,Customer_1175,West,Home & Kitchen,Lamp,3,5050.38,0.15,87.12,UPI,Online
ORD14262,2024-05-31,CUST1256,Customer_1256, East,Beauty,Face Cream,4,596.75,0.0,159.61,Net Banking,Online
ORD14687,2024-02-13,CUST1303,Customer_1303,West ,Clothing,T-Shirt,3,2151.81,0.15,101.62,Debit Card,Online
ORD12173,2025-04-25,CUST1085,Customer_1085,West,Sports,Cycling Helmet,3,597.87,0.0,0.0,Debit Card,Retail Store
ORD11936,21/07/2024,CUST1228,Customer_1228,north,Home & Kitchen,Bedsheet,1,6318.56,0.15,138.69,UPI,Online
ORD12116,2024-03-20,CUST1293,Customer_1293,north,Home & Kitchen,Blender,4,5305.37,0.05,132.95,Credit Card,Online
ORD13768,16/12/2024,CUST1306,Customer_1306,West ,Clothing,Shoes,5,1059.45,0.0,192.31,Debit Card,Online
ORD11397,2024-02-18,CUST1378,Customer_1378,East,Sports,Dumbbells,2,5872.96,0.0,192.18,Credit Card,Online
ORD11244,2024-05-19,CUST1394,Customer_1394, East,Beauty,Sunscreen,4,855.6,0.1,95.65,Debit Card,Online
ORD14033,15/07/2024,CUST1225,Customer_1225,SOUTH,Electronics,Tablet,5,23181.35,0.0,135.67,Net Banking,Online
ORD10149,2025-10-12,CUST1160,Customer_1160,East,Electronics,Smartphone,3,23338.41,0.25,97.93,Net Banking,Online
ORD11172,2025-01-20,CUST1226,Customer_1226, East,Beauty,Shampoo,5,643.27,0.1,0.0,UPI,Retail Store
ORD12348,2024-09-19,CUST1116,Customer_1116,north,Sports,Yoga Mat,3,2939.68,0.15,110.13,Net Banking,Online
ORD11192,10-Feb-2024,CUST1057,Customer_1057,South,Home & Kitchen,Cookware Set,5,1897.17,0.0,178.89,Debit Card,Online
ORD10184,2025-09-18,CUST1375,Customer_1375,South,Home & Kitchen,Cookware Set,2,3437.01,0.15,66.23,Cash on Delivery,Online
ORD10887,19/08/2025,CUST1070,Customer_1070,West,Sports,Cycling Helmet,5,5375.09,0.05,0.0,Credit Card,Retail Store
ORD10920,2024-02-08,CUST1284,Customer_1284,North,Sports,Cycling Helmet,2,4304.27,0.15,40.93,UPI,Online
ORD11818,2025-11-21,CUST1231,Customer_1231, East,Electronics,Laptop,1,52821.17,0.15,46.17,Credit Card,Online
ORD11487,2024-05-18,CUST1086,Customer_1086,West ,Clothing,Dress,5,2912.13,0.0,0.0,Cash on Delivery,Retail Store
ORD12926,2024-02-26,CUST1211,Customer_1211,West,Electronics,Headphones,-1,1244164.53,0.25,0.0,Debit Card,Retail Store
ORD14284,2025-09-29,CUST1168,Customer_1168,South,Sports,Dumbbells,1,1519.01,0.0,53.54,Net Banking,Online
ORD13593,07-Nov-2024,CUST1325,Customer_1325,East,Electronics,Smartwatch,2,24133.11,0.0,121.47,Debit Card,Online
ORD11872,2025-03-11,CUST1382,Customer_1382,north,Beauty,Face Cream,5,239.63,0.1,0.0,UPI,Retail Store
ORD14526,2024-03-01,CUST1052,Customer_1052,North,Clothing,Shoes,1,2221.18,0.0,168.29,Debit Card,Online
ORD14391,2024-07-31,CUST1077,Customer_1077,West,Clothing,Dress,1,2884.43,0.0,52.05,UPI,Online
ORD10667,2024-12-19,CUST1034,Customer_1034,West,Electronics,Laptop,2,6990.1,0.05,0.0,UPI,Retail Store
ORD12899,27/07/2024,CUST1247,Customer_1247,West,Clothing,Shoes,1,709.35,0.0,37.21,UPI,Online
ORD13426,27-Aug-2024,CUST1191,Customer_1191,SOUTH,Sports,Running Shoes,5,2111.68,0.1,0.0,Debit Card,Retail Store
ORD10672,2025-01-26,CUST1333,Customer_1333,North,Home & Kitchen,Cookware Set,1,3094.94,0.05,0.0,Debit Card,Retail Store
ORD11908,24-Jul-2024,CUST1208,Customer_1208, East,Sports,Cycling Helmet,5,3332.97,0.25,0.0,Cash on Delivery,Retail Store
ORD12108,2025-05-10,CUST1202,Customer_1202,South,Clothing,T-Shirt,3,779.07,0.2,0.0,Debit Card,Retail Store
ORD11646,2025-04-27,CUST1209,Customer_1209,SOUTH,Clothing,Dress,1,1359.21,0.0,35.76,Credit Card,Online
ORD12035,2024-12-10,CUST1189,Customer_1189,West ,Sports,Dumbbells,3,5305.01,0.0,174.57,UPI,Online
ORD11681,2024-05-27,CUST1352,Customer_1352,North,Sports,Running Shoes,1,4170.47,0.0,0.0,Debit Card,Retail Store
ORD12231,06/09/2025,CUST1319,Customer_1319,West ,Home & Kitchen,Cookware Set,5,3478.49,0.0,0.0,Debit Card,Retail Store
ORD10264,2024-01-21,CUST1030,Customer_1030,SOUTH,Clothing,Jacket,4,2310.4,0.15,115.37,Net Banking,Online
ORD13299,2024-06-14,CUST1235,Customer_1235,West ,Clothing,T-Shirt,1,1718.66,0.0,0.0,Debit Card,Retail Store
ORD11323,2025-11-25,CUST1061,Customer_1061,West ,Electronics,Tablet,4,59660.41,0.25,0.0,UPI,Retail Store
ORD12504,2024-02-21,CUST1363,Customer_1363,South,Sports,Yoga Mat,4,2369.05,0.0,44.05,Cash on Delivery,Online
ORD10596,2024-12-28,CUST1054,Customer_1054,East,Electronics,Smartphone,1,12441.24,0.0,0.0,Cash on Delivery,Retail Store
ORD10092,2025-01-05,CUST1207,Customer_1207,North,Home & Kitchen,Bedsheet,2,6359.84,0.15,135.81,Net Banking,Online
ORD11411,04-Mar-2024,CUST1340,Customer_1340, East,Beauty,Lipstick,2,2089.98,0.0,7.54,Cash on Delivery,Online
ORD13470,2024-04-07,CUST1020,Customer_1020,North,Clothing,Shoes,5,2235.39,0.2,0.0,Cash on Delivery,Retail Store
ORD14766,10-Apr-2025,CUST1162,Customer_1162,SOUTH,Home & Kitchen,Blender,2,832.42,0.15,174.01,Credit Card,Online
ORD13030,04-Jul-2025,CUST1261,Customer_1261,SOUTH,Home & Kitchen,Bedsheet,1,7148.72,0.15,17.34,Debit Card,Online
ORD10409,2025-02-08,CUST1120,Customer_1120,East,Beauty,Perfume,5,256.95,0.1,116.1,Net Banking,Online
ORD11691,2024-10-14,CUST1193,Customer_1193,South,Sports,Dumbbells,3,5825.41,0.0,22.17,Net Banking,Online
ORD10209,19/01/2025,CUST1183,Customer_1183,north,Clothing,Jeans,-4,2959.17,0.0,118.78,Net Banking,Online
ORD14040,01/05/2025,CUST1122,Customer_1122,West,Clothing,Jeans,3,2082.05,0.2,37.99,,Online
ORD12696,2024-10-11,CUST1307,Customer_1307,East,Electronics,Smartwatch,2,3103.28,0.0,0.0,UPI,Retail Store
ORD12250,27/05/2025,CUST1119,Customer_1119,South,Clothing,Jacket,2,2167.34,0.0,73.14,Cash on Delivery,Online
ORD12395,2024-11-19,CUST1274,Customer_1274,North,Beauty,Perfume,2,1571.78,0.0,106.07,Credit Card,Online
ORD13966,2024-04-11,CUST1230,Customer_1230,SOUTH,Home & Kitchen,Blender,3,1483.28,0.1,0.0,Credit Card,Retail Store
ORD11500,2024-01-24,CUST1014,Customer_1014,South,Electronics,Smartwatch,2,2978959.81,0.15,68.68,UPI,Online
ORD12291,2025-03-27,CUST1352,Customer_1352,North,Beauty,Shampoo,5,533.49,0.2,0.0,UPI,Retail Store
ORD14061,2024-02-21,CUST1004,Customer_1004,West,Home & Kitchen,Cookware Set,3,6676.91,0.0,0.0,UPI,Retail Store
ORD11084,13/01/2025,CUST1133,Customer_1133,,Clothing,T-Shirt,2,1287.78,,0.0,Net Banking,Retail Store
ORD11267,2025-08-26,CUST1376,Customer_1376, East,Electronics,Laptop,5,3924.67,0.0,71.59,UPI,Online
ORD11109,2024-01-02,CUST1035,Customer_1035,West ,Home & Kitchen,Blender,3,4722.8,0.0,0.0,Cash on Delivery,Retail Store
ORD13547,14-Jun-2025,CUST1009,Customer_1009,north,Clothing,Jacket,4,55470.88,0.2,0.0,Debit Card,Retail Store
ORD12749,2024-12-05,CUST1184,Customer_1184,north,Sports,Cricket Bat,3,5193.81,0.0,0.0,Cash on Delivery,Retail Store
ORD12978,26/09/2025,CUST1243,Customer_1243,SOUTH,Sports,Cycling Helmet,4,2358.08,0.25,0.0,Cash on Delivery,Retail Store
ORD13454,2025-12-19,CUST1198,Customer_1198,North,Home & Kitchen,Cookware Set,5,2384.07,0.0,175.94,Cash on Delivery,Online
ORD13933,2025-10-26,CUST1035,Customer_1035,West ,Clothing,Dress,4,1338.83,0.05,0.0,Debit Card,Retail Store
ORD10634,2024-05-07,CUST1394,Customer_1394,SOUTH,Sports,Cricket Bat,3,4056.97,0.0,88.76,UPI,Online
ORD13667,21/06/2024,CUST1131,Customer_1131,West,Sports,Cricket Bat,5,5052.43,0.0,0.0,Credit Card,Retail Store
ORD12882,2025-07-23,CUST1336,Customer_1336,SOUTH,Electronics,Smartwatch,1,26290.27,0.1,0.0,UPI,Retail Store
ORD13437,2025-01-02,CUST1271,Customer_1271,West ,Clothing,T-Shirt,3,1756.11,0.2,0.0,UPI,Retail Store
ORD13679,2025-10-07,CUST1135,Customer_1135, East,Clothing,Dress,5,1016.97,0.0,0.0,Net Banking,Retail Store
ORD12315,2025-02-01,CUST1379,Customer_1379,West ,Electronics,Laptop,1,51345.24,0.15,96.7,Credit Card,Online
ORD13322,2025-10-22,CUST1310,Customer_1310,north,Clothing,T-Shirt,4,476.66,0.05,0.0,Cash on Delivery,Retail Store
ORD12232,19/11/2025,CUST1360,Customer_1360,West ,Electronics,Headphones,1,48866.28,0.05,55.09,Cash on Delivery,Online
ORD12162,10/01/2024,CUST1037,Customer_1037,West ,Home & Kitchen,Cookware Set,3,6030.6,0.25,0.0,Cash on Delivery,Retail Store
ORD13107,01-Feb-2025,CUST1372,Customer_1372,,Electronics,Laptop,4,52069.44,0.15,136.12,UPI,Online
ORD10809,2024-08-20,CUST1205,Customer_1205,North,Sports,Yoga Mat,5,1560.63,0.1,95.74,Credit Card,Online
ORD13170,2025-01-12,CUST1393,Customer_1393,West,Sports,Cycling Helmet,2,5065.34,0.25,0.0,UPI,Retail Store
ORD13028,2024-08-13,CUST1208,Customer_1208,West ,Home & Kitchen,Lamp,2,3215.27,0.2,0.0,Cash on Delivery,Retail Store
ORD12875,2025-11-20,CUST1193,Customer_1193,SOUTH,Clothing,Jacket,1,1552.9,0.0,0.0,UPI,Retail Store
ORD13254,2024-01-14,CUST1306,Customer_1306,north,Electronics,Tablet,2,10754.78,0.15,0.0,Net Banking,Retail Store
ORD13332,2025-08-10,CUST1398,Customer_1398,West,Beauty,Perfume,1,530.24,0.0,91.3,UPI,Online
ORD13029,2025-03-14,CUST1184,Customer_1184, East,Sports,Cycling Helmet,3,4866.16,0.0,0.0,Cash on Delivery,Retail Store
ORD14970,2024-12-30,CUST1005,Customer_1005,north,Electronics,Headphones,3,8828.1,0.25,80.58,UPI,Online
ORD14718,20-Sep-2025,CUST1364,Customer_1364,North,Sports,Cricket Bat,5,2137.68,0.15,173.34,UPI,Online
ORD14045,02/06/2024,CUST1356,Customer_1356,North,Electronics,Smartphone,5,1982222.07,0.0,179.05,Cash on Delivery,Online
ORD10051,2024-03-17,CUST1018,Customer_1018,north,Clothing,Dress,5,2581.61,0.0,0.0,UPI,Retail Store
ORD12353,2024-04-06,CUST1196,Customer_1196,East,Electronics,Tablet,2,,0.2,1.56,Debit Card,Online
ORD14833,2024-11-02,CUST1362,Customer_1362,East,Sports,Yoga Mat,2,4571.92,0.0,170.58,Credit Card,Online
ORD13618,2025-11-10,CUST1357,Customer_1357,north,Clothing,T-Shirt,3,1051.77,0.2,165.18,Net Banking,Online
ORD12128,2025-02-03,CUST1338,Customer_1338,North,Beauty,Lipstick,2,2186.32,0.0,0.0,Credit Card,Retail Store
ORD14288,2024-01-04,CUST1010,Customer_1010,West ,Home & Kitchen,Lamp,5,4070.45,0.25,0.0,Debit Card,Retail Store
ORD11037,28/08/2024,CUST1323,Customer_1323,north,Sports,Cycling Helmet,4,2548.81,0.0,128.23,UPI,Online
ORD14793,2025-11-01,CUST1177,Customer_1177,West ,Sports,Cycling Helmet,2,2301.96,0.05,0.0,UPI,Retail Store
ORD12774,2024-06-07,CUST1320,Customer_1320,SOUTH,Electronics,Smartphone,5,35380.88,0.15,0.0,Net Banking,Retail Store
ORD10369,2024-01-13,CUST1099,Customer_1099,SOUTH,Beauty,Perfume,5,497.67,,0.0,,Retail Store
ORD13154,2024-10-19,CUST1183,Customer_1183,East,Beauty,Face Cream,5,1200.41,0.0,0.0,UPI,Retail Store
ORD11969,2025-08-07,CUST1370,Customer_1370,SOUTH,Home & Kitchen,Blender,4,7460.57,0.15,132.79,Cash on Delivery,Online
ORD13268,14/05/2025,CUST1087,Customer_1087,SOUTH,Home & Kitchen,Bedsheet,4,312892.5,0.25,0.0,Credit Card,Retail Store
ORD12713,24/11/2024,CUST1178,Customer_1178,East,Clothing,T-Shirt,1,500.83,,109.76,UPI,Online
ORD11482,14/04/2025,CUST1087,Customer_1087,north,Sports,Yoga Mat,5,773.97,0.1,174.36,Cash on Delivery,Online
ORD11362,2024-07-25,CUST1235,Customer_1235,East,Home & Kitchen,Bedsheet,3,4351.14,0.0,0.0,Net Banking,Retail Store
ORD11514,06/08/2024,CUST1140,Customer_1140,north,Home & Kitchen,Blender,1,5346.51,0.0,34.02,UPI,Online
ORD12152,2024-10-20,CUST1269,Customer_1269,South,Beauty,Shampoo,4,1567.6,0.0,160.89,Cash on Delivery,Online
ORD13535,2025-01-17,CUST1345,Customer_1345,South,Beauty,Sunscreen,4,1574.85,0.0,0.0,Debit Card,Retail Store
ORD14462,2025-11-05,CUST1038,Customer_1038,South,Sports,Running Shoes,1,692.79,0.0,105.99,Cash on Delivery,Online
ORD10112,03/03/2025,CUST1147,Customer_1147,East,Home & Kitchen,Vacuum Cleaner,1,4513.64,0.0,0.0,Credit Card,Retail Store
ORD14331,2024-08-12,CUST1004,Customer_1004,South,Beauty,Perfume,4,493.05,0.15,127.23,Debit Card,Online
ORD10168,2024-02-06,CUST1052,Customer_1052,,Sports,Yoga Mat,2,2438.27,0.0,0.0,Debit Card,Retail Store
ORD12322,2024-05-13,CUST1008,Customer_1008,North,Home & Kitchen,Lamp,3,3017.86,,185.37,Cash on Delivery,Online
ORD14060,2025-10-02,CUST1045,Customer_1045,SOUTH,Beauty,Sunscreen,3,2019.02,0.0,0.0,Debit Card,Retail Store
ORD11599,2025-05-28,CUST1356,Customer_1356,North,Home & Kitchen,Bedsheet,5,4480.37,0.0,175.9,Debit Card,Online
ORD10575,2025-04-20,CUST1257,Customer_1257, East,Sports,Yoga Mat,3,5195.52,0.15,0.0,Credit Card,Retail Store
ORD14588,2024-11-10,CUST1386,Customer_1386,SOUTH,Beauty,Sunscreen,4,1096.35,0.0,8.35,Net Banking,Online
ORD14446,2025-12-06,CUST1086,Customer_1086,North,Electronics,Laptop,1,32684.72,,123.0,Credit Card,Online
ORD14393,2024-07-24,CUST1145,Customer_1145, East,Sports,Running Shoes,4,2595.58,0.1,96.13,UPI,Online
ORD12879,25-Sep-2024,CUST1325,Customer_1325,north,Electronics,Tablet,4,57785.57,0.05,0.0,UPI,Retail Store
ORD12602,01/02/2024,CUST1209,Customer_1209,West,Clothing,Jacket,5,1947.11,0.25,0.0,Cash on Delivery,Retail Store
ORD14118,2025-11-14,CUST1033,Customer_1033,West ,Beauty,Shampoo,2,363.7,0.1,137.66,UPI,Online
ORD10160,2025-06-27,CUST1374,Customer_1374,East,Electronics,Headphones,3,19006.44,0.0,0.0,Cash on Delivery,Retail Store
ORD11245,31/05/2025,CUST1034,Customer_1034,North,Clothing,Jacket,2,1382.39,0.2,159.47,Cash on Delivery,Online
ORD11354,17/06/2025,CUST1384,Customer_1384, East,Home & Kitchen,Lamp,3,3732.15,0.15,58.23,Net Banking,Online
ORD11289,2025-02-20,CUST1060,Customer_1060,East,Beauty,Face Cream,3,1430.9,0.0,80.44,Credit Card,Online
ORD13141,2024-11-09,CUST1137,Customer_1137,North,Home & Kitchen,Lamp,2,6475.18,0.25,137.09,Net Banking,Online
ORD10139,2025-08-31,CUST1137,Customer_1137,West ,Beauty,Shampoo,1,,0.25,60.93,Credit Card,Online
ORD11157,2024-12-03,CUST1278,Customer_1278,West,Clothing,Jacket,5,581.81,0.0,0.0,Net Banking,Retail Store
ORD13450,2025-11-26,CUST1361,Customer_1361, East,Electronics,Smartwatch,4,53421.58,0.0,194.49,Cash on Delivery,Online
ORD13537,2025-03-30,CUST1021,Customer_1021,North,Clothing,Jacket,5,2440.73,0.0,0.0,Net Banking,Retail Store
ORD14358,2025-03-25,CUST1046,Customer_1046,West ,Sports,Dumbbells,2,5812.94,0.0,47.83,Debit Card,Online
ORD13542,16-Jun-2024,CUST1012,Customer_1012,East,Beauty,Lipstick,1,788.43,0.1,0.0,UPI,Retail Store
ORD13326,2025-04-29,CUST1212,Customer_1212,South,Home & Kitchen,Cookware Set,2,7805.85,0.0,0.0,UPI,Retail Store
ORD10798,2025-02-13,CUST1166,Customer_1166, East,Beauty,Lipstick,4,207.53,0.0,118.59,Debit Card,Online
ORD11115,2025-08-30,CUST1145,Customer_1145, East,Clothing,Dress,3,1719.73,0.0,0.0,Debit Card,Retail Store
ORD12483,2024-07-03,CUST1126,Customer_1126,South,Electronics,Smartwatch,3,9027.59,0.0,0.0,,Retail Store
ORD10853,2025-04-25,CUST1095,Customer_1095,East,Clothing,T-Shirt,3,1685.76,0.0,0.0,Debit Card,Retail Store
ORD14778,2024-05-17,CUST1347,Customer_1347,East,Sports,Dumbbells,4,1036.52,0.25,0.0,Debit Card,Retail Store
ORD14515,2024-02-04,CUST1201,Customer_1201,East,Electronics,Smartphone,3,764705.43,0.0,0.0,Credit Card,Retail Store
ORD12435,2025-11-30,CUST1039,Customer_1039,north,Home & Kitchen,Cookware Set,4,2192.23,0.0,0.0,Credit Card,Retail Store
ORD14653,13/10/2024,CUST1297,Customer_1297,SOUTH,Home & Kitchen,Lamp,4,3609.83,0.0,146.05,Credit Card,Online
ORD14403,2025-03-27,CUST1259,Customer_1259,SOUTH,Clothing,Jacket,5,1847.11,0.0,0.0,Net Banking,Retail Store
ORD12258,03/12/2024,CUST1205,Customer_1205,North,Sports,Yoga Mat,4,2212.33,0.0,53.55,Net Banking,Online
ORD10053,2024-06-23,CUST1355,Customer_1355, East,Home & Kitchen,Blender,1,3730.15,,99.53,Net Banking,Online
ORD12827,2025-10-18,CUST1303,Customer_1303, East,Home & Kitchen,Blender,2,534.9,0.0,0.0,UPI,Retail Store
ORD11493,2024-01-26,CUST1069,Customer_1069,SOUTH,Home & Kitchen,Cookware Set,4,6536.98,0.1,161.35,Cash on Delivery,Online
ORD12705,20/03/2024,CUST1022,Customer_1022,East,Sports,Yoga Mat,3,5516.63,0.05,0.0,Debit Card,Retail Store
ORD12434,2025-11-06,CUST1022,Customer_1022,West ,Home & Kitchen,Cookware Set,3,68649.23,0.2,85.83,Credit Card,Online
ORD14581,2024-07-22,CUST1234,Customer_1234,West ,Electronics,Tablet,2,53585.3,0.05,137.03,Net Banking,Online
ORD12177,2025-05-17,CUST1172,Customer_1172,SOUTH,Electronics,Smartphone,2,30243.13,0.05,132.03,Debit Card,Online
ORD12194,25/07/2024,CUST1347,Customer_1347,north,Beauty,Lipstick,4,2127.63,0.0,112.84,Credit Card,Online
ORD11950,2024-09-24,CUST1257,Customer_1257,north,Beauty,Sunscreen,1,2303.93,0.2,0.0,Debit Card,Retail Store
ORD13323,2025-08-27,CUST1053,Customer_1053,West ,Clothing,Shoes,3,1943.45,0.25,85.17,Net Banking,Online
ORD10619,2024-04-20,CUST1032,Customer_1032, East,Electronics,Tablet,3,51037.91,0.15,39.14,Debit Card,Online
ORD10995,2025-05-23,CUST1089,Customer_1089,South,Electronics,Smartphone,-1,26953.12,0.1,66.75,Net Banking,Online
ORD13737,2025-09-16,CUST1015,Customer_1015,SOUTH,Electronics,Tablet,5,11821.37,0.05,148.66,Debit Card,Online
ORD14123,2025-05-11,CUST1286,Customer_1286,north,Electronics,Smartwatch,1,24637.66,0.2,0.0,Credit Card,Retail Store
ORD11601,13/11/2025,CUST1203,Customer_1203,South,Beauty,Sunscreen,3,2105.66,0.0,91.22,Net Banking,Online
ORD12841,2024-05-03,CUST1160,Customer_1160,SOUTH,Sports,Running Shoes,3,1205.39,0.05,52.1,UPI,Online
ORD12557,11/09/2025,CUST1172,Customer_1172,North,Sports,Yoga Mat,5,4762.13,0.05,3.02,UPI,Online
ORD11212,2024-10-17,CUST1133,Customer_1133,north,Electronics,Headphones,3,46114.39,0.1,0.0,Cash on Delivery,Retail Store
ORD14119,12/04/2025,CUST1348,Customer_1348,West,Home & Kitchen,Cookware Set,2,3795.44,0.2,173.41,Debit Card,Online
ORD10167,2024-02-26,CUST1064,Customer_1064,East,Home & Kitchen,Blender,1,2472.12,0.15,51.02,UPI,Online
ORD13145,2025-09-27,CUST1278,Customer_1278,north,Home & Kitchen,Vacuum Cleaner,2,2270.9,0.0,0.0,UPI,Retail Store
ORD12001,13-Nov-2025,CUST1344,Customer_1344,West,Sports,Running Shoes,2,2339.59,0.2,97.08,Net Banking,Online
ORD13849,03/12/2024,CUST1337,Customer_1337,,Clothing,T-Shirt,3,2795.29,0.05,118.2,Net Banking,Online
ORD14975,04/07/2025,CUST1296,Customer_1296,West,Sports,Running Shoes,5,2961.17,0.05,183.38,,Online
ORD14500,2024-08-02,CUST1334,Customer_1334, East,Clothing,T-Shirt,2,2993.01,0.25,0.0,Cash on Delivery,Retail Store
ORD14830,2024-11-16,CUST1084,Customer_1084,SOUTH,Home & Kitchen,Bedsheet,4,2180.9,0.0,19.27,UPI,Online
ORD14032,2025-10-02,CUST1208,Customer_1208,West,Home & Kitchen,Cookware Set,-4,5513.64,0.0,0.0,Cash on Delivery,Retail Store
ORD14991,14/09/2025,CUST1270,Customer_1270, East,Home & Kitchen,Bedsheet,3,7980.83,0.0,0.0,Net Banking,Retail Store
ORD13591,2025-11-27,CUST1027,Customer_1027,SOUTH,Beauty,Shampoo,1,1181.5,0.15,0.0,Credit Card,Retail Store
ORD14811,2025-12-30,CUST1396,Customer_1396,West,Home & Kitchen,Vacuum Cleaner,5,6952.51,0.25,0.0,Net Banking,Retail Store
ORD12765,2025-06-07,CUST1339,Customer_1339,West,Beauty,Sunscreen,2,2205.9,0.05,20.97,Net Banking,Online
ORD12828,2025-07-04,CUST1033,Customer_1033, East,Electronics,Tablet,1,53945.91,0.0,0.0,UPI,Retail Store
ORD10663,2025-12-26,CUST1289,Customer_1289,South,Sports,Running Shoes,1,5773.06,0.25,0.0,Credit Card,Retail Store
ORD10515,2024-10-07,CUST1140,Customer_1140,South,Beauty,Perfume,1,1347.91,0.25,76.79,Net Banking,Online
ORD14657,2025-08-13,CUST1031,Customer_1031,North,Sports,Running Shoes,4,567.35,0.2,0.0,Debit Card,Retail Store
ORD12709,02-Dec-2025,CUST1145,Customer_1145,South,Sports,Cycling Helmet,-2,810.95,0.1,0.0,Credit Card,Retail Store
ORD10356,28-Aug-2025,CUST1267,Customer_1267,North,Beauty,Shampoo,5,2200.61,0.05,8.01,Cash on Delivery,Online
ORD12866,31/12/2024,CUST1249,Customer_1249,South,Clothing,Dress,1,2331.44,0.15,0.0,Debit Card,Retail Store
ORD11431,2024-10-06,CUST1183,Customer_1183,North,Clothing,Dress,5,1318.61,0.25,0.0,Credit Card,Retail Store
ORD14647,19-Oct-2024,CUST1024,Customer_1024,West,Clothing,Jacket,3,2052.29,0.05,198.58,Debit Card,Online
ORD13341,2025-12-25,CUST1277,Customer_1277, East,Beauty,Sunscreen,4,1445.39,0.15,33.08,Debit Card,Online
ORD12710,2025-10-25,CUST1189,Customer_1189,South,Electronics,Smartphone,1,32048.34,0.15,69.11,UPI,Online
ORD14195,2025-11-26,CUST1173,Customer_1173,North,Clothing,Jeans,3,954.5,0.0,148.31,Debit Card,Online
ORD10529,2024-02-28,CUST1323,Customer_1323,West ,Sports,Running Shoes,2,5638.32,0.25,0.0,UPI,Retail Store
ORD13320,2024-03-24,CUST1292,Customer_1292,north,Clothing,Jeans,5,1384.17,0.0,0.0,Net Banking,Retail Store
ORD12286,2024-11-29,CUST1216,Customer_1216, East,Sports,Dumbbells,1,3607.8,0.15,64.04,Cash on Delivery,Online
ORD10059,2025-10-25,CUST1344,Customer_1344,West ,Home & Kitchen,Bedsheet,4,2253.66,0.05,0.0,UPI,Retail Store
ORD10948,27/08/2024,CUST1301,Customer_1301,West,Sports,Dumbbells,1,2304.77,0.25,175.33,Net Banking,Online
ORD13904,2025-01-28,CUST1278,Customer_1278,SOUTH,Home & Kitchen,Blender,5,6511.69,0.0,0.0,UPI,Retail Store
ORD13815,27-May-2024,CUST1193,Customer_1193,SOUTH,Sports,Cricket Bat,1,,0.0,0.0,Debit Card,Retail Store
ORD10281,14-Jan-2024,CUST1248,Customer_1248,West,Clothing,T-Shirt,1,2076.39,0.0,93.61,Cash on Delivery,Online
ORD11183,2024-03-29,CUST1320,Customer_1320, East,Home & Kitchen,Bedsheet,3,3726.51,0.05,116.96,,Online
ORD13348,2025-11-13,CUST1300,Customer_1300,SOUTH,Clothing,Jacket,1,2181.56,0.1,0.0,UPI,Retail Store
ORD11629,2024-03-29,CUST1361,Customer_1361,SOUTH,Home & Kitchen,Blender,1,7305.1,0.05,0.0,Net Banking,Retail Store
ORD12782,2024-07-10,CUST1084,Customer_1084,West,Clothing,Jeans,1,2529.1,0.05,0.0,Cash on Delivery,Retail Store
ORD14410,2025-02-14,CUST1093,Customer_1093,South,Beauty,Sunscreen,1,2375.92,0.15,117.97,Credit Card,Online
ORD14812,2025-07-24,CUST1297,Customer_1297,West,Electronics,Smartwatch,5,44944.43,0.1,0.0,Debit Card,Retail Store
ORD13769,2025-10-17,CUST1302,Customer_1302,West,Sports,Cricket Bat,2,3298.62,0.15,9.4,Cash on Delivery,Online
ORD14931,2024-07-04,CUST1251,Customer_1251, East,Beauty,Lipstick,2,1105.14,0.0,44.92,Net Banking,Online
ORD14354,2024-08-31,CUST1294,Customer_1294,north,Sports,Cricket Bat,1,3855.46,,0.0,Net Banking,Retail Store
ORD10451,27-Dec-2024,CUST1284,Customer_1284, East,Beauty,Lipstick,5,2247.54,0.0,0.0,Net Banking,Retail Store
ORD13575,2025-11-10,CUST1197,Customer_1197,East,Beauty,Sunscreen,5,903.04,0.0,21.62,UPI,Online
ORD11326,2025-06-13,CUST1118,Customer_1118,SOUTH,Electronics,Smartphone,4,1638765.17,0.2,0.0,Credit Card,Retail Store
ORD13229,2025-08-04,CUST1337,Customer_1337,SOUTH,Clothing,Jacket,5,,0.25,0.0,Credit Card,Retail Store
ORD12732,2024-07-15,CUST1299,Customer_1299,West ,Clothing,T-Shirt,5,1669.28,0.05,0.0,UPI,Retail Store
ORD12901,2025-10-17,CUST1305,Customer_1305,SOUTH,Sports,Cycling Helmet,5,5956.5,0.05,193.87,Net Banking,Online
ORD13888,31/05/2024,CUST1004,Customer_1004,West,Home & Kitchen,Vacuum Cleaner,2,6032.26,0.25,13.71,Net Banking,Online
ORD11276,2024-04-11,CUST1105,Customer_1105,north,Clothing,Shoes,-1,1966.49,0.05,183.08,UPI,Online
ORD11283,2025-01-11,CUST1231,Customer_1231,South,Home & Kitchen,Lamp,3,7076.29,0.0,0.0,Net Banking,Retail Store
ORD13676,2025-01-12,CUST1395,Customer_1395,West ,Electronics,Laptop,5,53683.46,0.0,0.0,Cash on Delivery,Retail Store
ORD14780,02-Mar-2024,CUST1109,Customer_1109,South,Electronics,Headphones,4,14656.08,0.1,0.0,Debit Card,Retail Store
ORD11530,2025-02-21,CUST1273,Customer_1273,South,Electronics,Headphones,4,13858.67,,0.0,Debit Card,Retail Store
ORD13758,15/03/2025,CUST1159,Customer_1159,North,Beauty,Perfume,5,2399.05,0.1,0.0,Debit Card,Retail Store
ORD10805,2024-01-30,CUST1031,Customer_1031, East,Clothing,Dress,5,1442.08,0.0,0.0,Credit Card,Retail Store
ORD14825,2024-01-25,CUST1062,Customer_1062, East,Sports,Running Shoes,2,3451.89,0.2,33.3,Debit Card,Online
ORD11529,09-Dec-2024,CUST1145,Customer_1145,SOUTH,Sports,Cycling Helmet,4,1095.74,,110.58,Net Banking,Online
ORD12554,2025-01-20,CUST1333,Customer_1333,SOUTH,Home & Kitchen,Lamp,1,3370.76,0.25,66.18,Cash on Delivery,Online
ORD14497,02/09/2024,CUST1349,Customer_1349,East,Clothing,T-Shirt,5,2111.74,0.25,140.39,Credit Card,Online
ORD13991,19/03/2025,CUST1251,Customer_1251,West,Clothing,T-Shirt,4,2421.08,0.0,115.56,Cash on Delivery,Online
ORD10049,2024-06-01,CUST1260,Customer_1260,West ,Clothing,T-Shirt,3,1217.66,0.25,0.0,,Retail Store
ORD11570,2025-05-31,CUST1233,Customer_1233,West,Home & Kitchen,Vacuum Cleaner,-2,1273.34,0.05,107.45,UPI,Online
ORD12691,2025-09-10,CUST1344,Customer_1344, East,Clothing,Jacket,2,2557.67,0.0,0.0,Credit Card,Retail Store
ORD11558,2025-07-04,CUST1110,Customer_1110,East,Home & Kitchen,Vacuum Cleaner,3,6356.62,0.0,74.16,Debit Card,Online
ORD13054,2024-11-23,CUST1132,Customer_1132,West ,Electronics,Laptop,2,25443.12,0.1,0.0,Credit Card,Retail Store
ORD11746,2024-06-12,CUST1240,Customer_1240,West,Home & Kitchen,Blender,2,6447.25,,191.31,Net Banking,Online
ORD10801,2024-03-05,CUST1322,Customer_1322,SOUTH,Home & Kitchen,Bedsheet,4,3058.23,0.25,41.89,Cash on Delivery,Online
ORD14475,2024-12-15,CUST1292,Customer_1292,East,Home & Kitchen,Lamp,3,3673.16,0.0,130.84,Debit Card,Online
ORD11367,2025-03-06,CUST1365,Customer_1365,SOUTH,Sports,Running Shoes,1,4338.29,0.25,197.77,Debit Card,Online
ORD11310,26-Oct-2025,CUST1311,Customer_1311,SOUTH,Electronics,Tablet,3,37795.81,0.0,175.87,Cash on Delivery,Online
ORD14069,2024-11-26,CUST1070,Customer_1070,West,Home & Kitchen,Vacuum Cleaner,1,,0.25,0.0,Debit Card,Retail Store
ORD12897,2024-11-01,CUST1248,Customer_1248,North,Home & Kitchen,Bedsheet,1,1509.73,0.2,179.01,Net Banking,Online
ORD10424,2024-02-07,CUST1026,Customer_1026,West ,Home & Kitchen,Blender,1,6864.62,0.1,0.0,Net Banking,Retail Store
ORD14898,2024-01-18,CUST1134,Customer_1134,East,Home & Kitchen,Lamp,2,250371.77,0.0,176.1,Net Banking,Online
ORD13660,2025-10-12,CUST1032,Customer_1032,South,Electronics,Smartphone,1,58500.37,0.15,29.38,UPI,Online
ORD10000,2024-08-11,CUST1327,Customer_1327,North,Electronics,Headphones,3,9662.97,0.0,143.2,Net Banking,Online
ORD14301,27/09/2025,CUST1302,Customer_1302,West ,Sports,Cricket Bat,1,3841.39,,59.4,Cash on Delivery,Online
ORD13529,2024-09-28,CUST1058,Customer_1058,North,Beauty,Sunscreen,1,1367.93,0.0,0.0,UPI,Retail Store
ORD13457,31/03/2025,CUST1132,Customer_1132,SOUTH,Electronics,Tablet,3,53215.56,0.0,84.36,Cash on Delivery,Online
ORD14441,2025-11-12,CUST1358,Customer_1358,SOUTH,Home & Kitchen,Bedsheet,4,6355.18,0.1,59.42,,Online
ORD14492,2024-05-09,CUST1163,Customer_1163,East,Electronics,Laptop,5,4947.86,0.2,188.76,Net Banking,Online
ORD10976,2024-09-30,CUST1073,Customer_1073,West ,Clothing,Jeans,3,960.21,0.1,0.0,Cash on Delivery,Retail Store
ORD12034,2024-02-02,CUST1396,Customer_1396,West,Home & Kitchen,Bedsheet,2,3265.58,0.1,69.47,Debit Card,Online
ORD11269,09/08/2024,CUST1363,Customer_1363,SOUTH,Beauty,Shampoo,4,444.52,0.1,157.15,UPI,Online
ORD10176,2024-03-07,CUST1399,Customer_1399,West ,Clothing,Jeans,2,2001.8,0.0,181.02,Debit Card,Online
ORD14559,11/12/2024,CUST1045,Customer_1045,South,Sports,Yoga Mat,4,523.19,0.2,0.0,Debit Card,Retail Store
ORD13803,2024-05-22,CUST1279,Customer_1279,West,Electronics,Tablet,5,20747.84,0.2,0.0,Cash on Delivery,Retail Store
ORD10512,2025-08-14,CUST1144,Customer_1144,West ,Clothing,Dress,4,2436.45,0.0,41.95,UPI,Online
ORD12584,2025-01-17,CUST1120,Customer_1120,SOUTH,Clothing,Dress,3,2444.72,0.2,0.0,UPI,Retail Store
ORD11286,24/02/2025,CUST1247,Customer_1247,West ,Beauty,Shampoo,1,1437.79,0.2,0.0,Net Banking,Retail Store
ORD12967,17/02/2025,CUST1220,Customer_1220,SOUTH,Beauty,Perfume,2,452.44,0.0,0.0,Credit Card,Retail Store
ORD11462,18/04/2025,CUST1264,Customer_1264,South,Home & Kitchen,Lamp,3,4616.86,0.0,96.75,Cash on Delivery,Online
ORD12409,2025-11-19,CUST1110,Customer_1110,West ,Electronics,Smartwatch,2,44423.24,0.15,0.0,Credit Card,Retail Store
ORD11812,2024-08-04,CUST1095,Customer_1095,South,Clothing,Dress,3,681.71,0.0,0.0,Net Banking,Retail Store
ORD13291,2024-06-03,CUST1314,Customer_1314,West ,Home & Kitchen,Cookware Set,2,3700.19,0.25,22.47,Credit Card,Online
ORD11139,2024-06-04,CUST1054,Customer_1054,East,Clothing,Dress,1,2599.5,0.0,0.0,Credit Card,Retail Store
ORD14258,13/03/2024,CUST1009,Customer_1009,East,Beauty,Face Cream,4,904.83,0.05,27.85,UPI,Online
ORD11855,20/05/2025,CUST1326,Customer_1326,West,Sports,Yoga Mat,1,5783.65,0.1,0.0,Net Banking,Retail Store
ORD14701,2024-03-30,CUST1239,Customer_1239,north,Beauty,Shampoo,5,1532.66,0.2,0.0,Cash on Delivery,Retail Store
ORD12384,2025-08-01,CUST1119,Customer_1119,West,Home & Kitchen,Vacuum Cleaner,5,4638.27,0.0,0.0,Net Banking,Retail Store
ORD10766,2025-06-16,CUST1122,Customer_1122,SOUTH,Beauty,Shampoo,4,2132.46,0.0,0.0,Net Banking,Retail Store
ORD11348,2024-12-03,CUST1195,Customer_1195,SOUTH,Electronics,Smartphone,1,33561.08,0.0,0.0,Debit Card,Retail Store
ORD12482,2025-07-26,CUST1076,Customer_1076,East,Sports,Dumbbells,3,5273.67,0.25,115.79,Net Banking,Online
ORD14165,22/10/2024,CUST1074,Customer_1074,SOUTH,Beauty,Shampoo,5,999.37,0.15,0.0,Debit Card,Retail Store
ORD11054,2025-07-12,CUST1109,Customer_1109, East,Home & Kitchen,Lamp,3,7035.18,0.1,117.66,Cash on Delivery,Online
ORD11317,2025-04-29,CUST1048,Customer_1048,north,Home & Kitchen,Lamp,3,3243.09,0.25,178.45,Credit Card,Online
ORD10179,2024-10-14,CUST1365,Customer_1365,,Home & Kitchen,Lamp,5,2912.03,,0.0,Net Banking,Retail Store
ORD13781,07/01/2024,CUST1297,Customer_1297, East,Home & Kitchen,Cookware Set,5,3914.33,0.05,154.31,Credit Card,Online
ORD12578,2025-03-12,CUST1208,Customer_1208,West ,Electronics,Smartwatch,2,39534.37,0.0,139.61,UPI,Online
ORD12455,02-Sep-2024,CUST1055,Customer_1055,North,Home & Kitchen,Lamp,2,3858.1,0.05,1.57,Debit Card,Online
ORD11262,2024-12-16,CUST1158,Customer_1158,South,Sports,Cricket Bat,3,3989.14,0.25,36.16,Net Banking,Online
ORD12356,2025-03-26,CUST1269,Customer_1269,South,Beauty,Lipstick,1,842.9,0.25,73.44,,Online
ORD12344,2025-10-29,CUST1218,Customer_1218,East,Electronics,Smartphone,3,25824.95,0.25,7.43,Net Banking,Online
ORD10532,2024-05-01,CUST1363,Customer_1363,West ,Clothing,T-Shirt,2,1436.85,0.1,0.0,,Retail Store
ORD14494,05/07/2025,CUST1085,Customer_1085,North,Home & Kitchen,Lamp,1,1422.46,0.25,0.0,Debit Card,Retail Store
ORD14633,25/11/2024,CUST1303,Customer_1303,South,Sports,Cricket Bat,4,5751.89,0.05,7.39,UPI,Online
ORD14531,2024-03-10,CUST1261,Customer_1261,North,Home & Kitchen,Cookware Set,2,1298.9,0.0,0.0,Net Banking,Retail Store
ORD14590,29-Feb-2024,CUST1214,Customer_1214,South,Sports,Cycling Helmet,4,5182.71,0.0,0.0,Credit Card,Retail Store
ORD10380,24-Jun-2024,CUST1180,Customer_1180,North,Clothing,Dress,5,567.59,0.1,184.1,Credit Card,Online
ORD11866,16-Jun-2024,CUST1008,Customer_1008,North,Beauty,Face Cream,5,480.17,0.15,0.0,Net Banking,Retail Store
ORD14606,2024-05-22,CUST1058,Customer_1058,West,Electronics,Smartphone,2,46207.75,0.05,0.0,Debit Card,Retail Store
ORD13346,29/10/2024,CUST1118,Customer_1118,South,Electronics,Headphones,3,25534.23,0.15,0.0,Net Banking,Retail Store
ORD13037,2024-07-11,CUST1184,Customer_1184,north,Beauty,Sunscreen,1,852.16,0.05,40.32,Credit Card,Online
ORD12681,2024-03-31,CUST1203,Customer_1203,West,Home & Kitchen,Blender,4,7569.55,0.15,94.97,UPI,Online
ORD14326,2024-04-20,CUST1314,Customer_1314,East,Beauty,Lipstick,2,,0.0,33.92,Credit Card,Online
ORD10930,2024-04-28,CUST1055,Customer_1055,North,Beauty,Lipstick,4,,0.0,0.0,Net Banking,Retail Store
ORD12626,2025-04-15,CUST1031,Customer_1031,North,Beauty,Lipstick,2,320.14,0.0,0.0,Net Banking,Retail Store
ORD12526,03/10/2024,CUST1397,Customer_1397,SOUTH,Clothing,Dress,4,2157.42,0.2,125.25,Credit Card,Online
ORD13787,03-Jul-2024,CUST1390,Customer_1390,SOUTH,Home & Kitchen,Blender,1,3586.73,0.0,0.0,Cash on Delivery,Retail Store
ORD14470,2024-12-02,CUST1290,Customer_1290,East,Clothing,Jeans,2,1663.16,0.1,0.0,Debit Card,Retail Store
ORD12735,2024-06-12,CUST1146,Customer_1146, East,Sports,Dumbbells,4,5722.84,0.0,0.0,Cash on Delivery,Retail Store
ORD13867,2025-02-13,CUST1015,Customer_1015,North,Beauty,Shampoo,4,1024.44,0.0,0.0,UPI,Retail Store
ORD10419,2024-12-29,CUST1151,Customer_1151,South,Sports,Yoga Mat,5,4100.79,0.1,22.79,Net Banking,Online
ORD10625,06/11/2024,CUST1306,Customer_1306,West,Sports,Yoga Mat,5,1661.37,0.25,5.27,Credit Card,Online
ORD13714,2024-02-17,CUST1190,Customer_1190,South,Home & Kitchen,Cookware Set,1,3444.18,0.1,0.0,UPI,Retail Store
ORD12087,2025-05-31,CUST1030,Customer_1030,north,Electronics,Smartphone,3,14521.13,0.15,0.0,Cash on Delivery,Retail Store
ORD13215,2024-02-22,CUST1374,Customer_1374,South,Sports,Cricket Bat,5,3656.54,0.25,148.34,Net Banking,Online
ORD11480,2024-06-26,CUST1269,Customer_1269,West,Sports,Cycling Helmet,2,5180.2,0.0,0.0,UPI,Retail Store
ORD14694,2025-09-27,CUST1190,Customer_1190,north,Sports,Cricket Bat,5,2109.79,0.15,0.0,Cash on Delivery,Retail Store
ORD11059,21-Dec-2024,CUST1160,Customer_1160,north,Sports,Cricket Bat,-1,2189.24,0.0,0.0,Cash on Delivery,Retail Store
ORD11970,2025-04-05,CUST1195,Customer_1195,East,Home & Kitchen,Blender,5,4534.89,0.0,152.02,Cash on Delivery,Online
ORD10080,2025-11-08,CUST1158,Customer_1158,East,Clothing,Jeans,3,911.67,0.0,0.0,,Retail Store
ORD14730,08/12/2025,CUST1210,Customer_1210,North,Beauty,Perfume,4,2015.09,0.05,0.0,Cash on Delivery,Retail Store
ORD10073,07-Dec-2025,CUST1039,Customer_1039,South,Home & Kitchen,Bedsheet,4,1363.8,0.25,48.66,Cash on Delivery,Online
ORD13842,13/01/2025,CUST1209,Customer_1209,West ,Beauty,Lipstick,1,211.82,0.15,0.0,Debit Card,Retail Store
ORD13173,10/04/2025,CUST1340,Customer_1340,north,Electronics,Headphones,1,4042.4,0.15,0.0,Credit Card,Retail Store
ORD12604,09-Feb-2024,CUST1012,Customer_1012,East,Sports,Dumbbells,1,3337.96,0.0,17.89,Debit Card,Online
ORD13140,29/05/2025,CUST1014,Customer_1014,West ,Sports,Cricket Bat,4,2029.68,0.15,0.0,Debit Card,Retail Store
ORD12880,2024-11-24,CUST1086,Customer_1086,North,Electronics,Headphones,3,41040.56,0.2,0.0,Cash on Delivery,Retail Store
ORD11252,2024-08-01,CUST1388,Customer_1388,West ,Electronics,Smartphone,1,12850.06,0.05,0.0,Debit Card,Retail Store
ORD13994,08-Jul-2025,CUST1106,Customer_1106,north,Sports,Cricket Bat,1,854.71,0.05,0.0,UPI,Retail Store
ORD13535,2025-01-17,CUST1345,Customer_1345,South,Beauty,Sunscreen,4,1574.85,0.0,0.0,Debit Card,Retail Store
ORD13830,23/04/2025,CUST1371,Customer_1371,West,Home & Kitchen,Blender,1,6330.23,0.2,117.81,Net Banking,Online
ORD13837,03/03/2024,CUST1239,Customer_1239,north,Sports,Running Shoes,1,1859.44,0.15,51.7,Net Banking,Online
ORD11894,2024-01-04,CUST1158,Customer_1158,West ,Beauty,Lipstick,4,2170.13,0.0,32.41,Cash on Delivery,Online
ORD12598,26-Jul-2025,CUST1141,Customer_1141,North,Electronics,Smartwatch,3,52516.91,0.0,0.0,Debit Card,Retail Store
ORD12589,2024-11-09,CUST1193,Customer_1193,north,Electronics,Tablet,1,45831.21,0.05,27.62,UPI,Online
ORD11864,2024-12-10,CUST1334,Customer_1334,South,Electronics,Tablet,3,46587.43,0.15,166.66,Net Banking,Online
ORD11461,2024-07-20,CUST1038,Customer_1038,North,Clothing,Jacket,2,1040.99,0.0,0.0,Credit Card,Retail Store
ORD10507,2024-08-26,CUST1046,Customer_1046,South,Home & Kitchen,Cookware Set,5,3327.58,0.2,22.28,UPI,Online
ORD11181,2024-05-18,CUST1218,Customer_1218,West ,Electronics,Tablet,1,20693.27,0.0,0.0,Debit Card,Retail Store
ORD10214,05/10/2024,CUST1087,Customer_1087,West ,Home & Kitchen,Vacuum Cleaner,4,3294.67,0.25,22.61,Cash on Delivery,Online
ORD10488,2024-08-26,CUST1325,Customer_1325,South,Home & Kitchen,Lamp,1,3367.79,0.0,147.58,UPI,Online
ORD11124,2024-08-08,CUST1373,Customer_1373,North,Clothing,Jeans,2,1983.74,,43.89,Debit Card,Online
ORD11257,09/07/2024,CUST1385,Customer_1385,SOUTH,Beauty,Face Cream,2,2405.6,0.0,123.94,UPI,Online
ORD11541,2024-01-08,CUST1137,Customer_1137,north,Clothing,Jacket,5,2107.39,0.15,0.0,Cash on Delivery,Retail Store
ORD10388,2025-06-02,CUST1220,Customer_1220,north,Clothing,Jacket,4,2122.57,0.0,0.0,Cash on Delivery,Retail Store
ORD12265,2024-11-24,CUST1197,Customer_1197,South,Home & Kitchen,Blender,2,4763.83,0.1,137.57,Net Banking,Online
ORD13065,2024-11-20,CUST1023,Customer_1023,north,Beauty,Shampoo,1,790.46,0.0,0.0,Credit Card,Retail Store
ORD13293,2024-01-10,CUST1249,Customer_1249,West,Beauty,Sunscreen,5,1915.44,0.0,179.66,UPI,Online
ORD13987,2024-08-01,CUST1273,Customer_1273,East,Clothing,Jeans,3,959.67,0.15,0.0,Net Banking,Retail Store
ORD12211,2025-02-08,CUST1197,Customer_1197,West,Electronics,Tablet,5,2686.66,0.1,15.61,Cash on Delivery,Online
ORD11290,2025-05-17,CUST1083,Customer_1083,East,Sports,Yoga Mat,4,3847.97,0.0,0.0,Cash on Delivery,Retail Store
ORD12510,2025-10-16,CUST1230,Customer_1230,South,Electronics,Smartwatch,3,17795.46,0.2,176.4,Debit Card,Online
ORD12450,2024-09-21,CUST1325,Customer_1325,North,Home & Kitchen,Blender,5,1263.71,0.25,0.0,UPI,Retail Store
ORD12995,09/12/2025,CUST1258,Customer_1258,North,Electronics,Smartphone,2,21741.68,0.05,0.0,Net Banking,Retail Store
ORD10861,2025-03-13,CUST1100,Customer_1100,north,Electronics,Tablet,4,14383.9,0.0,198.21,Debit Card,Online
ORD14865,11-Jun-2025,CUST1108,Customer_1108,north,Beauty,Perfume,4,1335.58,0.0,62.3,UPI,Online
ORD14001,2025-02-03,CUST1388,Customer_1388,SOUTH,Beauty,Face Cream,4,994.52,0.0,0.0,Debit Card,Retail Store
ORD12552,2024-04-08,CUST1380,Customer_1380,West ,Electronics,Smartwatch,4,12422.5,0.0,70.2,Net Banking,Online
ORD10455,2024-02-18,CUST1328,Customer_1328, East,Electronics,Laptop,4,25302.24,0.05,0.0,Net Banking,Retail Store
ORD12331,12-Aug-2024,CUST1145,Customer_1145,West ,Home & Kitchen,Bedsheet,2,2643.55,0.0,50.86,Net Banking,Online
ORD10815,25/01/2025,CUST1341,Customer_1341,East,Clothing,T-Shirt,5,19211.99,0.25,73.61,Credit Card,Online
ORD13518,2025-11-21,CUST1247,Customer_1247,South,Electronics,Smartphone,2,24290.18,0.0,0.0,Cash on Delivery,Retail Store
ORD11086,2025-01-13,CUST1138,Customer_1138,North,Beauty,Lipstick,5,2278.97,0.1,0.0,Net Banking,Retail Store
ORD12920,2025-01-17,CUST1246,Customer_1246,West,Clothing,Jacket,2,1200.59,0.1,0.0,Debit Card,Retail Store
ORD12638,15-Oct-2025,CUST1372,Customer_1372,SOUTH,Clothing,Jeans,2,2759.39,0.15,160.87,Debit Card,Online
ORD11358,2025-07-22,CUST1326,Customer_1326,West,Electronics,Tablet,4,52278.38,0.0,0.0,UPI,Retail Store
ORD11576,2024-07-13,CUST1151,Customer_1151,north,Beauty,Face Cream,2,2145.09,0.0,89.96,UPI,Online
ORD12112,2025-11-13,CUST1375,Customer_1375,North,Sports,Yoga Mat,5,5089.3,0.2,35.59,UPI,Online
ORD13130,2024-07-16,CUST1286,Customer_1286,West ,Beauty,Lipstick,4,1698.5,0.0,0.0,Debit Card,Retail Store
ORD14971,2025-05-26,CUST1106,Customer_1106,West,Clothing,Jeans,3,2164.84,,162.58,,Online
ORD10611,2025-12-19,CUST1332,Customer_1332,East,Electronics,Laptop,5,18498.75,,0.0,Net Banking,Retail Store
ORD11279,2025-08-09,CUST1112,Customer_1112,North,Beauty,Perfume,3,961.57,0.2,0.0,Debit Card,Retail Store
ORD10604,2025-09-19,CUST1269,Customer_1269,West ,Clothing,Jacket,3,1426.69,,0.0,Net Banking,Retail Store
ORD14080,2025-04-30,CUST1071,Customer_1071,West ,Electronics,Smartwatch,1,50445.7,0.25,178.75,UPI,Online
ORD12777,2024-10-07,CUST1105,Customer_1105,North,Electronics,Smartwatch,3,56920.5,0.0,48.55,Credit Card,Online
ORD12222,2025-05-13,CUST1069,Customer_1069, East,Home & Kitchen,Bedsheet,1,2352.99,0.0,112.23,Debit Card,Online
ORD10352,23-Feb-2024,CUST1254,Customer_1254,East,Clothing,Jeans,1,865.89,0.0,97.01,Debit Card,Online
ORD13001,2025-02-22,CUST1015,Customer_1015, East,Clothing,Jeans,3,2405.96,0.0,179.65,Debit Card,Online
ORD13448,2025-06-06,CUST1065,Customer_1065,North,Beauty,Shampoo,-4,753.56,0.05,91.89,Credit Card,Online
ORD10323,2025-01-28,CUST1365,Customer_1365,West,Electronics,Laptop,5,47857.21,0.25,0.0,Net Banking,Retail Store
ORD14728,2025-11-25,CUST1040,Customer_1040,South,Beauty,Face Cream,5,1465.45,0.0,0.0,Debit Card,Retail Store
ORD14353,26/02/2025,CUST1298,Customer_1298,SOUTH,Clothing,Dress,-1,,0.0,0.0,Debit Card,Retail Store
ORD13719,2025-02-12,CUST1052,Customer_1052,West ,Home & Kitchen,Vacuum Cleaner,5,2525.15,0.0,0.0,Cash on Delivery,Retail Store
ORD11998,2024-09-16,CUST1371,Customer_1371, East,Home & Kitchen,Lamp,2,2320.22,0.05,162.71,Cash on Delivery,Online
ORD13389,08/06/2025,CUST1154,Customer_1154,SOUTH,Sports,Running Shoes,1,3610.73,0.05,24.48,Cash on Delivery,Online
ORD13427,2024-03-23,CUST1133,Customer_1133,West ,Beauty,Perfume,3,1391.37,0.2,0.0,Credit Card,Retail Store
ORD11655,29/08/2024,CUST1307,Customer_1307, East,Electronics,Tablet,5,5600.26,0.25,0.0,Cash on Delivery,Retail Store
ORD12198,2025-05-15,CUST1163,Customer_1163,South,Beauty,Perfume,1,2114.51,0.25,53.26,Net Banking,Online
ORD12082,2024-03-08,CUST1065,Customer_1065,East,Home & Kitchen,Cookware Set,5,5324.04,0.1,176.83,Credit Card,Online
ORD14026,2024-07-12,CUST1399,Customer_1399,South,Beauty,Face Cream,2,1408.26,0.0,165.2,,Online
ORD11405,2025-03-01,CUST1256,Customer_1256,West,Beauty,Shampoo,5,845.68,0.0,20.3,Net Banking,Online
ORD10025,2025-05-21,CUST1115,Customer_1115,East,Clothing,Jeans,1,1950.44,,155.68,Credit Card,Online
ORD11699,23-Apr-2024,CUST1227,Customer_1227,South,Beauty,Shampoo,4,2067.3,0.0,114.75,Cash on Delivery,Online
ORD11705,14/01/2025,CUST1286,Customer_1286, East,Electronics,Smartwatch,2,28556.69,0.05,0.0,UPI,Retail Store
ORD12913,11/06/2024,CUST1113,Customer_1113,West,Electronics,Smartwatch,5,23179.11,0.1,197.63,Cash on Delivery,Online
ORD13727,2024-05-20,CUST1162,Customer_1162,SOUTH,Beauty,Shampoo,5,2358.26,0.25,65.99,Net Banking,Online
ORD12067,2025-10-10,CUST1119,Customer_1119,West,Electronics,Laptop,1,36855.18,0.0,24.53,Debit Card,Online
ORD13853,2024-06-14,CUST1160,Customer_1160,West ,Beauty,Lipstick,2,1342.75,0.05,0.0,Debit Card,Retail Store
ORD10622,17/08/2024,CUST1224,Customer_1224,north,Beauty,Lipstick,1,1321.97,0.0,0.0,UPI,Retail Store
ORD12992,2025-07-09,CUST1256,Customer_1256,north,Electronics,Smartwatch,3,57161.03,0.2,0.0,Net Banking,Retail Store
ORD14252,2025-04-19,CUST1277,Customer_1277,South,Home & Kitchen,Vacuum Cleaner,1,3065.6,0.15,35.84,Debit Card,Online
ORD14213,2025-06-04,CUST1015,Customer_1015,East,Clothing,Dress,4,2259.58,0.1,189.38,Debit Card,Online
ORD10782,2024-01-25,CUST1277,Customer_1277, East,Beauty,Perfume,5,1700.18,0.25,54.66,Net Banking,Online
ORD11831,2025-02-19,CUST1174,Customer_1174,North,Clothing,Jeans,3,2327.6,0.0,0.0,Net Banking,Retail Store
ORD11274,02/12/2025,CUST1113,Customer_1113,North,Beauty,Face Cream,1,1698.83,0.0,0.0,Cash on Delivery,Retail Store
ORD12207,07-Apr-2024,CUST1359,Customer_1359,SOUTH,Clothing,Jeans,5,2835.4,0.1,0.0,UPI,Retail Store
ORD13129,2024-09-03,CUST1046,Customer_1046,South,Beauty,Perfume,2,403.48,0.2,0.0,UPI,Retail Store
ORD10163,2024-05-15,CUST1330,Customer_1330, East,Electronics,Smartphone,4,15603.28,0.15,152.55,UPI,Online
ORD11753,2025-07-26,CUST1080,Customer_1080,East,Sports,Running Shoes,5,1370.68,0.0,130.47,Net Banking,Online
ORD12047,2024-01-02,CUST1068,Customer_1068,East,Beauty,Sunscreen,2,2402.51,0.2,0.0,Credit Card,Retail Store
ORD14126,27/12/2024,CUST1068,Customer_1068,North,Electronics,Laptop,4,2844.37,0.2,130.01,UPI,Online
ORD13224,2025-09-11,CUST1010,Customer_1010,North,Sports,Yoga Mat,1,948.53,0.15,0.0,Net Banking,Retail Store
ORD12870,15-Nov-2024,CUST1218,Customer_1218, East,Clothing,Shoes,5,773.51,0.2,0.0,Cash on Delivery,Retail Store
ORD12246,2025-04-17,CUST1389,Customer_1389,East,Home & Kitchen,Cookware Set,4,5656.66,0.2,28.77,Cash on Delivery,Online
ORD13280,22/01/2024,CUST1306,Customer_1306,East,Electronics,Laptop,3,6293.81,0.2,2.28,Debit Card,Online
ORD13360,2024-03-13,CUST1364,Customer_1364, East,Home & Kitchen,Cookware Set,1,930.62,0.0,130.39,Cash on Delivery,Online
ORD13688,2024-08-21,CUST1132,Customer_1132,North,Beauty,Face Cream,2,1805.88,0.0,176.78,UPI,Online
ORD13563,2025-04-19,CUST1069,Customer_1069,West ,Clothing,T-Shirt,5,806.06,0.15,0.0,Debit Card,Retail Store
ORD14712,14/04/2024,CUST1143,Customer_1143,East,Beauty,Lipstick,4,1000.09,0.2,0.0,UPI,Retail Store
ORD11198,2024-06-24,CUST1124,Customer_1124,South,Clothing,Jacket,5,1545.77,0.25,0.0,Debit Card,Retail Store
ORD10408,2025-09-03,CUST1127,Customer_1127,South,Home & Kitchen,Bedsheet,4,7807.99,0.2,10.42,Net Banking,Online
ORD10142,2024-09-04,CUST1281,Customer_1281,East,Electronics,Smartwatch,2,18542.88,0.1,0.0,Cash on Delivery,Retail Store
ORD10022,2025-01-07,CUST1176,Customer_1176,SOUTH,Home & Kitchen,Lamp,5,1925.59,0.05,0.0,Net Banking,Retail Store
ORD12252,2024-02-06,CUST1056,Customer_1056,West ,Home & Kitchen,Blender,1,3240.47,0.15,0.0,UPI,Retail Store
ORD13260,2024-07-08,CUST1229,Customer_1229,SOUTH,Home & Kitchen,Blender,1,,0.2,146.14,Net Banking,Online
ORD11770,2025-12-18,CUST1107,Customer_1107,South,Clothing,Jacket,3,2929.84,0.0,0.0,Net Banking,Retail Store
ORD14347,2025-07-19,CUST1133,Customer_1133,North,Home & Kitchen,Bedsheet,5,1133.33,0.0,0.0,Net Banking,Retail Store
ORD11005,2024-07-12,CUST1259,Customer_1259,South,Home & Kitchen,Lamp,1,4550.71,0.0,0.0,UPI,Retail Store
ORD10641,04/04/2025,CUST1161,Customer_1161,West,Electronics,Smartphone,4,52993.27,0.05,185.14,Net Banking,Online
ORD14605,2024-05-10,CUST1350,Customer_1350,north,Beauty,Sunscreen,2,1353.16,0.2,0.0,Debit Card,Retail Store
ORD12654,22-Feb-2024,CUST1170,Customer_1170,West,Clothing,Shoes,5,2636.22,0.0,0.0,Credit Card,Retail Store
ORD11343,2025-10-07,CUST1226,Customer_1226,North,Electronics,Smartphone,5,15425.35,0.0,0.0,Cash on Delivery,Retail Store
ORD10384,12/10/2024,CUST1355,Customer_1355,north,Sports,Yoga Mat,2,1087.47,0.25,0.0,Cash on Delivery,Retail Store
ORD10888,2024-02-11,CUST1159,Customer_1159, East,Sports,Cycling Helmet,1,3493.25,0.2,0.0,Credit Card,Retail Store
ORD11557,2024-12-01,CUST1329,Customer_1329,North,Sports,Cricket Bat,2,3059.15,0.2,0.0,Debit Card,Retail Store
ORD11085,04-Jan-2025,CUST1255,Customer_1255, East,Home & Kitchen,Lamp,4,2511.88,0.05,0.0,UPI,Retail Store
ORD14419,21/01/2025,CUST1049,Customer_1049,West,Home & Kitchen,Blender,2,2725.7,0.0,108.65,Cash on Delivery,Online
ORD10531,2024-06-14,CUST1128,Customer_1128, East,Clothing,Shoes,4,2708.92,,0.0,Credit Card,Retail Store
ORD13979,28-Dec-2025,CUST1390,Customer_1390,South,Beauty,Face Cream,1,2402.2,0.0,0.0,Credit Card,Retail Store
ORD11853,07-Nov-2024,CUST1005,Customer_1005,West ,Home & Kitchen,Bedsheet,5,6108.42,0.1,132.89,Net Banking,Online
ORD11935,17-Dec-2024,CUST1368,Customer_1368,East,Electronics,Smartwatch,4,41148.05,0.05,0.0,Cash on Delivery,Retail Store
ORD13906,2024-05-02,CUST1043,Customer_1043,,Clothing,Shoes,3,1586.4,0.1,0.0,Net Banking,Retail Store
ORD13387,2024-05-29,CUST1038,Customer_1038,West,Clothing,T-Shirt,2,,0.2,78.27,UPI,Online
ORD13153,14/05/2024,CUST1039,Customer_1039,North,Electronics,Tablet,-4,4082.94,0.05,115.17,Net Banking,Online
ORD13779,24/10/2024,CUST1271,Customer_1271,north,Clothing,Dress,2,1618.28,0.25,0.0,Debit Card,Retail Store
ORD12447,2025-07-09,CUST1393,Customer_1393,North,Electronics,Laptop,1,8418.7,0.05,0.0,Net Banking,Retail Store
ORD11075,2025-05-24,CUST1376,Customer_1376,East,Electronics,Smartphone,1,58752.52,0.25,74.59,Credit Card,Online
ORD13024,2025-06-11,CUST1134,Customer_1134,,Home & Kitchen,Cookware Set,2,2054.64,,0.0,UPI,Retail Store
ORD12688,25/01/2025,CUST1009,Customer_1009,SOUTH,Electronics,Smartwatch,2,35088.0,0.05,152.35,Net Banking,Online
ORD12931,06-Feb-2024,CUST1074,Customer_1074,north,Electronics,Headphones,-4,47291.81,0.15,168.9,Debit Card,Online
ORD11932,2024-03-04,CUST1013,Customer_1013,East,Beauty,Lipstick,5,1967.94,0.0,0.0,Debit Card,Retail Store
ORD12767,04-Aug-2024,CUST1372,Customer_1372, East,Electronics,Headphones,3,42273.56,0.1,0.0,Credit Card,Retail Store
ORD11671,2025-11-18,CUST1118,Customer_1118,SOUTH,Clothing,Dress,2,347.11,0.0,63.19,Cash on Delivery,Online
ORD12438,2025-07-01,CUST1060,Customer_1060, East,Home & Kitchen,Cookware Set,1,3217.85,0.25,0.0,,Retail Store
ORD12983,2024-06-04,CUST1027,Customer_1027,West,Home & Kitchen,Vacuum Cleaner,2,1023.95,0.2,0.0,UPI,Retail Store
ORD12109,2025-12-07,CUST1309,Customer_1309,South,Electronics,Smartphone,1,1410260.99,0.0,0.0,Cash on Delivery,Retail Store
ORD12186,2024-12-21,CUST1114,Customer_1114,SOUTH,Home & Kitchen,Vacuum Cleaner,5,4122.6,0.0,0.0,Cash on Delivery,Retail Store
ORD11148,2024-06-07,CUST1325,Customer_1325,East,Electronics,Tablet,4,28110.23,0.05,143.38,Debit Card,Online
ORD10786,2025-03-27,CUST1339,Customer_1339,East,Clothing,Shoes,1,1328.56,0.15,194.06,Cash on Delivery,Online
ORD11585,2025-03-11,CUST1199,Customer_1199,West,Home & Kitchen,Vacuum Cleaner,4,4481.32,0.15,77.87,,Online
ORD13166,2025-03-20,CUST1119,Customer_1119,north,Electronics,Headphones,5,24201.97,0.0,0.0,Credit Card,Retail Store
ORD10266,2025-08-24,CUST1036,Customer_1036,West ,Electronics,Smartphone,3,20037.38,0.15,36.78,Cash on Delivery,Online
ORD13763,2024-12-25,CUST1330,Customer_1330, East,Beauty,Sunscreen,1,1304.1,0.0,68.04,Cash on Delivery,Online
ORD14962,06/08/2024,CUST1301,Customer_1301,West ,Sports,Cricket Bat,1,5666.78,0.15,0.0,UPI,Retail Store
ORD13736,2024-01-29,CUST1353,Customer_1353,SOUTH,Beauty,Face Cream,1,2410.8,0.0,129.53,Cash on Delivery,Online
ORD10360,2024-12-08,CUST1026,Customer_1026,South,Electronics,Smartwatch,3,3891.15,0.0,150.63,Cash on Delivery,Online
ORD11460,2024-03-06,CUST1024,Customer_1024, East,Clothing,Dress,5,2285.3,0.05,0.0,Net Banking,Retail Store
ORD13421,25/12/2025,CUST1271,Customer_1271, East,Sports,Running Shoes,3,5525.57,0.0,22.11,UPI,Online
ORD13680,2024-10-31,CUST1259,Customer_1259,West ,Sports,Cycling Helmet,2,1456.25,0.1,0.0,Net Banking,Retail Store
ORD10952,2025-09-30,CUST1292,Customer_1292,north,Clothing,Jacket,5,1904.26,0.2,190.62,,Online
ORD12160,2025-09-09,CUST1393,Customer_1393,South,Electronics,Smartphone,3,32915.26,0.1,0.0,Cash on Delivery,Retail Store
ORD14062,12/09/2024,CUST1207,Customer_1207,,Home & Kitchen,Blender,2,5505.78,0.15,0.0,Debit Card,Retail Store
ORD13794,2024-10-15,CUST1285,Customer_1285,West,Clothing,Jacket,3,2031.03,0.25,0.0,UPI,Retail Store
ORD13243,03/10/2025,CUST1046,Customer_1046,South,Beauty,Lipstick,3,2153.44,0.25,63.35,Credit Card,Online
ORD13372,2025-08-18,CUST1355,Customer_1355,East,Electronics,Smartphone,3,19938.85,0.15,17.75,Net Banking,Online
ORD12699,2025-06-04,CUST1319,Customer_1319,East,Electronics,Tablet,1,46103.0,0.0,0.0,UPI,Retail Store
ORD11574,2024-07-12,CUST1390,Customer_1390,East,Sports,Yoga Mat,5,764.17,0.2,20.56,UPI,Online
ORD14308,13-Dec-2024,CUST1361,Customer_1361,West,Home & Kitchen,Blender,4,3364.99,0.15,0.0,Debit Card,Retail Store
ORD11955,07/12/2024,CUST1270,Customer_1270,West ,Home & Kitchen,Vacuum Cleaner,4,2716.04,0.0,70.27,Credit Card,Online
ORD14527,2025-06-07,CUST1056,Customer_1056,South,Electronics,Tablet,1,2854458.94,0.25,93.1,UPI,Online
ORD13337,2025-11-02,CUST1270,Customer_1270,North,Beauty,Face Cream,2,2465.25,0.15,13.28,Credit Card,Online
ORD12176,2024-06-11,CUST1308,Customer_1308,SOUTH,Electronics,Smartphone,4,24504.77,0.05,0.0,Net Banking,Retail Store
ORD11313,2025-12-12,CUST1100,Customer_1100,South,Clothing,T-Shirt,4,909.54,0.0,103.13,Net Banking,Online
ORD14400,2025-06-10,CUST1173,Customer_1173,SOUTH,Clothing,T-Shirt,5,2012.31,0.1,189.69,Cash on Delivery,Online
ORD11331,2025-01-24,CUST1390,Customer_1390, East,Home & Kitchen,Lamp,4,3282.46,0.2,0.0,Credit Card,Retail Store
ORD11842,2025-06-30,CUST1017,Customer_1017, East,Clothing,Shoes,1,2694.6,0.05,72.01,Credit Card,Online
ORD12208,2024-08-25,CUST1188,Customer_1188,West,Home & Kitchen,Blender,5,7158.63,0.0,180.92,Credit Card,Online
ORD12979,26/08/2025,CUST1043,Customer_1043,East,Electronics,Laptop,5,55166.83,0.2,0.0,Debit Card,Retail Store
ORD13436,2024-09-06,CUST1097,Customer_1097,North,Clothing,Shoes,2,843.24,0.2,0.0,Credit Card,Retail Store
ORD14332,17-Sep-2024,CUST1166,Customer_1166,West,Home & Kitchen,Lamp,3,36700.1,0.0,27.63,Credit Card,Online
ORD14239,2025-06-08,CUST1205,Customer_1205,West,Home & Kitchen,Lamp,4,3988.98,0.0,0.0,Net Banking,Retail Store
ORD10754,2025-03-26,CUST1115,Customer_1115,West,Beauty,Face Cream,2,2108.13,0.05,59.36,Debit Card,Online
ORD14106,2025-07-09,CUST1054,Customer_1054,SOUTH,Sports,Cricket Bat,3,1792.47,0.0,0.0,Cash on Delivery,Retail Store
ORD11378,07-Sep-2025,CUST1313,Customer_1313,East,Home & Kitchen,Lamp,2,1392.69,0.0,20.89,Cash on Delivery,Online
ORD14955,2024-02-11,CUST1166,Customer_1166,North,Clothing,T-Shirt,1,1286.66,0.1,35.69,Cash on Delivery,Online
ORD10980,2024-07-25,CUST1178,Customer_1178,north,Clothing,Jacket,5,1744.47,0.0,0.0,,Retail Store
ORD12100,2025-01-21,CUST1336,Customer_1336,West,Home & Kitchen,Lamp,4,7827.42,0.2,136.0,Cash on Delivery,Online
ORD10286,2024-08-26,CUST1011,Customer_1011,north,Home & Kitchen,Bedsheet,5,783.02,0.05,0.0,Credit Card,Retail Store
ORD14556,2025-01-11,CUST1075,Customer_1075,West,Home & Kitchen,Lamp,1,2310.67,0.0,0.0,Cash on Delivery,Retail Store
ORD13533,2024-08-23,CUST1130,Customer_1130,East,Electronics,Laptop,2,41123.19,0.0,0.0,Net Banking,Retail Store
ORD13088,2024-12-02,CUST1239,Customer_1239,north,Beauty,Lipstick,5,838.67,0.2,0.0,UPI,Retail Store
ORD14580,2025-04-20,CUST1184,Customer_1184,North,Sports,Running Shoes,2,1174.02,0.0,0.0,Credit Card,Retail Store
ORD13571,2025-02-08,CUST1052,Customer_1052,north,Electronics,Headphones,3,45512.3,0.0,4.12,Net Banking,Online
ORD14348,2024-07-04,CUST1154,Customer_1154,SOUTH,Electronics,Smartphone,1,,0.25,0.62,Cash on Delivery,Online
ORD11154,14/09/2025,CUST1283,Customer_1283,north,Sports,Running Shoes,3,1991.67,0.05,0.0,Credit Card,Retail Store
ORD11079,2025-01-05,CUST1285,Customer_1285,north,Home & Kitchen,Lamp,4,3373.74,0.2,0.0,Net Banking,Retail Store
ORD13008,2024-05-24,CUST1150,Customer_1150,north,Sports,Cycling Helmet,4,2889.93,0.0,151.24,Cash on Delivery,Online
ORD11511,03-Feb-2025,CUST1299,Customer_1299,SOUTH,Beauty,Lipstick,1,1523.68,0.0,0.0,Credit Card,Retail Store
ORD10892,2025-11-18,CUST1331,Customer_1331,North,Sports,Running Shoes,1,1432.4,0.0,148.98,Debit Card,Online
ORD10135,25/08/2024,CUST1346,Customer_1346,SOUTH,Sports,Cricket Bat,4,5856.21,0.2,0.0,Net Banking,Retail Store
ORD13261,2025-02-02,CUST1072,Customer_1072,West,Electronics,Smartphone,3,,0.1,85.24,Cash on Delivery,Online
ORD14078,2025-08-05,CUST1176,Customer_1176,North,Home & Kitchen,Blender,2,,0.25,187.16,Debit Card,Online
ORD12191,2025-08-12,CUST1144,Customer_1144,South,Clothing,Shoes,5,2917.43,0.15,28.69,Net Banking,Online
ORD10211,26/09/2024,CUST1318,Customer_1318,West,Sports,Dumbbells,4,995.08,0.05,0.0,UPI,Retail Store
ORD10433,17-Nov-2024,CUST1018,Customer_1018,North,Clothing,Dress,1,2457.49,0.1,140.06,UPI,Online
ORD13164,13-Jun-2024,CUST1323,Customer_1323,north,Sports,Yoga Mat,2,5669.56,0.05,0.0,UPI,Retail Store
ORD10274,29/01/2025,CUST1397,Customer_1397,West ,Beauty,Face Cream,5,2096.39,0.05,39.84,Debit Card,Online
ORD13012,2024-07-13,CUST1131,Customer_1131,SOUTH,Home & Kitchen,Vacuum Cleaner,4,2777.8,0.0,0.0,Credit Card,Retail Store
ORD10088,2024-05-18,CUST1376,Customer_1376,West ,Home & Kitchen,Cookware Set,1,,0.0,0.0,Credit Card,Retail Store
ORD12798,16/05/2025,CUST1219,Customer_1219,West,Electronics,Laptop,3,24738.55,0.0,0.0,UPI,Retail Store
ORD12324,30/10/2024,CUST1249,Customer_1249,East,Clothing,Jeans,3,2774.02,0.0,0.0,UPI,Retail Store
ORD10298,2024-07-07,CUST1352,Customer_1352,East,Sports,Dumbbells,4,,0.0,0.0,Credit Card,Retail Store
ORD12545,17/01/2024,CUST1054,Customer_1054,South,Sports,Yoga Mat,2,3466.26,0.2,0.0,Cash on Delivery,Retail Store
ORD10567,05/08/2024,CUST1055,Customer_1055,West ,Electronics,Smartphone,1,55465.71,0.25,0.0,Credit Card,Retail Store
ORD13916,2025-11-21,CUST1281,Customer_1281,East,Sports,Running Shoes,1,2244.29,0.0,0.0,Credit Card,Retail Store
ORD13674,12-Dec-2025,CUST1004,Customer_1004,South,Clothing,Jacket,2,1159.69,0.0,0.0,UPI,Retail Store
ORD14645,2025-03-03,CUST1187,Customer_1187,West ,Beauty,Lipstick,2,474.01,0.25,58.16,Debit Card,Online
ORD13776,2025-07-09,CUST1350,Customer_1350,North,Clothing,Jeans,1,2704.22,0.0,0.0,Debit Card,Retail Store
ORD13754,22/09/2025,CUST1124,Customer_1124,East,Beauty,Perfume,3,1490.34,0.05,0.0,UPI,Retail Store
ORD14253,2024-04-08,CUST1015,Customer_1015,West ,Clothing,Shoes,2,413.83,0.0,0.0,Net Banking,Retail Store
ORD10315,2025-02-27,CUST1192,Customer_1192,West,Sports,Dumbbells,5,5203.79,0.1,0.0,UPI,Retail Store
ORD14554,28/08/2024,CUST1163,Customer_1163,north,Home & Kitchen,Lamp,4,4673.22,0.1,61.59,Cash on Delivery,Online
ORD12151,26/09/2024,CUST1213,Customer_1213,South,Electronics,Laptop,2,45248.47,0.05,0.0,Credit Card,Retail Store
ORD13662,2024-03-31,CUST1006,Customer_1006,East,Sports,Yoga Mat,4,2750.75,0.0,0.0,Net Banking,Retail Store
ORD13288,24/04/2025,CUST1249,Customer_1249,West,Clothing,Shoes,4,1670.93,0.15,0.0,Debit Card,Retail Store
ORD13117,2025-03-28,CUST1019,Customer_1019,SOUTH,Sports,Running Shoes,3,3391.94,0.2,45.15,Credit Card,Online
ORD10522,2024-05-06,CUST1327,Customer_1327,north,Electronics,Laptop,3,,0.0,0.0,Net Banking,Retail Store
ORD12020,2025-09-07,CUST1317,Customer_1317,West,Clothing,Dress,1,1178.28,0.1,89.61,Net Banking,Online
ORD14421,21/02/2024,CUST1178,Customer_1178,South,Clothing,Jeans,1,2169.1,0.0,0.0,Debit Card,Retail Store
ORD12974,07/03/2025,CUST1122,Customer_1122,,Sports,Dumbbells,3,1157.91,0.25,189.85,Cash on Delivery,Online
ORD11275,2024-04-02,CUST1066,Customer_1066, East,Beauty,Perfume,2,915.08,0.2,134.66,Debit Card,Online
ORD13181,2025-04-04,CUST1114,Customer_1114,,Sports,Dumbbells,3,3193.04,0.15,0.0,Net Banking,Retail Store
ORD12413,2024-07-20,CUST1310,Customer_1310,,Electronics,Laptop,4,32514.5,0.0,28.28,Net Banking,Online
ORD12752,2025-06-11,CUST1159,Customer_1159,North,Home & Kitchen,Cookware Set,3,2446.5,0.2,0.0,Net Banking,Retail Store
ORD10528,2024-10-24,CUST1187,Customer_1187,north,Clothing,Dress,3,1323.56,0.0,0.45,UPI,Online
ORD14921,2025-10-30,CUST1127,Customer_1127,West ,Home & Kitchen,Vacuum Cleaner,1,7076.95,,154.53,Net Banking,Online
ORD10308,2024-03-30,CUST1317,Customer_1317, East,Sports,Dumbbells,1,3637.32,0.15,134.42,Debit Card,Online
ORD11505,2025-03-11,CUST1102,Customer_1102,South,Clothing,Shoes,3,679.07,0.0,0.0,Debit Card,Retail Store
ORD13598,08/03/2024,CUST1281,Customer_1281,SOUTH,Clothing,T-Shirt,2,,0.0,133.3,UPI,Online
ORD12496,2025-11-03,CUST1263,Customer_1263,SOUTH,Sports,Running Shoes,3,4841.97,0.0,146.58,Cash on Delivery,Online
ORD11374,2025-06-05,CUST1329,Customer_1329,South,Electronics,Tablet,4,41016.86,0.15,0.0,Credit Card,Retail Store
ORD12619,2024-12-02,CUST1347,Customer_1347,North,Beauty,Lipstick,1,2047.0,0.25,97.13,Debit Card,Online
ORD11134,2024-01-13,CUST1000,Customer_1000,North,Sports,Dumbbells,2,3212.34,0.15,172.04,Debit Card,Online
ORD11203,07/07/2025,CUST1057,Customer_1057,north,Beauty,Face Cream,2,1412.01,0.2,0.0,Net Banking,Retail Store
ORD13681,02/12/2025,CUST1107,Customer_1107,north,Home & Kitchen,Bedsheet,3,2624.11,0.1,0.0,Credit Card,Retail Store
ORD13220,2024-03-23,CUST1126,Customer_1126,South,Sports,Dumbbells,2,5550.28,0.15,0.0,Net Banking,Retail Store
ORD11318,24/03/2024,CUST1006,Customer_1006,North,Home & Kitchen,Vacuum Cleaner,3,6208.55,0.0,0.0,Debit Card,Retail Store
ORD12647,2025-07-07,CUST1265,Customer_1265,East,Home & Kitchen,Blender,2,3767.81,0.1,0.0,UPI,Retail Store
ORD12332,15/11/2024,CUST1259,Customer_1259,West ,Beauty,Lipstick,2,729.35,0.0,141.01,Cash on Delivery,Online
ORD13380,07/02/2025,CUST1269,Customer_1269,West ,Beauty,Shampoo,-2,1600.28,0.0,0.0,Credit Card,Retail Store
ORD10833,2025-08-22,CUST1059,Customer_1059,north,Sports,Yoga Mat,2,3257.1,0.1,0.0,Debit Card,Retail Store
ORD12989,15/06/2024,CUST1200,Customer_1200,West,Clothing,Shoes,1,2970.51,0.2,0.0,Cash on Delivery,Retail Store
ORD12110,2024-03-15,CUST1175,Customer_1175,West ,Clothing,Jeans,3,994.38,0.15,0.0,UPI,Retail Store
ORD11682,04/08/2025,CUST1148,Customer_1148, East,Home & Kitchen,Vacuum Cleaner,1,7944.14,0.05,104.09,Cash on Delivery,Online
ORD13034,2024-10-23,CUST1077,Customer_1077,SOUTH,Sports,Running Shoes,1,5152.12,0.05,101.21,Credit Card,Online
ORD12287,01-Oct-2024,CUST1005,Customer_1005, East,Beauty,Sunscreen,1,1683.28,0.2,135.97,Credit Card,Online
ORD12380,2024-07-31,CUST1017,Customer_1017,South,Sports,Running Shoes,2,4701.56,0.1,0.0,Debit Card,Retail Store
ORD14787,2024-04-16,CUST1327,Customer_1327,East,Electronics,Smartphone,2,52948.59,0.0,0.0,Debit Card,Retail Store
ORD12004,2025-05-05,CUST1333,Customer_1333,north,Clothing,Jacket,2,453.98,0.25,0.0,Net Banking,Retail Store
ORD14448,2024-05-08,CUST1205,Customer_1205,South,Home & Kitchen,Vacuum Cleaner,1,4090.38,0.0,0.0,Debit Card,Retail Store
ORD14136,22-Sep-2025,CUST1373,Customer_1373,north,Home & Kitchen,Vacuum Cleaner,5,1004.95,0.1,0.0,Credit Card,Retail Store
ORD12616,2024-01-31,CUST1190,Customer_1190,SOUTH,Beauty,Perfume,4,720.93,0.0,0.0,Credit Card,Retail Store
ORD11166,2025-02-19,CUST1284,Customer_1284,SOUTH,Home & Kitchen,Vacuum Cleaner,5,1777.33,0.0,0.0,Cash on Delivery,Retail Store
ORD10629,20-Dec-2024,CUST1112,Customer_1112,West ,Beauty,Perfume,3,778.71,0.0,40.71,UPI,Online
ORD13471,28/04/2025,CUST1162,Customer_1162,SOUTH,Clothing,T-Shirt,1,2351.1,0.2,0.0,Net Banking,Retail Store
ORD14300,14/07/2025,CUST1284,Customer_1284,SOUTH,Home & Kitchen,Lamp,3,2331.83,0.2,0.0,Debit Card,Retail Store
ORD14562,2025-10-01,CUST1389,Customer_1389,West,Beauty,Face Cream,4,2344.88,0.15,0.0,Credit Card,Retail Store
ORD10727,2025-08-21,CUST1232,Customer_1232,SOUTH,Sports,Running Shoes,1,2205.35,0.05,0.0,Net Banking,Retail Store
ORD10354,2024-07-26,CUST1299,Customer_1299,North,Beauty,Face Cream,4,470.55,0.1,56.12,Net Banking,Online
ORD12140,10/03/2024,CUST1146,Customer_1146,SOUTH,Electronics,Laptop,3,24447.01,0.2,0.0,Net Banking,Retail Store
ORD12871,13/10/2024,CUST1339,Customer_1339,South,Home & Kitchen,Lamp,4,6961.78,0.2,0.0,Credit Card,Retail Store
ORD11861,18/07/2025,CUST1041,Customer_1041,South,Clothing,Jeans,1,2337.31,0.15,8.48,Net Banking,Online
ORD11222,04-Nov-2024,CUST1242,Customer_1242,East,Beauty,Face Cream,2,2441.17,0.25,0.0,Debit Card,Retail Store
ORD14946,2024-03-16,CUST1007,Customer_1007,East,Home & Kitchen,Lamp,5,,0.0,106.34,UPI,Online
ORD14352,03-Sep-2025,CUST1095,Customer_1095, East,Clothing,Jeans,5,2163.31,0.0,0.0,Credit Card,Retail Store
ORD12508,2024-01-17,CUST1257,Customer_1257,West,Clothing,Jeans,1,1838.68,0.15,0.0,Debit Card,Retail Store
ORD10847,2025-06-03,CUST1196,Customer_1196,West ,Sports,Running Shoes,1,3334.04,0.25,74.59,Net Banking,Online
ORD10159,2025-03-08,CUST1335,Customer_1335,West ,Electronics,Headphones,1,6059.42,0.0,76.61,Credit Card,Online
ORD12787,2024-02-03,CUST1011,Customer_1011,SOUTH,Clothing,Dress,1,765.31,0.0,197.51,Cash on Delivery,Online
ORD11982,2024-09-10,CUST1246,Customer_1246,South,Beauty,Lipstick,5,857.98,0.15,0.0,Credit Card,Retail Store
ORD14356,24/07/2024,CUST1301,Customer_1301, East,Sports,Dumbbells,2,1354.33,0.2,20.66,Net Banking,Online
ORD12103,2024-02-17,CUST1028,Customer_1028,north,Home & Kitchen,Lamp,2,5285.25,0.0,0.0,Net Banking,Retail Store
ORD14020,05-Jul-2025,CUST1062,Customer_1062,north,Home & Kitchen,Cookware Set,5,3850.52,0.05,12.16,Cash on Delivery,Online
ORD10371,2024-07-23,CUST1268,Customer_1268, East,Home & Kitchen,Blender,5,7358.08,0.0,0.0,UPI,Retail Store
ORD13482,2025-03-25,CUST1186,Customer_1186,north,Electronics,Headphones,2,16198.82,0.25,76.56,Cash on Delivery,Online
ORD12970,2024-01-25,CUST1392,Customer_1392,north,Home & Kitchen,Vacuum Cleaner,5,7013.36,0.15,142.72,Cash on Delivery,Online
ORD12131,2025-10-08,CUST1075,Customer_1075,,Electronics,Headphones,1,17010.56,0.0,0.0,Debit Card,Retail Store
ORD13418,12/11/2024,CUST1227,Customer_1227, East,Electronics,Smartwatch,1,3323.69,,19.07,Debit Card,Online
ORD13424,2024-08-13,CUST1128,Customer_1128,West ,Sports,Cricket Bat,5,2579.28,0.1,194.93,Debit Card,Online
ORD11538,2025-02-14,CUST1383,Customer_1383,South,Sports,Cycling Helmet,2,5695.97,0.2,192.6,Debit Card,Online
ORD13554,17-Feb-2025,CUST1320,Customer_1320,SOUTH,Sports,Running Shoes,1,1831.27,0.25,52.22,,Online
ORD14937,2025-02-09,CUST1252,Customer_1252, East,Electronics,Laptop,1,30455.28,0.0,0.0,Credit Card,Retail Store
ORD12475,25-Feb-2025,CUST1066,Customer_1066,SOUTH,Home & Kitchen,Bedsheet,5,6683.98,0.0,9.17,Cash on Delivery,Online
ORD12337,2025-01-29,CUST1064,Customer_1064,West ,Beauty,Lipstick,4,2014.71,0.1,0.0,Cash on Delivery,Retail Store
ORD12744,2024-03-17,CUST1362,Customer_1362,East,Electronics,Laptop,5,47988.2,0.15,0.0,Cash on Delivery,Retail Store
ORD11553,2025-05-11,CUST1294,Customer_1294,,Sports,Cricket Bat,1,2276.69,0.05,0.0,Debit Card,Retail Store
ORD10239,23/05/2024,CUST1141,Customer_1141,West,Home & Kitchen,Cookware Set,3,2791.04,0.1,145.49,UPI,Online
ORD11429,2025-02-16,CUST1116,Customer_1116,North,Beauty,Sunscreen,5,1608.33,0.05,0.0,UPI,Retail Store
ORD11978,2025-07-22,CUST1251,Customer_1251,West,Electronics,Tablet,1,57786.62,0.05,0.0,Credit Card,Retail Store
ORD13245,2024-07-09,CUST1388,Customer_1388,North,Clothing,T-Shirt,1,609.76,0.15,0.0,UPI,Retail Store
ORD12817,2024-05-29,CUST1260,Customer_1260,East,Home & Kitchen,Blender,2,1839.1,0.0,109.26,UPI,Online
ORD13671,29-Jun-2025,CUST1181,Customer_1181,West ,Sports,Dumbbells,1,5252.65,0.0,0.0,Cash on Delivery,Retail Store
ORD12449,14/01/2024,CUST1189,Customer_1189,South,Electronics,Headphones,2,16294.18,0.15,175.45,Debit Card,Online
ORD14307,2024-10-12,CUST1274,Customer_1274,North,Home & Kitchen,Blender,3,7791.14,0.15,0.0,Cash on Delivery,Retail Store
ORD14914,2025-07-17,CUST1241,Customer_1241,SOUTH,Beauty,Shampoo,4,707.77,,0.0,UPI,Retail Store
ORD12202,30/06/2024,CUST1384,Customer_1384,SOUTH,Sports,Yoga Mat,5,1851.39,0.0,0.0,Net Banking,Retail Store
ORD10618,17/04/2024,CUST1034,Customer_1034,East,Electronics,Headphones,2,40417.77,0.05,0.0,Cash on Delivery,Retail Store
ORD12381,2024-05-23,CUST1006,Customer_1006,North,Sports,Cricket Bat,5,5719.23,0.0,123.45,Net Banking,Online
ORD11090,2024-06-29,CUST1085,Customer_1085,,Clothing,T-Shirt,1,549.42,0.1,0.0,UPI,Retail Store
ORD10295,06/02/2025,CUST1305,Customer_1305,North,Sports,Yoga Mat,2,5564.71,0.25,0.0,UPI,Retail Store
ORD10430,2024-05-21,CUST1085,Customer_1085,West,Electronics,Smartphone,3,18589.19,0.15,0.0,Cash on Delivery,Retail Store
ORD10279,08/07/2024,CUST1140,Customer_1140,SOUTH,Sports,Cycling Helmet,2,404.03,0.2,64.14,Net Banking,Online
ORD13524,30-Mar-2024,CUST1320,Customer_1320,SOUTH,Sports,Yoga Mat,4,1761.22,0.0,154.37,Net Banking,Online
ORD12629,27/09/2024,CUST1247,Customer_1247,North,Sports,Cricket Bat,5,2018.47,0.05,5.21,UPI,Online
ORD12766,2025-06-09,CUST1001,Customer_1001,West,Home & Kitchen,Bedsheet,3,3759.32,0.2,0.0,Credit Card,Retail Store
ORD13895,2024-05-27,CUST1344,Customer_1344,South,Clothing,Jeans,3,1038.63,0.0,51.71,Credit Card,Online
ORD11656,2025-01-05,CUST1087,Customer_1087,SOUTH,Home & Kitchen,Vacuum Cleaner,2,6949.46,0.2,0.0,Cash on Delivery,Retail Store
ORD10969,2024-10-17,CUST1059,Customer_1059, East,Home & Kitchen,Vacuum Cleaner,1,4413.4,0.0,0.0,Cash on Delivery,Retail Store
ORD11843,03-May-2025,CUST1249,Customer_1249, East,Sports,Yoga Mat,3,2481.43,0.0,178.73,Net Banking,Online
ORD13024,2025-06-11,CUST1134,Customer_1134,,Home & Kitchen,Cookware Set,2,2054.64,,0.0,UPI,Retail Store
ORD13151,05-Aug-2025,CUST1399,Customer_1399,North,Beauty,Shampoo,5,1123.33,0.1,0.0,Cash on Delivery,Retail Store
ORD13386,04/07/2025,CUST1076,Customer_1076, East,Sports,Dumbbells,2,3117.29,0.0,0.0,UPI,Retail Store
ORD14546,2024-04-14,CUST1325,Customer_1325,South,Home & Kitchen,Vacuum Cleaner,5,7127.74,0.0,178.2,UPI,Online
ORD11211,2025-05-28,CUST1049,Customer_1049,north,Clothing,Shoes,1,529.94,0.15,37.82,Debit Card,Online
ORD14390,2025-09-08,CUST1275,Customer_1275,north,Home & Kitchen,Bedsheet,1,3080.84,0.0,0.0,Cash on Delivery,Retail Store
ORD11428,2024-01-24,CUST1240,Customer_1240,SOUTH,Sports,Running Shoes,4,3255.66,0.05,134.74,Cash on Delivery,Online
ORD14716,2024-11-20,CUST1240,Customer_1240,West ,Electronics,Smartphone,4,48745.78,0.0,81.16,,Online
ORD10426,14/05/2024,CUST1371,Customer_1371, East,Clothing,Shoes,3,1886.68,0.25,0.0,Cash on Delivery,Retail Store
ORD14094,23/05/2025,CUST1208,Customer_1208,West ,Clothing,Shoes,5,790.83,0.25,50.51,UPI,Online
ORD11923,2025-08-24,CUST1381,Customer_1381,West,Sports,Cricket Bat,5,3547.02,0.15,92.23,Debit Card,Online
ORD13395,2025-09-03,CUST1047,Customer_1047,East,Clothing,Jeans,2,2194.32,0.15,117.93,Net Banking,Online
ORD14815,2024-05-13,CUST1016,Customer_1016,East,Electronics,Smartwatch,2,18881.02,0.0,162.73,UPI,Online
ORD10404,2025-04-07,CUST1160,Customer_1160,East,Sports,Yoga Mat,1,5142.98,,137.49,UPI,Online
ORD10491,2024-08-29,CUST1322,Customer_1322, East,Electronics,Headphones,4,12759.23,0.05,0.0,Cash on Delivery,Retail Store
ORD14671,2025-01-26,CUST1199,Customer_1199,East,Beauty,Lipstick,2,1355.35,0.25,0.0,UPI,Retail Store
ORD13494,17-Mar-2024,CUST1241,Customer_1241, East,Clothing,Jeans,3,1658.94,,0.0,UPI,Retail Store
ORD10824,2025-07-08,CUST1079,Customer_1079,West,Clothing,T-Shirt,5,2772.78,0.05,6.22,Credit Card,Online
ORD12542,2025-05-07,CUST1103,Customer_1103,West,Home & Kitchen,Bedsheet,4,2167.22,0.15,117.61,Net Banking,Online
ORD13673,2024-08-30,CUST1274,Customer_1274,West ,Sports,Yoga Mat,1,4384.32,0.0,17.68,Cash on Delivery,Online
ORD12790,2025-12-13,CUST1242,Customer_1242, East,Electronics,Smartphone,4,19387.88,0.25,0.0,Net Banking,Retail Store
ORD14226,2024-05-05,CUST1008,Customer_1008, East,Clothing,Shoes,1,830.0,0.25,0.0,Debit Card,Retail Store
ORD13515,19/01/2024,CUST1167,Customer_1167,SOUTH,Home & Kitchen,Lamp,5,5139.19,0.0,0.0,Net Banking,Retail Store
ORD14461,2024-11-04,CUST1190,Customer_1190,South,Beauty,Perfume,5,1432.44,0.25,58.66,,Online
ORD14947,12/10/2025,CUST1357,Customer_1357, East,Electronics,Headphones,5,41560.88,0.2,0.0,Cash on Delivery,Retail Store
ORD11788,12/02/2024,CUST1397,Customer_1397,East,Beauty,Shampoo,2,,0.1,0.0,UPI,Retail Store
ORD12187,27-Aug-2025,CUST1099,Customer_1099,SOUTH,Sports,Running Shoes,4,825.01,0.0,0.0,UPI,Retail Store
ORD12145,2024-03-03,CUST1084,Customer_1084,West,Clothing,Shoes,3,580.21,0.1,0.0,UPI,Retail Store
ORD13246,15/04/2025,CUST1198,Customer_1198,West,Beauty,Sunscreen,4,992.05,0.0,147.56,Net Banking,Online
ORD11841,2024-01-08,CUST1112,Customer_1112,north,Beauty,Shampoo,2,689.16,0.0,50.2,Debit Card,Online
ORD11209,25-Jul-2024,CUST1060,Customer_1060,West ,Beauty,Face Cream,1,1892.25,0.25,77.64,Net Banking,Online
ORD10974,2024-07-22,CUST1195,Customer_1195,West,Sports,Dumbbells,1,3025.13,0.05,191.34,Net Banking,Online
ORD10474,2024-12-13,CUST1394,Customer_1394, East,Beauty,Shampoo,4,22580.61,0.15,0.0,Cash on Delivery,Retail Store
ORD13311,2025-11-07,CUST1095,Customer_1095,West,Electronics,Tablet,1,30769.4,0.2,194.3,Credit Card,Online
ORD10215,01/12/2025,CUST1356,Customer_1356,East,Electronics,Smartphone,1,36058.89,0.0,0.0,Cash on Delivery,Retail Store
ORD10656,2025-07-20,CUST1399,Customer_1399,North,Electronics,Tablet,5,36890.23,0.15,72.42,Net Banking,Online
ORD13235,2024-08-06,CUST1104,Customer_1104,East,Clothing,Shoes,1,50094.39,0.0,33.21,Credit Card,Online
ORD12519,2025-04-26,CUST1398,Customer_1398,West,Electronics,Laptop,1,33421.5,0.05,0.0,Net Banking,Retail Store
ORD11583,2024-09-25,CUST1346,Customer_1346,SOUTH,Sports,Yoga Mat,2,3493.54,0.0,0.0,UPI,Retail Store
ORD14485,2025-08-12,CUST1137,Customer_1137, East,Beauty,Sunscreen,4,1552.43,0.15,0.0,Credit Card,Retail Store
ORD11130,2024-07-09,CUST1197,Customer_1197,South,Beauty,Sunscreen,3,731.4,0.0,23.85,Credit Card,Online
ORD13038,2024-04-14,CUST1036,Customer_1036,SOUTH,Beauty,Sunscreen,-1,1659.53,0.15,0.0,Credit Card,Retail Store
ORD12063,20/03/2025,CUST1105,Customer_1105,north,Electronics,Smartphone,3,54747.59,0.15,0.0,Net Banking,Retail Store
ORD10131,2024-07-15,CUST1140,Customer_1140,north,Sports,Cricket Bat,1,5541.07,0.05,0.0,UPI,Retail Store
ORD13566,2024-11-01,CUST1280,Customer_1280,East,Beauty,Shampoo,3,1100.3,0.0,113.56,UPI,Online
ORD11341,2024-05-07,CUST1353,Customer_1353, East,Home & Kitchen,Cookware Set,4,4762.96,0.05,42.69,UPI,Online
ORD12184,2025-03-24,CUST1044,Customer_1044,East,Clothing,Shoes,1,2392.5,0.0,185.28,Credit Card,Online
ORD14382,11/10/2024,CUST1002,Customer_1002,West ,Home & Kitchen,Vacuum Cleaner,1,7319.53,0.0,46.43,Credit Card,Online
ORD10594,27/08/2025,CUST1376,Customer_1376,SOUTH,Clothing,T-Shirt,1,335.45,0.05,0.0,UPI,Retail Store
ORD14634,2024-12-28,CUST1326,Customer_1326,North,Sports,Cricket Bat,2,2225.81,0.0,4.6,UPI,Online
ORD10810,2025-05-19,CUST1021,Customer_1021, East,Clothing,Jeans,2,1162.54,0.1,8.03,Net Banking,Online
ORD10247,2024-01-17,CUST1392,Customer_1392, East,Clothing,Dress,5,1225.21,0.0,35.48,Debit Card,Online
ORD10029,2025-11-15,CUST1385,Customer_1385,,Beauty,Lipstick,5,665.64,0.15,0.0,Debit Card,Retail Store
ORD11119,21-Mar-2024,CUST1170,Customer_1170,West,Beauty,Perfume,5,87111.05,0.2,0.0,Credit Card,Retail Store
ORD13363,2025-09-22,CUST1056,Customer_1056,North,Sports,Running Shoes,2,2055.24,0.05,156.21,Cash on Delivery,Online
ORD12792,2024-05-11,CUST1259,Customer_1259,South,Electronics,Headphones,4,7698.64,0.0,0.0,Debit Card,Retail Store
ORD14379,2024-11-30,CUST1326,Customer_1326, East,Sports,Dumbbells,4,2384.42,,94.36,Debit Card,Online
ORD11974,2024-06-01,CUST1014,Customer_1014,South,Beauty,Lipstick,2,1472.89,0.0,0.0,,Retail Store
ORD10633,15-May-2024,CUST1369,Customer_1369,north,Home & Kitchen,Bedsheet,4,2450.76,0.05,199.76,UPI,Online
ORD10046,2025-02-27,CUST1389,Customer_1389,SOUTH,Sports,Yoga Mat,4,250979.62,0.25,0.0,Net Banking,Retail Store
ORD14569,2025-06-06,CUST1028,Customer_1028, East,Home & Kitchen,Bedsheet,3,6597.73,0.05,0.0,Net Banking,Retail Store
ORD14392,2025-02-22,CUST1126,Customer_1126, East,Home & Kitchen,Vacuum Cleaner,4,5938.27,0.25,141.4,Net Banking,Online
ORD10868,09-Feb-2024,CUST1016,Customer_1016,South,Clothing,Jacket,3,2189.96,0.0,164.29,Credit Card,Online
ORD11320,2025-03-03,CUST1164,Customer_1164,North,Clothing,Dress,3,1062.71,0.15,0.0,Debit Card,Retail Store
ORD14499,2025-04-28,CUST1127,Customer_1127, East,Beauty,Shampoo,5,1657.83,0.2,128.83,UPI,Online
ORD11543,14-Nov-2025,CUST1019,Customer_1019,South,Home & Kitchen,Vacuum Cleaner,2,5250.78,0.0,63.66,Credit Card,Online
ORD14129,01/10/2025,CUST1040,Customer_1040,SOUTH,Home & Kitchen,Lamp,2,6462.25,0.0,0.0,Net Banking,Retail Store
ORD13559,10/11/2024,CUST1179,Customer_1179,North,Home & Kitchen,Lamp,2,2753.93,0.25,129.29,Net Banking,Online
ORD12503,2024-11-25,CUST1359,Customer_1359,north,Beauty,Face Cream,4,2146.95,0.0,190.19,Debit Card,Online
ORD13567,2025-06-25,CUST1346,Customer_1346, East,Beauty,Sunscreen,2,264.58,,0.0,Debit Card,Retail Store
ORD13058,06/09/2025,CUST1110,Customer_1110,North,Home & Kitchen,Lamp,3,5169.0,0.0,0.0,Cash on Delivery,Retail Store
ORD10860,2024-12-04,CUST1388,Customer_1388,West ,Beauty,Lipstick,5,308.13,0.2,28.44,UPI,Online
ORD14105,2024-03-28,CUST1175,Customer_1175, East,Clothing,Shoes,5,1182.44,0.1,0.0,Debit Card,Retail Store
ORD12138,2025-10-16,CUST1022,Customer_1022,,Electronics,Laptop,1,58996.42,0.05,0.0,Credit Card,Retail Store
ORD11984,2025-02-13,CUST1100,Customer_1100,north,Clothing,Dress,1,2532.32,0.0,0.0,Debit Card,Retail Store
ORD12310,2025-01-29,CUST1243,Customer_1243,West ,Clothing,Shoes,4,1565.93,0.2,0.0,Net Banking,Retail Store
ORD12759,2024-08-02,CUST1043,Customer_1043, East,Beauty,Face Cream,5,1684.92,0.0,0.0,UPI,Retail Store
ORD12531,2024-01-27,CUST1390,Customer_1390, East,Electronics,Tablet,1,53908.37,0.2,101.52,Net Banking,Online
ORD10848,06/09/2025,CUST1360,Customer_1360,North,Electronics,Tablet,4,25134.37,0.2,129.1,Net Banking,Online
ORD11243,2025-01-27,CUST1157,Customer_1157,East,Clothing,Dress,1,1100.57,0.0,0.0,UPI,Retail Store
ORD14174,06/02/2025,CUST1282,Customer_1282,West ,Electronics,Tablet,3,43840.73,0.0,0.0,Credit Card,Retail Store
ORD13045,2025-09-14,CUST1080,Customer_1080,South,Beauty,Perfume,1,2304.63,0.0,0.0,Debit Card,Retail Store
ORD11180,2024-11-10,CUST1202,Customer_1202,SOUTH,Electronics,Headphones,1,,0.25,48.67,UPI,Online
ORD13460,29/01/2025,CUST1065,Customer_1065,West ,Clothing,Shoes,1,458.87,0.0,0.0,Net Banking,Retail Store
ORD12371,2024-03-19,CUST1271,Customer_1271,South,Home & Kitchen,Lamp,2,2041.17,0.1,0.0,Credit Card,Retail Store
ORD10002,2025-08-14,CUST1176,Customer_1176,South,Sports,Cricket Bat,1,5044.67,0.15,154.61,Credit Card,Online
ORD14964,2025-02-19,CUST1091,Customer_1091,West,Electronics,Headphones,5,37723.11,0.15,83.96,Debit Card,Online
ORD11755,2025-05-30,CUST1354,Customer_1354,,Sports,Yoga Mat,1,1848.64,0.15,0.0,UPI,Retail Store
ORD14011,2024-05-24,CUST1245,Customer_1245,North,Beauty,Lipstick,4,2072.21,0.25,0.0,Debit Card,Retail Store
ORD11048,2024-10-13,CUST1209,Customer_1209,South,Home & Kitchen,Blender,4,6983.88,0.15,32.18,Cash on Delivery,Online
ORD11418,2025-02-01,CUST1060,Customer_1060,north,Home & Kitchen,Vacuum Cleaner,1,2133.46,0.0,0.0,UPI,Retail Store
ORD14820,2024-03-31,CUST1054,Customer_1054,East,Beauty,Sunscreen,5,2465.39,0.15,0.0,Net Banking,Retail Store
ORD10862,23/09/2025,CUST1083,Customer_1083,SOUTH,Electronics,Laptop,4,14317.03,0.15,0.0,Cash on Delivery,Retail Store
ORD13863,25-Apr-2025,CUST1109,Customer_1109,East,Clothing,Jacket,4,752.37,0.1,88.2,Credit Card,Online
ORD12383,2024-11-16,CUST1379,Customer_1379,West ,Clothing,Dress,1,1502.55,0.15,3.1,Cash on Delivery,Online
ORD12551,2025-01-06,CUST1340,Customer_1340,SOUTH,Home & Kitchen,Lamp,1,2717.01,0.0,37.64,Debit Card,Online
ORD13780,2025-01-11,CUST1008,Customer_1008,West ,Sports,Cycling Helmet,2,4772.26,0.05,19.5,UPI,Online
ORD12431,18/11/2025,CUST1255,Customer_1255,SOUTH,Electronics,Headphones,3,49899.23,0.25,0.0,UPI,Retail Store
ORD13797,2024-05-29,CUST1104,Customer_1104,north,Clothing,Jeans,4,1705.22,0.0,0.0,Debit Card,Retail Store
ORD10310,10/05/2025,CUST1068,Customer_1068,north,Electronics,Laptop,3,32191.8,0.0,0.0,Cash on Delivery,Retail Store
ORD11618,07-Apr-2025,CUST1042,Customer_1042,north,Electronics,Tablet,4,33473.42,,0.0,Cash on Delivery,Retail Store
ORD11092,05/06/2024,CUST1067,Customer_1067,South,Sports,Running Shoes,4,746.89,0.15,0.0,Credit Card,Retail Store
ORD11940,2024-02-06,CUST1298,Customer_1298,SOUTH,Clothing,Jeans,4,2401.78,0.2,6.68,Credit Card,Online
ORD13825,2024-12-20,CUST1103,Customer_1103,East,Sports,Yoga Mat,2,4689.35,0.0,0.0,Debit Card,Retail Store
ORD11229,2024-12-29,CUST1353,Customer_1353,North,Beauty,Face Cream,5,1910.66,0.0,0.0,Net Banking,Retail Store
ORD14818,2024-12-29,CUST1047,Customer_1047,SOUTH,Sports,Yoga Mat,5,2074.49,0.0,0.0,Net Banking,Retail Store
ORD11733,19/01/2024,CUST1288,Customer_1288,SOUTH,Beauty,Lipstick,3,1749.46,0.05,0.0,Cash on Delivery,Retail Store
ORD10506,2025-11-17,CUST1087,Customer_1087,East,Electronics,Headphones,4,3209.47,0.25,0.0,Net Banking,Retail Store
ORD13750,17-Apr-2024,CUST1369,Customer_1369, East,Home & Kitchen,Bedsheet,2,7324.32,0.05,0.0,Cash on Delivery,Retail Store
ORD13063,24-Jul-2025,CUST1181,Customer_1181,SOUTH,Beauty,Lipstick,1,1965.47,0.0,0.0,Net Banking,Retail Store
ORD12622,2025-03-19,CUST1387,Customer_1387, East,Clothing,Shoes,4,2920.07,0.0,0.0,Cash on Delivery,Retail Store
ORD11393,2024-01-16,CUST1124,Customer_1124,South,Electronics,Laptop,2,20487.49,0.0,0.0,Net Banking,Retail Store
ORD12834,2025-01-24,CUST1044,Customer_1044,West,Clothing,Jacket,4,2214.21,0.0,0.0,UPI,Retail Store
ORD12405,2025-05-11,CUST1163,Customer_1163,north,Sports,Yoga Mat,1,4508.64,0.2,0.0,UPI,Retail Store
ORD13009,2025-09-18,CUST1165,Customer_1165, East,Clothing,Jeans,-1,666.69,0.2,171.28,Net Banking,Online
ORD14122,30/10/2025,CUST1170,Customer_1170,West,Sports,Yoga Mat,2,5665.65,0.0,0.0,UPI,Retail Store
ORD10762,02-Jan-2024,CUST1331,Customer_1331,North,Electronics,Laptop,4,32146.24,0.0,0.0,Credit Card,Retail Store
ORD13890,2024-03-19,CUST1297,Customer_1297,north,Beauty,Lipstick,4,227.92,0.05,182.96,Debit Card,Online
ORD14481,2024-05-31,CUST1260,Customer_1260,South,Home & Kitchen,Bedsheet,3,1942.84,0.0,0.0,UPI,Retail Store
ORD10966,2025-04-05,CUST1205,Customer_1205,north,Clothing,Jeans,3,2394.82,0.2,27.64,UPI,Online
ORD13314,18/02/2024,CUST1020,Customer_1020,SOUTH,Home & Kitchen,Lamp,5,7350.22,0.0,0.0,Debit Card,Retail Store
ORD13441,2025-08-26,CUST1298,Customer_1298,South,Electronics,Smartwatch,4,12403.06,,0.0,UPI,Retail Store
ORD10682,2025-02-12,CUST1243,Customer_1243,West,Home & Kitchen,Vacuum Cleaner,1,4600.84,0.2,0.0,UPI,Retail Store
ORD12546,2024-10-14,CUST1016,Customer_1016, East,Beauty,Perfume,1,2273.48,0.0,134.73,Debit Card,Online
ORD10991,2024-10-18,CUST1207,Customer_1207,East,Beauty,Sunscreen,4,1190.61,0.15,0.0,Debit Card,Retail Store
ORD10914,2025-11-08,CUST1370,Customer_1370,north,Sports,Cricket Bat,5,3265.42,0.15,0.0,Debit Card,Retail Store
ORD14236,2024-01-24,CUST1029,Customer_1029,north,Sports,Dumbbells,1,1055.23,0.15,122.78,Cash on Delivery,Online
ORD14272,2024-07-15,CUST1319,Customer_1319,West ,Electronics,Laptop,2,3479.73,0.1,0.0,Credit Card,Retail Store
ORD10185,2024-08-02,CUST1039,Customer_1039,South,Clothing,Jacket,3,539.56,0.1,0.0,UPI,Retail Store
ORD10922,2024-08-19,CUST1369,Customer_1369, East,Electronics,Tablet,1,13119.2,0.15,191.24,Credit Card,Online
ORD14459,18/08/2025,CUST1192,Customer_1192,West,Sports,Yoga Mat,4,1010.23,0.0,0.0,Debit Card,Retail Store
ORD14170,08/10/2025,CUST1089,Customer_1089,West ,Clothing,Jacket,4,2922.14,0.1,180.48,Credit Card,Online
ORD13556,2025-10-10,CUST1050,Customer_1050,South,Beauty,Lipstick,2,1666.89,0.0,0.0,Net Banking,Retail Store
ORD11619,2024-03-28,CUST1358,Customer_1358,West ,Clothing,Jeans,3,1073.31,0.15,137.43,Debit Card,Online
ORD11830,2025-04-14,CUST1394,Customer_1394,West ,Sports,Cycling Helmet,3,2037.39,0.25,126.5,,Online
ORD12484,2025-01-22,CUST1329,Customer_1329,South,Home & Kitchen,Lamp,5,6717.85,0.15,57.36,Debit Card,Online
ORD13148,2024-04-29,CUST1166,Customer_1166,East,Sports,Running Shoes,1,4882.32,0.05,77.44,UPI,Online
ORD10740,2024-11-10,CUST1032,Customer_1032,South,Home & Kitchen,Lamp,1,3930.75,0.15,79.51,Net Banking,Online
ORD14495,2025-08-23,CUST1059,Customer_1059,South,Sports,Cricket Bat,2,1454.06,0.0,2.05,Cash on Delivery,Online
ORD10971,2025-09-13,CUST1107,Customer_1107,North,Electronics,Tablet,2,11613.12,0.05,11.8,UPI,Online
ORD12564,02/05/2024,CUST1128,Customer_1128,East,Clothing,Shoes,2,2918.97,0.25,13.08,Cash on Delivery,Online
ORD13962,2025-09-07,CUST1201,Customer_1201,South,Electronics,Smartphone,5,30516.62,0.0,80.45,UPI,Online
ORD11116,2024-05-12,CUST1370,Customer_1370,East,Clothing,Dress,5,1873.12,0.25,0.0,Credit Card,Retail Store
ORD10156,2024-08-04,CUST1167,Customer_1167,SOUTH,Sports,Yoga Mat,1,3392.78,0.2,0.0,UPI,Retail Store
ORD12467,16/09/2024,CUST1369,Customer_1369,South,Electronics,Laptop,5,26929.97,0.2,0.0,UPI,Retail Store
ORD13860,2025-03-12,CUST1187,Customer_1187,north,Electronics,Smartphone,2,31882.1,0.05,0.0,UPI,Retail Store
ORD10831,2024-03-07,CUST1187,Customer_1187,SOUTH,Beauty,Face Cream,5,228.81,0.0,0.0,Cash on Delivery,Retail Store
ORD10835,13/02/2024,CUST1262,Customer_1262, East,Electronics,Tablet,2,45574.7,0.2,134.33,Credit Card,Online
ORD12825,2024-12-22,CUST1308,Customer_1308,SOUTH,Home & Kitchen,Cookware Set,4,5831.56,0.15,78.47,Credit Card,Online
ORD10502,2025-09-17,CUST1248,Customer_1248,SOUTH,Beauty,Perfume,5,2069.59,0.2,0.62,UPI,Online
ORD10989,2025-03-17,CUST1063,Customer_1063,North,Home & Kitchen,Bedsheet,2,1747.64,0.0,26.0,Cash on Delivery,Online
ORD13937,2024-02-06,CUST1196,Customer_1196,SOUTH,Clothing,Jeans,-1,929.3,0.25,188.1,Credit Card,Online
ORD10923,11-Jan-2024,CUST1384,Customer_1384,West,Sports,Cycling Helmet,4,2680.31,0.0,117.22,Credit Card,Online
ORD12044,2025-02-02,CUST1106,Customer_1106,SOUTH,Beauty,Shampoo,4,221.44,0.1,32.67,Credit Card,Online
ORD11980,2024-08-24,CUST1129,Customer_1129,East,Beauty,Sunscreen,1,1534.7,0.25,115.8,Debit Card,Online
ORD10249,2024-03-26,CUST1117,Customer_1117, East,Beauty,Lipstick,3,379.63,0.05,1.09,UPI,Online
ORD13911,19-Dec-2024,CUST1312,Customer_1312,North,Sports,Dumbbells,4,2106.01,0.1,86.77,Net Banking,Online
ORD12683,2025-04-29,CUST1163,Customer_1163,East,Home & Kitchen,Cookware Set,1,7950.59,0.0,0.0,Debit Card,Retail Store
ORD11346,04/09/2025,CUST1136,Customer_1136,north,Home & Kitchen,Bedsheet,4,2131.92,0.1,0.0,Net Banking,Retail Store
ORD14866,2025-05-21,CUST1188,Customer_1188,,Clothing,Jeans,-4,1790.07,0.15,0.0,Debit Card,Retail Store
ORD14367,2025-04-15,CUST1151,Customer_1151,West,Beauty,Shampoo,3,,0.25,0.0,UPI,Retail Store
ORD13653,03/05/2025,CUST1014,Customer_1014,West,Beauty,Shampoo,2,2441.43,0.15,0.0,Debit Card,Retail Store
ORD10355,14-Aug-2025,CUST1056,Customer_1056,West,Beauty,Lipstick,4,2005.44,0.0,0.0,Credit Card,Retail Store
ORD10744,2024-07-29,CUST1081,Customer_1081,north,Beauty,Lipstick,5,799.11,0.0,127.35,UPI,Online
ORD10844,2025-07-19,CUST1290,Customer_1290,West,Electronics,Headphones,1,38025.06,0.1,110.74,Debit Card,Online
ORD10723,01/04/2025,CUST1279,Customer_1279,West,Home & Kitchen,Bedsheet,5,6274.29,0.15,0.0,Debit Card,Retail Store
ORD11976,2025-11-01,CUST1061,Customer_1061,West,Sports,Dumbbells,1,2926.31,0.15,74.57,,Online
ORD12955,2025-03-16,CUST1142,Customer_1142,East,Sports,Dumbbells,3,1515.0,0.0,186.67,Credit Card,Online
ORD12214,2025-06-30,CUST1210,Customer_1210,West ,Clothing,Shoes,4,687.93,0.0,0.0,Net Banking,Retail Store
ORD13648,2024-05-06,CUST1216,Customer_1216,East,Clothing,Shoes,3,2415.6,0.25,75.36,UPI,Online
ORD13870,11/10/2024,CUST1122,Customer_1122,North,Sports,Dumbbells,5,849.87,0.25,0.0,Credit Card,Retail Store
ORD13292,2024-09-23,CUST1164,Customer_1164,North,Home & Kitchen,Vacuum Cleaner,4,3262.8,0.1,140.2,Cash on Delivery,Online
ORD14691,2024-03-02,CUST1206,Customer_1206,West,Electronics,Headphones,4,53652.39,0.0,0.0,Credit Card,Retail Store
ORD11258,2024-09-07,CUST1143,Customer_1143,North,Home & Kitchen,Bedsheet,5,1676.58,0.0,0.0,Debit Card,Retail Store
ORD12988,29-Sep-2025,CUST1350,Customer_1350,SOUTH,Sports,Running Shoes,2,1936.87,0.0,0.0,Credit Card,Retail Store
ORD10085,2024-11-04,CUST1229,Customer_1229,West,Sports,Yoga Mat,-1,2770.23,0.05,0.0,Cash on Delivery,Retail Store
ORD10746,04/09/2024,CUST1130,Customer_1130,West ,Electronics,Smartwatch,4,52760.18,0.15,0.0,Cash on Delivery,Retail Store
ORD11867,2024-09-18,CUST1021,Customer_1021, East,Electronics,Smartphone,4,5772.94,0.25,13.66,Cash on Delivery,Online
ORD11315,2025-10-06,CUST1065,Customer_1065,SOUTH,Clothing,Jacket,1,2167.94,0.25,0.0,Credit Card,Retail Store
ORD13898,2024-04-23,CUST1133,Customer_1133,South,Beauty,Lipstick,-5,2182.22,0.15,0.0,Cash on Delivery,Retail Store
ORD10962,2025-09-05,CUST1114,Customer_1114,North,Electronics,Smartphone,3,8518.7,0.25,0.0,Debit Card,Retail Store
ORD10265,2024-06-20,CUST1332,Customer_1332,SOUTH,Sports,Dumbbells,3,2534.0,0.0,0.0,Cash on Delivery,Retail Store
ORD12428,08-Aug-2025,CUST1042,Customer_1042, East,Electronics,Tablet,1,3403.79,0.0,96.38,Credit Card,Online
ORD14116,2024-10-10,CUST1071,Customer_1071, East,Home & Kitchen,Cookware Set,5,7833.22,0.25,42.17,Cash on Delivery,Online
ORD13086,2024-09-05,CUST1326,Customer_1326,East,Sports,Cricket Bat,1,1253.72,0.05,115.27,Debit Card,Online
ORD13139,2024-12-22,CUST1387,Customer_1387,North,Home & Kitchen,Lamp,2,899.99,0.1,75.92,Net Banking,Online
ORD12069,2025-02-15,CUST1341,Customer_1341,north,Home & Kitchen,Blender,4,2867.38,0.0,0.0,UPI,Retail Store
ORD14202,2025-12-12,CUST1305,Customer_1305,SOUTH,Clothing,T-Shirt,5,2034.3,0.0,16.76,Cash on Delivery,Online
ORD11800,2025-05-04,CUST1329,Customer_1329,North,Electronics,Tablet,3,48137.19,0.15,0.0,Credit Card,Retail Store
ORD12235,2024-03-10,CUST1319,Customer_1319, East,Home & Kitchen,Cookware Set,1,1280.56,,77.44,Net Banking,Online
ORD13543,2025-06-25,CUST1237,Customer_1237,,Electronics,Tablet,2,43315.24,,32.38,UPI,Online
ORD13062,2025-01-07,CUST1082,Customer_1082,north,Electronics,Headphones,4,,0.2,3.64,Debit Card,Online
ORD12212,31/07/2024,CUST1103,Customer_1103, East,Clothing,T-Shirt,5,1566.54,0.05,103.11,UPI,Online
ORD14987,2025-11-15,CUST1158,Customer_1158,East,Clothing,Jacket,5,2824.05,0.0,20.77,Net Banking,Online
ORD14266,2025-05-11,CUST1193,Customer_1193,north,Clothing,T-Shirt,3,2721.23,0.15,50.18,Credit Card,Online
ORD14803,2024-07-23,CUST1060,Customer_1060,West ,Electronics,Smartphone,1,28109.24,0.1,0.0,Debit Card,Retail Store
ORD11985,27-Apr-2024,CUST1136,Customer_1136,North,Electronics,Headphones,-1,,0.0,100.99,Credit Card,Online
ORD11371,2024-05-30,CUST1013,Customer_1013,East,Beauty,Face Cream,4,428.29,0.25,44.78,Cash on Delivery,Online
ORD12122,2024-05-07,CUST1130,Customer_1130,north,Electronics,Smartwatch,5,38631.12,0.0,0.0,UPI,Retail Store
ORD13907,2025-10-02,CUST1224,Customer_1224,West,Sports,Running Shoes,1,2678.32,0.15,37.24,Debit Card,Online
ORD14892,2025-11-13,CUST1272,Customer_1272,north,Beauty,Sunscreen,5,1938.8,0.1,88.76,Net Banking,Online
ORD12057,2025-06-29,CUST1054,Customer_1054,north,Beauty,Lipstick,4,1729.24,0.15,191.55,Net Banking,Online
ORD14890,2024-09-18,CUST1047,Customer_1047,West ,Electronics,Smartphone,5,49916.07,0.1,0.0,Cash on Delivery,Retail Store
ORD13947,15-Nov-2024,CUST1098,Customer_1098,South,Electronics,Headphones,1,22899.69,0.1,181.8,Debit Card,Online
ORD12058,2025-07-04,CUST1044,Customer_1044,SOUTH,Electronics,Smartwatch,4,10347.32,0.25,0.0,Debit Card,Retail Store
ORD13711,20/08/2024,CUST1027,Customer_1027,West ,Home & Kitchen,Vacuum Cleaner,3,6663.2,0.1,0.0,Debit Card,Retail Store
ORD12904,2024-05-31,CUST1346,Customer_1346,West,Beauty,Face Cream,5,2198.47,0.1,122.58,Credit Card,Online
ORD13838,22-Aug-2025,CUST1156,Customer_1156,South,Clothing,Dress,3,753.99,0.0,37.72,Debit Card,Online
ORD14573,24/05/2024,CUST1189,Customer_1189,North,Electronics,Laptop,2,32455.58,0.25,0.0,Cash on Delivery,Retail Store
ORD12411,2024-05-22,CUST1023,Customer_1023,South,Electronics,Smartwatch,5,48415.12,0.1,0.0,Cash on Delivery,Retail Store
ORD10284,26/02/2025,CUST1281,Customer_1281, East,Beauty,Sunscreen,3,2270.84,0.15,112.63,UPI,Online
ORD10095,23/04/2025,CUST1148,Customer_1148,East,Home & Kitchen,Cookware Set,2,2007.35,0.15,13.15,Net Banking,Online
ORD14868,25/05/2025,CUST1078,Customer_1078, East,Beauty,Shampoo,3,1477.93,0.0,0.0,Cash on Delivery,Retail Store
ORD12664,2025-11-25,CUST1334,Customer_1334,East,Sports,Yoga Mat,2,4014.92,0.25,114.43,UPI,Online
ORD13955,27/05/2025,CUST1219,Customer_1219,North,Beauty,Shampoo,3,1163.62,0.25,0.0,UPI,Retail Store
ORD13442,2025-09-04,CUST1249,Customer_1249, East,Beauty,Shampoo,1,1189.69,0.25,0.0,Debit Card,Retail Store
ORD14338,2024-03-27,CUST1297,Customer_1297, East,Clothing,Jacket,5,1467.67,0.05,0.0,Credit Card,Retail Store
ORD12077,2024-05-12,CUST1273,Customer_1273, East,Clothing,Jacket,4,1920.02,,0.0,Net Banking,Retail Store
ORD12649,2024-11-16,CUST1296,Customer_1296,north,Electronics,Headphones,1,46888.73,0.05,134.84,Net Banking,Online
ORD12280,19/08/2025,CUST1130,Customer_1130,,Clothing,Dress,4,1366.8,0.1,0.0,Net Banking,Retail Store
ORD12521,2025-06-19,CUST1166,Customer_1166,north,Beauty,Shampoo,-5,1137.74,0.15,122.62,Net Banking,Online
ORD13613,21/12/2025,CUST1027,Customer_1027,South,Beauty,Lipstick,1,1720.8,0.1,20.25,Net Banking,Online
ORD11284,2024-12-08,CUST1264,Customer_1264,West ,Sports,Cycling Helmet,1,1015.98,0.1,0.0,Net Banking,Retail Store
ORD14022,28/06/2025,CUST1150,Customer_1150,West,Sports,Yoga Mat,3,1115.98,0.05,0.0,Credit Card,Retail Store
ORD12003,2025-08-15,CUST1264,Customer_1264,South,Electronics,Smartwatch,1,39566.74,0.15,134.89,Cash on Delivery,Online
ORD12153,2024-09-12,CUST1196,Customer_1196, East,Electronics,Smartphone,2,44672.13,0.1,135.4,Credit Card,Online
ORD13764,02/03/2025,CUST1127,Customer_1127,South,Electronics,Tablet,3,32830.39,0.15,168.49,Credit Card,Online
ORD12239,14/07/2025,CUST1104,Customer_1104,South,Electronics,Tablet,3,25108.23,0.1,0.0,UPI,Retail Store
ORD13932,2025-05-09,CUST1243,Customer_1243,North,Clothing,Shoes,5,1168.35,0.15,0.0,Debit Card,Retail Store
ORD14371,13/01/2024,CUST1027,Customer_1027,SOUTH,Electronics,Headphones,5,26132.83,0.25,0.0,UPI,Retail Store
ORD14151,2025-02-24,CUST1024,Customer_1024,North,Sports,Running Shoes,4,4580.72,0.0,0.0,Net Banking,Retail Store
ORD10043,2025-03-25,CUST1320,Customer_1320,north,Sports,Dumbbells,4,733.97,0.1,0.0,Cash on Delivery,Retail Store
ORD13956,2024-09-29,CUST1277,Customer_1277,West ,Home & Kitchen,Blender,-2,4342.82,0.1,181.53,Cash on Delivery,Online
ORD12802,2024-04-17,CUST1093,Customer_1093,north,Sports,Cycling Helmet,3,4016.12,0.15,0.0,Net Banking,Retail Store
ORD13089,2025-08-02,CUST1173,Customer_1173,South,Beauty,Perfume,2,301.78,0.1,0.0,Net Banking,Retail Store
ORD14927,12/04/2024,CUST1183,Customer_1183,SOUTH,Home & Kitchen,Vacuum Cleaner,4,2482.38,0.1,43.19,Cash on Delivery,Online
ORD14575,23-Dec-2025,CUST1322,Customer_1322, East,Electronics,Headphones,5,32002.76,0.05,0.0,Cash on Delivery,Retail Store
ORD14333,2025-01-22,CUST1344,Customer_1344,SOUTH,Sports,Dumbbells,3,3723.49,0.0,186.4,Net Banking,Online
ORD11809,2025-02-10,CUST1293,Customer_1293,West,Sports,Running Shoes,2,1973.24,0.2,43.64,Debit Card,Online
ORD11003,2024-04-24,CUST1279,Customer_1279,West ,Electronics,Smartphone,3,45429.15,0.0,0.0,Credit Card,Retail Store
ORD13859,01/07/2024,CUST1193,Customer_1193,West ,Sports,Dumbbells,5,2926.7,0.0,43.07,Credit Card,Online
ORD12393,2025-01-31,CUST1307,Customer_1307,North,Sports,Dumbbells,1,2098.04,0.0,168.58,Net Banking,Online
ORD11076,2025-09-01,CUST1099,Customer_1099,West ,Electronics,Smartphone,5,21124.71,0.15,0.0,Cash on Delivery,Retail Store
ORD14535,2025-10-10,CUST1331,Customer_1331,South,Electronics,Tablet,1,43856.43,0.05,92.63,Net Banking,Online
ORD13855,2024-05-14,CUST1399,Customer_1399,West,Clothing,Jacket,5,1330.25,0.2,182.79,Credit Card,Online
ORD13412,10/11/2024,CUST1049,Customer_1049,SOUTH,Beauty,Face Cream,3,1524.52,0.0,0.0,Cash on Delivery,Retail Store
ORD14357,2024-10-21,CUST1363,Customer_1363,north,Beauty,Lipstick,5,1198.26,0.0,168.07,Debit Card,Online
ORD10300,2024-07-16,CUST1013,Customer_1013, East,Home & Kitchen,Blender,4,5371.76,0.0,0.0,Credit Card,Retail Store
ORD12898,2024-12-14,CUST1128,Customer_1128,West,Clothing,T-Shirt,4,506.39,0.25,97.54,,Online
ORD12507,2025-07-04,CUST1364,Customer_1364,East,Beauty,Lipstick,5,1219.88,0.2,0.0,Cash on Delivery,Retail Store
ORD10942,2025-02-25,CUST1112,Customer_1112,East,Home & Kitchen,Vacuum Cleaner,1,3430.53,0.2,111.09,UPI,Online
ORD14428,2025-10-01,CUST1004,Customer_1004,East,Sports,Cricket Bat,1,4385.3,0.2,0.0,Credit Card,Retail Store
ORD12370,2024-02-03,CUST1318,Customer_1318,West ,Beauty,Sunscreen,5,547.51,0.15,100.44,,Online
ORD11259,2025-02-18,CUST1333,Customer_1333,north,Home & Kitchen,Vacuum Cleaner,1,3032.33,0.05,151.01,Debit Card,Online
ORD14431,2024-03-06,CUST1278,Customer_1278,SOUTH,Beauty,Perfume,1,932.11,0.05,63.37,Cash on Delivery,Online
ORD12522,24/01/2024,CUST1149,Customer_1149,East,Electronics,Smartwatch,5,23673.99,0.25,0.0,UPI,Retail Store
ORD13156,09/05/2024,CUST1100,Customer_1100,North,Electronics,Smartwatch,1,59259.47,0.05,168.86,UPI,Online
ORD14101,2025-10-22,CUST1104,Customer_1104,West,Electronics,Headphones,4,49888.19,0.05,0.0,Net Banking,Retail Store
ORD10841,2024-09-15,CUST1324,Customer_1324, East,Home & Kitchen,Cookware Set,4,7493.63,0.0,0.0,Net Banking,Retail Store
ORD11868,2025-11-20,CUST1092,Customer_1092,South,Beauty,Shampoo,1,2100.89,0.25,0.0,Credit Card,Retail Store
ORD10326,18-Dec-2024,CUST1149,Customer_1149,North,Beauty,Sunscreen,5,2016.71,0.2,0.0,Net Banking,Retail Store
ORD12436,06/01/2024,CUST1042,Customer_1042,West ,Home & Kitchen,Blender,1,6737.85,0.0,0.0,Net Banking,Retail Store
ORD13208,2025-05-17,CUST1018,Customer_1018,West,Sports,Dumbbells,3,1207.5,0.1,97.98,Credit Card,Online
ORD14736,2024-09-21,CUST1323,Customer_1323, East,Electronics,Tablet,3,42622.53,0.0,109.58,Net Banking,Online
ORD11464,2024-12-01,CUST1243,Customer_1243,East,Electronics,Laptop,1,58773.89,0.2,0.0,Net Banking,Retail Store
ORD13131,2024-01-10,CUST1249,Customer_1249,North,Sports,Running Shoes,1,4138.66,0.0,0.0,UPI,Retail Store
ORD12061,2024-09-12,CUST1371,Customer_1371,SOUTH,Clothing,Shoes,2,618.09,0.0,0.0,Cash on Delivery,Retail Store
ORD12571,2024-03-31,CUST1356,Customer_1356,West ,Sports,Yoga Mat,5,3221.58,0.0,0.0,Credit Card,Retail Store
ORD13103,2024-05-09,CUST1350,Customer_1350,South,Beauty,Sunscreen,3,468.39,0.25,106.91,Net Banking,Online
ORD13333,2024-08-05,CUST1299,Customer_1299,South,Clothing,Shoes,1,1366.86,0.05,0.0,Credit Card,Retail Store
ORD10603,2025-10-16,CUST1112,Customer_1112,north,Clothing,Jacket,4,,0.2,0.0,Net Banking,Retail Store
ORD10865,17-Nov-2024,CUST1357,Customer_1357,North,Sports,Cycling Helmet,3,3889.13,0.0,0.0,Cash on Delivery,Retail Store
ORD11890,2025-09-22,CUST1313,Customer_1313,South,Beauty,Face Cream,1,800.07,0.2,149.26,Credit Card,Online
ORD14042,2024-12-13,CUST1348,Customer_1348,West ,Sports,Cricket Bat,4,3287.79,0.25,196.79,Credit Card,Online
ORD14684,2024-06-25,CUST1289,Customer_1289,,Electronics,Laptop,3,47288.41,0.25,0.0,Net Banking,Retail Store
ORD14624,2025-08-03,CUST1056,Customer_1056, East,Sports,Running Shoes,3,877.16,0.1,89.53,Cash on Delivery,Online
ORD13367,2025-06-18,CUST1227,Customer_1227,West,Home & Kitchen,Vacuum Cleaner,2,2080.65,0.1,179.57,Debit Card,Online
ORD11280,2025-12-24,CUST1150,Customer_1150,North,Sports,Cricket Bat,2,3018.62,0.2,0.0,Credit Card,Retail Store
ORD10830,2024-04-13,CUST1397,Customer_1397,East,Clothing,Shoes,1,2637.03,0.0,87.62,Net Banking,Online
ORD13149,2025-08-09,CUST1151,Customer_1151,SOUTH,Home & Kitchen,Bedsheet,4,3705.68,0.0,0.0,Net Banking,Retail Store
ORD13799,2025-01-16,CUST1040,Customer_1040,South,Clothing,T-Shirt,3,1507.86,0.2,70.55,,Online
ORD11904,2024-08-17,CUST1397,Customer_1397,North,Home & Kitchen,Lamp,-5,5440.05,0.25,0.0,Cash on Delivery,Retail Store
ORD12050,2025-12-01,CUST1116,Customer_1116,SOUTH,Electronics,Smartphone,5,12777.05,0.0,105.1,Net Banking,Online
ORD11302,2025-08-06,CUST1225,Customer_1225,West ,Home & Kitchen,Vacuum Cleaner,1,2539.83,0.15,0.0,Debit Card,Retail Store
ORD10328,2025-11-17,CUST1207,Customer_1207,North,Beauty,Lipstick,5,2131.82,0.1,28.8,Credit Card,Online
ORD11704,2025-09-15,CUST1337,Customer_1337,North,Beauty,Sunscreen,4,717.35,0.25,73.06,Cash on Delivery,Online
ORD12493,2024-11-11,CUST1383,Customer_1383,SOUTH,Electronics,Smartwatch,4,4459.37,0.2,0.0,Net Banking,Retail Store
ORD14068,28-May-2025,CUST1155,Customer_1155,North,Clothing,T-Shirt,3,1555.29,0.1,80.69,Credit Card,Online
ORD14025,2025-10-19,CUST1067,Customer_1067,north,Clothing,Shoes,2,2915.03,0.0,0.0,Debit Card,Retail Store
ORD10479,21/12/2024,CUST1309,Customer_1309,north,Clothing,Dress,3,1542.55,0.25,83.01,Cash on Delivery,Online
ORD13629,30-Sep-2024,CUST1044,Customer_1044,South,Electronics,Smartwatch,1,33554.22,0.1,164.64,Cash on Delivery,Online
ORD11175,2025-08-20,CUST1396,Customer_1396,South,Beauty,Perfume,5,2130.08,0.25,0.0,Debit Card,Retail Store
ORD14667,12/06/2025,CUST1160,Customer_1160,East,Electronics,Tablet,2,3325.21,0.0,25.58,Cash on Delivery,Online
ORD12957,2024-10-25,CUST1192,Customer_1192,north,Sports,Cycling Helmet,1,4534.1,0.1,41.09,Net Banking,Online
ORD14010,2024-07-29,CUST1245,Customer_1245,SOUTH,Clothing,Jacket,5,2681.78,0.25,0.0,Debit Card,Retail Store
ORD10117,2024-06-17,CUST1348,Customer_1348,West ,Sports,Yoga Mat,5,3466.84,0.0,143.38,Credit Card,Online
ORD12862,2025-08-13,CUST1266,Customer_1266,East,Clothing,Shoes,4,884.28,0.1,0.0,Debit Card,Retail Store
ORD10879,14-Jun-2024,CUST1219,Customer_1219,West,Electronics,Laptop,2,2710.42,0.2,0.0,Debit Card,Retail Store
ORD11029,09/09/2024,CUST1284,Customer_1284,north,Sports,Running Shoes,2,4886.7,0.2,6.64,UPI,Online
ORD10466,2024-07-13,CUST1122,Customer_1122, East,Home & Kitchen,Vacuum Cleaner,2,7112.48,0.0,0.0,UPI,Retail Store
ORD11705,14/01/2025,CUST1286,Customer_1286, East,Electronics,Smartwatch,2,28556.69,0.05,0.0,UPI,Retail Store
ORD13083,10/11/2024,CUST1353,Customer_1353,North,Clothing,Shoes,1,796.6,0.0,0.0,Net Banking,Retail Store
ORD11901,2025-07-14,CUST1286,Customer_1286,north,Beauty,Face Cream,2,321.49,0.0,0.0,Debit Card,Retail Store
ORD11975,23/04/2025,CUST1205,Customer_1205, East,Clothing,Dress,4,2412.58,0.2,72.62,Cash on Delivery,Online
ORD10776,2025-07-24,CUST1078,Customer_1078,SOUTH,Home & Kitchen,Bedsheet,1,5908.86,0.1,136.95,Credit Card,Online
ORD11786,13/10/2025,CUST1229,Customer_1229,West ,Sports,Dumbbells,3,1674.31,0.15,0.0,Debit Card,Retail Store
ORD14886,03-Mar-2025,CUST1187,Customer_1187,West,Beauty,Shampoo,4,1475.18,0.15,0.0,Credit Card,Retail Store
ORD12695,2024-07-20,CUST1099,Customer_1099,SOUTH,Sports,Dumbbells,1,3368.44,0.0,43.49,Debit Card,Online
ORD10084,2024-02-09,CUST1257,Customer_1257,,Home & Kitchen,Cookware Set,4,7481.19,0.0,0.0,Debit Card,Retail Store
ORD11665,2025-07-25,CUST1300,Customer_1300,SOUTH,Electronics,Laptop,3,44751.49,0.25,49.62,Cash on Delivery,Online
ORD13487,2025-12-20,CUST1350,Customer_1350,SOUTH,Sports,Cricket Bat,4,5567.99,0.15,76.47,Net Banking,Online
ORD12789,10-Nov-2025,CUST1217,Customer_1217,East,Home & Kitchen,Vacuum Cleaner,2,4266.3,0.15,0.0,Debit Card,Retail Store
ORD12143,2024-05-16,CUST1373,Customer_1373, East,Sports,Yoga Mat,-3,2309.6,0.0,0.0,Net Banking,Retail Store
ORD12199,2025-12-15,CUST1305,Customer_1305,north,Beauty,Shampoo,4,1101.46,0.1,90.52,,Online
ORD10511,22/12/2024,CUST1397,Customer_1397, East,Clothing,Shoes,4,,0.25,0.0,Credit Card,Retail Store
ORD13209,2025-09-04,CUST1398,Customer_1398,East,Sports,Dumbbells,5,4166.37,0.25,0.0,UPI,Retail Store
ORD10731,2025-03-06,CUST1383,Customer_1383,South,Home & Kitchen,Lamp,2,4084.84,,0.0,UPI,Retail Store
ORD12220,03-Jun-2025,CUST1376,Customer_1376,,Electronics,Smartphone,5,2609121.17,0.0,9.51,UPI,Online
ORD12783,17-Nov-2024,CUST1050,Customer_1050,North,Home & Kitchen,Cookware Set,3,,0.0,0.0,UPI,Retail Store
ORD12002,2025-01-25,CUST1222,Customer_1222,East,Clothing,Dress,5,1799.99,0.05,0.0,Cash on Delivery,Retail Store
ORD14949,29-Feb-2024,CUST1278,Customer_1278,north,Electronics,Smartwatch,1,9018.47,0.15,0.0,Net Banking,Retail Store
ORD13666,2024-12-04,CUST1166,Customer_1166,East,Beauty,Sunscreen,3,1605.85,0.2,0.0,Debit Card,Retail Store
ORD14649,2025-05-27,CUST1181,Customer_1181,East,Clothing,Jacket,3,799.47,0.0,55.21,Cash on Delivery,Online
ORD11633,27-Sep-2024,CUST1241,Customer_1241,SOUTH,Clothing,T-Shirt,2,2436.36,0.25,60.44,Credit Card,Online
ORD12757,2025-09-27,CUST1235,Customer_1235,South,Sports,Dumbbells,3,3746.87,0.0,0.0,Debit Card,Retail Store
ORD12859,2024-09-11,CUST1216,Customer_1216, East,Home & Kitchen,Vacuum Cleaner,1,3115.1,0.2,0.0,Debit Card,Retail Store
ORD11184,2025-04-27,CUST1290,Customer_1290,West ,Clothing,Jacket,3,1325.54,0.05,108.94,Credit Card,Online
ORD13122,2024-11-22,CUST1214,Customer_1214, East,Electronics,Smartwatch,1,23275.17,0.0,11.35,Debit Card,Online
ORD13184,30/07/2025,CUST1344,Customer_1344,north,Sports,Yoga Mat,4,4728.41,0.0,127.63,Cash on Delivery,Online
ORD12055,21/10/2024,CUST1224,Customer_1224,East,Clothing,Jeans,4,1362.03,0.0,0.0,,Retail Store
ORD14334,2025-05-12,CUST1146,Customer_1146,East,Sports,Cricket Bat,1,2465.31,0.0,2.53,Debit Card,Online
ORD14083,2024-07-24,CUST1163,Customer_1163, East,Home & Kitchen,Cookware Set,4,573.24,0.0,0.0,Debit Card,Retail Store
ORD10127,2025-01-14,CUST1238,Customer_1238,North,Sports,Cricket Bat,3,,0.05,148.25,Net Banking,Online
ORD10164,09/03/2025,CUST1394,Customer_1394,South,Electronics,Headphones,5,16837.84,0.2,55.49,Net Banking,Online
ORD14832,2024-12-22,CUST1077,Customer_1077, East,Electronics,Headphones,1,51299.07,0.0,174.91,UPI,Online
ORD11510,2025-09-21,CUST1169,Customer_1169,South,Home & Kitchen,Bedsheet,1,1138.11,0.2,132.89,Credit Card,Online
ORD13199,06/10/2024,CUST1042,Customer_1042,North,Home & Kitchen,Cookware Set,3,3953.05,0.0,0.0,Net Banking,Retail Store
ORD11319,2025-11-06,CUST1201,Customer_1201,North,Clothing,T-Shirt,2,1768.77,0.0,0.0,Debit Card,Retail Store
ORD12540,21-Jan-2025,CUST1105,Customer_1105,West ,Home & Kitchen,Blender,1,2940.94,0.1,175.7,Debit Card,Online
ORD10472,15/10/2024,CUST1128,Customer_1128, East,Home & Kitchen,Vacuum Cleaner,2,307143.76,0.1,94.4,Cash on Delivery,Online
ORD11997,2024-08-29,CUST1368,Customer_1368,north,Electronics,Tablet,1,7254.88,0.0,29.51,Credit Card,Online
ORD10018,08-Dec-2025,CUST1141,Customer_1141,North,Electronics,Headphones,3,1938556.63,0.0,85.96,UPI,Online
ORD13952,26-Aug-2025,CUST1042,Customer_1042, East,Clothing,T-Shirt,4,543.15,0.25,0.0,Net Banking,Retail Store
ORD12956,2024-02-18,CUST1215,Customer_1215,West ,Sports,Running Shoes,5,2623.3,0.0,165.38,UPI,Online
ORD12042,12/04/2025,CUST1255,Customer_1255,South,Sports,Cricket Bat,5,5416.77,0.15,0.0,Debit Card,Retail Store
ORD12137,2024-11-22,CUST1251,Customer_1251,West,Sports,Yoga Mat,4,3655.33,0.0,0.0,Credit Card,Retail Store
ORD11025,2025-06-25,CUST1139,Customer_1139,West ,Beauty,Shampoo,4,496.1,0.05,86.02,UPI,Online
ORD10097,2024-09-13,CUST1257,Customer_1257,north,Electronics,Headphones,5,11132.44,0.0,0.0,Debit Card,Retail Store
ORD14574,2025-04-27,CUST1045,Customer_1045,north,Clothing,Jacket,2,505.01,,0.0,,Retail Store
ORD13114,2024-03-22,CUST1390,Customer_1390,West,Sports,Yoga Mat,5,1451.04,0.2,0.0,Cash on Delivery,Retail Store
ORD12835,2025-02-24,CUST1228,Customer_1228,East,Electronics,Laptop,3,13853.85,0.25,79.61,Debit Card,Online
ORD13161,2024-11-04,CUST1306,Customer_1306,,Electronics,Headphones,5,11016.71,0.05,25.68,UPI,Online
ORD10449,2025-03-18,CUST1261,Customer_1261,SOUTH,Home & Kitchen,Blender,2,3464.79,0.1,0.0,UPI,Retail Store
ORD10550,2025-09-06,CUST1144,Customer_1144, East,Home & Kitchen,Blender,5,1136.03,0.15,0.0,Debit Card,Retail Store
ORD14372,2024-11-18,CUST1182,Customer_1182,north,Beauty,Perfume,1,668.5,0.1,127.59,Credit Card,Online
ORD13744,2025-12-05,CUST1070,Customer_1070,SOUTH,Beauty,Sunscreen,4,1823.61,0.15,0.0,Cash on Delivery,Retail Store
ORD10178,2024-07-23,CUST1076,Customer_1076,West,Electronics,Tablet,5,39365.79,0.2,197.88,Net Banking,Online
ORD13654,2024-07-29,CUST1332,Customer_1332,West ,Electronics,Smartwatch,4,52722.83,0.2,128.59,Credit Card,Online
ORD11340,05/12/2024,CUST1089,Customer_1089,South,Sports,Cricket Bat,3,1236.36,0.25,0.0,UPI,Retail Store
ORD14952,03/12/2024,CUST1153,Customer_1153, East,Electronics,Smartphone,2,31177.82,0.15,0.0,Cash on Delivery,Retail Store
ORD13548,2024-06-28,CUST1110,Customer_1110,West,Clothing,Dress,2,2644.54,0.25,145.77,Net Banking,Online
ORD13520,2025-12-12,CUST1363,Customer_1363,North,Home & Kitchen,Blender,5,2451.78,0.0,52.01,Net Banking,Online
ORD11591,2024-10-14,CUST1348,Customer_1348,West ,Beauty,Lipstick,4,911.28,0.1,15.87,UPI,Online
ORD11516,2024-06-25,CUST1320,Customer_1320,SOUTH,Electronics,Tablet,2,26301.9,0.25,48.91,Credit Card,Online
ORD10741,2025-06-29,CUST1261,Customer_1261,West,Clothing,Jeans,2,2310.41,0.0,74.89,Net Banking,Online
ORD11769,2024-09-18,CUST1301,Customer_1301,North,Sports,Yoga Mat,5,4513.04,0.25,0.0,Net Banking,Retail Store
ORD14726,2024-06-26,CUST1343,Customer_1343, East,Clothing,Shoes,3,2497.92,0.0,0.0,Credit Card,Retail Store
ORD10483,2024-06-06,CUST1142,Customer_1142,East,Clothing,Jeans,1,635.21,0.1,178.54,,Online
ORD14901,2025-08-14,CUST1172,Customer_1172, East,Home & Kitchen,Lamp,5,2004.57,0.15,10.96,Credit Card,Online
ORD12810,29/05/2025,CUST1084,Customer_1084,North,Sports,Running Shoes,1,5252.17,0.05,12.75,Credit Card,Online
ORD12021,2025-10-12,CUST1345,Customer_1345,SOUTH,Sports,Cricket Bat,3,,0.25,0.0,Debit Card,Retail Store
ORD10412,2024-05-31,CUST1133,Customer_1133,South,Clothing,Shoes,4,1636.26,0.0,0.0,Debit Card,Retail Store
ORD11910,08/10/2024,CUST1335,Customer_1335,north,Beauty,Lipstick,5,334.02,0.05,143.38,UPI,Online
ORD12485,2025-09-16,CUST1135,Customer_1135,West,Home & Kitchen,Blender,4,6899.89,0.15,0.0,UPI,Retail Store
ORD10780,2025-04-19,CUST1210,Customer_1210,SOUTH,Sports,Dumbbells,4,2979.26,0.2,144.66,Cash on Delivery,Online
ORD10077,2024-02-10,CUST1292,Customer_1292,West ,Clothing,Jacket,5,467.06,0.0,72.78,Cash on Delivery,Online
ORD11889,2024-11-15,CUST1062,Customer_1062,West,Electronics,Smartwatch,1,,0.25,119.03,Debit Card,Online
ORD14705,2025-01-17,CUST1334,Customer_1334, East,Home & Kitchen,Lamp,3,7447.98,0.0,0.0,Credit Card,Retail Store
ORD10673,2025-10-19,CUST1184,Customer_1184,North,Sports,Dumbbells,1,472.77,0.1,0.0,UPI,Retail Store
ORD12203,2024-05-21,CUST1026,Customer_1026,SOUTH,Clothing,Jacket,3,2606.1,0.15,67.8,Cash on Delivery,Online
ORD10458,2024-11-04,CUST1296,Customer_1296, East,Electronics,Headphones,1,23577.62,0.0,135.51,Credit Card,Online
ORD12865,2024-08-01,CUST1168,Customer_1168,north,Sports,Cycling Helmet,1,3365.86,0.0,45.91,Credit Card,Online
ORD10752,02/06/2025,CUST1103,Customer_1103,north,Home & Kitchen,Lamp,3,1694.13,0.1,79.59,Net Banking,Online
ORD10121,2024-09-03,CUST1272,Customer_1272,South,Beauty,Shampoo,2,1948.9,0.0,89.29,Net Banking,Online
ORD13637,2024-09-09,CUST1197,Customer_1197,West ,Clothing,Shoes,4,2764.45,0.2,0.0,UPI,Retail Store
ORD10699,2025-01-22,CUST1085,Customer_1085,South,Sports,Cricket Bat,5,3148.24,0.0,0.0,Credit Card,Retail Store
ORD12924,2024-01-29,CUST1373,Customer_1373,South,Sports,Cycling Helmet,3,4602.36,0.25,0.0,Net Banking,Retail Store
ORD14516,27-Jun-2024,CUST1012,Customer_1012,West,Sports,Dumbbells,2,5622.37,0.25,112.96,Debit Card,Online
ORD11492,21/06/2024,CUST1329,Customer_1329,North,Sports,Cricket Bat,2,1066.77,0.2,3.96,Cash on Delivery,Online
ORD10532,2024-05-01,CUST1363,Customer_1363,West ,Clothing,T-Shirt,2,1436.85,0.1,0.0,,Retail Store
ORD11948,24-Feb-2024,CUST1395,Customer_1395,South,Clothing,Jacket,4,2738.95,0.1,0.0,Debit Card,Retail Store
ORD12086,2025-12-25,CUST1208,Customer_1208,East,Beauty,Face Cream,3,1900.69,0.25,0.0,Credit Card,Retail Store
ORD13365,30/12/2025,CUST1222,Customer_1222,North,Beauty,Shampoo,3,816.75,0.0,0.0,Cash on Delivery,Retail Store
ORD10031,01-Feb-2024,CUST1389,Customer_1389,West,Beauty,Perfume,4,2499.78,0.0,47.71,Credit Card,Online
ORD12154,12/05/2025,CUST1322,Customer_1322, East,Sports,Dumbbells,1,774.16,0.2,0.0,Cash on Delivery,Retail Store
ORD12758,04-Jul-2024,CUST1122,Customer_1122,South,Home & Kitchen,Vacuum Cleaner,3,6637.16,0.0,0.0,Net Banking,Retail Store
ORD10069,25/05/2024,CUST1336,Customer_1336,North,Home & Kitchen,Blender,2,3132.68,0.0,75.24,Credit Card,Online
ORD11449,06-Jul-2024,CUST1180,Customer_1180,SOUTH,Clothing,Shoes,4,2637.66,0.25,192.45,UPI,Online
ORD13175,2024-12-29,CUST1280,Customer_1280,South,Sports,Yoga Mat,3,4716.49,0.0,93.21,Net Banking,Online
ORD13627,2024-04-12,CUST1357,Customer_1357,South,Sports,Cricket Bat,2,183997.13,0.05,0.0,,Retail Store
ORD13877,2025-05-19,CUST1118,Customer_1118,South,Clothing,Jacket,5,1253.08,0.05,195.66,Debit Card,Online
ORD13959,07/03/2025,CUST1161,Customer_1161,north,Beauty,Perfume,2,1155.48,0.0,0.0,Debit Card,Retail Store
ORD14841,2025-05-09,CUST1230,Customer_1230,East,Home & Kitchen,Bedsheet,3,7512.82,0.1,0.0,UPI,Retail Store
ORD13221,2024-10-03,CUST1256,Customer_1256,north,Home & Kitchen,Vacuum Cleaner,1,7043.86,0.05,5.72,Net Banking,Online
ORD13146,2025-09-23,CUST1279,Customer_1279,West,Clothing,Jeans,3,2136.95,0.05,0.0,Credit Card,Retail Store
ORD11531,2024-03-31,CUST1187,Customer_1187,West,Home & Kitchen,Lamp,2,4975.13,0.0,78.39,,Online
ORD14501,2025-11-03,CUST1091,Customer_1091, East,Sports,Yoga Mat,5,1570.34,0.0,150.37,Cash on Delivery,Online
ORD12432,12/10/2024,CUST1021,Customer_1021,north,Sports,Dumbbells,4,1916.66,0.1,0.0,Debit Card,Retail Store
ORD14361,15/01/2024,CUST1077,Customer_1077,South,Electronics,Tablet,4,43679.62,0.05,77.53,Debit Card,Online
ORD13574,19/07/2025,CUST1241,Customer_1241,West ,Clothing,Dress,1,2299.99,0.2,0.0,Credit Card,Retail Store
ORD13182,10/06/2025,CUST1133,Customer_1133,East,Beauty,Face Cream,3,23397.56,0.15,196.63,Net Banking,Online
ORD11912,2025-08-17,CUST1178,Customer_1178,South,Home & Kitchen,Bedsheet,1,2221.79,0.2,0.0,Debit Card,Retail Store
ORD10504,05/11/2025,CUST1008,Customer_1008,South,Home & Kitchen,Blender,3,6044.03,0.25,0.0,Cash on Delivery,Retail Store
ORD10339,2025-04-23,CUST1061,Customer_1061,South,Electronics,Tablet,2,46185.68,0.1,0.0,Cash on Delivery,Retail Store
ORD13580,08/10/2025,CUST1156,Customer_1156,,Clothing,Shoes,4,2533.54,0.0,40.58,UPI,Online
ORD14779,27-Jun-2024,CUST1070,Customer_1070,West,Clothing,Jacket,2,1091.42,0.0,156.09,Credit Card,Online
ORD10798,2025-02-13,CUST1166,Customer_1166, East,Beauty,Lipstick,4,207.53,0.0,118.59,Debit Card,Online
ORD14784,2025-05-14,CUST1064,Customer_1064,West,Electronics,Headphones,2,46887.83,0.0,166.99,Credit Card,Online
ORD14903,2024-04-10,CUST1247,Customer_1247,West ,Electronics,Headphones,5,20213.57,0.15,131.14,Credit Card,Online
ORD10061,2024-03-03,CUST1315,Customer_1315,West,Beauty,Perfume,1,1002.31,0.15,0.0,Credit Card,Retail Store
ORD11775,26-Sep-2025,CUST1093,Customer_1093,West ,Beauty,Perfume,5,2258.08,0.2,0.0,Net Banking,Retail Store
ORD12845,2025-05-14,CUST1126,Customer_1126,West,Sports,Cricket Bat,5,4024.06,0.05,0.0,Cash on Delivery,Retail Store
ORD14752,2025-01-19,CUST1383,Customer_1383,SOUTH,Clothing,Jacket,1,1417.4,0.05,0.0,Cash on Delivery,Retail Store
ORD12460,2025-05-31,CUST1235,Customer_1235,South,Sports,Dumbbells,5,477.12,0.2,0.0,Debit Card,Retail Store
ORD14237,16/06/2025,CUST1328,Customer_1328,East,Clothing,Shoes,3,1997.78,0.05,36.54,Debit Card,Online
ORD11567,2025-01-12,CUST1375,Customer_1375,SOUTH,Sports,Running Shoes,4,3839.02,0.0,55.25,Credit Card,Online
ORD14289,2025-05-05,CUST1393,Customer_1393, East,Electronics,Headphones,4,58007.08,0.25,0.0,Cash on Delivery,Retail Store
ORD14456,2024-02-04,CUST1244,Customer_1244, East,Clothing,Jacket,1,917.76,0.0,0.0,Debit Card,Retail Store
ORD12848,2024-03-13,CUST1062,Customer_1062,north,Beauty,Sunscreen,2,883.74,0.0,0.0,Credit Card,Retail Store
ORD11689,2025-06-29,CUST1278,Customer_1278,East,Beauty,Shampoo,1,247.65,0.0,0.0,Cash on Delivery,Retail Store
ORD14153,2025-11-25,CUST1110,Customer_1110,,Clothing,Dress,1,888.4,0.0,0.0,Debit Card,Retail Store
ORD12986,2025-02-06,CUST1370,Customer_1370,South,Clothing,Jeans,1,702.58,0.25,0.0,Cash on Delivery,Retail Store
ORD12419,2025-12-08,CUST1168,Customer_1168, East,Home & Kitchen,Cookware Set,2,6964.36,0.05,0.0,Net Banking,Retail Store
ORD14454,2025-10-29,CUST1070,Customer_1070,north,Home & Kitchen,Cookware Set,-4,5809.98,0.15,146.21,Credit Card,Online
ORD14816,2024-02-29,CUST1114,Customer_1114,,Electronics,Laptop,4,25907.07,0.05,136.34,Net Banking,Online
ORD11568,2025-11-27,CUST1084,Customer_1084, East,Clothing,Jeans,1,802.03,0.25,13.42,Debit Card,Online
ORD13965,2024-12-02,CUST1171,Customer_1171,North,Sports,Cricket Bat,3,3037.92,,0.0,Credit Card,Retail Store
ORD12339,2025-04-05,CUST1216,Customer_1216,SOUTH,Beauty,Sunscreen,2,1825.94,0.25,0.0,Debit Card,Retail Store
ORD12094,2025-05-21,CUST1193,Customer_1193,,Home & Kitchen,Lamp,5,2725.15,0.15,0.0,Net Banking,Retail Store
ORD12041,2024-06-08,CUST1332,Customer_1332,West,Clothing,Dress,3,1672.99,0.15,157.27,Cash on Delivery,Online
ORD14373,2024-12-18,CUST1284,Customer_1284,north,Clothing,Jeans,3,2219.93,0.0,133.69,UPI,Online
ORD12200,22/05/2024,CUST1391,Customer_1391,North,Clothing,Jacket,4,1102.36,0.15,0.0,Credit Card,Retail Store
ORD12272,2024-10-16,CUST1285,Customer_1285,SOUTH,Clothing,Shoes,1,,0.05,188.24,Debit Card,Online
ORD10381,25/04/2024,CUST1362,Customer_1362,SOUTH,Beauty,Perfume,5,2456.06,0.2,0.0,Credit Card,Retail Store
ORD13864,2025-02-05,CUST1045,Customer_1045,SOUTH,Beauty,Sunscreen,1,726.31,0.25,188.05,Debit Card,Online
ORD12412,2025-09-13,CUST1288,Customer_1288,North,Electronics,Tablet,1,56773.38,0.15,0.0,Credit Card,Retail Store
ORD13912,2024-05-06,CUST1012,Customer_1012,West,Clothing,Shoes,2,537.82,0.05,0.0,Debit Card,Retail Store
ORD11390,2024-08-27,CUST1106,Customer_1106,SOUTH,Home & Kitchen,Vacuum Cleaner,3,4500.84,0.05,0.0,UPI,Retail Store
ORD14598,10-Dec-2024,CUST1159,Customer_1159,South,Sports,Cricket Bat,5,3233.46,0.0,0.0,Debit Card,Retail Store
ORD13914,2025-10-07,CUST1212,Customer_1212,north,Electronics,Laptop,2,25491.3,0.0,87.77,Net Banking,Online
ORD11952,2024-12-14,CUST1233,Customer_1233,South,Electronics,Laptop,2,20559.13,0.0,63.32,Debit Card,Online
ORD14162,10-Aug-2025,CUST1327,Customer_1327, East,Clothing,Dress,4,2091.74,0.1,23.62,UPI,Online
ORD12915,2024-08-22,CUST1150,Customer_1150, East,Clothing,T-Shirt,3,2919.24,0.1,58.01,Credit Card,Online
ORD12342,2025-05-27,CUST1278,Customer_1278,East,Electronics,Laptop,4,48833.5,0.0,0.0,Debit Card,Retail Store
ORD14209,2025-02-25,CUST1372,Customer_1372,,Electronics,Tablet,5,17848.52,0.0,45.5,Cash on Delivery,Online
ORD10245,2025-08-09,CUST1345,Customer_1345,East,Beauty,Lipstick,2,450.53,0.0,103.33,UPI,Online
ORD11439,2024-02-16,CUST1181,Customer_1181,North,Electronics,Smartphone,1,1790130.59,0.0,128.6,Credit Card,Online
ORD11022,04-Jul-2024,CUST1171,Customer_1171,West ,Sports,Cycling Helmet,3,1445.73,,0.0,Cash on Delivery,Retail Store
ORD13233,2024-04-15,CUST1067,Customer_1067,East,Home & Kitchen,Vacuum Cleaner,1,2178.04,0.0,152.8,Cash on Delivery,Online
ORD10411,2024-02-24,CUST1144,Customer_1144,North,Home & Kitchen,Bedsheet,3,,0.25,7.17,Debit Card,Online
ORD12261,21-Aug-2025,CUST1076,Customer_1076,SOUTH,Home & Kitchen,Bedsheet,5,3927.78,0.1,169.45,Net Banking,Online
ORD11062,2025-07-12,CUST1259,Customer_1259,West,Sports,Cricket Bat,1,4062.07,0.0,0.0,UPI,Retail Store
ORD14212,2024-01-05,CUST1161,Customer_1161,South,Clothing,Shoes,1,2849.45,0.1,0.0,Debit Card,Retail Store
ORD13902,2024-05-17,CUST1088,Customer_1088,West ,Electronics,Laptop,4,14796.83,0.25,177.46,Cash on Delivery,Online
ORD14343,2025-02-19,CUST1076,Customer_1076,West ,Clothing,Jacket,5,2345.73,0.15,0.0,Debit Card,Retail Store
ORD13561,2025-04-18,CUST1003,Customer_1003, East,Sports,Cricket Bat,4,4568.19,0.25,49.18,Credit Card,Online
ORD10665,2024-05-24,CUST1204,Customer_1204,West,Electronics,Laptop,1,18712.08,0.0,0.0,Net Banking,Retail Store
ORD10971,2025-09-13,CUST1107,Customer_1107,North,Electronics,Tablet,2,11613.12,0.05,11.8,UPI,Online
ORD14748,2025-12-11,CUST1004,Customer_1004,north,Beauty,Lipstick,2,968.42,0.0,0.0,Net Banking,Retail Store
ORD14188,2024-09-06,CUST1375,Customer_1375,South,Clothing,Dress,1,1447.65,0.0,0.0,Credit Card,Retail Store
ORD14483,2025-05-08,CUST1344,Customer_1344,SOUTH,Electronics,Headphones,2,27547.94,,0.0,Net Banking,Retail Store
ORD10114,2025-03-13,CUST1169,Customer_1169,South,Clothing,Shoes,3,1210.2,0.2,36.96,Cash on Delivery,Online
ORD13989,2024-10-09,CUST1025,Customer_1025, East,Beauty,Perfume,2,1915.31,0.0,91.22,Net Banking,Online
ORD12302,29-Aug-2024,CUST1066,Customer_1066, East,Beauty,Face Cream,5,328.68,0.25,114.43,Cash on Delivery,Online
ORD12477,2025-11-20,CUST1090,Customer_1090,SOUTH,Clothing,Shoes,4,1137.3,0.2,0.0,Credit Card,Retail Store
ORD13250,2024-03-23,CUST1142,Customer_1142,East,Beauty,Perfume,5,2008.99,0.15,0.0,Credit Card,Retail Store
ORD10118,2025-02-09,CUST1250,Customer_1250,North,Electronics,Tablet,4,28025.79,,9.06,Debit Card,Online
ORD11981,17/01/2025,CUST1042,Customer_1042,North,Beauty,Lipstick,5,1679.9,,0.0,UPI,Retail Store
ORD12180,2024-05-20,CUST1141,Customer_1141,East,Sports,Running Shoes,4,5199.86,0.15,0.0,Debit Card,Retail Store
ORD10162,2025-06-14,CUST1330,Customer_1330,West,Electronics,Smartphone,5,43689.01,0.05,0.0,Cash on Delivery,Retail Store
ORD10263,2025-05-13,CUST1195,Customer_1195,North,Clothing,Jeans,2,1438.11,0.15,138.11,Cash on Delivery,Online
ORD14342,2024-06-20,CUST1074,Customer_1074,South,Clothing,Jeans,2,1524.34,0.05,0.0,Debit Card,Retail Store
ORD10775,2024-12-24,CUST1393,Customer_1393,North,Electronics,Tablet,2,43907.24,0.0,0.0,Cash on Delivery,Retail Store
ORD14629,2025-07-13,CUST1173,Customer_1173,SOUTH,Sports,Cycling Helmet,2,2256.35,0.1,0.0,Debit Card,Retail Store
ORD14473,2025-02-08,CUST1065,Customer_1065,West ,Clothing,T-Shirt,1,678.57,0.1,0.0,UPI,Retail Store
ORD10651,2024-10-16,CUST1321,Customer_1321,South,Electronics,Smartphone,2,52518.72,0.25,0.64,Net Banking,Online
ORD13723,24/09/2024,CUST1055,Customer_1055,West ,Clothing,Shoes,2,815.5,0.2,0.0,UPI,Retail Store
ORD14603,2025-07-20,CUST1005,Customer_1005,north,Sports,Cycling Helmet,2,3741.83,0.1,0.0,UPI,Retail Store
ORD11170,2024-05-05,CUST1285,Customer_1285,north,Electronics,Laptop,2,29300.24,0.0,0.0,Cash on Delivery,Retail Store
ORD14697,2024-10-08,CUST1193,Customer_1193,North,Beauty,Perfume,2,925.86,0.0,0.0,Debit Card,Retail Store
ORD13011,22/08/2025,CUST1003,Customer_1003,East,Electronics,Headphones,4,46562.1,,0.0,Debit Card,Retail Store
ORD11840,12/06/2024,CUST1370,Customer_1370,West,Beauty,Sunscreen,2,454.37,0.2,179.04,Cash on Delivery,Online
ORD13874,2024-06-23,CUST1259,Customer_1259,West,Electronics,Tablet,1,,0.0,0.0,UPI,Retail Store
ORD10442,18/06/2024,CUST1166,Customer_1166,north,Electronics,Tablet,5,15120.1,0.0,128.78,Net Banking,Online
ORD11368,2025-01-13,CUST1278,Customer_1278, East,Sports,Cycling Helmet,1,2194.27,0.1,0.0,Debit Card,Retail Store
ORD10897,2025-01-14,CUST1112,Customer_1112,South,Beauty,Shampoo,1,1446.6,0.1,0.0,UPI,Retail Store
ORD10928,16/06/2025,CUST1202,Customer_1202,SOUTH,Beauty,Lipstick,1,2139.36,0.0,0.0,Cash on Delivery,Retail Store
ORD10014,2025-02-17,CUST1029,Customer_1029,West,Electronics,Tablet,4,51384.11,0.05,123.88,Net Banking,Online
ORD12548,2024-04-27,CUST1041,Customer_1041,West ,Electronics,Smartphone,4,21352.53,0.25,0.0,UPI,Retail Store
ORD10967,30/12/2025,CUST1361,Customer_1361,north,Home & Kitchen,Bedsheet,3,5241.29,0.15,60.91,Debit Card,Online
ORD11106,2024-08-08,CUST1037,Customer_1037, East,Clothing,Dress,2,2855.91,0.25,0.0,Cash on Delivery,Retail Store
ORD14680,2024-05-26,CUST1046,Customer_1046,East,Clothing,Jacket,2,1035.4,0.25,46.1,Net Banking,Online
ORD14336,2025-04-30,CUST1010,Customer_1010,West,Clothing,Shoes,5,2976.81,0.25,0.0,Cash on Delivery,Retail Store
ORD13968,2025-12-26,CUST1392,Customer_1392,,Clothing,Shoes,3,1895.19,0.0,0.0,UPI,Retail Store
ORD11254,18/04/2025,CUST1133,Customer_1133,West ,Electronics,Smartphone,3,37345.77,0.0,32.01,,Online
ORD12648,2024-11-14,CUST1064,Customer_1064,north,Home & Kitchen,Bedsheet,5,7099.69,0.15,128.95,Credit Card,Online
ORD12923,2025-05-19,CUST1159,Customer_1159,North,Beauty,Perfume,1,1692.79,0.2,30.74,,Online
ORD14264,15/01/2025,CUST1192,Customer_1192,SOUTH,Electronics,Headphones,2,8107.91,0.0,9.38,Credit Card,Online
ORD10002,2025-08-14,CUST1176,Customer_1176,South,Sports,Cricket Bat,1,5044.67,0.15,154.61,Credit Card,Online
ORD11639,2025-02-20,CUST1388,Customer_1388,East,Beauty,Face Cream,1,455.54,0.0,32.79,UPI,Online
ORD11133,02/12/2025,CUST1198,Customer_1198, East,Home & Kitchen,Cookware Set,2,6928.66,0.15,148.01,Debit Card,Online
ORD14768,2025-01-25,CUST1047,Customer_1047,north,Electronics,Headphones,3,14479.11,0.25,132.61,Net Banking,Online
ORD13519,2024-03-05,CUST1183,Customer_1183,East,Sports,Yoga Mat,2,5892.53,0.2,171.56,Credit Card,Online
ORD11878,2024-05-31,CUST1193,Customer_1193,north,Clothing,Shoes,4,726.97,0.0,68.04,Debit Card,Online
ORD10271,2025-03-08,CUST1280,Customer_1280,north,Home & Kitchen,Cookware Set,4,5862.03,0.0,0.0,UPI,Retail Store
ORD11473,2025-05-04,CUST1319,Customer_1319, East,Clothing,Jeans,2,2352.65,0.1,66.91,Credit Card,Online
ORD11547,2025-07-29,CUST1377,Customer_1377,East,Sports,Running Shoes,4,4946.84,0.05,0.0,Net Banking,Retail Store
ORD14310,2024-06-05,CUST1352,Customer_1352,West,Sports,Cricket Bat,5,1697.76,0.0,127.36,UPI,Online
ORD14945,2024-11-14,CUST1300,Customer_1300,SOUTH,Beauty,Lipstick,4,2373.05,0.0,109.55,Net Banking,Online
ORD14440,03/11/2024,CUST1319,Customer_1319,North,Beauty,Perfume,4,1975.7,0.0,0.0,Net Banking,Retail Store
ORD10838,2024-12-16,CUST1261,Customer_1261,,Beauty,Lipstick,5,1498.87,0.25,0.0,UPI,Retail Store
ORD12195,08/12/2025,CUST1240,Customer_1240,West,Sports,Dumbbells,5,3258.99,0.0,0.0,,Retail Store
ORD11835,2024-12-14,CUST1369,Customer_1369,West ,Home & Kitchen,Bedsheet,4,3573.84,0.1,0.0,Debit Card,Retail Store
ORD10412,2024-05-31,CUST1133,Customer_1133,South,Clothing,Shoes,4,1636.26,0.0,0.0,Debit Card,Retail Store
ORD11712,16/01/2024,CUST1134,Customer_1134,East,Electronics,Smartwatch,5,31144.46,0.1,142.6,,Online
ORD14438,18/04/2024,CUST1184,Customer_1184,SOUTH,Sports,Cycling Helmet,5,2334.17,0.05,65.42,Debit Card,Online
ORD12795,2025-02-15,CUST1279,Customer_1279,West,Beauty,Shampoo,2,1017.03,0.0,144.78,Cash on Delivery,Online
ORD12221,16/02/2024,CUST1300,Customer_1300,North,Home & Kitchen,Cookware Set,1,1401.49,0.15,197.37,Cash on Delivery,Online
ORD10377,2024-08-15,CUST1245,Customer_1245,East,Home & Kitchen,Vacuum Cleaner,3,4423.41,0.0,0.0,Debit Card,Retail Store
ORD11491,2025-10-02,CUST1025,Customer_1025,north,Clothing,T-Shirt,2,574.52,0.2,80.3,Debit Card,Online
ORD10738,2024-07-11,CUST1197,Customer_1197, East,Electronics,Smartphone,-2,38625.89,0.15,90.64,Cash on Delivery,Online
ORD13377,23/08/2024,CUST1018,Customer_1018,north,Home & Kitchen,Bedsheet,4,5524.98,0.05,62.45,UPI,Online
ORD13615,2024-10-31,CUST1080,Customer_1080,SOUTH,Electronics,Smartwatch,2,19752.3,0.15,0.0,Cash on Delivery,Retail Store
ORD14696,28/05/2024,CUST1193,Customer_1193,South,Clothing,Dress,1,2581.76,0.05,16.88,Cash on Delivery,Online
ORD10052,20/08/2024,CUST1332,Customer_1332, East,Electronics,Laptop,5,20024.68,0.1,88.74,Credit Card,Online
ORD14114,2025-05-15,CUST1109,Customer_1109,South,Electronics,Headphones,1,2821.18,0.0,199.63,Net Banking,Online
ORD12269,2024-09-30,CUST1232,Customer_1232,SOUTH,Beauty,Face Cream,1,463.77,0.1,0.0,Debit Card,Retail Store
ORD13094,2024-11-30,CUST1376,Customer_1376,West,Home & Kitchen,Lamp,3,1690.52,0.0,0.0,Net Banking,Retail Store
ORD11389,03-Jan-2024,CUST1350,Customer_1350,SOUTH,Beauty,Lipstick,3,2167.04,0.15,145.72,UPI,Online
ORD13188,2024-11-16,CUST1040,Customer_1040,north,Sports,Cycling Helmet,5,3509.43,0.0,173.61,Cash on Delivery,Online
ORD13478,2024-04-09,CUST1266,Customer_1266,South,Sports,Cycling Helmet,3,1367.69,0.0,0.0,Credit Card,Retail Store
ORD13433,2025-12-07,CUST1209,Customer_1209,north,Electronics,Smartphone,2,27113.38,0.15,180.27,Net Banking,Online
ORD14191,2024-05-27,CUST1167,Customer_1167,SOUTH,Home & Kitchen,Blender,1,588.65,0.1,0.0,UPI,Retail Store
ORD12309,2025-07-27,CUST1160,Customer_1160,SOUTH,Sports,Cycling Helmet,1,3728.7,0.25,155.65,Cash on Delivery,Online
ORD13222,2025-09-09,CUST1145,Customer_1145,West,Sports,Cricket Bat,1,2224.88,0.0,17.15,Debit Card,Online
ORD12590,2025-09-07,CUST1380,Customer_1380,north,Beauty,Face Cream,5,521.69,0.0,188.75,,Online
ORD11632,2024-11-13,CUST1286,Customer_1286,West ,Home & Kitchen,Blender,5,6992.52,0.05,127.81,Debit Card,Online
ORD14275,2025-06-20,CUST1183,Customer_1183,north,Sports,Dumbbells,4,717.12,0.05,0.0,Debit Card,Retail Store
ORD13174,01/03/2024,CUST1320,Customer_1320,East,Sports,Yoga Mat,5,5308.26,0.05,0.0,Credit Card,Retail Store
ORD12976,2024-02-06,CUST1103,Customer_1103,West,Sports,Running Shoes,1,,0.1,95.47,UPI,Online
ORD14280,2024-04-20,CUST1092,Customer_1092,north,Sports,Cricket Bat,3,2586.96,0.25,39.53,Net Banking,Online
ORD10467,09/05/2024,CUST1306,Customer_1306,West ,Beauty,Shampoo,1,499.13,0.1,156.93,Debit Card,Online
ORD14869,05-Apr-2025,CUST1322,Customer_1322,West ,Beauty,Face Cream,3,1180.52,0.15,0.0,Cash on Delivery,Retail Store
ORD10903,2024-04-12,CUST1352,Customer_1352,West,Home & Kitchen,Bedsheet,2,,0.15,0.0,Net Banking,Retail Store
ORD14845,2025-10-06,CUST1322,Customer_1322,South,Home & Kitchen,Vacuum Cleaner,2,2745.46,0.1,0.0,Net Banking,Retail Store
ORD10071,2024-02-16,CUST1310,Customer_1310,North,Beauty,Lipstick,3,1743.81,0.1,60.28,Credit Card,Online
ORD13217,2024-04-22,CUST1164,Customer_1164,north,Sports,Cycling Helmet,4,1638.98,0.2,22.49,Debit Card,Online
ORD11898,2024-11-10,CUST1221,Customer_1221,West,Home & Kitchen,Blender,2,3415.99,0.0,0.0,Cash on Delivery,Retail Store
ORD13995,2025-05-26,CUST1029,Customer_1029,East,Clothing,Jeans,4,988.16,0.0,0.0,Credit Card,Retail Store
ORD11207,03-Dec-2025,CUST1293,Customer_1293,East,Sports,Running Shoes,3,1332.4,0.25,0.0,Credit Card,Retail Store
ORD12077,2024-05-12,CUST1273,Customer_1273, East,Clothing,Jacket,4,1920.02,,0.0,Net Banking,Retail Store
ORD11590,2024-08-02,CUST1339,Customer_1339,SOUTH,Sports,Dumbbells,2,3350.88,0.15,0.0,Cash on Delivery,Retail Store
ORD12844,2025-09-24,CUST1107,Customer_1107,West ,Clothing,Dress,5,883.7,0.15,0.0,Cash on Delivery,Retail Store
ORD12205,03-Jul-2024,CUST1340,Customer_1340,West,Sports,Running Shoes,2,5768.07,0.2,41.82,Cash on Delivery,Online
ORD12980,2024-05-29,CUST1049,Customer_1049,West,Electronics,Tablet,2,46072.61,0.1,0.0,Debit Card,Retail Store
ORD10658,14/05/2024,CUST1248,Customer_1248,north,Electronics,Smartphone,3,14955.31,0.2,14.78,Credit Card,Online
ORD10063,2024-06-27,CUST1074,Customer_1074,East,Clothing,Dress,3,2639.41,0.0,149.13,Cash on Delivery,Online
ORD11838,2025-01-25,CUST1190,Customer_1190,South,Beauty,Shampoo,-2,1234.4,0.0,0.0,Cash on Delivery,Retail Store
ORD14000,2025-05-01,CUST1106,Customer_1106,East,Home & Kitchen,Lamp,4,1874.75,0.25,0.0,Debit Card,Retail Store
ORD13036,2025-05-19,CUST1395,Customer_1395,SOUTH,Electronics,Smartwatch,1,39529.9,0.05,19.27,Debit Card,Online
ORD10454,2025-11-28,CUST1065,Customer_1065,West ,Home & Kitchen,Bedsheet,2,6857.5,0.1,0.0,Credit Card,Retail Store
ORD10402,08/03/2025,CUST1082,Customer_1082,South,Beauty,Perfume,4,1305.48,0.15,0.0,Debit Card,Retail Store
ORD11472,2025-11-21,CUST1268,Customer_1268,SOUTH,Clothing,Jeans,3,1960.48,0.0,0.0,,Retail Store
ORD10677,2024-07-09,CUST1287,Customer_1287,North,Home & Kitchen,Blender,3,7477.05,0.0,43.51,Debit Card,Online
ORD13356,09/01/2024,CUST1205,Customer_1205,East,Sports,Running Shoes,1,3215.66,0.25,128.35,,Online
ORD11616,30/08/2024,CUST1344,Customer_1344,West ,Clothing,Jacket,4,714.09,0.2,0.0,,Retail Store
ORD11251,2025-07-13,CUST1382,Customer_1382,South,Beauty,Sunscreen,-5,1084.17,0.2,0.0,Cash on Delivery,Retail Store
ORD11983,2025-04-06,CUST1253,Customer_1253, East,Home & Kitchen,Blender,5,5141.76,0.15,0.0,Debit Card,Retail Store
ORD13425,2024-04-28,CUST1322,Customer_1322,North,Electronics,Smartphone,5,58848.42,0.0,0.0,Cash on Delivery,Retail Store
ORD13843,2025-05-22,CUST1326,Customer_1326,East,Sports,Cricket Bat,1,1902.12,0.0,0.0,Debit Card,Retail Store
ORD11033,09-Nov-2024,CUST1257,Customer_1257,SOUTH,Sports,Cricket Bat,5,3281.16,0.0,167.5,Cash on Delivery,Online
ORD10174,2025-12-22,CUST1238,Customer_1238,North,Home & Kitchen,Lamp,1,2812.31,0.1,0.0,,Retail Store
ORD10939,04/05/2025,CUST1204,Customer_1204,North,Sports,Dumbbells,2,5185.97,0.0,0.0,Credit Card,Retail Store
ORD13102,2024-03-13,CUST1184,Customer_1184, East,Electronics,Headphones,3,22795.78,0.2,0.0,Credit Card,Retail Store
ORD12587,26-Sep-2025,CUST1207,Customer_1207,SOUTH,Electronics,Smartphone,3,23409.73,0.2,0.0,Cash on Delivery,Retail Store
ORD10334,24/06/2025,CUST1007,Customer_1007,SOUTH,Electronics,Tablet,2,44729.58,0.0,119.11,Credit Card,Online
ORD10873,08/01/2024,CUST1237,Customer_1237,East,Beauty,Perfume,4,889.75,0.0,0.0,UPI,Retail Store
ORD12853,2024-11-16,CUST1164,Customer_1164,north,Clothing,Jeans,4,375.37,0.1,164.94,UPI,Online
ORD11486,2025-04-03,CUST1203,Customer_1203,South,Clothing,Shoes,4,1447.81,0.05,0.0,Cash on Delivery,Retail Store
ORD14293,2024-03-05,CUST1264,Customer_1264,SOUTH,Home & Kitchen,Blender,4,5566.43,0.25,86.86,Cash on Delivery,Online
ORD10296,2024-08-18,CUST1181,Customer_1181,,Home & Kitchen,Cookware Set,5,3403.78,0.1,145.98,Debit Card,Online
ORD14950,2024-06-12,CUST1085,Customer_1085,SOUTH,Clothing,Jeans,3,1847.98,0.1,0.0,Net Banking,Retail Store
ORD14883,02/05/2024,CUST1356,Customer_1356,SOUTH,Sports,Cycling Helmet,1,863.87,0.0,0.0,Net Banking,Retail Store
ORD13845,2025-12-27,CUST1010,Customer_1010,West ,Home & Kitchen,Bedsheet,3,1117.86,0.1,0.0,Credit Card,Retail Store
ORD14218,05/06/2024,CUST1366,Customer_1366,West ,Sports,Yoga Mat,5,5095.66,0.25,166.86,Debit Card,Online
ORD13760,2025-11-13,CUST1234,Customer_1234,SOUTH,Clothing,Dress,1,2570.28,0.0,0.0,Cash on Delivery,Retail Store
ORD10378,2025-11-06,CUST1064,Customer_1064,North,Clothing,Jeans,1,601.65,0.0,181.71,Cash on Delivery,Online
ORD13110,11/01/2024,CUST1310,Customer_1310,West,Sports,Cricket Bat,5,4270.71,0.05,32.21,UPI,Online
ORD12770,2024-10-25,CUST1013,Customer_1013,north,Electronics,Smartwatch,-5,45744.86,0.2,131.04,UPI,Online
ORD13918,2024-10-08,CUST1297,Customer_1297,East,Home & Kitchen,Blender,2,6984.76,0.0,0.0,Net Banking,Retail Store
ORD14138,2025-06-08,CUST1020,Customer_1020,SOUTH,Home & Kitchen,Bedsheet,1,7919.95,0.2,0.0,Credit Card,Retail Store
ORD12210,2025-01-30,CUST1334,Customer_1334,West,Clothing,T-Shirt,2,1290.05,0.15,0.0,UPI,Retail Store
ORD12172,2025-05-17,CUST1341,Customer_1341, East,Home & Kitchen,Cookware Set,-4,590.53,,0.0,Net Banking,Retail Store
ORD12599,2025-01-01,CUST1211,Customer_1211,West,Sports,Cycling Helmet,5,3170.92,0.25,167.61,Net Banking,Online
ORD12052,2024-12-25,CUST1329,Customer_1329,SOUTH,Home & Kitchen,Bedsheet,4,6596.45,0.25,39.54,Cash on Delivery,Online
ORD10915,01/10/2025,CUST1373,Customer_1373,,Electronics,Tablet,1,4602.65,0.0,12.14,Debit Card,Online
ORD10601,2025-04-08,CUST1056,Customer_1056,SOUTH,Electronics,Headphones,5,18503.53,0.15,0.0,Net Banking,Retail Store
ORD14880,2024-10-03,CUST1241,Customer_1241,West ,Electronics,Smartwatch,5,32315.01,0.0,0.0,Credit Card,Retail Store
ORD14707,2024-02-22,CUST1114,Customer_1114,West,Clothing,Dress,4,1881.71,0.2,0.0,Net Banking,Retail Store
ORD12335,2025-12-14,CUST1139,Customer_1139,East,Clothing,Jacket,2,1293.04,0.0,30.26,Cash on Delivery,Online
ORD13820,06/01/2025,CUST1049,Customer_1049,north,Beauty,Lipstick,-3,1187.33,,84.21,UPI,Online
ORD10956,20-May-2025,CUST1196,Customer_1196,North,Sports,Dumbbells,5,1125.13,0.05,0.0,Net Banking,Retail Store
ORD11887,2024-03-14,CUST1276,Customer_1276,West,Sports,Running Shoes,3,711.45,0.05,0.0,Cash on Delivery,Retail Store
ORD10996,2024-03-21,CUST1343,Customer_1343,South,Clothing,Dress,4,2834.6,0.0,166.14,Net Banking,Online
ORD13717,01-Sep-2025,CUST1241,Customer_1241,South,Clothing,Shoes,3,2551.81,0.25,88.44,Net Banking,Online
ORD14027,23/06/2024,CUST1026,Customer_1026,SOUTH,Sports,Cycling Helmet,5,5916.14,0.0,198.66,Debit Card,Online
ORD11182,2025-08-04,CUST1035,Customer_1035,SOUTH,Home & Kitchen,Bedsheet,4,3799.03,0.2,140.86,Debit Card,Online
ORD11033,09-Nov-2024,CUST1257,Customer_1257,SOUTH,Sports,Cricket Bat,5,3281.16,0.0,167.5,Cash on Delivery,Online
ORD14602,2025-06-15,CUST1189,Customer_1189,South,Sports,Cycling Helmet,4,1223.23,0.0,0.0,UPI,Retail Store
ORD14452,2024-04-15,CUST1325,Customer_1325, East,Home & Kitchen,Vacuum Cleaner,-4,1204.22,0.0,23.93,Credit Card,Online
ORD11423,2025-02-21,CUST1326,Customer_1326,South,Beauty,Lipstick,5,385.68,0.25,0.0,Credit Card,Retail Store
ORD11628,2025-05-06,CUST1279,Customer_1279,north,Clothing,Dress,3,2024.7,0.0,154.3,Cash on Delivery,Online
ORD12400,2025-08-15,CUST1395,Customer_1395,SOUTH,Electronics,Headphones,2,38513.83,0.0,143.52,Net Banking,Online
ORD12892,2024-10-21,CUST1256,Customer_1256,South,Clothing,Jeans,1,2613.01,0.15,0.0,Credit Card,Retail Store
ORD13596,15/06/2025,CUST1302,Customer_1302,SOUTH,Sports,Cycling Helmet,4,3197.61,0.25,0.0,Cash on Delivery,Retail Store
ORD11722,2025-10-06,CUST1011,Customer_1011,South,Sports,Cricket Bat,2,3144.32,0.05,0.0,Debit Card,Retail Store
ORD11667,2024-03-15,CUST1388,Customer_1388,East,Beauty,Perfume,1,519.61,0.15,65.33,Debit Card,Online
ORD12884,09-Jan-2025,CUST1010,Customer_1010, East,Sports,Dumbbells,4,4084.92,0.1,66.87,Net Banking,Online
ORD12994,23/09/2024,CUST1190,Customer_1190, East,Beauty,Sunscreen,3,52916.28,0.0,3.61,UPI,Online
ORD10886,2025-02-20,CUST1340,Customer_1340,north,Clothing,Jacket,4,2594.29,0.1,142.36,UPI,Online
ORD14056,04/04/2025,CUST1322,Customer_1322,South,Home & Kitchen,Lamp,4,6290.73,0.1,39.84,Debit Card,Online
ORD14876,2025-12-28,CUST1019,Customer_1019,West ,Electronics,Tablet,1,42781.16,0.15,74.06,Credit Card,Online
ORD10333,2024-10-11,CUST1031,Customer_1031,,Beauty,Sunscreen,2,214.15,0.0,0.0,UPI,Retail Store
ORD10153,2025-06-29,CUST1121,Customer_1121,East,Clothing,Dress,3,1456.05,0.15,0.0,UPI,Retail Store
ORD10721,2024-03-01,CUST1166,Customer_1166,SOUTH,Beauty,Sunscreen,4,2405.37,0.2,0.0,UPI,Retail Store
ORD10373,2025-10-05,CUST1352,Customer_1352,,Clothing,T-Shirt,1,2920.69,0.1,169.06,UPI,Online
ORD10312,17/09/2024,CUST1320,Customer_1320,north,Electronics,Smartphone,5,25721.41,0.1,0.0,UPI,Retail Store
ORD11849,2025-08-09,CUST1094,Customer_1094, East,Home & Kitchen,Cookware Set,4,4744.85,0.05,0.0,Debit Card,Retail Store
ORD11622,2025-04-21,CUST1260,Customer_1260,SOUTH,Beauty,Lipstick,3,1141.2,0.05,0.0,Credit Card,Retail Store
ORD10042,20/12/2025,CUST1041,Customer_1041,South,Clothing,Jeans,2,1403.0,0.1,0.0,Debit Card,Retail Store
ORD12693,11-May-2025,CUST1035,Customer_1035,South,Home & Kitchen,Blender,5,903.15,0.0,0.0,UPI,Retail Store
ORD14618,2025-03-09,CUST1212,Customer_1212, East,Beauty,Lipstick,4,1891.25,,17.28,Net Banking,Online
ORD10417,2025-10-07,CUST1262,Customer_1262,North,Clothing,Shoes,4,1820.25,0.2,0.0,Net Banking,Retail Store
ORD14993,2024-01-16,CUST1319,Customer_1319,North,Beauty,Sunscreen,1,150.29,0.05,0.0,Credit Card,Retail Store
ORD14755,2024-07-29,CUST1014,Customer_1014,West ,Sports,Yoga Mat,2,3054.31,0.05,174.46,Credit Card,Online
ORD10704,2024-06-12,CUST1015,Customer_1015,South,Clothing,Dress,4,1497.86,0.15,136.4,Credit Card,Online
ORD10732,2024-02-16,CUST1158,Customer_1158,West,Electronics,Smartwatch,3,42521.02,0.15,25.59,Debit Card,Online
ORD10944,2024-01-11,CUST1118,Customer_1118,East,Electronics,Smartphone,3,55940.75,0.25,120.59,Credit Card,Online
ORD13614,2024-04-04,CUST1209,Customer_1209,north,Electronics,Smartwatch,4,7421.75,0.0,146.23,Cash on Delivery,Online
ORD11806,05-Oct-2024,CUST1390,Customer_1390,north,Beauty,Perfume,1,1987.05,0.05,0.0,Net Banking,Retail Store
ORD11018,2025-09-05,CUST1305,Customer_1305,West ,Sports,Cycling Helmet,4,3282.14,0.15,4.95,Credit Card,Online
ORD10907,2024-01-21,CUST1231,Customer_1231,north,Clothing,Dress,5,1512.46,0.05,0.0,Cash on Delivery,Retail Store
ORD11693,2024-03-11,CUST1212,Customer_1212,South,Electronics,Tablet,3,48690.32,0.05,0.0,UPI,Retail Store
ORD12791,2025-12-24,CUST1331,Customer_1331,West,Home & Kitchen,Blender,1,3758.46,0.25,0.0,Net Banking,Retail Store
ORD14368,20/07/2024,CUST1326,Customer_1326,SOUTH,Electronics,Tablet,3,39779.69,0.05,0.0,Credit Card,Retail Store
ORD10519,2025-09-08,CUST1310,Customer_1310,SOUTH,Sports,Cycling Helmet,2,5194.08,0.0,145.82,UPI,Online
ORD10814,08/09/2025,CUST1111,Customer_1111,West ,Sports,Yoga Mat,-3,2576.0,0.2,0.0,Cash on Delivery,Retail Store
ORD10818,2024-01-25,CUST1238,Customer_1238,West,Beauty,Shampoo,1,809.93,0.1,0.0,Debit Card,Retail Store
ORD13449,06-May-2024,CUST1076,Customer_1076,East,Sports,Dumbbells,1,5174.02,0.2,0.0,UPI,Retail Store
ORD11522,2024-01-26,CUST1384,Customer_1384,West ,Clothing,Shoes,2,663.07,0.05,0.0,Debit Card,Retail Store
ORD11638,2024-05-27,CUST1017,Customer_1017,West ,Sports,Running Shoes,4,3589.22,0.2,175.87,Cash on Delivery,Online
ORD14463,2025-11-20,CUST1113,Customer_1113,East,Clothing,Jacket,5,1629.3,0.0,0.0,Net Banking,Retail Store
ORD13557,2024-04-10,CUST1006,Customer_1006,,Electronics,Headphones,1,21621.43,0.1,0.0,Cash on Delivery,Retail Store
ORD14799,18-Dec-2025,CUST1197,Customer_1197,West,Clothing,Dress,2,2938.55,0.0,40.93,Debit Card,Online
ORD11700,2025-08-29,CUST1388,Customer_1388,north,Beauty,Face Cream,1,840.25,0.15,46.66,Debit Card,Online
ORD13526,2024-09-27,CUST1264,Customer_1264,north,Home & Kitchen,Blender,1,7101.55,0.0,0.0,UPI,Retail Store
ORD13734,30/10/2025,CUST1000,Customer_1000,SOUTH,Home & Kitchen,Bedsheet,4,1843.24,0.1,0.0,Credit Card,Retail Store
ORD13046,2025-02-26,CUST1187,Customer_1187,East,Beauty,Perfume,1,828.06,0.0,104.13,Debit Card,Online
ORD11883,13/02/2024,CUST1218,Customer_1218, East,Sports,Dumbbells,2,3295.45,0.0,0.0,Debit Card,Retail Store
ORD12592,21-Apr-2024,CUST1067,Customer_1067,North,Clothing,T-Shirt,4,1240.84,0.15,47.23,UPI,Online
ORD10379,29/05/2024,CUST1022,Customer_1022,north,Electronics,Laptop,1,47268.69,0.0,0.0,Net Banking,Retail Store
ORD13775,2025-02-21,CUST1335,Customer_1335,South,Beauty,Face Cream,4,1661.34,0.0,168.8,Credit Card,Online
ORD14003,28/05/2024,CUST1284,Customer_1284,South,Home & Kitchen,Cookware Set,5,6977.47,0.05,171.02,Debit Card,Online
ORD12251,2024-10-30,CUST1034,Customer_1034,SOUTH,Clothing,Dress,1,804.34,0.2,0.0,Debit Card,Retail Store
ORD14439,2024-06-26,CUST1261,Customer_1261,,Beauty,Perfume,3,1149.28,0.1,0.0,Net Banking,Retail Store
ORD12148,01/12/2024,CUST1251,Customer_1251,West,Home & Kitchen,Cookware Set,2,1813.67,0.2,0.0,Net Banking,Retail Store
ORD13726,02/02/2024,CUST1337,Customer_1337, East,Sports,Yoga Mat,1,1278.71,0.1,0.0,Net Banking,Retail Store
ORD12144,2024-03-30,CUST1217,Customer_1217,north,Electronics,Tablet,4,19474.37,0.0,0.0,Debit Card,Retail Store
ORD12566,2024-01-15,CUST1156,Customer_1156,north,Beauty,Shampoo,1,563.89,0.0,9.07,Debit Card,Online
ORD11803,2025-07-27,CUST1077,Customer_1077,North,Electronics,Smartphone,5,42204.62,0.1,115.68,Net Banking,Online
ORD13621,2025-01-29,CUST1360,Customer_1360,SOUTH,Home & Kitchen,Lamp,3,1096.24,0.0,0.0,Cash on Delivery,Retail Store
ORD13967,2024-11-14,CUST1169,Customer_1169,north,Beauty,Lipstick,3,579.27,0.2,0.0,Credit Card,Retail Store
ORD11594,2024-02-21,CUST1182,Customer_1182,West,Home & Kitchen,Blender,3,5085.33,0.0,12.21,UPI,Online
ORD14328,2024-09-22,CUST1253,Customer_1253,East,Home & Kitchen,Lamp,5,2165.91,0.0,155.79,Net Banking,Online
ORD11706,05/09/2025,CUST1106,Customer_1106,north,Sports,Cycling Helmet,5,120973.38,0.05,0.0,Debit Card,Retail Store
ORD13885,26/02/2025,CUST1338,Customer_1338,East,Sports,Running Shoes,4,4593.14,0.1,0.0,Debit Card,Retail Store
ORD13790,2024-08-12,CUST1262,Customer_1262,North,Clothing,Jeans,4,2431.88,0.0,0.0,UPI,Retail Store
ORD11820,2024-09-21,CUST1271,Customer_1271,South,Clothing,Dress,3,2844.21,0.05,0.0,Cash on Delivery,Retail Store
ORD12562,2025-04-04,CUST1020,Customer_1020,West,Home & Kitchen,Lamp,4,7429.4,0.0,0.0,Debit Card,Retail Store
ORD12559,22-Dec-2024,CUST1033,Customer_1033,north,Sports,Yoga Mat,1,2382.37,0.1,0.0,Credit Card,Retail Store
ORD14208,2025-06-14,CUST1283,Customer_1283,West,Home & Kitchen,Blender,3,7386.1,0.0,0.0,Net Banking,Retail Store
ORD11582,2024-03-31,CUST1015,Customer_1015,East,Electronics,Smartwatch,3,37517.55,0.15,0.0,Credit Card,Retail Store
ORD12547,2024-01-11,CUST1263,Customer_1263,North,Home & Kitchen,Cookware Set,5,6076.04,0.0,0.0,UPI,Retail Store
ORD10319,2024-06-24,CUST1058,Customer_1058,SOUTH,Electronics,Tablet,5,13584.78,0.05,0.0,Net Banking,Retail Store
ORD14321,2025-09-05,CUST1269,Customer_1269,North,Beauty,Sunscreen,2,,0.25,0.0,Net Banking,Retail Store
ORD13364,2025-12-03,CUST1225,Customer_1225,South,Sports,Cricket Bat,3,1305.05,0.2,84.71,Net Banking,Online
ORD11763,22/02/2024,CUST1231,Customer_1231,West ,Clothing,Jacket,4,146550.15,0.25,0.0,Net Banking,Retail Store
ORD12843,2024-08-11,CUST1301,Customer_1301,SOUTH,Electronics,Tablet,3,9077.43,0.0,37.97,Debit Card,Online
ORD14717,02/04/2024,CUST1127,Customer_1127,South,Beauty,Sunscreen,4,473.11,0.25,0.0,Cash on Delivery,Retail Store
ORD14819,2025-04-23,CUST1264,Customer_1264,South,Sports,Cycling Helmet,2,4579.42,0.0,0.0,Credit Card,Retail Store
ORD12141,20/12/2025,CUST1086,Customer_1086,East,Sports,Cricket Bat,5,2846.17,,5.74,Net Banking,Online
ORD10213,2024-04-28,CUST1329,Customer_1329,North,Clothing,Shoes,3,2495.58,0.2,132.67,Credit Card,Online
ORD14433,19/05/2025,CUST1260,Customer_1260,West ,Electronics,Headphones,4,4606.7,0.15,0.0,UPI,Retail Store
ORD13497,25-Aug-2025,CUST1241,Customer_1241,north,Sports,Cycling Helmet,3,2446.36,,0.0,UPI,Retail Store
ORD10803,2024-03-09,CUST1288,Customer_1288,West,Beauty,Face Cream,3,,0.1,72.76,UPI,Online
ORD14132,11/08/2025,CUST1271,Customer_1271,North,Clothing,Jeans,1,2655.73,0.0,134.05,UPI,Online
ORD10105,2025-11-20,CUST1083,Customer_1083, East,Beauty,Sunscreen,3,1472.87,0.15,0.0,Net Banking,Retail Store
ORD14458,2025-07-26,CUST1396,Customer_1396,SOUTH,Sports,Cycling Helmet,3,1207.56,0.0,0.0,Net Banking,Retail Store
ORD13805,05-Mar-2024,CUST1022,Customer_1022,north,Beauty,Perfume,4,2267.82,0.2,117.81,Cash on Delivery,Online
ORD12806,2024-05-09,CUST1021,Customer_1021,north,Beauty,Sunscreen,4,2300.89,0.15,0.0,Net Banking,Retail Store
ORD11465,2025-12-18,CUST1126,Customer_1126,North,Home & Kitchen,Cookware Set,2,1723.21,0.25,0.0,Credit Card,Retail Store
ORD12953,2024-05-07,CUST1048,Customer_1048,SOUTH,Electronics,Headphones,4,30196.19,0.0,0.0,Cash on Delivery,Retail Store
ORD10565,2025-11-29,CUST1020,Customer_1020,West ,Home & Kitchen,Vacuum Cleaner,4,3806.21,0.0,124.12,UPI,Online
ORD13570,2025-08-12,CUST1185,Customer_1185,West,Home & Kitchen,Vacuum Cleaner,4,7140.16,0.2,30.92,UPI,Online
ORD14345,2024-04-29,CUST1371,Customer_1371,north,Electronics,Tablet,2,45238.1,0.05,0.0,Cash on Delivery,Retail Store
ORD12524,11/12/2024,CUST1101,Customer_1101, East,Clothing,Shoes,1,1112.0,0.25,0.0,Debit Card,Retail Store
ORD11474,2024-01-10,CUST1327,Customer_1327,North,Sports,Yoga Mat,1,4369.5,0.2,0.0,Debit Card,Retail Store
ORD13236,2024-08-13,CUST1350,Customer_1350,South,Clothing,T-Shirt,3,1377.45,0.15,0.0,UPI,Retail Store
ORD12829,26/10/2025,CUST1027,Customer_1027,SOUTH,Beauty,Shampoo,4,2001.26,0.2,188.31,Net Banking,Online
ORD12502,12/03/2025,CUST1042,Customer_1042,East,Electronics,Laptop,1,20478.91,0.1,0.0,Credit Card,Retail Store
ORD10317,2024-01-05,CUST1397,Customer_1397,North,Home & Kitchen,Cookware Set,1,1495.38,0.0,66.66,Net Banking,Online
ORD11200,2024-07-07,CUST1035,Customer_1035,South,Beauty,Face Cream,4,2088.87,0.0,28.81,Cash on Delivery,Online
ORD12278,2024-05-20,CUST1171,Customer_1171,West,Beauty,Shampoo,2,809.84,0.2,0.0,Net Banking,Retail Store
ORD10652,2025-06-27,CUST1034,Customer_1034,East,Beauty,Sunscreen,5,1043.68,0.25,175.01,UPI,Online
ORD10070,2025-11-21,CUST1232,Customer_1232,West ,Home & Kitchen,Cookware Set,3,4971.68,0.0,0.0,Cash on Delivery,Retail Store
ORD12658,2025-11-01,CUST1382,Customer_1382,South,Clothing,Jeans,3,1240.78,0.2,132.52,Cash on Delivery,Online
ORD11174,2025-08-19,CUST1276,Customer_1276,East,Sports,Running Shoes,5,3281.76,0.25,0.0,Net Banking,Retail Store
ORD11088,2025-10-28,CUST1141,Customer_1141,West,Clothing,Jeans,3,620.39,0.1,188.19,Debit Card,Online
ORD12828,2025-07-04,CUST1033,Customer_1033, East,Electronics,Tablet,1,53945.91,0.0,0.0,UPI,Retail Store
ORD10410,2024-05-10,CUST1133,Customer_1133,north,Clothing,Dress,4,656.18,0.0,0.0,UPI,Retail Store
ORD14064,2025-05-19,CUST1102,Customer_1102,North,Sports,Running Shoes,1,3471.4,0.0,59.62,UPI,Online
ORD14992,2025-05-25,CUST1379,Customer_1379,West ,Electronics,Smartwatch,5,42610.43,0.1,0.0,UPI,Retail Store
ORD12386,2024-08-26,CUST1120,Customer_1120,South,Clothing,T-Shirt,4,1423.45,0.05,199.78,Cash on Delivery,Online
ORD12091,2025-07-12,CUST1237,Customer_1237,West ,Clothing,Jeans,4,1161.68,0.25,120.32,Credit Card,Online
ORD14635,2025-03-22,CUST1014,Customer_1014,,Home & Kitchen,Vacuum Cleaner,2,5072.96,0.25,68.98,Credit Card,Online
ORD10601,2025-04-08,CUST1056,Customer_1056,SOUTH,Electronics,Headphones,5,18503.53,0.15,0.0,Net Banking,Retail Store
ORD13013,23/12/2024,CUST1205,Customer_1205, East,Sports,Cycling Helmet,2,3688.64,0.0,0.0,Net Banking,Retail Store
ORD14792,2025-09-01,CUST1005,Customer_1005,West ,Clothing,Shoes,4,1748.47,,14.09,Net Banking,Online
ORD12219,2024-09-17,CUST1013,Customer_1013,SOUTH,Home & Kitchen,Blender,4,2254.89,0.0,0.0,UPI,Retail Store
ORD12465,2024-11-23,CUST1328,Customer_1328,South,Home & Kitchen,Cookware Set,4,4444.13,0.15,0.0,Debit Card,Retail Store
ORD10837,06/11/2024,CUST1015,Customer_1015,SOUTH,Beauty,Face Cream,5,1018.37,0.15,0.0,UPI,Retail Store
ORD13325,2024-12-13,CUST1327,Customer_1327,West,Beauty,Sunscreen,3,1236.05,0.15,0.0,UPI,Retail Store
ORD10624,2024-08-29,CUST1134,Customer_1134,North,Electronics,Headphones,3,13229.91,0.0,189.98,UPI,Online
ORD11627,24/05/2024,CUST1001,Customer_1001,West,Clothing,Jeans,1,2343.17,0.0,0.0,Debit Card,Retail Store
ORD10806,2024-10-18,CUST1238,Customer_1238,East,Clothing,Shoes,4,2347.85,0.25,24.78,UPI,Online
ORD13115,2025-12-06,CUST1343,Customer_1343,South,Beauty,Face Cream,4,2318.9,0.0,0.0,UPI,Retail Store
ORD10637,2025-08-07,CUST1131,Customer_1131, East,Electronics,Laptop,5,36633.86,0.15,0.0,Credit Card,Retail Store
ORD10423,2025-08-22,CUST1394,Customer_1394,north,Beauty,Shampoo,4,1196.37,0.25,0.0,Net Banking,Retail Store
ORD14823,2024-10-20,CUST1117,Customer_1117, East,Sports,Dumbbells,4,4444.08,0.0,0.0,,Retail Store
ORD11996,2024-10-06,CUST1075,Customer_1075,South,Beauty,Shampoo,5,2381.15,0.1,159.18,UPI,Online
ORD14472,24-Nov-2025,CUST1189,Customer_1189,North,Sports,Cycling Helmet,2,2171.24,0.2,0.0,UPI,Retail Store
ORD14620,2024-09-24,CUST1210,Customer_1210,West,Sports,Running Shoes,5,4912.34,0.0,0.0,Cash on Delivery,Retail Store
ORD12486,2024-03-14,CUST1276,Customer_1276,north,Home & Kitchen,Vacuum Cleaner,5,5961.76,0.0,194.42,Debit Card,Online
ORD10150,2025-02-22,CUST1071,Customer_1071, East,Clothing,Jacket,4,,0.25,0.0,Cash on Delivery,Retail Store
ORD13109,2024-03-21,CUST1291,Customer_1291,West,Beauty,Lipstick,5,1845.38,0.2,0.0,Debit Card,Retail Store
ORD11580,2024-05-29,CUST1257,Customer_1257,West,Clothing,Jeans,1,2805.25,0.2,0.0,UPI,Retail Store
ORD10626,2025-07-16,CUST1100,Customer_1100,West ,Sports,Cycling Helmet,4,4294.47,0.2,0.0,Credit Card,Retail Store
ORD13002,2024-03-18,CUST1230,Customer_1230,South,Beauty,Lipstick,4,2410.29,0.25,71.78,Net Banking,Online
ORD14601,10/04/2025,CUST1102,Customer_1102,north,Home & Kitchen,Blender,3,7352.48,0.15,44.01,UPI,Online
ORD13796,30-Mar-2024,CUST1161,Customer_1161,West,Clothing,Dress,4,1142.07,0.1,0.0,Debit Card,Retail Store
ORD13481,02/11/2025,CUST1124,Customer_1124,West,Clothing,Jacket,1,577.0,0.05,54.78,Cash on Delivery,Online
ORD10143,21/04/2024,CUST1037,Customer_1037,SOUTH,Beauty,Sunscreen,4,1133.01,0.0,112.64,Debit Card,Online
ORD14813,28/12/2025,CUST1372,Customer_1372, East,Electronics,Tablet,4,,0.05,0.0,Cash on Delivery,Retail Store
ORD12574,05-Sep-2024,CUST1094,Customer_1094,East,Beauty,Sunscreen,1,2094.71,0.0,0.0,Credit Card,Retail Store
ORD14662,20/12/2025,CUST1394,Customer_1394,West,Electronics,Tablet,3,17903.45,0.0,73.06,UPI,Online
ORD14014,23/08/2025,CUST1062,Customer_1062,East,Sports,Cycling Helmet,2,5882.85,0.0,0.0,Credit Card,Retail Store
ORD11880,2024-10-22,CUST1184,Customer_1184,West,Clothing,Jacket,2,621.37,0.05,145.12,Debit Card,Online
ORD13452,2025-04-03,CUST1344,Customer_1344,north,Sports,Cricket Bat,1,2949.03,0.15,0.0,Debit Card,Retail Store
ORD13605,02/06/2025,CUST1295,Customer_1295,West,Beauty,Shampoo,1,1030.05,0.0,0.0,Credit Card,Retail Store
ORD13342,15/12/2025,CUST1028,Customer_1028, East,Home & Kitchen,Vacuum Cleaner,3,7725.67,0.05,93.13,Net Banking,Online
ORD14891,2025-03-15,CUST1195,Customer_1195,South,Clothing,Jacket,2,1476.16,0.0,138.65,Debit Card,Online
ORD12171,22-Apr-2025,CUST1144,Customer_1144,North,Beauty,Sunscreen,1,362.62,0.05,0.0,Net Banking,Retail Store
ORD12780,2024-11-11,CUST1031,Customer_1031,West,Electronics,Headphones,5,9058.35,0.0,0.0,Debit Card,Retail Store
ORD14720,2025-08-25,CUST1292,Customer_1292,South,Electronics,Laptop,5,27802.76,0.2,153.27,Net Banking,Online
ORD12832,2024-08-26,CUST1050,Customer_1050,West,Clothing,Jacket,2,2234.87,0.0,0.0,Credit Card,Retail Store
ORD14931,2024-07-04,CUST1251,Customer_1251, East,Beauty,Lipstick,2,1105.14,0.0,44.92,Net Banking,Online
ORD12230,2024-06-09,CUST1204,Customer_1204,West,Beauty,Sunscreen,1,733.96,0.1,2.28,Net Banking,Online
ORD10617,2024-05-12,CUST1390,Customer_1390,SOUTH,Home & Kitchen,Lamp,1,4038.14,0.1,0.0,Net Banking,Retail Store
ORD11324,2024-03-22,CUST1364,Customer_1364,South,Home & Kitchen,Vacuum Cleaner,4,4488.67,0.05,0.0,UPI,Retail Store
ORD10690,01-Jul-2025,CUST1394,Customer_1394,South,Electronics,Laptop,4,38595.85,0.15,0.0,Debit Card,Retail Store
ORD12288,2024-12-07,CUST1045,Customer_1045,north,Home & Kitchen,Bedsheet,5,1304.88,0.25,116.02,UPI,Online
ORD13302,2025-10-02,CUST1359,Customer_1359,West ,Home & Kitchen,Lamp,3,6138.74,0.2,0.0,Credit Card,Retail Store
ORD11350,2024-02-29,CUST1366,Customer_1366,north,Beauty,Sunscreen,4,2418.2,,0.0,Credit Card,Retail Store
ORD12729,2024-12-21,CUST1324,Customer_1324,SOUTH,Clothing,T-Shirt,5,2747.89,0.25,0.0,Credit Card,Retail Store
ORD14561,2025-08-01,CUST1172,Customer_1172,SOUTH,Home & Kitchen,Bedsheet,2,728.3,0.0,0.0,Net Banking,Retail Store
ORD11187,2025-04-09,CUST1109,Customer_1109,West,Electronics,Laptop,2,13699.04,0.1,0.0,Net Banking,Retail Store
ORD11191,2024-09-14,CUST1105,Customer_1105,North,Sports,Running Shoes,4,1990.2,0.0,124.54,Net Banking,Online
ORD10145,24/03/2025,CUST1151,Customer_1151,West ,Beauty,Face Cream,1,1993.03,0.0,60.05,UPI,Online
ORD13572,2024-09-24,CUST1216,Customer_1216,north,Beauty,Lipstick,2,1894.72,,0.0,,Retail Store
ORD14420,30/07/2025,CUST1056,Customer_1056,north,Home & Kitchen,Lamp,5,1488.28,0.25,0.0,Cash on Delivery,Retail Store
ORD13742,2024-12-15,CUST1009,Customer_1009, East,Beauty,Face Cream,3,1181.35,0.0,0.0,UPI,Retail Store
ORD11762,2024-08-19,CUST1399,Customer_1399,SOUTH,Beauty,Lipstick,1,2380.27,0.1,0.0,Cash on Delivery,Retail Store
ORD13800,2024-09-23,CUST1078,Customer_1078, East,Home & Kitchen,Vacuum Cleaner,2,7644.01,0.15,0.0,Cash on Delivery,Retail Store
ORD14802,2024-02-26,CUST1239,Customer_1239,West,Sports,Running Shoes,3,3669.96,0.2,129.55,Debit Card,Online
ORD14810,2024-10-09,CUST1326,Customer_1326,north,Beauty,Perfume,4,583.08,0.15,0.0,Debit Card,Retail Store
ORD11834,2024-10-06,CUST1365,Customer_1365,East,Beauty,Sunscreen,2,232.54,0.05,0.0,Cash on Delivery,Retail Store
ORD14994,2024-10-23,CUST1249,Customer_1249,West ,Clothing,T-Shirt,3,522.26,0.25,0.0,Cash on Delivery,Retail Store
ORD11111,2025-04-20,CUST1016,Customer_1016,South,Electronics,Smartwatch,2,42393.35,0.0,0.0,,Retail Store
ORD12127,14/05/2024,CUST1270,Customer_1270,South,Home & Kitchen,Lamp,3,2363.46,0.15,0.0,Net Banking,Retail Store
ORD14783,2025-08-23,CUST1024,Customer_1024,West ,Electronics,Tablet,4,59047.14,0.0,0.0,Net Banking,Retail Store
ORD12277,2025-10-14,CUST1268,Customer_1268,East,Electronics,Tablet,5,26919.32,0.1,142.47,Credit Card,Online
ORD13795,01-Feb-2025,CUST1031,Customer_1031,SOUTH,Sports,Cricket Bat,5,5572.11,0.25,0.0,Cash on Delivery,Retail Store
ORD12499,2024-10-07,CUST1079,Customer_1079,SOUTH,Home & Kitchen,Blender,1,4484.4,0.0,0.0,Cash on Delivery,Retail Store
ORD11824,12-Oct-2024,CUST1236,Customer_1236,West ,Sports,Cricket Bat,3,3484.5,0.2,10.6,Credit Card,Online
ORD12788,2024-08-12,CUST1125,Customer_1125,South,Electronics,Laptop,3,52006.5,0.0,13.18,Credit Card,Online
ORD14196,09/04/2024,CUST1204,Customer_1204,South,Electronics,Smartphone,4,42772.42,0.15,159.91,Cash on Delivery,Online
ORD14386,2024-10-14,CUST1321,Customer_1321,East,Beauty,Face Cream,2,195.69,0.05,0.0,Cash on Delivery,Retail Store
ORD13827,2024-01-17,CUST1353,Customer_1353,North,Clothing,Jeans,3,484.89,0.05,33.29,Credit Card,Online
ORD12492,2025-05-21,CUST1329,Customer_1329, East,Home & Kitchen,Cookware Set,2,4805.99,0.1,0.0,Credit Card,Retail Store
ORD10878,28/07/2025,CUST1008,Customer_1008,East,Sports,Cricket Bat,5,,0.2,2.84,Net Banking,Online
ORD11455,2024-07-20,CUST1374,Customer_1374,West,Clothing,T-Shirt,5,472.88,0.2,0.0,Debit Card,Retail Store
ORD10391,2024-12-10,CUST1136,Customer_1136,SOUTH,Electronics,Smartwatch,5,20016.09,0.05,0.0,Debit Card,Retail Store
ORD14182,2025-09-07,CUST1302,Customer_1302,South,Clothing,Jacket,4,1607.07,0.0,198.34,Cash on Delivery,Online
ORD12283,01/02/2025,CUST1120,Customer_1120,SOUTH,Home & Kitchen,Cookware Set,4,4232.8,0.0,0.0,Net Banking,Retail Store
ORD12714,17/03/2024,CUST1223,Customer_1223,South,Electronics,Tablet,4,9007.24,0.05,5.15,UPI,Online
ORD12958,2025-06-14,CUST1392,Customer_1392,North,Electronics,Headphones,3,38777.17,0.0,0.0,Debit Card,Retail Store
ORD10475,2025-01-25,CUST1166,Customer_1166, East,Sports,Yoga Mat,5,3927.1,0.2,0.0,Credit Card,Retail Store
ORD11694,2024-10-01,CUST1390,Customer_1390,West,Beauty,Perfume,3,2445.28,0.25,0.0,Cash on Delivery,Retail Store
ORD11295,05-Sep-2025,CUST1333,Customer_1333,,Home & Kitchen,Bedsheet,2,511.05,0.0,89.25,UPI,Online
ORD12092,10/06/2025,CUST1111,Customer_1111, East,Clothing,Dress,3,1887.6,0.15,0.0,Cash on Delivery,Retail Store
ORD13050,2025-09-25,CUST1377,Customer_1377,West,Sports,Dumbbells,3,3236.29,0.05,72.4,Net Banking,Online
ORD11137,19/11/2024,CUST1188,Customer_1188, East,Sports,Dumbbells,2,2698.87,0.15,0.0,Debit Card,Retail Store
ORD12072,2025-11-26,CUST1184,Customer_1184, East,Home & Kitchen,Vacuum Cleaner,2,4655.08,0.25,12.34,UPI,Online
ORD10832,09-Mar-2024,CUST1259,Customer_1259,East,Clothing,Jeans,1,804.33,0.25,0.0,Net Banking,Retail Store
ORD10591,2024-06-23,CUST1328,Customer_1328,SOUTH,Electronics,Laptop,5,14604.84,0.05,186.82,Net Banking,Online
ORD14658,2025-09-08,CUST1254,Customer_1254,north,Sports,Dumbbells,2,,0.1,0.0,Cash on Delivery,Retail Store
ORD13592,2025-07-30,CUST1388,Customer_1388, East,Clothing,Jeans,1,2957.3,0.15,0.0,UPI,Retail Store
ORD10109,08/02/2025,CUST1394,Customer_1394,East,Home & Kitchen,Cookware Set,4,6465.54,0.2,57.53,UPI,Online
ORD14318,2024-07-29,CUST1211,Customer_1211,South,Clothing,Jacket,1,2816.96,0.15,45.35,Net Banking,Online
ORD11052,27/02/2025,CUST1267,Customer_1267,South,Beauty,Lipstick,5,1548.67,0.0,195.48,Net Banking,Online
ORD11311,05/06/2024,CUST1043,Customer_1043,north,Beauty,Perfume,2,2350.65,0.25,0.0,Credit Card,Retail Store
ORD10668,2024-10-13,CUST1218,Customer_1218,South,Sports,Cricket Bat,3,833.87,0.05,0.0,,Retail Store
ORD10253,2024-06-28,CUST1045,Customer_1045,West ,Electronics,Laptop,2,37128.19,0.0,170.11,Credit Card,Online
ORD12690,2024-01-28,CUST1152,Customer_1152,East,Clothing,Jeans,3,1075.56,0.0,108.91,Cash on Delivery,Online
ORD14641,2024-06-14,CUST1350,Customer_1350,SOUTH,Clothing,Shoes,-3,2198.05,0.0,0.0,Debit Card,Retail Store
ORD10843,10/05/2024,CUST1198,Customer_1198, East,Home & Kitchen,Blender,2,908.77,0.1,178.26,Debit Card,Online
ORD14159,2025-06-06,CUST1343,Customer_1343,West ,Home & Kitchen,Lamp,3,7161.1,0.0,0.0,Credit Card,Retail Store
ORD14509,26/08/2024,CUST1201,Customer_1201,East,Electronics,Smartphone,1,50321.19,0.2,121.61,Debit Card,Online
ORD13374,2025-01-15,CUST1237,Customer_1237,West ,Beauty,Face Cream,3,1735.26,0.2,0.0,Cash on Delivery,Retail Store
ORD13394,30-Jul-2025,CUST1029,Customer_1029,West,Home & Kitchen,Cookware Set,1,7755.96,0.25,183.09,Cash on Delivery,Online
ORD10884,2024-03-28,CUST1096,Customer_1096,South,Electronics,Tablet,-3,40377.94,0.25,118.58,Net Banking,Online
ORD14547,2025-11-21,CUST1348,Customer_1348,East,Beauty,Perfume,3,123322.95,0.1,40.55,Credit Card,Online
ORD13996,2025-10-14,CUST1154,Customer_1154,north,Home & Kitchen,Blender,1,6685.35,0.0,104.15,UPI,Online
ORD14752,2025-01-19,CUST1383,Customer_1383,SOUTH,Clothing,Jacket,1,1417.4,0.05,0.0,Cash on Delivery,Retail Store
ORD11879,05-Jan-2025,CUST1174,Customer_1174,North,Beauty,Face Cream,1,1560.48,0.0,1.65,UPI,Online
ORD11485,2025-03-18,CUST1218,Customer_1218,SOUTH,Beauty,Face Cream,5,1425.33,0.05,145.74,Credit Card,Online
ORD12417,2025-01-29,CUST1148,Customer_1148,West ,Clothing,Dress,2,2626.8,0.1,0.0,Debit Card,Retail Store
ORD12737,2024-01-19,CUST1282,Customer_1282, East,Clothing,Dress,2,2196.6,0.15,149.3,Debit Card,Online
ORD12267,2024-05-22,CUST1313,Customer_1313,West,Beauty,Perfume,4,2054.05,0.0,94.0,Credit Card,Online
ORD14173,2025-01-07,CUST1064,Customer_1064,West ,Beauty,Shampoo,2,894.25,0.2,0.0,Debit Card,Retail Store
ORD13368,2025-06-14,CUST1399,Customer_1399,South,Clothing,Jacket,1,75383.07,0.05,0.0,Debit Card,Retail Store
ORD12808,23-Mar-2024,CUST1061,Customer_1061,West,Beauty,Perfume,1,1108.2,0.05,35.9,,Online
ORD10869,2024-06-10,CUST1098,Customer_1098,South,Clothing,Shoes,4,1961.67,0.1,137.81,Cash on Delivery,Online
ORD12468,2024-12-17,CUST1229,Customer_1229,,Home & Kitchen,Lamp,4,4332.48,0.15,0.0,Debit Card,Retail Store
ORD13893,2025-04-21,CUST1037,Customer_1037,SOUTH,Beauty,Face Cream,4,1051.16,0.05,0.0,Cash on Delivery,Retail Store
ORD10450,2025-09-15,CUST1385,Customer_1385,North,Beauty,Perfume,2,921.87,0.0,0.0,Debit Card,Retail Store
ORD11979,2024-02-24,CUST1328,Customer_1328,north,Beauty,Sunscreen,2,703.24,0.0,0.0,Net Banking,Retail Store
ORD10696,2024-04-09,CUST1092,Customer_1092,North,Home & Kitchen,Vacuum Cleaner,1,1473.25,0.15,12.74,UPI,Online
ORD11741,2025-11-24,CUST1230,Customer_1230,West,Sports,Dumbbells,4,2132.81,0.1,0.0,Credit Card,Retail Store
ORD13718,2025-03-25,CUST1065,Customer_1065,West ,Clothing,Jeans,4,691.55,0.05,54.22,Cash on Delivery,Online
ORD10811,2024-06-04,CUST1301,Customer_1301,north,Electronics,Smartphone,2,1918.41,0.05,0.0,UPI,Retail Store
ORD13284,04/06/2025,CUST1098,Customer_1098, East,Clothing,Jeans,5,2336.66,0.0,187.34,Debit Card,Online
ORD12189,2024-10-27,CUST1214,Customer_1214,SOUTH,Clothing,Jacket,3,2715.38,,0.0,Net Banking,Retail Store
ORD10505,21/06/2024,CUST1310,Customer_1310,South,Clothing,Jeans,5,2235.0,0.25,48.67,Cash on Delivery,Online
ORD13303,10-Jul-2025,CUST1355,Customer_1355,South,Home & Kitchen,Lamp,2,4102.16,0.0,6.39,Credit Card,Online
ORD10405,01-Apr-2024,CUST1167,Customer_1167,West,Home & Kitchen,Cookware Set,1,7585.68,0.05,9.96,UPI,Online
ORD13640,2024-05-13,CUST1143,Customer_1143,SOUTH,Sports,Yoga Mat,2,4846.1,0.1,0.0,Credit Card,Retail Store
ORD10183,27/06/2024,CUST1037,Customer_1037,SOUTH,Home & Kitchen,Lamp,5,1681.28,0.15,75.68,Debit Card,Online
ORD14999,2025-10-06,CUST1008,Customer_1008,West ,Sports,Cycling Helmet,2,2608.75,0.0,53.17,UPI,Online
ORD11876,2024-03-27,CUST1150,Customer_1150, East,Beauty,Sunscreen,3,1060.44,0.2,153.75,Cash on Delivery,Online
ORD10609,2025-04-17,CUST1223,Customer_1223,North,Electronics,Smartphone,5,19825.74,0.2,151.17,Cash on Delivery,Online
ORD12674,2025-06-01,CUST1293,Customer_1293, East,Home & Kitchen,Lamp,3,6316.62,0.05,0.0,Credit Card,Retail Store
ORD12033,2025-06-30,CUST1061,Customer_1061,SOUTH,Electronics,Smartwatch,1,19791.2,,87.72,UPI,Online
ORD13981,22/04/2025,CUST1132,Customer_1132,SOUTH,Sports,Dumbbells,1,,0.25,72.36,Cash on Delivery,Online
ORD11968,2024-10-21,CUST1351,Customer_1351,North,Home & Kitchen,Vacuum Cleaner,5,1919.03,0.2,0.0,Net Banking,Retail Store
ORD10020,08/11/2024,CUST1170,Customer_1170,West,Beauty,Shampoo,3,1256.12,0.15,132.01,Debit Card,Online
ORD12218,2025-09-23,CUST1292,Customer_1292,North,Clothing,Jacket,3,337.76,0.0,132.24,Debit Card,Online
ORD12224,2025-08-27,CUST1377,Customer_1377,SOUTH,Sports,Yoga Mat,2,,0.0,0.0,Credit Card,Retail Store
ORD10327,2024-08-28,CUST1065,Customer_1065, East,Home & Kitchen,Blender,3,4700.23,0.0,0.0,UPI,Retail Store
ORD13270,14-Apr-2024,CUST1357,Customer_1357,East,Beauty,Lipstick,2,878.19,0.1,0.0,Net Banking,Retail Store
ORD12518,25/10/2025,CUST1337,Customer_1337,West ,Home & Kitchen,Vacuum Cleaner,3,1863.77,0.15,0.0,Cash on Delivery,Retail Store
ORD11874,2024-10-24,CUST1326,Customer_1326,West ,Sports,Cricket Bat,5,1201.22,0.0,0.0,Cash on Delivery,Retail Store
ORD14362,2024-02-11,CUST1154,Customer_1154,East,Electronics,Laptop,2,16207.15,0.15,150.81,Debit Card,Online
ORD11756,2024-12-16,CUST1209,Customer_1209,West ,Electronics,Tablet,4,49582.06,0.1,0.0,Debit Card,Retail Store
ORD12178,2024-02-25,CUST1079,Customer_1079,West ,Home & Kitchen,Vacuum Cleaner,2,3609.13,0.05,91.22,Net Banking,Online
ORD14961,2025-12-02,CUST1388,Customer_1388,West ,Clothing,Dress,4,,,0.0,Debit Card,Retail Store
ORD13488,2024-07-08,CUST1219,Customer_1219, East,Sports,Yoga Mat,2,4683.19,0.0,119.91,Debit Card,Online
ORD13410,01/09/2024,CUST1347,Customer_1347,SOUTH,Clothing,Jacket,5,2144.99,0.0,39.66,Net Banking,Online
ORD14996,2024-08-02,CUST1369,Customer_1369,South,Clothing,T-Shirt,1,2283.13,0.1,65.02,Net Banking,Online
ORD10489,2024-12-02,CUST1387,Customer_1387,SOUTH,Clothing,Dress,1,1100.86,0.25,0.0,Credit Card,Retail Store
ORD10606,2025-05-29,CUST1020,Customer_1020,East,Clothing,Jacket,5,313.74,,0.0,,Retail Store
ORD13212,23-Jan-2024,CUST1294,Customer_1294,West ,Clothing,T-Shirt,5,527.51,0.0,0.0,UPI,Retail Store
ORD12464,2025-07-23,CUST1216,Customer_1216,,Beauty,Perfume,1,1756.82,0.25,184.47,Cash on Delivery,Online
ORD11738,2024-10-10,CUST1202,Customer_1202,north,Clothing,T-Shirt,-5,940.47,0.1,0.0,UPI,Retail Store
ORD10152,22/12/2024,CUST1277,Customer_1277,South,Electronics,Smartwatch,5,26371.55,0.1,155.13,Cash on Delivery,Online
ORD10889,2024-09-27,CUST1137,Customer_1137,West,Electronics,Smartphone,1,56764.72,0.0,0.0,Credit Card,Retail Store
ORD13301,2025-10-31,CUST1034,Customer_1034,north,Beauty,Lipstick,2,1519.43,0.0,70.51,Cash on Delivery,Online
ORD13082,12/02/2024,CUST1197,Customer_1197,north,Electronics,Laptop,5,7000.33,0.2,0.0,Net Banking,Retail Store
ORD10269,2024-12-21,CUST1280,Customer_1280,West,Beauty,Shampoo,5,1475.36,0.1,0.0,Credit Card,Retail Store
ORD10096,11/05/2024,CUST1203,Customer_1203,East,Beauty,Sunscreen,4,1659.5,0.15,0.0,Debit Card,Retail Store
ORD13824,04/07/2024,CUST1333,Customer_1333,East,Beauty,Lipstick,2,1623.41,0.0,0.0,Net Banking,Retail Store
ORD13885,26/02/2025,CUST1338,Customer_1338,East,Sports,Running Shoes,4,4593.14,0.1,0.0,Debit Card,Retail Store
ORD11799,2025-08-19,CUST1373,Customer_1373, East,Home & Kitchen,Cookware Set,2,7940.12,0.0,0.0,Debit Card,Retail Store
ORD14967,03-Nov-2024,CUST1294,Customer_1294,North,Sports,Yoga Mat,3,3468.91,0.2,133.46,Credit Card,Online
ORD11572,17/12/2024,CUST1214,Customer_1214,North,Home & Kitchen,Bedsheet,1,6318.65,0.15,0.0,Net Banking,Retail Store
ORD14628,2024-06-24,CUST1162,Customer_1162,,Electronics,Headphones,4,6016.69,0.0,75.79,Net Banking,Online
ORD11067,2024-03-31,CUST1329,Customer_1329,West ,Beauty,Face Cream,3,1122.91,0.0,123.25,Debit Card,Online
ORD12760,2024-03-31,CUST1124,Customer_1124,East,Sports,Dumbbells,2,5781.58,0.0,0.0,UPI,Retail Store
ORD10715,2024-12-02,CUST1057,Customer_1057,north,Beauty,Shampoo,5,1923.22,0.0,0.0,UPI,Retail Store
ORD14059,2024-03-22,CUST1259,Customer_1259,SOUTH,Sports,Running Shoes,5,3044.68,0.1,153.68,Cash on Delivery,Online
ORD12445,2025-04-26,CUST1160,Customer_1160,North,Beauty,Face Cream,5,1051.96,0.05,0.0,UPI,Retail Store
ORD14565,2024-08-24,CUST1354,Customer_1354,North,Sports,Dumbbells,5,1763.3,0.2,100.14,Credit Card,Online
ORD14660,08/12/2025,CUST1105,Customer_1105,north,Electronics,Headphones,4,9644.89,0.25,0.0,Cash on Delivery,Retail Store
ORD11798,2025-04-19,CUST1191,Customer_1191,East,Beauty,Perfume,3,1712.31,0.1,37.71,UPI,Online
ORD10461,2024-11-12,CUST1022,Customer_1022,north,Electronics,Smartphone,3,31517.86,0.25,103.54,UPI,Online
ORD12944,2024-10-28,CUST1224,Customer_1224,North,Sports,Dumbbells,1,917.87,0.1,0.0,Debit Card,Retail Store
ORD11795,2025-09-18,CUST1195,Customer_1195,SOUTH,Home & Kitchen,Bedsheet,4,4860.25,0.15,0.0,,Retail Store
ORD11869,2024-07-19,CUST1024,Customer_1024,SOUTH,Electronics,Tablet,1,40532.69,0.05,0.0,UPI,Retail Store
ORD11345,25/02/2025,CUST1020,Customer_1020,north,Clothing,Shoes,2,1263.44,0.1,0.0,Net Banking,Retail Store
ORD14791,2025-01-02,CUST1246,Customer_1246,East,Clothing,T-Shirt,4,2670.97,0.0,3.37,Credit Card,Online
ORD11214,2025-04-23,CUST1305,Customer_1305,SOUTH,Home & Kitchen,Blender,2,3099.88,0.0,0.0,Debit Card,Retail Store
ORD11372,15/06/2025,CUST1361,Customer_1361,West,Sports,Running Shoes,3,3148.65,0.2,0.0,Debit Card,Retail Store
ORD10243,2025-06-12,CUST1379,Customer_1379,SOUTH,Home & Kitchen,Bedsheet,5,4907.59,0.05,0.0,Cash on Delivery,Retail Store
ORD14039,2024-07-31,CUST1026,Customer_1026,North,Sports,Dumbbells,4,5499.45,,0.0,Credit Card,Retail Store
ORD12799,2025-10-17,CUST1237,Customer_1237,South,Home & Kitchen,Bedsheet,4,5751.96,0.0,0.0,UPI,Retail Store
ORD11679,2025-10-02,CUST1181,Customer_1181,West,Beauty,Face Cream,3,863.62,0.0,3.25,Net Banking,Online
ORD13850,21/04/2025,CUST1100,Customer_1100,North,Beauty,Lipstick,1,1385.69,0.05,130.01,Cash on Delivery,Online
ORD11312,2024-04-09,CUST1126,Customer_1126,West ,Home & Kitchen,Lamp,3,1044.07,0.2,0.0,Cash on Delivery,Retail Store
ORD10648,2024-01-07,CUST1341,Customer_1341,North,Home & Kitchen,Cookware Set,1,705.13,0.05,56.37,UPI,Online
ORD13238,2025-01-22,CUST1147,Customer_1147,,Sports,Dumbbells,1,5726.94,0.0,198.95,Credit Card,Online
ORD12643,2024-08-16,CUST1053,Customer_1053,East,Beauty,Shampoo,5,2005.61,0.05,26.13,UPI,Online
ORD14409,2024-02-18,CUST1151,Customer_1151, East,Electronics,Smartphone,3,49143.05,0.0,184.76,Cash on Delivery,Online
ORD10155,12-Dec-2025,CUST1126,Customer_1126,SOUTH,Beauty,Lipstick,2,1639.03,0.1,0.0,Cash on Delivery,Retail Store
ORD13428,2024-05-25,CUST1350,Customer_1350, East,Sports,Cycling Helmet,1,2532.73,0.1,0.0,Net Banking,Retail Store
ORD13453,2024-11-03,CUST1107,Customer_1107,North,Home & Kitchen,Bedsheet,5,5601.62,0.15,86.67,Net Banking,Online
ORD11303,2024-10-17,CUST1141,Customer_1141,East,Beauty,Lipstick,2,1097.6,0.2,0.0,UPI,Retail Store
ORD11150,31/10/2025,CUST1252,Customer_1252,West,Beauty,Face Cream,1,164.74,0.0,93.42,Credit Card,Online
ORD13047,2024-06-08,CUST1104,Customer_1104,West ,Home & Kitchen,Lamp,5,2893.94,0.0,0.0,UPI,Retail Store
ORD11046,17/04/2024,CUST1244,Customer_1244,SOUTH,Home & Kitchen,Bedsheet,5,7967.77,0.0,0.0,UPI,Retail Store
ORD11640,2025-01-21,CUST1098,Customer_1098,north,Clothing,T-Shirt,2,920.42,0.0,79.77,Debit Card,Online
ORD11306,14/09/2025,CUST1363,Customer_1363,South,Beauty,Lipstick,5,730.59,0.1,120.62,UPI,Online
ORD11927,2025-06-27,CUST1264,Customer_1264,West ,Clothing,T-Shirt,3,2171.42,0.1,0.0,Debit Card,Retail Store
ORD13439,2024-08-12,CUST1351,Customer_1351,SOUTH,Sports,Dumbbells,3,4818.81,0.15,160.06,,Online
ORD14121,29/10/2025,CUST1286,Customer_1286,,Clothing,Jeans,2,405.67,0.1,0.0,Cash on Delivery,Retail Store
ORD12244,2024-10-27,CUST1001,Customer_1001,South,Electronics,Smartwatch,3,42487.44,0.0,0.0,Cash on Delivery,Retail Store
ORD13136,2024-10-11,CUST1122,Customer_1122,North,Clothing,T-Shirt,2,2234.82,0.0,0.0,Credit Card,Retail Store
ORD10015,19-Nov-2024,CUST1214,Customer_1214,South,Sports,Cycling Helmet,5,1132.92,0.25,0.0,Credit Card,Retail Store
ORD13538,2025-12-15,CUST1140,Customer_1140,West ,Sports,Cricket Bat,2,2826.78,0.2,0.0,Debit Card,Retail Store
ORD14979,18-Feb-2024,CUST1120,Customer_1120,north,Home & Kitchen,Bedsheet,4,7997.86,0.0,178.82,UPI,Online
ORD12669,2024-09-24,CUST1256,Customer_1256,north,Beauty,Sunscreen,2,676.79,0.15,47.73,UPI,Online
ORD11360,2024-05-30,CUST1346,Customer_1346,North,Electronics,Laptop,5,46034.2,0.1,70.75,Debit Card,Online
ORD11844,2025-04-19,CUST1334,Customer_1334,East,Beauty,Perfume,3,488.59,0.05,0.0,Cash on Delivery,Retail Store
ORD13098,2025-04-19,CUST1354,Customer_1354,north,Clothing,Jacket,4,1636.98,0.0,0.0,Cash on Delivery,Retail Store
ORD11612,2025-11-11,CUST1221,Customer_1221, East,Sports,Dumbbells,5,4869.51,0.05,0.0,Cash on Delivery,Retail Store
ORD10497,2025-03-09,CUST1339,Customer_1339,,Clothing,T-Shirt,1,2775.58,0.05,0.0,UPI,Retail Store
ORD12840,2025-10-22,CUST1318,Customer_1318,West ,Beauty,Shampoo,5,1453.34,0.0,0.0,Net Banking,Retail Store
ORD14611,2025-10-19,CUST1019,Customer_1019,North,Electronics,Laptop,3,37542.42,0.25,0.0,UPI,Retail Store
ORD12633,2025-06-12,CUST1359,Customer_1359,,Clothing,T-Shirt,4,2402.88,0.2,0.0,Cash on Delivery,Retail Store
ORD13633,2025-09-02,CUST1132,Customer_1132,north,Electronics,Smartwatch,1,56904.36,0.1,0.0,Cash on Delivery,Retail Store
ORD11478,2024-10-13,CUST1352,Customer_1352,East,Clothing,T-Shirt,5,1121.32,,80.13,Cash on Delivery,Online
ORD11095,2024-06-22,CUST1323,Customer_1323,West ,Beauty,Shampoo,3,2170.55,0.0,178.72,Debit Card,Online
ORD10542,19-Oct-2025,CUST1137,Customer_1137,West,Sports,Yoga Mat,2,,0.0,0.28,Net Banking,Online
ORD14729,2024-07-15,CUST1157,Customer_1157,north,Beauty,Shampoo,3,1415.38,,0.0,Debit Card,Retail Store
ORD14074,2024-01-12,CUST1373,Customer_1373,West ,Electronics,Laptop,4,57768.88,0.15,183.35,Debit Card,Online
ORD10431,2025-06-26,CUST1393,Customer_1393,West,Electronics,Smartphone,4,31043.83,0.0,0.0,Debit Card,Retail Store
ORD10728,2024-05-10,CUST1334,Customer_1334,South,Clothing,Dress,3,1857.51,,0.0,UPI,Retail Store
ORD14412,2025-09-13,CUST1376,Customer_1376,North,Beauty,Sunscreen,1,1377.26,0.25,123.62,Cash on Delivery,Online
ORD12561,15/05/2025,CUST1306,Customer_1306,West,Beauty,Sunscreen,2,1268.29,0.05,114.2,Net Banking,Online
ORD11337,05/08/2024,CUST1125,Customer_1125,East,Electronics,Headphones,5,2993.71,0.25,0.0,Debit Card,Retail Store
ORD13606,2024-05-18,CUST1287,Customer_1287,South,Clothing,Dress,3,2792.5,0.1,85.81,Net Banking,Online
ORD12877,2024-03-08,CUST1114,Customer_1114,West ,Home & Kitchen,Bedsheet,3,5596.62,0.0,0.0,UPI,Retail Store
ORD14415,26/10/2024,CUST1022,Customer_1022,East,Home & Kitchen,Vacuum Cleaner,2,5767.86,0.1,197.86,Debit Card,Online
ORD11031,24/02/2024,CUST1258,Customer_1258,West,Home & Kitchen,Bedsheet,1,2405.77,0.2,0.0,Net Banking,Retail Store
ORD11110,2024-12-21,CUST1158,Customer_1158,North,Sports,Running Shoes,4,898.55,0.2,0.0,UPI,Retail Store
ORD11888,20/09/2024,CUST1309,Customer_1309,north,Clothing,T-Shirt,3,1369.56,0.0,127.11,Debit Card,Online
ORD13550,2025-12-07,CUST1035,Customer_1035,SOUTH,Sports,Yoga Mat,2,2814.65,0.0,156.4,Net Banking,Online
ORD11527,2025-08-15,CUST1074,Customer_1074,West ,Sports,Yoga Mat,2,5483.92,0.0,102.71,Debit Card,Online
ORD10753,16-May-2024,CUST1356,Customer_1356,South,Electronics,Smartphone,1,36481.21,0.2,64.77,UPI,Online
ORD13049,30/12/2024,CUST1208,Customer_1208,,Beauty,Perfume,4,1624.41,0.25,60.26,Debit Card,Online
ORD12628,15-May-2025,CUST1230,Customer_1230,South,Sports,Yoga Mat,2,3698.79,0.1,148.46,Credit Card,Online
ORD10562,2024-12-13,CUST1118,Customer_1118, East,Clothing,Jeans,2,2979.15,0.0,0.0,,Retail Store
ORD14764,24-Oct-2025,CUST1040,Customer_1040,East,Electronics,Headphones,1,53086.53,0.15,55.94,Cash on Delivery,Online
ORD13562,2024-06-23,CUST1008,Customer_1008,East,Electronics,Headphones,3,37323.63,0.1,0.0,Credit Card,Retail Store
ORD10252,03/04/2024,CUST1358,Customer_1358,West ,Clothing,T-Shirt,2,2462.31,0.0,0.0,Net Banking,Retail Store
ORD12516,2025-01-06,CUST1312,Customer_1312,North,Home & Kitchen,Lamp,4,4923.47,0.0,27.26,Credit Card,Online
ORD12962,2025-01-25,CUST1233,Customer_1233,North,Home & Kitchen,Lamp,5,7997.2,0.25,0.0,Cash on Delivery,Retail Store
ORD14453,2025-08-10,CUST1267,Customer_1267,East,Sports,Dumbbells,5,4099.63,0.15,64.98,UPI,Online
ORD11202,2025-11-24,CUST1093,Customer_1093,SOUTH,Beauty,Perfume,3,1244.2,,0.0,UPI,Retail Store
ORD13462,15-Sep-2024,CUST1092,Customer_1092,north,Sports,Running Shoes,1,1699.32,0.0,130.59,Debit Card,Online
ORD12797,2024-06-23,CUST1321,Customer_1321,West,Electronics,Headphones,4,38479.74,,81.2,Cash on Delivery,Online
ORD14225,2024-05-03,CUST1382,Customer_1382,North,Electronics,Headphones,4,22860.45,0.25,0.0,Net Banking,Retail Store
ORD10144,2025-02-04,CUST1330,Customer_1330,East,Beauty,Perfume,4,1461.28,0.15,96.55,UPI,Online
ORD13526,2024-09-27,CUST1264,Customer_1264,north,Home & Kitchen,Blender,1,7101.55,0.0,0.0,UPI,Retail Store
ORD12895,2024-05-24,CUST1042,Customer_1042,West ,Sports,Cricket Bat,5,3670.12,0.25,57.77,Debit Card,Online
ORD12763,26/02/2025,CUST1120,Customer_1120,West,Beauty,Perfume,3,1704.99,0.0,126.75,Net Banking,Online
ORD10905,2025-12-04,CUST1107,Customer_1107,South,Clothing,Jeans,3,909.19,0.1,0.0,Debit Card,Retail Store
ORD13980,2024-04-05,CUST1022,Customer_1022,South,Sports,Running Shoes,2,3969.82,0.2,40.72,Credit Card,Online
ORD10235,2024-11-01,CUST1224,Customer_1224,SOUTH,Beauty,Lipstick,1,2024.09,0.0,24.65,Credit Card,Online
