OrderID,OrderDate,CustomerID,CustomerName,Region,Category,Product,Quantity,UnitPrice,Discount,ShippingCost,PaymentMethod,Channel,IsReturn,Revenue,Month
ORD14821,2025-07-27,CUST1135,Customer_1135,West,Clothing,Dress,4,2039.78,0.2,109.44,Net Banking,Online,False,6527.296,2025-07
ORD12363,2025-04-29,CUST1038,Customer_1038,North,Electronics,Smartwatch,3,46094.65,0.1,0.0,Cash On Delivery,Retail Store,False,124455.55500000001,2025-04
ORD13728,2025-04-20,CUST1002,Customer_1002,North,Clothing,Jeans,2,923.48,0.05,0.0,Credit Card,Retail Store,False,1754.6119999999999,2025-04
ORD10623,2025-07-13,CUST1360,Customer_1360,South,Home & Kitchen,Blender,2,6898.96,0.0,0.0,Net Banking,Retail Store,False,13797.92,2025-07
ORD11073,2025-07-03,CUST1169,Customer_1169,Unknown,Home & Kitchen,Blender,1,4075.79,0.1,11.83,Debit Card,Online,False,3668.2110000000002,2025-07
ORD13444,2025-01-27,CUST1386,Customer_1386,West,Clothing,Jacket,4,592.8,0.0,65.67,Cash On Delivery,Online,False,2371.2,2025-01
ORD11545,2025-09-28,CUST1291,Customer_1291,North,Home & Kitchen,Cookware Set,2,6760.73,0.0,0.0,Debit Card,Retail Store,False,13521.46,2025-09
ORD10836,2024-09-04,CUST1191,Customer_1191,North,Beauty,Lipstick,5,2381.06,0.0,86.55,Cash On Delivery,Online,False,11905.3,2024-09
ORD10745,2024-03-13,CUST1266,Customer_1266,South,Home & Kitchen,Bedsheet,1,3787.04,0.0,76.3,Upi,Online,False,3787.04,2024-03
ORD10348,2025-03-01,CUST1166,Customer_1166,South,Electronics,Tablet,5,50430.98,0.0,87.73,Net Banking,Online,False,252154.90000000002,2025-03
ORD11987,2024-10-20,CUST1257,Customer_1257,East,Electronics,Headphones,1,30719.84,0.2,60.38,Cash On Delivery,Online,False,24575.872000000003,2024-10
ORD14340,2025-06-14,CUST1251,Customer_1251,North,Clothing,Shoes,5,2512.34,0.0,0.0,Cash On Delivery,Retail Store,False,12561.7,2025-06
ORD14131,2024-05-16,CUST1343,Customer_1343,East,Sports,Cycling Helmet,4,3148.65,0.15,135.81,Net Banking,Online,False,10705.41,2024-05
ORD11851,2024-08-14,CUST1111,Customer_1111,East,Electronics,Headphones,2,6825.83,0.2,0.0,Upi,Retail Store,False,10921.328000000001,2024-08
ORD10779,2025-01-11,CUST1245,Customer_1245,East,Clothing,Shoes,5,1074.53,0.0,8.51,Upi,Online,False,5372.65,2025-01
ORD10004,2025-08-03,CUST1194,Customer_1194,South,Home & Kitchen,Bedsheet,2,2217.86,0.05,0.0,Debit Card,Retail Store,False,4213.934,2025-08
ORD14234,2024-02-24,CUST1125,Customer_1125,West,Sports,Yoga Mat,4,5166.66,0.0,63.02,Credit Card,Online,False,20666.64,2024-02
ORD13739,2025-04-14,CUST1011,Customer_1011,North,Home & Kitchen,Bedsheet,4,6104.07,0.0,0.0,Cash On Delivery,Retail Store,False,24416.28,2025-04
ORD14951,2024-08-23,CUST1289,Customer_1289,West,Clothing,Shoes,4,2397.75,0.1,142.45,Debit Card,Online,False,8631.9,2024-08
ORD13881,2025-03-07,CUST1233,Customer_1233,West,Clothing,Dress,2,2391.58,0.2,0.0,Credit Card,Retail Store,False,3826.5280000000002,2025-03
ORD13748,2024-08-12,CUST1325,Customer_1325,North,Sports,Cricket Bat,5,5441.97,0.2,0.0,Net Banking,Retail Store,False,21767.880000000005,2024-08
ORD10717,2024-04-15,CUST1048,Customer_1048,West,Beauty,Perfume,5,871.92,0.25,64.75,Net Banking,Online,False,3269.7,2024-04
ORD10314,2024-12-28,CUST1274,Customer_1274,East,Home & Kitchen,Lamp,4,4737.07,0.15,67.83,Upi,Online,False,16106.037999999999,2024-12
ORD11840,2024-06-12,CUST1370,Customer_1370,West,Beauty,Sunscreen,2,454.37,0.2,179.04,Cash On Delivery,Online,False,726.9920000000001,2024-06
ORD14291,2024-11-19,CUST1174,Customer_1174,East,Electronics,Laptop,5,31401.6,0.1,98.69,Upi,Online,False,141307.2,2024-11
ORD14189,2025-03-18,CUST1339,Customer_1339,East,Sports,Running Shoes,2,4253.48,0.0,6.24,Net Banking,Online,False,8506.96,2025-03
ORD14958,2024-10-24,CUST1276,Customer_1276,East,Home & Kitchen,Blender,1,4392.69,0.2,89.02,Credit Card,Online,False,3514.152,2024-10
ORD11140,2024-04-16,CUST1383,Customer_1383,South,Home & Kitchen,Bedsheet,1,4575.8,0.0,0.0,Net Banking,Retail Store,False,4575.8,2024-04
ORD12670,2025-01-15,CUST1227,Customer_1227,East,Sports,Cycling Helmet,3,433.9,0.1,96.48,Debit Card,Online,False,1171.53,2025-01
ORD14801,2025-10-14,CUST1209,Customer_1209,North,Home & Kitchen,Vacuum Cleaner,3,7265.57,0.0,0.0,Debit Card,Retail Store,False,21796.71,2025-10
ORD11364,2025-01-28,CUST1366,Customer_1366,West,Sports,Cricket Bat,2,5900.26,0.0,0.0,Credit Card,Retail Store,False,11800.52,2025-01
ORD11564,2024-02-07,CUST1125,Customer_1125,North,Home & Kitchen,Cookware Set,2,7878.9,0.0,14.03,Net Banking,Online,False,15757.8,2024-02
ORD11141,2025-03-28,CUST1134,Customer_1134,West,Sports,Cycling Helmet,1,638.45,0.25,0.0,Debit Card,Retail Store,False,478.83750000000003,2025-03
ORD13231,2025-04-13,CUST1087,Customer_1087,East,Home & Kitchen,Cookware Set,1,5112.65,0.0,0.0,Cash On Delivery,Retail Store,False,5112.65,2025-04
ORD11094,2024-06-29,CUST1111,Customer_1111,North,Beauty,Sunscreen,1,1038.5,0.2,115.12,Net Banking,Online,False,830.8000000000001,2024-06
ORD11877,2025-05-09,CUST1276,Customer_1276,South,Beauty,Lipstick,1,2361.89,0.2,0.0,Cash On Delivery,Retail Store,False,1889.512,2025-05
ORD12414,2024-04-02,CUST1394,Customer_1394,South,Beauty,Perfume,2,1931.05,0.0,23.6,Net Banking,Online,False,3862.1,2024-04
ORD11117,2024-05-08,CUST1389,Customer_1389,Unknown,Electronics,Smartwatch,3,51320.1,0.1,0.0,Credit Card,Retail Store,False,138564.27,2024-05
ORD13075,2024-06-21,CUST1363,Customer_1363,East,Beauty,Lipstick,4,610.01,0.15,176.27,Debit Card,Online,False,2074.034,2024-06
ORD14430,2025-06-02,CUST1306,Customer_1306,South,Electronics,Smartphone,5,24522.51,0.05,129.41,Credit Card,Online,False,116481.92249999999,2025-06
ORD13071,2024-12-19,CUST1028,Customer_1028,East,Clothing,Jacket,2,304.6,0.25,93.44,Upi,Online,False,456.90000000000003,2024-12
ORD10028,2025-08-12,CUST1118,Customer_1118,North,Beauty,Shampoo,2,636.06,0.0,0.0,Upi,Retail Store,False,1272.12,2025-08
ORD12457,2024-06-13,CUST1012,Customer_1012,West,Home & Kitchen,Cookware Set,5,2774.09,0.0,0.0,Net Banking,Retail Store,False,13870.45,2024-06
ORD14214,2024-10-18,CUST1344,Customer_1344,North,Sports,Running Shoes,5,3398.85,0.0,0.0,Cash On Delivery,Retail Store,False,16994.25,2024-10
ORD10608,2025-08-03,CUST1088,Customer_1088,West,Sports,Running Shoes,3,1517.33,0.1,75.19,Net Banking,Online,False,4096.791,2025-08
ORD11561,2024-09-02,CUST1350,Customer_1350,West,Home & Kitchen,Cookware Set,3,3156.06,0.0,0.0,Cash On Delivery,Retail Store,False,9468.18,2024-09
ORD13984,2025-03-04,CUST1049,Customer_1049,East,Home & Kitchen,Cookware Set,1,505.83,0.25,0.0,Net Banking,Retail Store,False,379.3725,2025-03
ORD12738,2024-08-18,CUST1193,Customer_1193,West,Beauty,Sunscreen,1,2491.62,0.15,0.0,Credit Card,Retail Store,False,2117.877,2024-08
ORD10108,2024-09-09,CUST1160,Customer_1160,North,Clothing,Shoes,5,2384.37,0.05,0.0,Debit Card,Retail Store,False,11325.757499999998,2024-09
ORD10538,2024-02-12,CUST1379,Customer_1379,West,Home & Kitchen,Bedsheet,5,4882.45,0.1,0.0,Debit Card,Retail Store,False,21971.025,2024-02
ORD12011,2024-01-28,CUST1273,Customer_1273,South,Sports,Running Shoes,2,3656.21,0.0,48.69,Net Banking,Online,False,7312.42,2024-01
ORD13093,2024-09-03,CUST1209,Customer_1209,West,Clothing,Jacket,1,1192.2,0.0,195.79,Cash On Delivery,Online,False,1192.2,2024-09
ORD14597,2025-05-17,CUST1218,Customer_1218,West,Electronics,Smartphone,1,45031.07,0.1,0.0,Net Banking,Retail Store,False,40527.963,2025-05
ORD12918,2024-09-23,CUST1180,Customer_1180,North,Sports,Dumbbells,4,3616.98,0.25,146.24,Debit Card,Online,False,10850.94,2024-09
ORD13903,2024-05-13,CUST1024,Customer_1024,South,Clothing,T-Shirt,2,431.65,0.0,49.23,Debit Card,Online,False,863.3,2024-05
ORD11673,2024-04-08,CUST1351,Customer_1351,West,Clothing,Shoes,1,2311.94,0.2,97.12,Net Banking,Online,False,1849.5520000000001,2024-04
ORD11437,2024-04-11,CUST1115,Customer_1115,East,Electronics,Laptop,1,9679.55,0.0,165.84,Net Banking,Online,False,9679.55,2024-04
ORD13729,2024-02-10,CUST1275,Customer_1275,West,Home & Kitchen,Blender,5,4792.61,0.15,7.59,Debit Card,Online,False,20368.5925,2024-02
ORD14541,2024-11-04,CUST1322,Customer_1322,East,Beauty,Shampoo,1,395.58,0.15,163.9,Cash On Delivery,Online,False,336.243,2024-11
ORD12119,2024-05-13,CUST1083,Customer_1083,South,Beauty,Shampoo,4,1438.97,0.05,12.64,Credit Card,Online,False,5468.086,2024-05
ORD11537,2025-08-16,CUST1004,Customer_1004,East,Beauty,Sunscreen,4,1678.94,0.15,112.48,Upi,Online,False,5708.396,2025-08
ORD11044,2025-05-13,CUST1040,Customer_1040,South,Sports,Yoga Mat,5,2160.39,0.25,0.0,Debit Card,Retail Store,False,8101.4625,2025-05
ORD12973,2025-05-18,CUST1027,Customer_1027,North,Sports,Running Shoes,3,3146.17,0.25,67.89,Credit Card,Online,False,7078.8825,2025-05
ORD14363,2025-10-26,CUST1071,Customer_1071,West,Home & Kitchen,Bedsheet,2,6349.94,0.0,53.0,Net Banking,Online,False,12699.88,2025-10
ORD14486,2025-05-24,CUST1369,Customer_1369,West,Sports,Cycling Helmet,5,1099.71,0.0,0.0,Cash On Delivery,Retail Store,False,5498.55,2025-05
ORD10299,2025-09-18,CUST1211,Customer_1211,West,Beauty,Perfume,4,507.1,0.0,46.18,Net Banking,Online,False,2028.4,2025-09
ORD12633,2025-06-12,CUST1359,Customer_1359,Unknown,Clothing,T-Shirt,4,2402.88,0.2,0.0,Cash On Delivery,Retail Store,False,7689.216,2025-06
ORD11042,2025-09-21,CUST1081,Customer_1081,North,Beauty,Sunscreen,4,1372.09,0.25,0.0,Upi,Retail Store,False,4116.2699999999995,2025-09
ORD13644,2024-08-20,CUST1266,Customer_1266,North,Clothing,Shoes,4,1238.57,0.0,0.0,Cash On Delivery,Retail Store,False,4954.28,2024-08
ORD14579,2024-02-25,CUST1367,Customer_1367,North,Electronics,Tablet,1,33882.38,0.0,13.65,Net Banking,Online,False,33882.38,2024-02
ORD12048,2025-01-04,CUST1099,Customer_1099,West,Home & Kitchen,Bedsheet,4,7784.38,0.0,193.92,Debit Card,Online,False,31137.52,2025-01
ORD11520,2025-09-29,CUST1287,Customer_1287,North,Home & Kitchen,Blender,5,3940.83,0.0,0.0,Upi,Retail Store,False,19704.15,2025-09
ORD13353,2024-12-30,CUST1247,Customer_1247,East,Beauty,Lipstick,2,1410.33,0.2,69.06,Net Banking,Online,False,2256.528,2024-12
ORD13125,2024-07-08,CUST1287,Customer_1287,West,Clothing,Dress,1,617.33,0.25,0.0,Debit Card,Retail Store,False,462.99750000000006,2024-07
ORD12152,2024-10-20,CUST1269,Customer_1269,South,Beauty,Shampoo,4,1567.6,0.0,160.89,Cash On Delivery,Online,False,6270.4,2024-10
ORD10248,2025-06-18,CUST1314,Customer_1314,Unknown,Sports,Yoga Mat,5,5034.12,0.2,0.0,Net Banking,Retail Store,False,20136.48,2025-06
ORD14513,2024-09-26,CUST1342,Customer_1342,East,Electronics,Smartphone,4,53021.5,0.0,168.74,Upi,Online,False,212086.0,2024-09
ORD11247,2024-02-29,CUST1380,Customer_1380,West,Electronics,Laptop,5,26600.26,0.25,0.0,Cash On Delivery,Retail Store,False,99750.97499999999,2024-02
ORD14219,2024-02-17,CUST1382,Customer_1382,East,Sports,Yoga Mat,2,665.37,0.0,189.89,Net Banking,Online,False,1330.74,2024-02
ORD13840,2025-11-05,CUST1011,Customer_1011,West,Electronics,Headphones,2,15686.32,0.25,114.32,Net Banking,Online,False,23529.48,2025-11
ORD10718,2024-08-22,CUST1098,Customer_1098,West,Beauty,Shampoo,2,1685.7,0.1,0.0,Upi,Retail Store,False,3034.26,2024-08
ORD14930,2025-06-02,CUST1140,Customer_1140,North,Clothing,Jacket,5,962.86,0.15,0.0,Net Banking,Retail Store,False,4092.155,2025-06
ORD10033,2024-12-21,CUST1203,Customer_1203,South,Clothing,T-Shirt,5,575.13,0.0,0.0,Credit Card,Retail Store,False,2875.65,2024-12
ORD14838,2025-02-15,CUST1206,Customer_1206,South,Clothing,Jacket,4,1895.27,0.0,0.0,Cash On Delivery,Retail Store,False,7581.08,2025-02
ORD12227,2025-02-07,CUST1271,Customer_1271,North,Beauty,Perfume,4,1101.42,0.05,0.0,Upi,Retail Store,False,4185.396,2025-02
ORD10840,2025-08-18,CUST1342,Customer_1342,South,Clothing,Dress,2,812.91,0.25,41.15,Upi,Online,False,1219.365,2025-08
ORD11685,2024-06-18,CUST1254,Customer_1254,North,Clothing,Jacket,1,723.26,0.0,179.33,Debit Card,Online,False,723.26,2024-06
ORD12701,2025-11-11,CUST1086,Customer_1086,West,Sports,Yoga Mat,3,3513.59,0.0,66.59,Credit Card,Online,False,10540.77,2025-11
ORD12697,2025-12-15,CUST1082,Customer_1082,North,Clothing,Dress,2,1495.49,0.05,0.0,Upi,Retail Store,False,2841.431,2025-12
ORD10552,2025-05-21,CUST1369,Customer_1369,East,Beauty,Face Cream,1,2487.71,0.1,0.0,Net Banking,Retail Store,False,2238.9390000000003,2025-05
ORD14482,2025-11-02,CUST1207,Customer_1207,West,Beauty,Sunscreen,4,399.66,0.25,54.72,Debit Card,Online,False,1198.98,2025-11
ORD12097,2024-08-07,CUST1245,Customer_1245,West,Sports,Cricket Bat,2,1994.55,0.1,44.14,Credit Card,Online,False,3590.19,2024-08
ORD12588,2025-10-06,CUST1185,Customer_1185,East,Home & Kitchen,Lamp,1,1854.94,0.0,0.0,Net Banking,Retail Store,False,1854.94,2025-10
ORD13463,2024-02-04,CUST1396,Customer_1396,East,Beauty,Sunscreen,3,463.26,0.0,0.0,Unknown,Retail Store,False,1389.78,2024-02
ORD12115,2025-03-29,CUST1239,Customer_1239,North,Sports,Running Shoes,2,5298.17,0.2,8.16,Debit Card,Online,False,8477.072,2025-03
ORD13476,2025-04-04,CUST1099,Customer_1099,East,Electronics,Tablet,5,20788.51,0.25,0.0,Net Banking,Retail Store,False,77956.91249999999,2025-04
ORD10555,2024-01-31,CUST1028,Customer_1028,East,Clothing,T-Shirt,2,2905.27,0.0,15.41,Credit Card,Online,False,5810.54,2024-01
ORD10344,2024-03-27,CUST1389,Customer_1389,West,Home & Kitchen,Cookware Set,2,2741.53,0.25,7.14,Debit Card,Online,False,4112.295,2024-03
ORD10891,2024-10-02,CUST1121,Customer_1121,South,Electronics,Smartwatch,2,24223.81,0.1,0.0,Cash On Delivery,Retail Store,False,43602.858,2024-10
ORD13272,2024-05-21,CUST1051,Customer_1051,West,Beauty,Perfume,2,1101.33,0.15,0.0,Credit Card,Retail Store,False,1872.2609999999997,2024-05
ORD11916,2024-11-02,CUST1035,Customer_1035,North,Electronics,Headphones,1,30120.13,0.2,0.0,Net Banking,Retail Store,False,24096.104000000003,2024-11
ORD10636,2024-02-12,CUST1253,Customer_1253,West,Clothing,Jeans,2,433.87,0.15,0.0,Credit Card,Retail Store,False,737.579,2024-02
ORD12991,2024-07-19,CUST1326,Customer_1326,North,Electronics,Headphones,2,27155.41,0.1,0.0,Debit Card,Retail Store,False,48879.738,2024-07
ORD13691,2024-08-20,CUST1166,Customer_1166,North,Clothing,Shoes,4,346.8,0.0,0.0,Debit Card,Retail Store,False,1387.2,2024-08
ORD14689,2025-08-18,CUST1016,Customer_1016,West,Clothing,Shoes,1,912.17,0.2,185.05,Debit Card,Online,False,729.736,2025-08
ORD14789,2025-11-10,CUST1360,Customer_1360,North,Beauty,Sunscreen,4,2487.05,0.05,0.0,Net Banking,Retail Store,False,9450.79,2025-11
ORD10881,2025-07-12,CUST1062,Customer_1062,North,Sports,Cycling Helmet,4,915.37,0.05,198.42,Net Banking,Online,False,3478.406,2025-07
ORD12914,2025-08-25,CUST1130,Customer_1130,South,Beauty,Lipstick,4,1790.2,0.25,151.23,Upi,Online,False,5370.6,2025-08
ORD13846,2025-06-06,CUST1193,Customer_1193,East,Home & Kitchen,Blender,2,5807.62,0.05,28.62,Credit Card,Online,False,11034.478,2025-06
ORD10200,2025-04-15,CUST1067,Customer_1067,West,Clothing,Dress,1,2846.11,0.15,0.0,Upi,Retail Store,False,2419.1935,2025-04
ORD12860,2024-01-11,CUST1008,Customer_1008,North,Clothing,Jeans,5,688.51,0.15,0.0,Debit Card,Retail Store,False,2926.1675,2024-01
ORD12245,2024-04-15,CUST1253,Customer_1253,West,Beauty,Perfume,2,2221.16,0.25,82.09,Upi,Online,False,3331.74,2024-04
ORD11837,2025-11-10,CUST1170,Customer_1170,North,Clothing,Jeans,1,1372.45,0.2,190.61,Upi,Online,False,1097.96,2025-11
ORD12174,2025-02-27,CUST1392,Customer_1392,East,Sports,Dumbbells,4,4227.66,0.15,166.96,Credit Card,Online,False,14374.044,2025-02
ORD11626,2024-05-21,CUST1278,Customer_1278,South,Clothing,Dress,4,1048.63,0.2,0.0,Debit Card,Retail Store,False,3355.6160000000004,2024-05
ORD11973,2025-10-25,CUST1253,Customer_1253,Unknown,Electronics,Headphones,3,28652.53,0.2,0.0,Upi,Retail Store,False,68766.072,2025-10
ORD12247,2024-05-09,CUST1178,Customer_1178,North,Home & Kitchen,Cookware Set,1,1000.59,0.25,0.0,Upi,Retail Store,False,750.4425,2024-05
ORD11528,2024-12-08,CUST1143,Customer_1143,North,Beauty,Face Cream,5,1965.79,0.25,0.0,Net Banking,Retail Store,False,7371.712500000001,2024-12
ORD11098,2025-12-24,CUST1063,Customer_1063,West,Clothing,Shoes,1,2523.79,0.0,0.0,Cash On Delivery,Retail Store,False,2523.79,2025-12
ORD13772,2025-05-14,CUST1164,Customer_1164,East,Beauty,Shampoo,1,1200.05,0.15,127.99,Credit Card,Online,False,1020.0424999999999,2025-05
ORD10141,2024-04-26,CUST1090,Customer_1090,West,Beauty,Perfume,3,915.83,0.1,136.34,Net Banking,Online,False,2472.7410000000004,2024-04
ORD12816,2025-05-11,CUST1389,Customer_1389,South,Home & Kitchen,Blender,1,6145.49,0.2,0.0,Credit Card,Retail Store,False,4916.392,2025-05
ORD10359,2025-09-27,CUST1036,Customer_1036,North,Beauty,Perfume,5,1424.72,0.0,0.0,Net Banking,Retail Store,False,7123.6,2025-09
ORD12487,2024-02-29,CUST1261,Customer_1261,North,Electronics,Laptop,3,30503.48,0.25,124.34,Cash On Delivery,Online,False,68632.83,2024-02
ORD11821,2025-07-29,CUST1016,Customer_1016,West,Sports,Yoga Mat,1,5704.27,0.1,3.12,Cash On Delivery,Online,False,5133.843000000001,2025-07
ORD13757,2025-09-17,CUST1171,Customer_1171,North,Electronics,Smartphone,3,50616.71,0.1,102.25,Cash On Delivery,Online,False,136665.117,2025-09
ORD12010,2024-11-09,CUST1071,Customer_1071,West,Electronics,Headphones,2,20054.67,0.0,179.53,Debit Card,Online,False,40109.34,2024-11
ORD13508,2025-02-16,CUST1329,Customer_1329,South,Clothing,Dress,1,807.89,0.25,0.0,Cash On Delivery,Retail Store,False,605.9175,2025-02
ORD11559,2025-04-17,CUST1347,Customer_1347,East,Beauty,Face Cream,4,2119.77,0.15,0.0,Debit Card,Retail Store,False,7207.218,2025-04
ORD11959,2025-10-06,CUST1261,Customer_1261,North,Electronics,Smartwatch,2,20563.0,0.2,0.0,Debit Card,Retail Store,False,32900.8,2025-10
ORD11653,2025-09-10,CUST1258,Customer_1258,South,Clothing,Dress,1,2005.41,0.05,194.72,Unknown,Online,False,1905.1395,2025-09
ORD12594,2024-06-16,CUST1301,Customer_1301,North,Beauty,Lipstick,3,220.75,0.0,111.96,Upi,Online,False,662.25,2024-06
ORD12864,2025-11-25,CUST1251,Customer_1251,South,Sports,Dumbbells,1,5190.69,0.05,0.0,Cash On Delivery,Retail Store,False,4931.155499999999,2025-11
ORD12461,2025-09-03,CUST1301,Customer_1301,North,Electronics,Laptop,2,33341.45,0.25,0.0,Credit Card,Retail Store,False,50012.174999999996,2025-09
ORD12453,2025-02-02,CUST1063,Customer_1063,West,Clothing,Shoes,2,533.68,0.2,0.0,Cash On Delivery,Retail Store,False,853.8879999999999,2025-02
ORD13816,2025-03-21,CUST1381,Customer_1381,North,Electronics,Smartphone,5,2487.04,0.0,198.01,Credit Card,Online,False,12435.2,2025-03
ORD13672,2024-03-21,CUST1381,Customer_1381,North,Electronics,Laptop,2,27549.96,0.05,71.0,Net Banking,Online,False,52344.924,2024-03
ORD14491,2025-09-15,CUST1164,Customer_1164,East,Home & Kitchen,Vacuum Cleaner,5,5765.38,0.05,104.77,Upi,Online,False,27385.555,2025-09
ORD14666,2025-12-05,CUST1330,Customer_1330,East,Electronics,Smartphone,1,7507.53,0.2,128.52,Credit Card,Online,False,6006.024,2025-12
ORD12595,2025-06-02,CUST1377,Customer_1377,East,Sports,Dumbbells,4,2576.46,0.2,103.87,Net Banking,Online,False,8244.672,2025-06
ORD13669,2024-10-10,CUST1037,Customer_1037,North,Sports,Cycling Helmet,5,646.1,0.1,0.0,Upi,Retail Store,False,2907.4500000000003,2024-10
ORD13511,2025-09-27,CUST1111,Customer_1111,West,Home & Kitchen,Vacuum Cleaner,1,1259.77,0.2,0.0,Debit Card,Retail Store,False,1007.816,2025-09
ORD12355,2024-09-27,CUST1211,Customer_1211,North,Beauty,Shampoo,3,354.52,0.0,161.26,Debit Card,Online,False,1063.56,2024-09
ORD14398,2025-10-13,CUST1164,Customer_1164,East,Clothing,Dress,2,755.06,0.1,0.0,Debit Card,Retail Store,False,1359.108,2025-10
ORD11773,2024-10-15,CUST1151,Customer_1151,North,Sports,Dumbbells,5,4422.27,0.0,0.0,Net Banking,Retail Store,False,22111.350000000002,2024-10
ORD14406,2025-11-03,CUST1255,Customer_1255,North,Sports,Running Shoes,1,2812.6,0.1,79.09,Net Banking,Online,False,2531.34,2025-11
ORD13675,2024-04-16,CUST1020,Customer_1020,East,Electronics,Smartwatch,3,26747.48,0.0,87.85,Credit Card,Online,False,80242.44,2024-04
ORD12159,2025-01-04,CUST1127,Customer_1127,West,Electronics,Smartphone,5,27051.76,0.05,0.0,Cash On Delivery,Retail Store,False,128495.85999999999,2025-01
ORD12256,2024-05-24,CUST1137,Customer_1137,North,Beauty,Face Cream,4,2040.65,0.0,148.29,Cash On Delivery,Online,False,8162.6,2024-05
ORD12982,2025-07-06,CUST1091,Customer_1091,East,Sports,Cricket Bat,5,2738.46,0.0,0.0,Unknown,Retail Store,False,13692.3,2025-07
ORD10899,2025-08-23,CUST1353,Customer_1353,East,Sports,Running Shoes,5,2779.15,0.1,0.0,Net Banking,Retail Store,False,12506.175000000001,2025-08
ORD14255,2024-03-09,CUST1165,Customer_1165,South,Home & Kitchen,Bedsheet,1,7750.06,0.2,119.94,Credit Card,Online,False,6200.048000000001,2024-03
ORD10804,2024-11-17,CUST1398,Customer_1398,West,Electronics,Smartwatch,2,1678.61,0.25,59.12,Debit Card,Online,False,2517.915,2024-11
ORD13924,2024-12-21,CUST1363,Customer_1363,South,Clothing,T-Shirt,4,920.98,0.1,107.15,Debit Card,Online,False,3315.5280000000002,2024-12
ORD11373,2024-12-14,CUST1181,Customer_1181,South,Beauty,Face Cream,4,1342.1,0.15,71.5,Cash On Delivery,Online,False,4563.139999999999,2024-12
ORD11710,2024-11-20,CUST1134,Customer_1134,South,Sports,Yoga Mat,4,2711.07,0.15,25.29,Net Banking,Online,False,9217.638,2024-11
ORD14682,2024-04-23,CUST1234,Customer_1234,North,Sports,Yoga Mat,5,4355.6,0.05,139.63,Credit Card,Online,False,20689.1,2024-04
ORD12397,2025-10-09,CUST1168,Customer_1168,North,Sports,Yoga Mat,3,795.57,0.0,0.0,Cash On Delivery,Retail Store,False,2386.71,2025-10
ORD11833,2025-05-14,CUST1393,Customer_1393,North,Electronics,Headphones,2,45083.89,0.05,0.0,Net Banking,Retail Store,False,85659.39099999999,2025-05
ORD14374,2024-12-05,CUST1052,Customer_1052,West,Beauty,Perfume,3,406.17,0.05,0.0,Debit Card,Retail Store,False,1157.5845,2024-12
ORD10079,2025-10-23,CUST1072,Customer_1072,Unknown,Home & Kitchen,Vacuum Cleaner,4,4691.92,0.0,0.0,Credit Card,Retail Store,False,18767.68,2025-10
ORD12543,2025-06-15,CUST1258,Customer_1258,South,Electronics,Headphones,1,18959.0,0.2,0.0,Upi,Retail Store,False,15167.2,2025-06
ORD13692,2024-05-13,CUST1330,Customer_1330,South,Electronics,Smartphone,3,11214.49,0.0,31.11,Debit Card,Online,False,33643.47,2024-05
ORD11822,2024-10-18,CUST1215,Customer_1215,East,Clothing,Shoes,5,1205.54,0.1,0.0,Cash On Delivery,Retail Store,False,5424.93,2024-10
ORD11933,2024-05-09,CUST1224,Customer_1224,West,Home & Kitchen,Vacuum Cleaner,4,4198.7,0.0,0.0,Debit Card,Retail Store,False,16794.8,2024-05
ORD11242,2025-05-07,CUST1052,Customer_1052,North,Electronics,Smartwatch,2,30752.35,0.05,97.34,Debit Card,Online,False,58429.465,2025-05
ORD11296,2025-09-07,CUST1024,Customer_1024,East,Clothing,T-Shirt,5,2029.68,0.0,0.0,Upi,Retail Store,False,10148.4,2025-09
ORD11045,2024-05-21,CUST1151,Customer_1151,East,Beauty,Sunscreen,2,1445.85,0.2,120.63,Debit Card,Online,False,2313.36,2024-05
ORD14402,2024-11-21,CUST1101,Customer_1101,South,Home & Kitchen,Lamp,3,3901.22,0.0,88.49,Credit Card,Online,False,11703.66,2024-11
ORD11742,2025-05-18,CUST1333,Customer_1333,West,Electronics,Smartwatch,4,6994.29,0.0,29.72,Cash On Delivery,Online,False,27977.16,2025-05
ORD12539,2025-03-20,CUST1042,Customer_1042,West,Clothing,Shoes,1,2715.1,0.0,48.2,Upi,Online,False,2715.1,2025-03
ORD12936,2024-10-31,CUST1363,Customer_1363,South,Sports,Running Shoes,3,4402.72,0.2,0.0,Upi,Retail Store,False,10566.528,2024-10
ORD12054,2025-08-11,CUST1320,Customer_1320,North,Sports,Running Shoes,4,2293.27,0.15,59.34,Upi,Online,False,7797.1179999999995,2025-08
ORD14021,2024-08-13,CUST1381,Customer_1381,South,Beauty,Sunscreen,1,1257.28,0.0,96.52,Cash On Delivery,Online,False,1257.28,2024-08
ORD13631,2025-04-17,CUST1120,Customer_1120,West,Beauty,Face Cream,2,972.72,0.2,23.45,Credit Card,Online,False,1556.352,2025-04
ORD10560,2025-02-11,CUST1043,Customer_1043,South,Sports,Cycling Helmet,1,447.48,0.1,0.0,Cash On Delivery,Retail Store,False,402.732,2025-02
ORD13304,2024-03-13,CUST1359,Customer_1359,West,Beauty,Sunscreen,2,517.72,0.1,182.31,Credit Card,Online,False,931.8960000000001,2024-03
ORD11586,2025-05-08,CUST1026,Customer_1026,North,Beauty,Shampoo,2,1858.25,0.1,150.73,Cash On Delivery,Online,False,3344.85,2025-05
ORD10280,2024-02-14,CUST1032,Customer_1032,East,Sports,Running Shoes,2,3989.06,0.0,40.42,Debit Card,Online,False,7978.12,2024-02
ORD12735,2024-06-12,CUST1146,Customer_1146,East,Sports,Dumbbells,4,5722.84,0.0,0.0,Cash On Delivery,Retail Store,False,22891.36,2024-06
ORD11074,2025-08-14,CUST1045,Customer_1045,West,Home & Kitchen,Vacuum Cleaner,4,7434.16,0.15,147.14,Credit Card,Online,False,25276.144,2025-08
ORD12657,2025-09-22,CUST1275,Customer_1275,South,Clothing,Jacket,5,840.63,0.1,154.25,Credit Card,Online,False,3782.8349999999996,2025-09
ORD14840,2024-04-03,CUST1023,Customer_1023,North,Home & Kitchen,Lamp,4,4704.05,0.2,44.75,Upi,Online,False,15052.960000000001,2024-04
ORD12157,2024-01-15,CUST1381,Customer_1381,North,Electronics,Laptop,5,45182.65,0.2,0.0,Credit Card,Retail Store,False,180730.6,2024-01
ORD13330,2024-01-01,CUST1164,Customer_1164,West,Clothing,Jacket,4,2375.95,0.0,0.0,Debit Card,Retail Store,False,9503.8,2024-01
ORD12851,2025-06-09,CUST1011,Customer_1011,East,Beauty,Shampoo,2,789.07,0.0,117.51,Debit Card,Online,False,1578.14,2025-06
ORD13158,2024-07-14,CUST1365,Customer_1365,North,Sports,Cricket Bat,-1,4656.23,0.1,3.45,Cash On Delivery,Online,True,-4190.607,2024-07
ORD10285,2024-11-05,CUST1109,Customer_1109,West,Beauty,Sunscreen,3,231.46,0.0,0.0,Debit Card,Retail Store,False,694.38,2024-11
ORD14316,2024-08-02,CUST1070,Customer_1070,East,Clothing,Jacket,1,732.42,0.1,0.0,Upi,Retail Store,False,659.178,2024-08
ORD14806,2024-12-15,CUST1333,Customer_1333,South,Sports,Cycling Helmet,4,3148.65,0.25,132.78,Cash On Delivery,Online,False,9445.95,2024-12
ORD10839,2025-06-14,CUST1138,Customer_1138,North,Home & Kitchen,Bedsheet,5,2295.61,0.15,0.0,Upi,Retail Store,False,9756.3425,2025-06
ORD13578,2024-08-22,CUST1018,Customer_1018,South,Clothing,T-Shirt,1,1324.99,0.25,0.0,Upi,Retail Store,False,993.7425000000001,2024-08
ORD13134,2025-01-13,CUST1027,Customer_1027,East,Electronics,Smartwatch,1,44671.03,0.15,0.0,Debit Card,Retail Store,False,37970.375499999995,2025-01
ORD11508,2025-11-04,CUST1051,Customer_1051,East,Clothing,Jeans,3,1733.74,0.0,73.86,Credit Card,Online,False,5201.22,2025-11
ORD11524,2025-12-01,CUST1200,Customer_1200,South,Beauty,Shampoo,4,409.56,0.0,59.1,Upi,Online,False,1638.24,2025-12
ORD10871,2025-12-05,CUST1076,Customer_1076,West,Clothing,T-Shirt,1,698.74,0.15,0.0,Cash On Delivery,Retail Store,False,593.929,2025-12
ORD11380,2025-04-27,CUST1035,Customer_1035,East,Sports,Cricket Bat,3,1560.9,0.2,69.08,Debit Card,Online,False,3746.1600000000008,2025-04
ORD10573,2024-06-30,CUST1332,Customer_1332,East,Beauty,Lipstick,4,939.19,0.15,0.0,Net Banking,Retail Store,False,3193.246,2024-06
ORD10005,2025-06-05,CUST1202,Customer_1202,North,Beauty,Shampoo,3,1156.82,0.0,125.49,Credit Card,Online,False,3470.46,2025-06
ORD12183,2025-01-27,CUST1368,Customer_1368,South,Beauty,Lipstick,5,1891.93,0.05,0.0,Net Banking,Retail Store,False,8986.6675,2025-01
ORD11453,2024-10-20,CUST1336,Customer_1336,West,Home & Kitchen,Blender,2,3961.02,0.0,0.0,Net Banking,Retail Store,False,7922.04,2024-10
ORD10407,2024-05-29,CUST1136,Customer_1136,North,Home & Kitchen,Lamp,4,7964.06,0.2,0.0,Debit Card,Retail Store,False,25484.992000000002,2024-05
ORD12403,2025-03-18,CUST1075,Customer_1075,East,Home & Kitchen,Blender,5,1450.98,0.25,117.67,Credit Card,Online,False,5441.174999999999,2025-03
ORD12142,2025-10-02,CUST1160,Customer_1160,South,Beauty,Lipstick,5,641.09,0.1,121.05,Net Banking,Online,False,2884.905,2025-10
ORD14477,2024-02-09,CUST1083,Customer_1083,East,Electronics,Headphones,5,28072.54,0.05,0.0,Cash On Delivery,Retail Store,False,133344.565,2024-02
ORD10440,2024-07-06,CUST1156,Customer_1156,West,Home & Kitchen,Vacuum Cleaner,3,4922.18,0.05,109.51,Credit Card,Online,False,14028.213,2024-07
ORD12023,2024-02-02,CUST1357,Customer_1357,West,Sports,Cycling Helmet,5,1158.38,0.0,185.11,Debit Card,Online,False,5791.900000000001,2024-02
ORD12150,2025-01-19,CUST1073,Customer_1073,South,Beauty,Sunscreen,3,312.6,0.25,0.0,Debit Card,Retail Store,False,703.35,2025-01
ORD10823,2025-02-21,CUST1350,Customer_1350,South,Home & Kitchen,Lamp,1,7526.96,0.15,0.0,Debit Card,Retail Store,False,6397.916,2025-02
ORD12279,2024-01-21,CUST1180,Customer_1180,South,Home & Kitchen,Bedsheet,5,5810.0,0.0,19.48,Credit Card,Online,False,29050.0,2024-01
ORD13514,2024-12-21,CUST1351,Customer_1351,South,Home & Kitchen,Vacuum Cleaner,1,4156.03,0.2,6.31,Debit Card,Online,False,3324.824,2024-12
ORD12253,2025-07-28,CUST1047,Customer_1047,East,Clothing,Jeans,3,2560.9,0.15,62.73,Cash On Delivery,Online,False,6530.295,2025-07
ORD12634,2025-02-08,CUST1219,Customer_1219,East,Clothing,Jacket,2,1429.2,0.0,0.0,Upi,Retail Store,False,2858.4,2025-02
ORD11379,2024-08-20,CUST1201,Customer_1201,South,Sports,Dumbbells,1,2104.08,0.05,0.0,Cash On Delivery,Retail Store,False,1998.8759999999997,2024-08
ORD13978,2024-12-03,CUST1134,Customer_1134,East,Sports,Cycling Helmet,4,1900.4,0.25,0.0,Cash On Delivery,Retail Store,False,5701.200000000001,2024-12
ORD14857,2025-11-17,CUST1333,Customer_1333,South,Home & Kitchen,Blender,3,7177.39,0.0,0.0,Net Banking,Retail Store,False,21532.170000000002,2025-11
ORD11420,2025-03-19,CUST1218,Customer_1218,East,Beauty,Sunscreen,3,221.97,0.15,0.0,Debit Card,Retail Store,False,566.0235,2025-03
ORD10457,2024-03-15,CUST1221,Customer_1221,West,Electronics,Tablet,3,15958.48,0.05,0.0,Credit Card,Retail Store,False,45481.668,2024-03
ORD10169,2025-02-14,CUST1127,Customer_1127,West,Beauty,Perfume,3,273.78,0.0,0.0,Upi,Retail Store,False,821.3399999999999,2025-02
ORD11736,2025-04-22,CUST1143,Customer_1143,South,Beauty,Face Cream,1,1276.04,0.0,182.47,Cash On Delivery,Online,False,1276.04,2025-04
ORD11600,2024-07-05,CUST1182,Customer_1182,Unknown,Home & Kitchen,Cookware Set,5,3051.38,0.2,0.0,Net Banking,Retail Store,False,12205.520000000002,2024-07
ORD13430,2024-05-03,CUST1014,Customer_1014,South,Clothing,Shoes,3,787.5,0.05,0.0,Net Banking,Retail Store,False,2244.375,2024-05
ORD14133,2025-11-07,CUST1293,Customer_1293,South,Sports,Yoga Mat,5,402.66,0.25,0.0,Unknown,Retail Store,False,1509.9750000000001,2025-11
ORD12682,2024-09-08,CUST1332,Customer_1332,West,Clothing,Shoes,5,2309.99,0.0,51.29,Debit Card,Online,False,11549.949999999999,2024-09
ORD14484,2024-11-24,CUST1062,Customer_1062,West,Beauty,Lipstick,4,2248.0,0.0,0.0,Upi,Retail Store,False,8992.0,2024-11
ORD12068,2024-12-25,CUST1288,Customer_1288,West,Electronics,Headphones,4,8691.03,0.1,0.0,Credit Card,Retail Store,False,31287.708000000002,2024-12
ORD11750,2025-07-30,CUST1018,Customer_1018,East,Electronics,Tablet,2,49751.37,0.2,112.85,Debit Card,Online,False,79602.19200000001,2025-07
ORD14377,2024-04-16,CUST1024,Customer_1024,West,Clothing,Dress,4,1221.83,0.05,0.0,Cash On Delivery,Retail Store,False,4642.954,2024-04
ORD14002,2024-10-01,CUST1181,Customer_1181,North,Home & Kitchen,Bedsheet,5,7263.17,0.05,0.0,Upi,Retail Store,False,34500.057499999995,2024-10
ORD12943,2024-07-25,CUST1312,Customer_1312,West,Home & Kitchen,Cookware Set,5,5918.16,0.2,73.82,Upi,Online,False,23672.64,2024-07
ORD11330,2024-12-22,CUST1146,Customer_1146,West,Sports,Cycling Helmet,3,3931.48,0.2,0.0,Upi,Retail Store,False,9435.552000000001,2024-12
ORD11792,2024-07-30,CUST1314,Customer_1314,East,Home & Kitchen,Vacuum Cleaner,5,1697.45,0.15,171.89,Credit Card,Online,False,7214.162499999999,2024-07
ORD14900,2024-12-09,CUST1361,Customer_1361,West,Home & Kitchen,Cookware Set,5,7379.7,0.05,108.49,Debit Card,Online,False,35053.575,2024-12
ORD11126,2024-06-23,CUST1029,Customer_1029,West,Clothing,Jacket,3,2739.48,0.25,9.33,Upi,Online,False,6163.83,2024-06
ORD13831,2024-10-09,CUST1126,Customer_1126,North,Sports,Yoga Mat,4,5844.21,0.0,0.0,Unknown,Retail Store,False,23376.84,2024-10
ORD13289,2025-11-22,CUST1113,Customer_1113,East,Sports,Dumbbells,4,5955.62,0.1,0.0,Net Banking,Retail Store,False,21440.232,2025-11
ORD14437,2024-12-06,CUST1035,Customer_1035,South,Beauty,Lipstick,2,2483.19,0.15,0.0,Upi,Retail Store,False,4221.423,2024-12
ORD10325,2025-08-17,CUST1207,Customer_1207,North,Electronics,Tablet,1,36389.72,0.0,90.59,Debit Card,Online,False,36389.72,2025-08
ORD11534,2024-06-05,CUST1264,Customer_1264,North,Home & Kitchen,Bedsheet,2,4480.37,0.0,29.1,Debit Card,Online,False,8960.74,2024-06
ORD14323,2025-03-03,CUST1251,Customer_1251,South,Clothing,T-Shirt,2,741.32,0.1,48.77,Debit Card,Online,False,1334.3760000000002,2025-03
ORD12946,2024-03-21,CUST1213,Customer_1213,North,Clothing,T-Shirt,1,465.79,0.25,0.0,Debit Card,Retail Store,False,349.34250000000003,2024-03
ORD11748,2024-02-22,CUST1151,Customer_1151,East,Home & Kitchen,Lamp,5,2425.02,0.15,0.0,Debit Card,Retail Store,False,10306.335000000001,2024-02
ORD11123,2025-03-08,CUST1096,Customer_1096,East,Electronics,Laptop,2,4919.05,0.1,0.0,Unknown,Retail Store,False,8854.29,2025-03
ORD11777,2024-04-23,CUST1308,Customer_1308,North,Beauty,Shampoo,4,740.24,0.0,0.0,Net Banking,Retail Store,False,2960.96,2024-04
ORD10782,2024-01-25,CUST1277,Customer_1277,East,Beauty,Perfume,5,1700.18,0.25,54.66,Net Banking,Online,False,6375.674999999999,2024-01
ORD11417,2024-05-05,CUST1150,Customer_1150,North,Beauty,Shampoo,5,1647.31,0.2,128.28,Debit Card,Online,False,6589.24,2024-05
ORD14096,2025-07-23,CUST1284,Customer_1284,South,Electronics,Smartphone,4,41351.61,0.05,125.06,Credit Card,Online,False,157136.118,2025-07
ORD10694,2025-10-30,CUST1019,Customer_1019,South,Clothing,Dress,1,512.67,0.1,158.73,Cash On Delivery,Online,False,461.40299999999996,2025-10
ORD11820,2024-09-21,CUST1271,Customer_1271,South,Clothing,Dress,3,2844.21,0.05,0.0,Cash On Delivery,Retail Store,False,8105.998500000001,2024-09
ORD12313,2025-08-27,CUST1226,Customer_1226,West,Home & Kitchen,Cookware Set,5,6413.27,0.0,0.0,Credit Card,Retail Store,False,32066.350000000002,2025-08
ORD14488,2024-12-10,CUST1241,Customer_1241,West,Beauty,Sunscreen,1,847.41,0.05,0.0,Net Banking,Retail Store,False,805.0395,2024-12
ORD11448,2024-02-12,CUST1052,Customer_1052,North,Beauty,Sunscreen,2,2465.76,0.0,0.0,Credit Card,Retail Store,False,4931.52,2024-02
ORD13812,2025-11-21,CUST1057,Customer_1057,West,Clothing,Shoes,5,2450.68,0.1,0.0,Credit Card,Retail Store,False,11028.06,2025-11
ORD13697,2025-11-18,CUST1055,Customer_1055,West,Clothing,Jeans,2,1239.02,0.0,188.39,Cash On Delivery,Online,False,2478.04,2025-11
ORD12343,2024-05-28,CUST1180,Customer_1180,South,Electronics,Laptop,4,9757.19,0.0,173.77,Credit Card,Online,False,39028.76,2024-05
ORD13099,2024-01-13,CUST1045,Customer_1045,North,Sports,Yoga Mat,5,4584.16,0.0,198.27,Cash On Delivery,Online,False,22920.8,2024-01
ORD14851,2025-05-18,CUST1300,Customer_1300,South,Sports,Dumbbells,3,1423.85,0.1,192.7,Cash On Delivery,Online,False,3844.3949999999995,2025-05
ORD14568,2024-09-12,CUST1029,Customer_1029,South,Electronics,Smartphone,5,32685.75,0.0,0.0,Credit Card,Retail Store,False,163428.75,2024-09
ORD10645,2024-01-08,CUST1322,Customer_1322,South,Beauty,Lipstick,3,1535.46,0.0,0.0,Cash On Delivery,Retail Store,False,4606.38,2024-01
ORD13942,2025-08-08,CUST1381,Customer_1381,North,Sports,Cricket Bat,2,667.28,0.05,12.35,Debit Card,Online,False,1267.8319999999999,2025-08
ORD14583,2024-07-01,CUST1296,Customer_1296,West,Beauty,Lipstick,1,1783.19,0.05,74.07,Unknown,Online,False,1694.0305,2024-07
ORD14762,2024-02-16,CUST1115,Customer_1115,West,Electronics,Smartphone,5,32203.99,0.25,0.0,Credit Card,Retail Store,False,120764.96250000001,2024-02
ORD11915,2024-09-27,CUST1143,Customer_1143,East,Beauty,Perfume,4,2386.36,0.25,0.0,Unknown,Retail Store,False,7159.08,2024-09
ORD12520,2024-04-08,CUST1124,Customer_1124,South,Electronics,Smartwatch,3,49224.94,0.0,0.0,Cash On Delivery,Retail Store,False,147674.82,2024-04
ORD11565,2024-11-17,CUST1376,Customer_1376,South,Clothing,Jacket,5,2526.07,0.2,136.57,Net Banking,Online,False,10104.28,2024-11
ORD14614,2024-10-17,CUST1120,Customer_1120,West,Beauty,Perfume,5,469.51,0.1,41.33,Credit Card,Online,False,2112.795,2024-10
ORD12441,2025-01-22,CUST1367,Customer_1367,East,Clothing,Shoes,1,1210.04,0.25,196.51,Cash On Delivery,Online,False,907.53,2025-01
ORD10592,2025-08-20,CUST1026,Customer_1026,East,Home & Kitchen,Blender,1,5659.41,0.0,150.61,Upi,Online,False,5659.41,2025-08
ORD11424,2025-06-22,CUST1337,Customer_1337,North,Clothing,Jeans,2,772.47,0.0,54.58,Credit Card,Online,False,1544.94,2025-06
ORD12039,2024-03-02,CUST1011,Customer_1011,West,Home & Kitchen,Blender,4,3156.71,0.2,0.0,Debit Card,Retail Store,False,10101.472000000002,2024-03
ORD10724,2025-03-13,CUST1239,Customer_1239,West,Clothing,Shoes,3,2200.96,0.2,182.6,Credit Card,Online,False,5282.304,2025-03
ORD11724,2025-11-30,CUST1214,Customer_1214,North,Electronics,Smartwatch,2,20350.97,0.1,0.0,Debit Card,Retail Store,False,36631.74600000001,2025-11
ORD10996,2024-03-21,CUST1343,Customer_1343,South,Clothing,Dress,4,2834.6,0.0,166.14,Net Banking,Online,False,11338.4,2024-03
ORD14536,2024-10-01,CUST1343,Customer_1343,East,Clothing,Dress,3,1273.29,0.15,17.35,Debit Card,Online,False,3246.8894999999998,2024-10
ORD11579,2024-05-17,CUST1053,Customer_1053,South,Beauty,Lipstick,5,1800.45,0.1,83.48,Cash On Delivery,Online,False,8102.025000000001,2024-05
ORD13287,2025-02-13,CUST1129,Customer_1129,West,Sports,Cricket Bat,1,4511.62,0.0,0.0,Credit Card,Retail Store,False,4511.62,2025-02
ORD13590,2024-02-27,CUST1299,Customer_1299,South,Home & Kitchen,Cookware Set,2,2646.28,0.0,55.64,Debit Card,Online,False,5292.56,2024-02
ORD12181,2025-08-17,CUST1055,Customer_1055,West,Sports,Cricket Bat,3,3551.25,0.1,0.0,Upi,Retail Store,False,9588.375,2025-08
ORD10123,2024-02-18,CUST1073,Customer_1073,East,Sports,Dumbbells,4,3905.56,0.25,0.0,Unknown,Retail Store,False,11716.68,2024-02
ORD12779,2024-10-02,CUST1371,Customer_1371,East,Sports,Cricket Bat,3,5114.46,0.1,0.0,Net Banking,Retail Store,False,13809.042000000001,2024-10
ORD11560,2024-09-28,CUST1069,Customer_1069,South,Beauty,Shampoo,4,2287.3,0.25,0.0,Net Banking,Retail Store,False,6861.900000000001,2024-09
ORD10792,2024-02-27,CUST1006,Customer_1006,West,Home & Kitchen,Bedsheet,1,3955.72,0.0,18.34,Credit Card,Online,False,3955.72,2024-02
ORD11939,2025-07-26,CUST1380,Customer_1380,East,Sports,Yoga Mat,1,2475.12,0.25,0.0,Credit Card,Retail Store,False,1856.34,2025-07
ORD13902,2024-05-17,CUST1088,Customer_1088,West,Electronics,Laptop,4,14796.83,0.25,177.46,Cash On Delivery,Online,False,44390.49,2024-05
ORD10566,2025-11-16,CUST1329,Customer_1329,West,Electronics,Smartphone,-5,51404.0,0.25,0.0,Cash On Delivery,Retail Store,True,-192765.0,2025-11
ORD11571,2024-01-09,CUST1382,Customer_1382,South,Beauty,Lipstick,3,361.91,0.05,0.0,Debit Card,Retail Store,False,1031.4434999999999,2024-01
ORD13404,2024-11-04,CUST1328,Customer_1328,North,Clothing,Dress,4,772.39,0.0,0.0,Upi,Retail Store,False,3089.56,2024-11
ORD12948,2025-05-15,CUST1153,Customer_1153,East,Clothing,Dress,5,2654.6,0.1,0.0,Net Banking,Retail Store,False,11945.7,2025-05
ORD10703,2024-09-02,CUST1350,Customer_1350,West,Electronics,Laptop,1,53185.48,0.15,58.6,Upi,Online,False,45207.658,2024-09
ORD12060,2025-03-18,CUST1001,Customer_1001,East,Home & Kitchen,Blender,4,6513.51,0.0,133.65,Credit Card,Online,False,26054.04,2025-03
ORD13869,2025-01-04,CUST1185,Customer_1185,West,Electronics,Laptop,5,20545.55,0.0,132.38,Net Banking,Online,False,102727.75,2025-01
ORD14447,2025-10-15,CUST1004,Customer_1004,West,Beauty,Sunscreen,5,277.26,0.2,0.0,Upi,Retail Store,False,1109.04,2025-10
ORD12340,2024-04-17,CUST1021,Customer_1021,North,Clothing,Dress,5,2066.3,0.0,31.5,Net Banking,Online,False,10331.5,2024-04
ORD11309,2024-02-01,CUST1152,Customer_1152,West,Clothing,Jeans,3,2917.98,0.05,0.0,Cash On Delivery,Retail Store,False,8316.243,2024-02
ORD13090,2024-10-23,CUST1072,Customer_1072,South,Electronics,Smartphone,5,5182.65,0.0,0.0,Credit Card,Retail Store,False,25913.25,2024-10
ORD14867,2024-06-08,CUST1303,Customer_1303,East,Home & Kitchen,Vacuum Cleaner,4,5512.45,0.2,0.0,Cash On Delivery,Retail Store,False,17639.84,2024-06
ORD12290,2025-05-28,CUST1347,Customer_1347,West,Electronics,Smartwatch,3,31359.43,0.1,174.73,Upi,Online,False,84670.46100000001,2025-05
ORD12073,2024-04-01,CUST1245,Customer_1245,West,Clothing,Jacket,4,1877.22,0.05,48.36,Net Banking,Online,False,7133.436,2024-04
ORD12198,2025-05-15,CUST1163,Customer_1163,South,Beauty,Perfume,1,2114.51,0.25,53.26,Net Banking,Online,False,1585.8825000000002,2025-05
ORD10834,2024-05-29,CUST1124,Customer_1124,East,Beauty,Shampoo,2,1449.63,0.0,0.0,Credit Card,Retail Store,False,2899.26,2024-05
ORD10098,2024-01-30,CUST1314,Customer_1314,North,Sports,Yoga Mat,5,5451.21,0.0,0.0,Debit Card,Retail Store,False,27256.05,2024-01
ORD10503,2025-06-11,CUST1357,Customer_1357,West,Beauty,Shampoo,1,2065.37,0.1,0.0,Credit Card,Retail Store,False,1858.8329999999999,2025-06
ORD10643,2024-03-15,CUST1007,Customer_1007,East,Clothing,T-Shirt,4,2811.34,0.0,0.0,Cash On Delivery,Retail Store,False,11245.36,2024-03
ORD14230,2024-08-02,CUST1245,Customer_1245,West,Sports,Dumbbells,5,4395.93,0.0,80.93,Net Banking,Online,False,21979.65,2024-08
ORD12204,2025-11-24,CUST1162,Customer_1162,East,Home & Kitchen,Lamp,5,4515.61,0.1,75.51,Cash On Delivery,Online,False,20320.245,2025-11
ORD10501,2024-04-09,CUST1063,Customer_1063,Unknown,Home & Kitchen,Blender,3,6204.0,0.0,0.0,Cash On Delivery,Retail Store,False,18612.0,2024-04
ORD14773,2025-01-20,CUST1327,Customer_1327,North,Clothing,Jacket,5,1210.67,0.2,162.87,Cash On Delivery,Online,False,4842.68,2025-01
ORD13035,2024-08-30,CUST1305,Customer_1305,North,Home & Kitchen,Vacuum Cleaner,3,1445.29,0.2,192.56,Credit Card,Online,False,3468.696,2024-08
ORD14232,2024-10-14,CUST1366,Customer_1366,South,Electronics,Laptop,1,44844.75,0.25,0.0,Credit Card,Retail Store,False,33633.5625,2024-10
ORD14713,2025-04-06,CUST1057,Customer_1057,North,Clothing,T-Shirt,3,2216.36,0.0,0.0,Cash On Delivery,Retail Store,False,6649.08,2025-04
ORD10219,2024-12-15,CUST1018,Customer_1018,North,Sports,Cycling Helmet,1,3549.06,0.25,0.0,Debit Card,Retail Store,False,2661.795,2024-12
ORD12999,2024-12-22,CUST1204,Customer_1204,East,Sports,Cycling Helmet,5,2828.63,0.2,0.0,Debit Card,Retail Store,False,11314.520000000002,2024-12
ORD10678,2025-12-23,CUST1191,Customer_1191,North,Beauty,Face Cream,2,1906.41,0.2,0.0,Debit Card,Retail Store,False,3050.2560000000003,2025-12
ORD14878,2024-07-20,CUST1349,Customer_1349,Unknown,Sports,Yoga Mat,5,3615.07,0.05,0.0,Credit Card,Retail Store,False,17171.5825,2024-07
ORD11913,2024-03-30,CUST1307,Customer_1307,East,Beauty,Perfume,5,1342.1,0.1,162.16,Debit Card,Online,False,6039.45,2024-03
ORD12040,2025-12-03,CUST1239,Customer_1239,North,Electronics,Smartwatch,5,57203.65,0.0,74.35,Debit Card,Online,False,286018.25,2025-12
ORD13169,2024-10-13,CUST1296,Customer_1296,East,Electronics,Tablet,4,29279.66,0.2,83.21,Debit Card,Online,False,93694.91200000001,2024-10
ORD14034,2024-01-14,CUST1061,Customer_1061,East,Home & Kitchen,Vacuum Cleaner,3,2372.82,0.05,61.74,Credit Card,Online,False,6762.537,2024-01
ORD11921,2024-08-21,CUST1020,Customer_1020,South,Beauty,Face Cream,4,1342.1,0.0,86.57,Cash On Delivery,Online,False,5368.4,2024-08
ORD13503,2025-01-13,CUST1222,Customer_1222,West,Electronics,Headphones,3,24838.51,0.0,0.0,Cash On Delivery,Retail Store,False,74515.53,2025-01
ORD12831,2025-04-24,CUST1341,Customer_1341,North,Electronics,Laptop,2,16238.59,0.25,36.22,Upi,Online,False,24357.885000000002,2025-04
ORD10778,2024-08-31,CUST1390,Customer_1390,North,Electronics,Tablet,5,31539.56,0.1,0.0,Upi,Retail Store,False,141928.02000000002,2024-08
ORD14699,2024-10-30,CUST1169,Customer_1169,West,Home & Kitchen,Blender,1,6384.27,0.2,194.12,Debit Card,Online,False,5107.416000000001,2024-10
ORD12079,2025-11-26,CUST1246,Customer_1246,South,Sports,Cycling Helmet,1,3168.94,0.0,37.57,Debit Card,Online,False,3168.94,2025-11
ORD14169,2025-01-02,CUST1292,Customer_1292,North,Beauty,Face Cream,4,275.61,0.2,0.0,Unknown,Retail Store,False,881.9520000000001,2025-01
ORD13657,2024-03-29,CUST1150,Customer_1150,North,Electronics,Headphones,3,31539.56,0.25,0.0,Net Banking,Retail Store,False,70964.01000000001,2024-03
ORD12964,2024-11-21,CUST1054,Customer_1054,East,Home & Kitchen,Blender,2,2449.97,0.05,1.07,Credit Card,Online,False,4654.942999999999,2024-11
ORD14828,2025-02-21,CUST1043,Customer_1043,East,Electronics,Laptop,-3,24939.99,0.15,20.56,Upi,Online,True,-63596.9745,2025-02
ORD11723,2024-05-11,CUST1180,Customer_1180,East,Home & Kitchen,Blender,-1,4349.51,0.0,2.57,Debit Card,Online,True,-4349.51,2024-05
ORD12922,2024-08-14,CUST1097,Customer_1097,North,Home & Kitchen,Blender,5,2029.32,0.0,0.0,Credit Card,Retail Store,False,10146.6,2024-08
ORD12320,2024-01-17,CUST1077,Customer_1077,South,Clothing,Jacket,4,2417.3,0.0,157.84,Upi,Online,False,9669.2,2024-01
ORD12318,2024-10-24,CUST1202,Customer_1202,North,Beauty,Perfume,4,972.26,0.15,0.0,Upi,Retail Store,False,3305.6839999999997,2024-10
ORD13340,2024-03-09,CUST1389,Customer_1389,Unknown,Clothing,Dress,5,1520.51,0.0,57.26,Credit Card,Online,False,7602.55,2024-03
ORD11657,2024-10-27,CUST1114,Customer_1114,East,Sports,Yoga Mat,2,4024.73,0.0,144.2,Credit Card,Online,False,8049.46,2024-10
ORD13948,2025-03-16,CUST1056,Customer_1056,North,Home & Kitchen,Lamp,1,2266.77,0.1,0.0,Cash On Delivery,Retail Store,False,2040.093,2025-03
ORD14193,2025-11-01,CUST1322,Customer_1322,West,Electronics,Smartphone,2,30242.55,0.25,121.02,Debit Card,Online,False,45363.825,2025-11
ORD12803,2024-01-25,CUST1220,Customer_1220,North,Home & Kitchen,Cookware Set,4,2522.46,0.0,0.71,Upi,Online,False,10089.84,2024-01
ORD13060,2025-06-16,CUST1060,Customer_1060,West,Clothing,Jeans,1,397.52,0.1,66.65,Cash On Delivery,Online,False,357.768,2025-06
ORD10763,2024-04-09,CUST1196,Customer_1196,Unknown,Home & Kitchen,Blender,5,1913.62,0.15,0.0,Net Banking,Retail Store,False,8132.884999999998,2024-04
ORD14102,2024-05-23,CUST1135,Customer_1135,West,Electronics,Laptop,3,29629.27,0.25,180.44,Upi,Online,False,66665.8575,2024-05
ORD13390,2024-12-10,CUST1216,Customer_1216,West,Sports,Cricket Bat,5,1692.57,0.25,128.29,Credit Card,Online,False,6347.137500000001,2024-12
ORD13901,2025-11-21,CUST1124,Customer_1124,West,Home & Kitchen,Vacuum Cleaner,4,1318.14,0.0,135.06,Cash On Delivery,Online,False,5272.56,2025-11
ORD11030,2025-06-11,CUST1311,Customer_1311,East,Clothing,Jacket,5,1985.15,0.1,0.0,Cash On Delivery,Retail Store,False,8933.175000000001,2025-06
ORD11810,2025-11-02,CUST1236,Customer_1236,East,Electronics,Headphones,4,41349.45,0.1,36.52,Debit Card,Online,False,148858.02,2025-11
ORD12794,2024-03-10,CUST1207,Customer_1207,South,Sports,Running Shoes,3,1027.23,0.15,0.0,Upi,Retail Store,False,2619.4365,2024-03
ORD13415,2025-02-16,CUST1100,Customer_1100,South,Clothing,Jeans,1,1960.25,0.15,178.29,Credit Card,Online,False,1666.2124999999999,2025-02
ORD14582,2025-06-01,CUST1226,Customer_1226,North,Clothing,Jeans,3,1752.65,0.0,42.03,Credit Card,Online,False,5257.950000000001,2025-06
ORD13492,2024-04-18,CUST1159,Customer_1159,West,Electronics,Smartphone,5,38965.35,0.2,0.0,Cash On Delivery,Retail Store,False,155861.4,2024-04
ORD14525,2025-04-11,CUST1339,Customer_1339,East,Sports,Cricket Bat,3,4356.8,0.2,0.0,Net Banking,Retail Store,False,10456.320000000002,2025-04
ORD11881,2025-12-16,CUST1364,Customer_1364,South,Electronics,Headphones,5,10092.71,0.1,161.49,Upi,Online,False,45417.195,2025-12
ORD11169,2025-03-13,CUST1118,Customer_1118,West,Beauty,Sunscreen,5,2203.54,0.0,162.42,Net Banking,Online,False,11017.7,2025-03
ORD12538,2024-01-06,CUST1333,Customer_1333,North,Electronics,Headphones,2,57366.91,0.1,0.0,Cash On Delivery,Retail Store,False,103260.43800000001,2024-01
ORD13282,2024-06-02,CUST1087,Customer_1087,West,Electronics,Smartphone,5,24825.21,0.0,60.99,Debit Card,Online,False,124126.04999999999,2024-06
ORD13172,2025-01-30,CUST1259,Customer_1259,South,Clothing,Jacket,1,1991.04,0.0,0.0,Cash On Delivery,Retail Store,False,1991.04,2025-01
ORD13698,2024-03-19,CUST1356,Customer_1356,Unknown,Beauty,Lipstick,5,1891.99,0.0,188.92,Credit Card,Online,False,9459.95,2024-03
ORD12133,2025-01-03,CUST1088,Customer_1088,North,Home & Kitchen,Lamp,2,4462.34,0.1,0.0,Credit Card,Retail Store,False,8032.212,2025-01
ORD10206,2024-01-05,CUST1175,Customer_1175,West,Beauty,Sunscreen,4,931.68,0.0,97.92,Debit Card,Online,False,3726.72,2024-01
ORD10684,2025-04-14,CUST1305,Customer_1305,West,Sports,Dumbbells,5,2131.93,0.15,40.08,Credit Card,Online,False,9060.7025,2025-04
ORD11683,2024-01-29,CUST1244,Customer_1244,South,Clothing,Jacket,4,845.93,0.0,62.57,Upi,Online,False,3383.72,2024-01
ORD11355,2024-10-30,CUST1029,Customer_1029,West,Home & Kitchen,Blender,4,1813.44,0.25,0.0,Debit Card,Retail Store,False,5440.32,2024-10
ORD11206,2024-10-03,CUST1292,Customer_1292,North,Sports,Dumbbells,4,1690.58,0.2,23.45,Net Banking,Online,False,5409.856,2024-10
ORD14201,2025-09-28,CUST1149,Customer_1149,North,Clothing,Jeans,2,2536.6,0.0,150.41,Debit Card,Online,False,5073.2,2025-09
ORD11225,2025-08-23,CUST1001,Customer_1001,North,Beauty,Shampoo,3,2180.4,0.1,0.0,Cash On Delivery,Retail Store,False,5887.080000000001,2025-08
ORD11739,2024-10-31,CUST1056,Customer_1056,South,Electronics,Smartwatch,4,49957.83,0.05,137.87,Net Banking,Online,False,189839.754,2024-10
ORD13225,2025-01-29,CUST1168,Customer_1168,South,Clothing,Shoes,3,1264.9,0.2,51.15,Upi,Online,False,3035.76,2025-01
ORD13704,2024-09-09,CUST1097,Customer_1097,North,Sports,Yoga Mat,3,3148.65,0.0,0.0,Upi,Retail Store,False,9445.95,2024-09
ORD12748,2024-01-15,CUST1182,Customer_1182,North,Beauty,Perfume,2,570.05,0.1,121.01,Net Banking,Online,False,1026.09,2024-01
ORD14933,2024-03-30,CUST1321,Customer_1321,East,Electronics,Smartphone,2,44925.0,0.05,0.0,Cash On Delivery,Retail Store,False,85357.5,2024-03
ORD10729,2024-05-06,CUST1117,Customer_1117,East,Clothing,Jeans,3,929.04,0.25,0.0,Credit Card,Retail Store,False,2090.34,2024-05
ORD13335,2025-05-16,CUST1388,Customer_1388,North,Clothing,T-Shirt,2,2613.34,0.0,0.0,Debit Card,Retail Store,False,5226.68,2025-05
ORD11333,2025-03-09,CUST1013,Customer_1013,West,Electronics,Laptop,2,5469.32,0.15,74.68,Net Banking,Online,False,9297.844,2025-03
ORD13420,2024-07-08,CUST1328,Customer_1328,West,Electronics,Headphones,2,13043.38,0.0,195.24,Upi,Online,False,26086.76,2024-07
ORD10556,2024-10-20,CUST1291,Customer_1291,North,Beauty,Shampoo,2,1254.93,0.0,100.66,Credit Card,Online,False,2509.86,2024-10
ORD14442,2024-09-01,CUST1032,Customer_1032,West,Sports,Cricket Bat,-1,4761.5,0.1,0.0,Upi,Retail Store,True,-4285.35,2024-09
ORD12694,2025-12-25,CUST1240,Customer_1240,West,Clothing,Shoes,1,2407.94,0.25,138.24,Debit Card,Online,False,1805.955,2025-12
ORD12346,2025-09-25,CUST1021,Customer_1021,East,Beauty,Shampoo,4,1342.1,0.05,68.26,Unknown,Online,False,5099.98,2025-09
ORD14364,2025-08-06,CUST1040,Customer_1040,West,Beauty,Shampoo,2,1324.26,0.0,30.37,Debit Card,Online,False,2648.52,2025-08
ORD11938,2025-02-28,CUST1095,Customer_1095,South,Electronics,Smartwatch,5,40318.37,0.2,0.0,Credit Card,Retail Store,False,161273.48,2025-02
ORD14181,2025-09-10,CUST1066,Customer_1066,East,Beauty,Perfume,5,1185.67,0.25,16.62,Cash On Delivery,Online,False,4446.262500000001,2025-09
ORD13005,2024-05-30,CUST1297,Customer_1297,South,Home & Kitchen,Blender,4,2483.07,0.25,93.01,Credit Card,Online,False,7449.210000000001,2024-05
ORD13167,2024-03-30,CUST1315,Customer_1315,West,Beauty,Face Cream,5,2076.67,0.0,0.0,Upi,Retail Store,False,10383.35,2024-03
ORD14663,2024-10-09,CUST1101,Customer_1101,South,Electronics,Smartwatch,4,9503.53,0.1,0.0,Credit Card,Retail Store,False,34212.708000000006,2024-10
ORD12379,2024-08-04,CUST1391,Customer_1391,East,Electronics,Smartphone,3,35241.17,0.0,171.22,Debit Card,Online,False,105723.51,2024-08
ORD12098,2025-09-12,CUST1249,Customer_1249,South,Clothing,Jeans,5,1973.82,0.05,143.26,Credit Card,Online,False,9375.645,2025-09
ORD10447,2025-10-13,CUST1119,Customer_1119,East,Electronics,Laptop,5,40993.2,0.0,156.4,Upi,Online,False,204966.0,2025-10
ORD10057,2024-06-17,CUST1374,Customer_1374,West,Clothing,T-Shirt,3,842.15,0.1,0.0,Upi,Retail Store,False,2273.805,2024-06
ORD14908,2024-09-02,CUST1152,Customer_1152,South,Home & Kitchen,Blender,2,2442.37,0.05,0.0,Credit Card,Retail Store,False,4640.503,2024-09
ORD11050,2025-01-06,CUST1294,Customer_1294,West,Home & Kitchen,Blender,5,7857.91,0.0,39.92,Credit Card,Online,False,39289.55,2025-01
ORD13411,2024-06-20,CUST1012,Customer_1012,East,Beauty,Shampoo,4,1262.4,0.05,0.0,Credit Card,Retail Store,False,4797.12,2024-06
ORD14302,2025-04-05,CUST1012,Customer_1012,East,Home & Kitchen,Lamp,3,7658.88,0.15,0.0,Upi,Retail Store,False,19530.144,2025-04
ORD12529,2024-02-28,CUST1036,Customer_1036,West,Beauty,Shampoo,5,1289.15,0.0,0.0,Credit Card,Retail Store,False,6445.75,2024-02
ORD14853,2024-07-29,CUST1379,Customer_1379,West,Beauty,Face Cream,2,1825.86,0.05,196.01,Credit Card,Online,False,3469.1339999999996,2024-07
ORD10496,2024-09-24,CUST1325,Customer_1325,East,Home & Kitchen,Blender,4,758.81,0.0,120.43,Upi,Online,False,3035.24,2024-09
ORD14522,2024-03-14,CUST1161,Customer_1161,South,Home & Kitchen,Vacuum Cleaner,4,2543.46,0.2,6.42,Debit Card,Online,False,8139.072,2024-03
ORD13638,2025-08-06,CUST1250,Customer_1250,West,Electronics,Headphones,1,18309.57,0.05,182.16,Debit Card,Online,False,17394.0915,2025-08
ORD11165,2024-10-04,CUST1337,Customer_1337,West,Clothing,T-Shirt,1,939.44,0.2,0.0,Net Banking,Retail Store,False,751.5520000000001,2024-10
ORD12383,2024-11-16,CUST1379,Customer_1379,West,Clothing,Dress,1,1502.55,0.15,3.1,Cash On Delivery,Online,False,1277.1675,2024-11
ORD11216,2025-03-12,CUST1167,Customer_1167,North,Home & Kitchen,Bedsheet,1,7125.27,0.1,112.31,Credit Card,Online,False,6412.743,2025-03
ORD10796,2025-12-15,CUST1375,Customer_1375,South,Electronics,Tablet,4,46219.38,0.15,0.0,Unknown,Retail Store,False,157145.892,2025-12
ORD10428,2025-05-13,CUST1183,Customer_1183,South,Home & Kitchen,Vacuum Cleaner,2,6551.12,0.05,154.02,Upi,Online,False,12447.127999999999,2025-05
ORD14676,2024-06-21,CUST1067,Customer_1067,East,Sports,Cricket Bat,2,5606.45,0.05,0.0,Net Banking,Retail Store,False,10652.255,2024-06
ORD11519,2024-01-10,CUST1331,Customer_1331,East,Beauty,Lipstick,4,1792.06,0.25,0.0,Debit Card,Retail Store,False,5376.18,2024-01
ORD13510,2024-04-26,CUST1246,Customer_1246,West,Home & Kitchen,Cookware Set,3,4806.99,0.15,0.0,Upi,Retail Store,False,12257.824499999999,2024-04
ORD14304,2024-05-31,CUST1041,Customer_1041,East,Clothing,T-Shirt,3,1441.11,0.1,20.25,Unknown,Online,False,3890.997,2024-05
ORD13583,2024-05-16,CUST1385,Customer_1385,South,Electronics,Headphones,2,2797.77,0.2,0.0,Cash On Delivery,Retail Store,False,4476.432,2024-05
ORD13826,2025-06-27,CUST1161,Customer_1161,West,Sports,Yoga Mat,4,1504.29,0.2,0.0,Credit Card,Retail Store,False,4813.728,2025-06
ORD10906,2024-04-21,CUST1193,Customer_1193,East,Electronics,Smartphone,3,11743.1,0.2,0.0,Upi,Retail Store,False,28183.440000000002,2024-04
ORD11953,2025-03-09,CUST1280,Customer_1280,West,Home & Kitchen,Blender,5,1892.22,0.25,0.0,Debit Card,Retail Store,False,7095.825000000001,2025-03
ORD13835,2024-03-14,CUST1179,Customer_1179,East,Beauty,Lipstick,1,1151.63,0.25,57.01,Credit Card,Online,False,863.7225000000001,2024-03
ORD12217,2024-06-30,CUST1320,Customer_1320,North,Beauty,Sunscreen,5,2095.12,0.0,154.84,Debit Card,Online,False,10475.599999999999,2024-06
ORD11542,2025-05-21,CUST1179,Customer_1179,South,Electronics,Headphones,5,5309.85,0.1,0.0,Debit Card,Retail Store,False,23894.325,2025-05
ORD11463,2025-01-29,CUST1052,Customer_1052,West,Beauty,Face Cream,1,2447.75,0.25,82.76,Debit Card,Online,False,1835.8125,2025-01
ORD10203,2025-06-03,CUST1207,Customer_1207,East,Beauty,Face Cream,5,672.55,0.15,58.76,Net Banking,Online,False,2858.3375,2025-06
ORD11535,2025-05-20,CUST1164,Customer_1164,East,Home & Kitchen,Blender,4,6048.25,0.1,141.33,Credit Card,Online,False,21773.7,2025-05
ORD12679,2024-07-29,CUST1238,Customer_1238,North,Home & Kitchen,Cookware Set,3,4357.43,0.0,104.93,Credit Card,Online,False,13072.29,2024-07
ORD12908,2025-04-22,CUST1054,Customer_1054,North,Beauty,Lipstick,3,273.71,0.0,44.45,Credit Card,Online,False,821.1299999999999,2025-04
ORD13761,2024-06-10,CUST1038,Customer_1038,East,Home & Kitchen,Lamp,4,7675.99,0.0,0.0,Debit Card,Retail Store,False,30703.96,2024-06
ORD11847,2025-10-15,CUST1191,Customer_1191,North,Sports,Running Shoes,3,465.43,0.2,0.0,Cash On Delivery,Retail Store,False,1117.032,2025-10
ORD12045,2024-02-08,CUST1193,Customer_1193,North,Clothing,Dress,1,1245.58,0.0,0.0,Upi,Retail Store,False,1245.58,2024-02
ORD13604,2025-03-18,CUST1218,Customer_1218,South,Clothing,T-Shirt,1,1271.11,0.0,72.76,Upi,Online,False,1271.11,2025-03
ORD12645,2025-01-15,CUST1205,Customer_1205,East,Sports,Running Shoes,5,2475.96,0.05,0.0,Net Banking,Retail Store,False,11760.81,2025-01
ORD12146,2025-03-03,CUST1191,Customer_1191,South,Clothing,Jacket,2,1570.7,0.25,0.0,Upi,Retail Store,False,2356.05,2025-03
ORD13818,2025-09-11,CUST1011,Customer_1011,North,Home & Kitchen,Vacuum Cleaner,4,6479.9,0.1,0.0,Debit Card,Retail Store,False,23327.64,2025-09
ORD10901,2024-08-14,CUST1070,Customer_1070,West,Clothing,Shoes,1,2989.08,0.0,7.32,Upi,Online,False,2989.08,2024-08
ORD11499,2024-10-03,CUST1100,Customer_1100,South,Home & Kitchen,Cookware Set,5,3851.27,0.15,112.45,Credit Card,Online,False,16367.8975,2024-10
ORD12703,2024-06-23,CUST1330,Customer_1330,South,Sports,Yoga Mat,5,598.25,0.1,4.69,Debit Card,Online,False,2692.125,2024-06
ORD14478,2024-06-11,CUST1124,Customer_1124,East,Home & Kitchen,Bedsheet,1,4480.37,0.25,127.19,Net Banking,Online,False,3360.2775,2024-06
ORD11882,2025-12-06,CUST1275,Customer_1275,North,Beauty,Sunscreen,2,1642.66,0.1,185.59,Debit Card,Online,False,2956.788,2025-12
ORD12084,2024-05-12,CUST1002,Customer_1002,West,Home & Kitchen,Cookware Set,1,1221.44,0.05,97.9,Cash On Delivery,Online,False,1160.368,2024-05
ORD12345,2025-02-04,CUST1313,Customer_1313,East,Beauty,Perfume,2,266.6,0.0,0.0,Credit Card,Retail Store,False,533.2,2025-02
ORD10958,2024-07-19,CUST1063,Customer_1063,North,Clothing,Jacket,5,2601.7,0.2,126.79,Debit Card,Online,False,10406.800000000001,2024-07
ORD13366,2025-05-16,CUST1250,Customer_1250,North,Home & Kitchen,Cookware Set,1,4675.06,0.05,0.0,Debit Card,Retail Store,False,4441.307,2025-05
ORD10181,2025-07-09,CUST1303,Customer_1303,West,Home & Kitchen,Vacuum Cleaner,5,4727.05,0.25,11.23,Credit Card,Online,False,17726.4375,2025-07
ORD12704,2025-05-04,CUST1163,Customer_1163,East,Home & Kitchen,Cookware Set,2,2154.92,0.05,158.98,Upi,Online,False,4094.348,2025-05
ORD10275,2024-09-16,CUST1376,Customer_1376,North,Electronics,Tablet,2,41364.38,0.0,0.0,Debit Card,Retail Store,False,82728.76,2024-09
ORD11652,2024-01-04,CUST1179,Customer_1179,West,Electronics,Tablet,2,51130.57,0.25,0.0,Cash On Delivery,Retail Store,False,76695.855,2024-01
ORD11023,2025-01-16,CUST1355,Customer_1355,North,Beauty,Perfume,4,335.8,0.0,0.0,Net Banking,Retail Store,False,1343.2,2025-01
ORD12479,2024-08-21,CUST1306,Customer_1306,South,Sports,Running Shoes,3,5336.98,0.0,0.0,Cash On Delivery,Retail Store,False,16010.939999999999,2024-08
ORD13810,2025-07-20,CUST1350,Customer_1350,West,Sports,Yoga Mat,5,3152.84,0.0,140.72,Net Banking,Online,False,15764.2,2025-07
ORD12567,2024-03-11,CUST1152,Customer_1152,North,Sports,Cricket Bat,4,3306.86,0.1,0.0,Debit Card,Retail Store,False,11904.696,2024-03
ORD12316,2024-08-16,CUST1266,Customer_1266,West,Home & Kitchen,Cookware Set,4,1337.29,0.0,174.16,Debit Card,Online,False,5349.16,2024-08
ORD13988,2025-03-04,CUST1369,Customer_1369,South,Clothing,Shoes,5,927.63,0.15,0.0,Cash On Delivery,Retail Store,False,3942.4275,2025-03
ORD14542,2025-10-16,CUST1291,Customer_1291,East,Home & Kitchen,Lamp,1,638.01,0.1,0.0,Credit Card,Retail Store,False,574.2090000000001,2025-10
ORD11456,2025-05-30,CUST1102,Customer_1102,East,Electronics,Headphones,1,53171.93,0.1,0.0,Cash On Delivery,Retail Store,False,47854.737,2025-05
ORD10858,2024-03-10,CUST1027,Customer_1027,West,Home & Kitchen,Lamp,4,2704.63,0.25,2.21,Upi,Online,False,8113.89,2024-03
ORD11156,2025-04-14,CUST1005,Customer_1005,East,Sports,Dumbbells,5,5924.88,0.0,3.62,Unknown,Online,False,29624.4,2025-04
ORD14523,2024-09-14,CUST1338,Customer_1338,East,Sports,Yoga Mat,5,3844.66,0.0,131.21,Upi,Online,False,19223.3,2024-09
ORD14257,2025-02-22,CUST1252,Customer_1252,Unknown,Home & Kitchen,Bedsheet,1,4950.72,0.05,0.0,Upi,Retail Store,False,4703.184,2025-02
ORD12389,2024-12-02,CUST1229,Customer_1229,North,Home & Kitchen,Cookware Set,3,1605.73,0.2,76.92,Upi,Online,False,3853.7520000000004,2024-12
ORD14224,2024-03-12,CUST1073,Customer_1073,West,Clothing,Shoes,5,2036.38,0.1,152.58,Net Banking,Online,False,9163.710000000001,2024-03
ORD10799,2024-08-21,CUST1094,Customer_1094,West,Clothing,T-Shirt,1,1210.75,0.1,0.0,Cash On Delivery,Retail Store,False,1089.675,2024-08
ORD14889,2024-03-14,CUST1066,Customer_1066,West,Clothing,Jacket,4,2734.4,0.0,167.64,Credit Card,Online,False,10937.6,2024-03
ORD14207,2024-02-20,CUST1006,Customer_1006,South,Sports,Cycling Helmet,5,2279.55,0.0,0.0,Cash On Delivery,Retail Store,False,11397.75,2024-02
ORD11752,2025-12-03,CUST1106,Customer_1106,West,Home & Kitchen,Vacuum Cleaner,5,1726.92,0.05,148.13,Net Banking,Online,False,8202.87,2025-12
ORD10758,2025-12-31,CUST1286,Customer_1286,East,Electronics,Laptop,4,10150.99,0.0,0.0,Debit Card,Retail Store,False,40603.96,2025-12
ORD11271,2025-08-31,CUST1096,Customer_1096,North,Sports,Cricket Bat,2,3148.65,0.0,0.0,Net Banking,Retail Store,False,6297.3,2025-08
ORD10574,2025-09-23,CUST1195,Customer_1195,South,Home & Kitchen,Lamp,3,1244.19,0.0,126.71,Cash On Delivery,Online,False,3732.57,2025-09
ORD11272,2025-03-16,CUST1201,Customer_1201,South,Clothing,Shoes,1,1008.15,0.15,0.0,Cash On Delivery,Retail Store,False,856.9275,2025-03
ORD14677,2025-05-27,CUST1188,Customer_1188,North,Sports,Running Shoes,3,3486.73,0.0,120.92,Upi,Online,False,10460.19,2025-05
ORD11993,2025-10-28,CUST1280,Customer_1280,North,Clothing,Dress,1,2468.08,0.0,58.04,Net Banking,Online,False,2468.08,2025-10
ORD14378,2024-06-19,CUST1227,Customer_1227,South,Electronics,Headphones,4,22457.48,0.2,0.0,Net Banking,Retail Store,False,71863.936,2024-06
ORD11419,2025-08-20,CUST1085,Customer_1085,North,Home & Kitchen,Cookware Set,4,5247.47,0.25,0.0,Net Banking,Retail Store,False,15742.41,2025-08
ORD11621,2024-07-08,CUST1343,Customer_1343,West,Clothing,Jeans,1,1710.01,0.0,39.12,Cash On Delivery,Online,False,1710.01,2024-07
ORD13162,2025-05-25,CUST1301,Customer_1301,West,Beauty,Shampoo,1,1385.39,0.15,189.39,Upi,Online,False,1177.5815,2025-05
ORD14401,2025-01-10,CUST1250,Customer_1250,East,Electronics,Smartwatch,5,4918.62,0.2,10.35,Upi,Online,False,19674.48,2025-01
ORD13773,2025-01-13,CUST1217,Customer_1217,Unknown,Electronics,Smartwatch,5,37263.56,0.1,135.13,Debit Card,Online,False,167686.02,2025-01
ORD12755,2025-02-06,CUST1212,Customer_1212,South,Electronics,Smartwatch,2,31539.56,0.25,36.03,Net Banking,Online,False,47309.340000000004,2025-02
ORD12289,2024-07-24,CUST1390,Customer_1390,South,Electronics,Tablet,3,36901.61,0.2,0.0,Unknown,Retail Store,False,88563.864,2024-07
ORD11990,2024-06-30,CUST1127,Customer_1127,East,Sports,Cycling Helmet,1,1147.39,0.0,0.0,Debit Card,Retail Store,False,1147.39,2024-06
ORD12517,2025-08-14,CUST1206,Customer_1206,East,Clothing,Jeans,3,2954.94,0.15,46.96,Cash On Delivery,Online,False,7535.097,2025-08
ORD14155,2025-05-09,CUST1152,Customer_1152,West,Beauty,Face Cream,3,2283.24,0.0,0.0,Debit Card,Retail Store,False,6849.719999999999,2025-05
ORD11155,2025-08-21,CUST1236,Customer_1236,North,Clothing,Jacket,4,856.9,0.1,0.0,Upi,Retail Store,False,3084.84,2025-08
ORD13251,2025-07-01,CUST1237,Customer_1237,East,Clothing,Dress,5,2238.33,0.05,0.0,Upi,Retail Store,False,10632.0675,2025-07
ORD11946,2025-10-31,CUST1131,Customer_1131,North,Beauty,Sunscreen,2,2054.38,0.1,125.32,Credit Card,Online,False,3697.8840000000005,2025-10
ORD10689,2025-12-03,CUST1264,Customer_1264,West,Electronics,Smartwatch,1,44361.23,0.2,0.0,Cash On Delivery,Retail Store,False,35488.984000000004,2025-12
ORD14805,2024-04-30,CUST1129,Customer_1129,South,Clothing,Shoes,3,2480.04,0.15,0.0,Cash On Delivery,Retail Store,False,6324.102,2024-04
ORD11697,2024-10-24,CUST1308,Customer_1308,East,Beauty,Perfume,3,1062.97,0.25,0.0,Cash On Delivery,Retail Store,False,2391.6825,2024-10
ORD12442,2025-06-09,CUST1207,Customer_1207,East,Home & Kitchen,Bedsheet,4,7901.56,0.2,35.56,Credit Card,Online,False,25284.992000000002,2025-06
ORD13402,2024-10-25,CUST1046,Customer_1046,North,Sports,Cricket Bat,3,1802.08,0.25,0.0,Credit Card,Retail Store,False,4054.68,2024-10
ORD10783,2024-11-19,CUST1381,Customer_1381,North,Sports,Dumbbells,4,4535.41,0.25,17.15,Credit Card,Online,False,13606.23,2024-11
ORD10687,2025-09-17,CUST1273,Customer_1273,East,Electronics,Laptop,4,58258.2,0.0,27.62,Credit Card,Online,False,233032.8,2025-09
ORD14926,2025-05-26,CUST1331,Customer_1331,North,Beauty,Perfume,2,184.91,0.0,0.0,Debit Card,Retail Store,False,369.82,2025-05
ORD11899,2025-08-09,CUST1320,Customer_1320,East,Sports,Yoga Mat,1,4993.5,0.15,99.93,Credit Card,Online,False,4244.474999999999,2025-08
ORD12731,2025-06-19,CUST1353,Customer_1353,East,Beauty,Shampoo,4,2374.29,0.0,0.0,Upi,Retail Store,False,9497.16,2025-06
ORD10987,2024-04-09,CUST1369,Customer_1369,West,Beauty,Face Cream,1,451.28,0.0,55.09,Credit Card,Online,False,451.28,2024-04
ORD13536,2024-09-15,CUST1157,Customer_1157,East,Electronics,Smartphone,1,28442.28,0.15,52.04,Debit Card,Online,False,24175.938,2024-09
ORD13892,2025-08-18,CUST1020,Customer_1020,West,Sports,Cricket Bat,3,4765.51,0.1,159.71,Cash On Delivery,Online,False,12866.877,2025-08
ORD11793,2024-12-30,CUST1125,Customer_1125,North,Sports,Cycling Helmet,1,2505.16,0.05,7.64,Upi,Online,False,2379.9019999999996,2024-12
ORD12861,2024-01-26,CUST1392,Customer_1392,West,Beauty,Shampoo,5,2384.31,0.0,42.61,Debit Card,Online,False,11921.55,2024-01
ORD13064,2024-06-20,CUST1312,Customer_1312,East,Beauty,Sunscreen,2,528.6,0.15,0.0,Upi,Retail Store,False,898.62,2024-06
ORD11051,2025-07-29,CUST1016,Customer_1016,North,Beauty,Face Cream,4,2279.22,0.1,159.49,Debit Card,Online,False,8205.192,2025-07
ORD13073,2025-02-26,CUST1120,Customer_1120,West,Electronics,Headphones,3,25751.97,0.0,0.0,Credit Card,Retail Store,False,77255.91,2025-02
ORD11498,2025-02-14,CUST1274,Customer_1274,North,Electronics,Laptop,1,47741.07,0.1,0.0,Credit Card,Retail Store,False,42966.963,2025-02
ORD14405,2024-12-11,CUST1268,Customer_1268,South,Beauty,Shampoo,4,1681.83,0.0,191.27,Credit Card,Online,False,6727.32,2024-12
ORD14247,2024-07-06,CUST1078,Customer_1078,South,Sports,Running Shoes,5,2282.65,0.05,129.25,Cash On Delivery,Online,False,10842.5875,2024-07
ORD12295,2025-03-23,CUST1223,Customer_1223,East,Home & Kitchen,Vacuum Cleaner,5,3211.48,0.0,121.67,Debit Card,Online,False,16057.4,2025-03
ORD12722,2025-10-26,CUST1298,Customer_1298,North,Sports,Cricket Bat,1,4409.63,0.0,109.68,Net Banking,Online,False,4409.63,2025-10
ORD13878,2024-12-26,CUST1039,Customer_1039,North,Electronics,Smartwatch,3,9987.59,0.25,0.0,Upi,Retail Store,False,22472.0775,2024-12
ORD14545,2025-12-30,CUST1214,Customer_1214,South,Beauty,Lipstick,1,1381.06,0.1,78.86,Cash On Delivery,Online,False,1242.954,2025-12
ORD14051,2024-01-07,CUST1170,Customer_1170,South,Beauty,Face Cream,2,767.73,0.25,162.22,Net Banking,Online,False,1151.595,2024-01
ORD12354,2024-01-30,CUST1243,Customer_1243,North,Electronics,Smartwatch,1,35551.83,0.15,0.0,Credit Card,Retail Store,False,30219.055500000002,2024-01
ORD10021,2024-09-24,CUST1204,Customer_1204,North,Home & Kitchen,Vacuum Cleaner,1,4480.37,0.0,119.31,Credit Card,Online,False,4480.37,2024-09
ORD10448,2024-10-06,CUST1275,Customer_1275,East,Beauty,Sunscreen,4,1684.69,0.25,117.03,Upi,Online,False,5054.07,2024-10
ORD10453,2024-06-23,CUST1185,Customer_1185,East,Electronics,Laptop,4,42857.63,0.25,149.19,Credit Card,Online,False,128572.88999999998,2024-06
ORD11328,2025-04-16,CUST1303,Customer_1303,West,Electronics,Smartphone,1,15379.57,0.05,0.0,Net Banking,Retail Store,False,14610.591499999999,2025-04
ORD10012,2024-02-21,CUST1372,Customer_1372,North,Home & Kitchen,Blender,2,1876.16,0.0,33.26,Credit Card,Online,False,3752.32,2024-02
ORD14673,2025-06-14,CUST1057,Customer_1057,West,Beauty,Sunscreen,2,1837.24,0.05,0.0,Debit Card,Retail Store,False,3490.756,2025-06
ORD11392,2025-05-29,CUST1004,Customer_1004,South,Home & Kitchen,Blender,5,3765.85,0.15,0.0,Net Banking,Retail Store,False,16004.8625,2025-05
ORD10943,2024-03-09,CUST1047,Customer_1047,West,Beauty,Lipstick,4,306.97,0.1,0.0,Debit Card,Retail Store,False,1105.092,2024-03
ORD10870,2024-11-12,CUST1016,Customer_1016,West,Beauty,Perfume,2,840.09,0.05,0.0,Debit Card,Retail Store,False,1596.171,2024-11
ORD10544,2025-10-03,CUST1090,Customer_1090,West,Home & Kitchen,Blender,5,4874.46,0.1,64.85,Cash On Delivery,Online,False,21935.07,2025-10
ORD10372,2024-05-07,CUST1021,Customer_1021,North,Home & Kitchen,Bedsheet,3,6434.15,0.25,98.38,Cash On Delivery,Online,False,14476.837499999998,2024-05
ORD14664,2025-07-08,CUST1367,Customer_1367,West,Clothing,Dress,3,1516.72,0.1,47.92,Credit Card,Online,False,4095.144,2025-07
ORD14575,2025-12-23,CUST1322,Customer_1322,East,Electronics,Headphones,5,32002.76,0.05,0.0,Cash On Delivery,Retail Store,False,152013.11,2025-12
ORD13628,2025-02-04,CUST1293,Customer_1293,West,Home & Kitchen,Bedsheet,5,1796.43,0.2,23.62,Cash On Delivery,Online,False,7185.72,2025-02
ORD13553,2024-06-07,CUST1322,Customer_1322,North,Sports,Dumbbells,1,4951.05,0.0,53.05,Upi,Online,False,4951.05,2024-06
ORD12089,2025-10-31,CUST1161,Customer_1161,South,Beauty,Face Cream,3,1732.35,0.2,9.17,Net Banking,Online,False,4157.639999999999,2025-10
ORD10998,2025-08-10,CUST1019,Customer_1019,West,Electronics,Laptop,5,46443.95,0.1,0.0,Credit Card,Retail Store,False,208997.775,2025-08
ORD10192,2024-08-04,CUST1365,Customer_1365,East,Electronics,Tablet,5,48326.34,0.0,0.0,Credit Card,Retail Store,False,241631.69999999998,2024-08
ORD10062,2024-08-26,CUST1046,Customer_1046,East,Clothing,Dress,1,2969.82,0.05,55.45,Net Banking,Online,False,2821.329,2024-08
ORD12223,2025-09-02,CUST1258,Customer_1258,North,Home & Kitchen,Vacuum Cleaner,1,5593.78,0.05,0.0,Debit Card,Retail Store,False,5314.090999999999,2025-09
ORD10104,2025-09-12,CUST1285,Customer_1285,East,Home & Kitchen,Cookware Set,2,791.85,0.0,0.0,Upi,Retail Store,False,1583.7,2025-09
ORD11918,2025-05-07,CUST1011,Customer_1011,South,Home & Kitchen,Cookware Set,4,3526.16,0.0,47.83,Debit Card,Online,False,14104.64,2025-05
ORD12997,2025-10-06,CUST1257,Customer_1257,West,Electronics,Smartwatch,1,9952.55,0.0,0.0,Net Banking,Retail Store,False,9952.55,2025-10
ORD10126,2025-02-10,CUST1170,Customer_1170,South,Home & Kitchen,Blender,2,7996.79,0.05,0.0,Upi,Retail Store,False,15193.901,2025-02
ORD10244,2025-11-07,CUST1309,Customer_1309,South,Electronics,Tablet,2,14954.46,0.0,0.0,Credit Card,Retail Store,False,29908.92,2025-11
ORD11246,2025-12-04,CUST1264,Customer_1264,East,Sports,Running Shoes,5,1854.37,0.0,115.54,Unknown,Online,False,9271.849999999999,2025-12
ORD12889,2024-10-24,CUST1057,Customer_1057,South,Sports,Running Shoes,5,3148.65,0.0,2.97,Unknown,Online,False,15743.25,2024-10
ORD10516,2025-07-23,CUST1330,Customer_1330,West,Beauty,Perfume,5,1413.15,0.2,150.7,Credit Card,Online,False,5652.6,2025-07
ORD10147,2025-08-14,CUST1221,Customer_1221,East,Beauty,Face Cream,5,654.77,0.0,0.0,Upi,Retail Store,False,3273.85,2025-08
ORD11299,2024-01-07,CUST1135,Customer_1135,North,Home & Kitchen,Vacuum Cleaner,2,1879.1,0.25,59.65,Upi,Online,False,2818.6499999999996,2024-01
ORD10517,2025-07-29,CUST1106,Customer_1106,North,Electronics,Smartphone,5,1811.45,0.0,101.23,Credit Card,Online,False,9057.25,2025-07
ORD12928,2025-07-13,CUST1067,Customer_1067,East,Electronics,Smartphone,4,14263.38,0.0,157.94,Net Banking,Online,False,57053.52,2025-07
ORD11377,2024-11-01,CUST1218,Customer_1218,South,Sports,Cricket Bat,3,1698.65,0.2,187.53,Cash On Delivery,Online,False,4076.7600000000007,2024-11
ORD12015,2025-12-02,CUST1056,Customer_1056,West,Clothing,T-Shirt,2,2312.04,0.0,0.0,Unknown,Retail Store,False,4624.08,2025-12
ORD14885,2025-03-20,CUST1313,Customer_1313,South,Beauty,Sunscreen,5,794.91,0.05,146.35,Debit Card,Online,False,3775.8224999999998,2025-03
ORD14767,2024-04-02,CUST1367,Customer_1367,Unknown,Clothing,Jacket,2,2674.84,0.1,131.85,Debit Card,Online,False,4814.712,2024-04
ORD13484,2025-02-03,CUST1194,Customer_1194,West,Electronics,Tablet,4,4825.4,0.1,0.0,Credit Card,Retail Store,False,17371.44,2025-02
ORD14854,2025-07-20,CUST1334,Customer_1334,South,Home & Kitchen,Bedsheet,2,548.17,0.0,0.0,Upi,Retail Store,False,1096.34,2025-07
ORD13601,2025-04-20,CUST1094,Customer_1094,Unknown,Beauty,Sunscreen,2,1235.44,0.15,0.0,Cash On Delivery,Retail Store,False,2100.248,2025-04
ORD11406,2024-04-07,CUST1263,Customer_1263,Unknown,Clothing,Shoes,1,2477.29,0.0,111.19,Cash On Delivery,Online,False,2477.29,2024-04
ORD14650,2025-01-27,CUST1124,Customer_1124,East,Clothing,Jacket,4,1017.15,0.25,67.3,Net Banking,Online,False,3051.45,2025-01
ORD12018,2025-10-22,CUST1259,Customer_1259,West,Beauty,Shampoo,1,1328.03,0.0,0.0,Unknown,Retail Store,False,1328.03,2025-10
ORD10957,2025-02-03,CUST1348,Customer_1348,South,Sports,Yoga Mat,4,5344.91,0.15,6.13,Cash On Delivery,Online,False,18172.694,2025-02
ORD13347,2024-08-11,CUST1355,Customer_1355,North,Clothing,T-Shirt,2,417.76,0.05,163.52,Net Banking,Online,False,793.7439999999999,2024-08
ORD11438,2025-09-10,CUST1013,Customer_1013,North,Home & Kitchen,Blender,4,1394.18,0.2,197.24,Cash On Delivery,Online,False,4461.376,2025-09
ORD10222,2025-12-09,CUST1337,Customer_1337,East,Sports,Cycling Helmet,2,3676.68,0.0,0.0,Credit Card,Retail Store,False,7353.36,2025-12
ORD10165,2025-12-16,CUST1158,Customer_1158,West,Electronics,Tablet,2,10589.56,0.1,17.24,Credit Card,Online,False,19061.208,2025-12
ORD11432,2025-10-12,CUST1162,Customer_1162,North,Clothing,Shoes,4,2092.48,0.05,0.0,Debit Card,Retail Store,False,7951.424,2025-10
ORD10394,2025-10-15,CUST1343,Customer_1343,East,Sports,Dumbbells,1,5013.88,0.1,104.45,Net Banking,Online,False,4512.492,2025-10
ORD12404,2024-01-16,CUST1307,Customer_1307,South,Clothing,Jacket,2,1224.78,0.25,0.0,Cash On Delivery,Retail Store,False,1837.17,2024-01
ORD10827,2025-09-10,CUST1249,Customer_1249,North,Electronics,Smartwatch,3,6353.43,0.05,0.0,Upi,Retail Store,False,18107.2755,2025-09
ORD11297,2024-03-31,CUST1269,Customer_1269,North,Home & Kitchen,Blender,1,7744.56,0.1,143.85,Cash On Delivery,Online,False,6970.104,2024-03
ORD11615,2024-07-19,CUST1344,Customer_1344,Unknown,Clothing,Jacket,4,1417.93,0.0,0.0,Credit Card,Retail Store,False,5671.72,2024-07
ORD12090,2025-08-25,CUST1367,Customer_1367,East,Home & Kitchen,Vacuum Cleaner,2,2675.76,0.2,126.31,Debit Card,Online,False,4281.216,2025-08
ORD13836,2025-09-29,CUST1398,Customer_1398,West,Electronics,Smartphone,1,55379.38,0.15,1.87,Net Banking,Online,False,47072.473,2025-09
ORD12385,2024-03-12,CUST1029,Customer_1029,East,Clothing,Dress,3,1794.0,0.25,64.23,Upi,Online,False,4036.5,2024-03
ORD12031,2024-09-10,CUST1037,Customer_1037,West,Home & Kitchen,Vacuum Cleaner,1,7257.35,0.0,72.1,Credit Card,Online,False,7257.35,2024-09
ORD12229,2025-03-04,CUST1110,Customer_1110,North,Sports,Dumbbells,3,5855.93,0.2,85.47,Debit Card,Online,False,14054.232000000002,2025-03
ORD12257,2024-09-09,CUST1261,Customer_1261,North,Electronics,Headphones,1,41922.81,0.1,161.9,Net Banking,Online,False,37730.529,2024-09
ORD14408,2024-11-30,CUST1163,Customer_1163,West,Sports,Dumbbells,1,3703.93,0.25,0.0,Credit Card,Retail Store,False,2777.9474999999998,2024-11
ORD11807,2025-01-01,CUST1220,Customer_1220,West,Electronics,Smartwatch,1,31875.46,0.0,15.05,Unknown,Online,False,31875.46,2025-01
ORD13306,2024-03-18,CUST1246,Customer_1246,North,Clothing,Shoes,5,2558.31,0.25,0.0,Cash On Delivery,Retail Store,False,9593.662499999999,2024-03
ORD14425,2025-12-10,CUST1316,Customer_1316,West,Home & Kitchen,Bedsheet,5,1406.39,0.0,69.66,Credit Card,Online,False,7031.950000000001,2025-12
ORD11038,2025-08-25,CUST1043,Customer_1043,South,Sports,Cycling Helmet,1,1174.22,0.2,39.71,Credit Card,Online,False,939.3760000000001,2025-08
ORD12917,2025-07-15,CUST1093,Customer_1093,West,Home & Kitchen,Blender,1,6804.64,0.2,0.0,Upi,Retail Store,False,5443.712,2025-07
ORD10037,2024-12-26,CUST1229,Customer_1229,North,Electronics,Headphones,3,41969.55,0.15,0.0,Upi,Retail Store,False,107022.35250000001,2024-12
ORD11552,2024-07-28,CUST1221,Customer_1221,West,Home & Kitchen,Blender,3,650.02,0.0,0.0,Upi,Retail Store,False,1950.06,2024-07
ORD12847,2025-12-21,CUST1290,Customer_1290,South,Sports,Cycling Helmet,3,4891.86,0.25,0.0,Upi,Retail Store,False,11006.684999999998,2025-12
ORD12838,2025-11-29,CUST1056,Customer_1056,West,Clothing,Shoes,4,520.68,0.25,0.0,Cash On Delivery,Retail Store,False,1562.04,2025-11
ORD13228,2025-04-24,CUST1225,Customer_1225,North,Beauty,Lipstick,1,1331.73,0.2,0.0,Credit Card,Retail Store,False,1065.384,2025-04
ORD12387,2025-09-29,CUST1302,Customer_1302,West,Home & Kitchen,Vacuum Cleaner,2,1355.67,0.25,97.13,Credit Card,Online,False,2033.505,2025-09
ORD10161,2025-03-15,CUST1369,Customer_1369,East,Clothing,Jeans,4,886.56,0.15,0.0,Debit Card,Retail Store,False,3014.3039999999996,2025-03
ORD13544,2025-02-22,CUST1139,Customer_1139,South,Clothing,Jacket,5,2998.79,0.0,26.68,Upi,Online,False,14993.95,2025-02
ORD10322,2024-10-16,CUST1186,Customer_1186,East,Beauty,Shampoo,3,1267.04,0.0,81.14,Net Banking,Online,False,3801.12,2024-10
ORD10011,2025-11-20,CUST1292,Customer_1292,South,Sports,Running Shoes,2,2772.04,0.0,0.0,Credit Card,Retail Store,False,5544.08,2025-11
ORD11264,2024-07-14,CUST1061,Customer_1061,South,Beauty,Shampoo,-1,2270.61,0.0,0.0,Credit Card,Retail Store,True,-2270.61,2024-07
ORD13720,2025-08-27,CUST1387,Customer_1387,South,Home & Kitchen,Vacuum Cleaner,5,1008.78,0.25,0.0,Cash On Delivery,Retail Store,False,3782.9249999999997,2025-08
ORD11026,2024-05-10,CUST1356,Customer_1356,West,Sports,Running Shoes,5,1882.47,0.1,0.0,Net Banking,Retail Store,False,8471.115,2024-05
ORD14665,2024-02-23,CUST1358,Customer_1358,East,Home & Kitchen,Cookware Set,2,2573.9,0.0,101.94,Debit Card,Online,False,5147.8,2024-02
ORD14957,2024-06-16,CUST1180,Customer_1180,West,Beauty,Perfume,3,1162.84,0.0,0.0,Credit Card,Retail Store,False,3488.5199999999995,2024-06
ORD11064,2025-08-17,CUST1134,Customer_1134,South,Electronics,Smartphone,4,42121.71,0.1,0.56,Debit Card,Online,False,151638.156,2025-08
ORD11573,2024-08-08,CUST1361,Customer_1361,South,Electronics,Smartphone,5,20822.09,0.0,62.21,Net Banking,Online,False,104110.45,2024-08
ORD11070,2024-03-10,CUST1058,Customer_1058,South,Electronics,Laptop,2,45488.16,0.0,0.0,Net Banking,Retail Store,False,90976.32,2024-03
ORD13970,2025-11-27,CUST1184,Customer_1184,West,Sports,Running Shoes,1,4275.25,0.05,0.0,Upi,Retail Store,False,4061.4874999999997,2025-11
ORD13709,2025-09-04,CUST1368,Customer_1368,North,Electronics,Tablet,1,20402.93,0.2,0.0,Credit Card,Retail Store,False,16322.344000000001,2025-09
ORD12537,2024-11-27,CUST1045,Customer_1045,East,Sports,Cycling Helmet,-1,5023.32,0.0,38.99,Debit Card,Online,True,-5023.32,2024-11
ORD13732,2025-07-07,CUST1295,Customer_1295,South,Home & Kitchen,Blender,1,6046.03,0.0,98.98,Upi,Online,False,6046.03,2025-07
ORD10019,2024-08-30,CUST1021,Customer_1021,East,Home & Kitchen,Vacuum Cleaner,1,1270.95,0.0,35.87,Cash On Delivery,Online,False,1270.95,2024-08
ORD11404,2024-11-27,CUST1303,Customer_1303,North,Clothing,Jacket,1,2030.57,0.05,0.0,Cash On Delivery,Retail Store,False,1929.0414999999998,2024-11
ORD10895,2024-04-23,CUST1140,Customer_1140,East,Beauty,Face Cream,-3,290.04,0.2,0.0,Upi,Retail Store,True,-696.0960000000001,2024-04
ORD11802,2024-07-09,CUST1257,Customer_1257,North,Home & Kitchen,Lamp,1,3743.04,0.0,153.6,Debit Card,Online,False,3743.04,2024-07
ORD14250,2025-04-30,CUST1184,Customer_1184,West,Sports,Cricket Bat,4,1784.78,0.05,69.02,Credit Card,Online,False,6782.164,2025-04
ORD14668,2025-06-29,CUST1192,Customer_1192,West,Electronics,Smartphone,3,46395.11,0.0,2.22,Credit Card,Online,False,139185.33000000002,2025-06
ORD12796,2024-12-20,CUST1154,Customer_1154,North,Home & Kitchen,Bedsheet,5,4855.69,0.25,0.0,Upi,Retail Store,False,18208.837499999998,2024-12
ORD11232,2024-08-20,CUST1079,Customer_1079,East,Clothing,Jeans,5,2967.18,0.15,179.93,Net Banking,Online,False,12610.515,2024-08
ORD11386,2024-06-02,CUST1106,Customer_1106,North,Beauty,Lipstick,5,370.4,0.15,54.87,Cash On Delivery,Online,False,1574.2,2024-06
ORD13767,2025-08-27,CUST1334,Customer_1334,West,Beauty,Perfume,5,744.75,0.1,107.69,Credit Card,Online,False,3351.375,2025-08
ORD12480,2024-08-21,CUST1373,Customer_1373,East,Clothing,T-Shirt,2,1928.36,0.05,0.0,Net Banking,Retail Store,False,3663.8839999999996,2024-08
ORD11291,2025-08-24,CUST1393,Customer_1393,North,Clothing,Jeans,4,2789.55,0.2,194.5,Debit Card,Online,False,8926.560000000001,2025-08
ORD11011,2024-11-03,CUST1070,Customer_1070,South,Home & Kitchen,Lamp,4,5014.57,0.0,71.55,Net Banking,Online,False,20058.28,2024-11
ORD13127,2025-05-02,CUST1390,Customer_1390,North,Home & Kitchen,Bedsheet,3,4312.19,0.15,0.0,Cash On Delivery,Retail Store,False,10996.084499999999,2025-05
ORD10931,2025-09-21,CUST1399,Customer_1399,Unknown,Clothing,Jacket,3,2764.36,0.15,0.0,Credit Card,Retail Store,False,7049.1179999999995,2025-09
ORD11634,2024-01-21,CUST1143,Customer_1143,North,Sports,Yoga Mat,5,3431.85,0.2,0.0,Debit Card,Retail Store,False,13727.400000000001,2024-01
ORD12360,2025-05-19,CUST1305,Customer_1305,South,Home & Kitchen,Vacuum Cleaner,3,6607.93,0.0,77.39,Cash On Delivery,Online,False,19823.79,2025-05
ORD11759,2025-07-09,CUST1061,Customer_1061,West,Beauty,Face Cream,1,1146.98,0.2,0.0,Credit Card,Retail Store,False,917.5840000000001,2025-07
ORD11988,2024-05-27,CUST1171,Customer_1171,North,Home & Kitchen,Vacuum Cleaner,4,1425.8,0.1,0.0,Credit Card,Retail Store,False,5132.88,2024-05
ORD14548,2024-07-21,CUST1001,Customer_1001,East,Sports,Running Shoes,5,1689.4,0.2,0.0,Cash On Delivery,Retail Store,False,6757.6,2024-07
ORD10644,2024-03-16,CUST1065,Customer_1065,South,Beauty,Sunscreen,2,1539.97,0.0,0.0,Cash On Delivery,Retail Store,False,3079.94,2024-03
ORD13204,2024-05-01,CUST1093,Customer_1093,South,Home & Kitchen,Cookware Set,2,6768.72,0.15,150.7,Upi,Online,False,11506.824,2024-05
ORD12733,2024-08-17,CUST1097,Customer_1097,West,Sports,Yoga Mat,5,3978.4,0.05,0.0,Debit Card,Retail Store,False,18897.399999999998,2024-08
ORD11081,2024-12-17,CUST1097,Customer_1097,South,Clothing,Jeans,4,617.17,0.1,20.28,Upi,Online,False,2221.812,2024-12
ORD14656,2025-12-20,CUST1080,Customer_1080,North,Sports,Cricket Bat,1,2505.47,0.2,62.01,Net Banking,Online,False,2004.376,2025-12
ORD13401,2024-11-03,CUST1286,Customer_1286,West,Sports,Cycling Helmet,1,5411.42,0.25,160.18,Net Banking,Online,False,4058.565,2024-11
ORD10324,2024-11-29,CUST1222,Customer_1222,West,Sports,Cricket Bat,5,5085.79,0.25,0.0,Debit Card,Retail Store,False,19071.7125,2024-11
ORD12505,2025-11-21,CUST1235,Customer_1235,North,Electronics,Laptop,5,8427.19,0.2,0.0,Cash On Delivery,Retail Store,False,33708.76,2025-11
ORD10086,2024-07-10,CUST1032,Customer_1032,South,Electronics,Smartwatch,5,38469.36,0.2,0.0,Net Banking,Retail Store,False,153877.44,2024-07
ORD13419,2024-04-12,CUST1184,Customer_1184,East,Clothing,Jeans,5,1165.24,0.2,179.53,Upi,Online,False,4660.96,2024-04
ORD10090,2024-03-25,CUST1063,Customer_1063,South,Home & Kitchen,Lamp,4,7802.93,0.1,109.09,Cash On Delivery,Online,False,28090.548000000003,2024-03
ORD13294,2024-07-13,CUST1245,Customer_1245,North,Electronics,Laptop,3,2567.75,0.0,165.38,Debit Card,Online,False,7703.25,2024-07
ORD14265,2024-01-17,CUST1288,Customer_1288,West,Sports,Cycling Helmet,4,2028.2,0.25,0.0,Upi,Retail Store,False,6084.6,2024-01
ORD10094,2024-03-30,CUST1360,Customer_1360,South,Beauty,Shampoo,5,2154.14,0.25,110.0,Upi,Online,False,8078.025,2024-03
ORD14228,2025-06-25,CUST1002,Customer_1002,West,Beauty,Shampoo,5,1846.12,0.0,163.06,Credit Card,Online,False,9230.599999999999,2025-06
ORD12775,2024-11-30,CUST1271,Customer_1271,South,Electronics,Laptop,2,9947.63,0.0,121.75,Cash On Delivery,Online,False,19895.26,2024-11
ORD10157,2024-05-07,CUST1280,Customer_1280,Unknown,Sports,Dumbbells,5,3906.61,0.0,0.0,Cash On Delivery,Retail Store,False,19533.05,2024-05
ORD12582,2024-11-07,CUST1388,Customer_1388,North,Electronics,Headphones,2,25545.54,0.0,87.41,Credit Card,Online,False,51091.08,2024-11
ORD14913,2025-06-21,CUST1152,Customer_1152,West,Beauty,Perfume,1,1338.67,0.0,0.0,Credit Card,Retail Store,False,1338.67,2025-06
ORD11751,2025-11-25,CUST1191,Customer_1191,North,Home & Kitchen,Blender,4,5324.86,0.15,116.8,Credit Card,Online,False,18104.523999999998,2025-11
ORD11721,2024-07-07,CUST1349,Customer_1349,East,Sports,Cycling Helmet,2,5550.07,0.0,123.44,Credit Card,Online,False,11100.14,2024-07
ORD14977,2025-10-02,CUST1322,Customer_1322,South,Electronics,Laptop,1,20243.71,0.2,138.51,Upi,Online,False,16194.968,2025-10
ORD13255,2025-10-11,CUST1173,Customer_1173,South,Electronics,Laptop,1,8459.55,0.2,0.0,Cash On Delivery,Retail Store,False,6767.639999999999,2025-10
ORD12947,2025-06-02,CUST1369,Customer_1369,South,Home & Kitchen,Cookware Set,5,6506.0,0.05,0.0,Cash On Delivery,Retail Store,False,30903.5,2025-06
ORD14148,2024-05-12,CUST1207,Customer_1207,South,Sports,Running Shoes,2,1962.51,0.05,93.74,Cash On Delivery,Online,False,3728.769,2024-05
ORD10301,2025-03-13,CUST1211,Customer_1211,North,Clothing,Jeans,2,2961.19,0.05,0.0,Net Banking,Retail Store,False,5626.2609999999995,2025-03
ORD13936,2024-10-09,CUST1129,Customer_1129,South,Home & Kitchen,Bedsheet,2,7391.57,0.15,0.0,Net Banking,Retail Store,False,12565.669,2024-10
ORD14015,2025-12-27,CUST1306,Customer_1306,South,Beauty,Perfume,3,2384.59,0.15,0.0,Debit Card,Retail Store,False,6080.7045,2025-12
ORD14586,2025-04-02,CUST1313,Customer_1313,East,Beauty,Sunscreen,1,189.42,0.25,0.0,Net Banking,Retail Store,False,142.065,2025-04
ORD12959,2024-07-23,CUST1127,Customer_1127,North,Clothing,Jeans,3,2640.82,0.0,159.9,Cash On Delivery,Online,False,7922.460000000001,2024-07
ORD13873,2024-11-08,CUST1022,Customer_1022,South,Clothing,Jeans,2,1313.77,0.05,5.07,Cash On Delivery,Online,False,2496.163,2024-11
ORD12037,2025-01-30,CUST1247,Customer_1247,East,Home & Kitchen,Vacuum Cleaner,3,754.43,0.0,0.0,Cash On Delivery,Retail Store,False,2263.29,2025-01
ORD12118,2024-12-01,CUST1025,Customer_1025,North,Electronics,Tablet,2,39549.08,0.15,0.0,Credit Card,Retail Store,False,67233.436,2024-12
ORD10230,2024-12-05,CUST1269,Customer_1269,West,Clothing,Jeans,5,1423.01,0.15,0.0,Net Banking,Retail Store,False,6047.7925,2024-12
ORD12854,2024-07-31,CUST1118,Customer_1118,West,Clothing,Jeans,2,1806.88,0.0,58.92,Credit Card,Online,False,3613.76,2024-07
ORD12164,2025-02-27,CUST1341,Customer_1341,North,Electronics,Smartwatch,4,3398.44,0.0,0.0,Credit Card,Retail Store,False,13593.76,2025-02
ORD14896,2025-08-24,CUST1238,Customer_1238,North,Clothing,T-Shirt,2,716.11,0.0,83.12,Net Banking,Online,False,1432.22,2025-08
ORD13866,2025-09-08,CUST1151,Customer_1151,North,Electronics,Headphones,5,50700.53,0.1,102.24,Cash On Delivery,Online,False,228152.385,2025-09
ORD11387,2025-01-20,CUST1013,Customer_1013,South,Sports,Dumbbells,2,2418.78,0.0,0.0,Net Banking,Retail Store,False,4837.56,2025-01
ORD13749,2024-07-20,CUST1331,Customer_1331,East,Home & Kitchen,Blender,5,4485.95,0.1,2.68,Net Banking,Online,False,20186.775,2024-07
ORD14290,2025-10-08,CUST1250,Customer_1250,North,Home & Kitchen,Blender,4,4611.15,0.1,0.0,Debit Card,Retail Store,False,16600.14,2025-10
ORD11675,2024-12-08,CUST1362,Customer_1362,East,Sports,Cricket Bat,1,2362.9,0.2,0.0,Cash On Delivery,Retail Store,False,1890.3200000000002,2024-12
ORD12377,2025-04-16,CUST1294,Customer_1294,Unknown,Home & Kitchen,Vacuum Cleaner,5,5051.58,0.05,104.11,Debit Card,Online,False,23995.005,2025-04
ORD14435,2025-05-28,CUST1316,Customer_1316,East,Sports,Running Shoes,4,4509.27,0.25,52.63,Net Banking,Online,False,13527.810000000001,2025-05
ORD11256,2024-11-04,CUST1085,Customer_1085,East,Sports,Cricket Bat,3,531.01,0.2,0.0,Cash On Delivery,Retail Store,False,1274.424,2024-11
ORD13584,2024-09-16,CUST1151,Customer_1151,East,Home & Kitchen,Blender,1,1809.86,0.25,0.0,Credit Card,Retail Store,False,1357.395,2024-09
ORD13817,2025-02-11,CUST1252,Customer_1252,South,Home & Kitchen,Bedsheet,5,3713.46,0.1,22.34,Net Banking,Online,False,16710.57,2025-02
ORD12881,2025-04-22,CUST1089,Customer_1089,West,Home & Kitchen,Vacuum Cleaner,1,7151.6,0.25,0.0,Net Banking,Retail Store,False,5363.700000000001,2025-04
ORD12362,2024-05-12,CUST1300,Customer_1300,North,Beauty,Perfume,4,2152.4,0.1,170.36,Cash On Delivery,Online,False,7748.64,2024-05
ORD12025,2024-03-01,CUST1159,Customer_1159,East,Sports,Running Shoes,4,1106.06,0.25,23.0,Cash On Delivery,Online,False,3318.18,2024-03
ORD13397,2024-11-15,CUST1361,Customer_1361,East,Home & Kitchen,Bedsheet,1,1665.61,0.2,17.51,Cash On Delivery,Online,False,1332.488,2024-11
ORD11521,2025-03-25,CUST1186,Customer_1186,South,Beauty,Sunscreen,4,1560.09,0.05,0.0,Net Banking,Retail Store,False,5928.342,2025-03
ORD13499,2024-06-15,CUST1262,Customer_1262,South,Electronics,Tablet,3,39017.26,0.1,33.71,Cash On Delivery,Online,False,105346.602,2024-06
ORD10250,2024-09-24,CUST1380,Customer_1380,East,Electronics,Tablet,5,1920.85,0.1,0.0,Net Banking,Retail Store,False,8643.825,2024-09
ORD11625,2025-11-30,CUST1128,Customer_1128,South,Sports,Yoga Mat,5,4960.36,0.25,37.57,Upi,Online,False,18601.35,2025-11
ORD14606,2024-05-22,CUST1058,Customer_1058,West,Electronics,Smartphone,2,46207.75,0.05,0.0,Debit Card,Retail Store,False,87794.72499999999,2024-05
ORD10329,2025-06-05,CUST1249,Customer_1249,West,Beauty,Shampoo,1,1784.17,0.25,0.0,Cash On Delivery,Retail Store,False,1338.1275,2025-06
ORD13759,2024-08-17,CUST1103,Customer_1103,South,Clothing,Jacket,2,782.19,0.25,0.0,Cash On Delivery,Retail Store,False,1173.285,2024-08
ORD12741,2024-08-15,CUST1254,Customer_1254,East,Sports,Cycling Helmet,1,532.36,0.1,118.97,Credit Card,Online,False,479.124,2024-08
ORD10393,2024-07-23,CUST1139,Customer_1139,Unknown,Electronics,Tablet,5,13769.74,0.15,0.0,Net Banking,Retail Store,False,58521.395,2024-07
ORD10610,2025-11-17,CUST1314,Customer_1314,West,Home & Kitchen,Cookware Set,5,4741.81,0.1,10.94,Credit Card,Online,False,21338.145000000004,2025-11
ORD12665,2024-10-21,CUST1020,Customer_1020,West,Beauty,Lipstick,2,994.92,0.0,0.0,Upi,Retail Store,False,1989.84,2024-10
ORD13665,2025-02-21,CUST1276,Customer_1276,East,Clothing,Jacket,2,2593.76,0.15,0.0,Net Banking,Retail Store,False,4409.392,2025-02
ORD14146,2024-03-21,CUST1350,Customer_1350,West,Sports,Cycling Helmet,4,3887.28,0.2,0.0,Cash On Delivery,Retail Store,False,12439.296000000002,2024-03
ORD13069,2025-09-11,CUST1050,Customer_1050,North,Sports,Cycling Helmet,1,1854.1,0.0,121.6,Debit Card,Online,False,1854.1,2025-09
ORD13201,2024-08-24,CUST1099,Customer_1099,East,Beauty,Shampoo,5,1663.06,0.25,191.6,Debit Card,Online,False,6236.474999999999,2024-08
ORD12675,2025-12-11,CUST1235,Customer_1235,North,Beauty,Perfume,3,1342.1,0.0,0.0,Credit Card,Retail Store,False,4026.2999999999997,2025-12
ORD13540,2025-03-07,CUST1366,Customer_1366,West,Electronics,Headphones,1,10342.48,0.1,0.0,Unknown,Retail Store,False,9308.232,2025-03
ORD13266,2024-02-24,CUST1009,Customer_1009,North,Beauty,Shampoo,4,2451.0,0.15,0.0,Credit Card,Retail Store,False,8333.4,2024-02
ORD14186,2024-11-27,CUST1213,Customer_1213,South,Electronics,Headphones,1,21199.85,0.05,134.75,Net Banking,Online,False,20139.8575,2024-11
ORD10205,2025-06-26,CUST1299,Customer_1299,North,Home & Kitchen,Lamp,1,7582.26,0.2,198.47,Debit Card,Online,False,6065.808000000001,2025-06
ORD14268,2024-07-13,CUST1029,Customer_1029,South,Electronics,Smartwatch,3,46054.05,0.0,0.0,Unknown,Retail Store,False,138162.15000000002,2024-07
ORD11213,2025-12-06,CUST1226,Customer_1226,East,Clothing,T-Shirt,1,2679.33,0.0,0.0,Debit Card,Retail Store,False,2679.33,2025-12
ORD13080,2025-01-30,CUST1145,Customer_1145,East,Clothing,Shoes,4,2373.07,0.0,178.46,Debit Card,Online,False,9492.28,2025-01
ORD13382,2024-06-19,CUST1336,Customer_1336,South,Electronics,Headphones,4,24342.86,0.0,129.95,Net Banking,Online,False,97371.44,2024-06
ORD12036,2025-01-01,CUST1366,Customer_1366,West,Sports,Yoga Mat,5,4814.83,0.0,0.0,Cash On Delivery,Retail Store,False,24074.15,2025-01
ORD14203,2024-01-08,CUST1221,Customer_1221,South,Electronics,Smartwatch,2,38811.01,0.05,0.0,Net Banking,Retail Store,False,73740.919,2024-01
ORD12458,2024-07-25,CUST1218,Customer_1218,North,Clothing,Shoes,5,2988.03,0.0,0.0,Net Banking,Retail Store,False,14940.150000000001,2024-07
ORD13048,2025-03-22,CUST1164,Customer_1164,West,Clothing,Dress,3,1375.0,0.15,0.0,Cash On Delivery,Retail Store,False,3506.25,2025-03
ORD14960,2024-04-26,CUST1330,Customer_1330,South,Home & Kitchen,Lamp,4,7468.37,0.1,0.0,Upi,Retail Store,False,26886.132,2024-04
ORD13900,2024-12-06,CUST1188,Customer_1188,South,Sports,Yoga Mat,2,3841.31,0.0,0.0,Cash On Delivery,Retail Store,False,7682.62,2024-12
ORD10642,2025-10-09,CUST1125,Customer_1125,Unknown,Beauty,Sunscreen,2,1109.98,0.25,0.0,Debit Card,Retail Store,False,1664.97,2025-10
ORD13213,2024-05-08,CUST1056,Customer_1056,North,Electronics,Smartwatch,1,35588.38,0.25,63.22,Credit Card,Online,False,26691.284999999996,2024-05
ORD13814,2024-11-15,CUST1189,Customer_1189,West,Clothing,Shoes,2,1370.53,0.1,183.48,Credit Card,Online,False,2466.954,2024-11
ORD11650,2024-12-09,CUST1190,Customer_1190,East,Sports,Running Shoes,2,2786.97,0.1,80.27,Debit Card,Online,False,5016.545999999999,2024-12
ORD13118,2024-10-10,CUST1293,Customer_1293,North,Electronics,Tablet,2,5140.8,0.05,109.17,Debit Card,Online,False,9767.52,2024-10
ORD11596,2024-10-08,CUST1210,Customer_1210,West,Sports,Yoga Mat,5,4905.0,0.0,0.0,Debit Card,Retail Store,False,24525.0,2024-10
ORD11471,2025-04-11,CUST1048,Customer_1048,North,Sports,Running Shoes,1,2833.21,0.2,0.0,Net Banking,Retail Store,False,2266.568,2025-04
ORD11177,2025-07-03,CUST1254,Customer_1254,South,Clothing,Dress,4,792.01,0.2,121.95,Net Banking,Online,False,2534.4320000000002,2025-07
ORD11891,2025-06-27,CUST1324,Customer_1324,South,Home & Kitchen,Cookware Set,3,5835.79,0.0,0.0,Cash On Delivery,Retail Store,False,17507.37,2025-06
ORD14829,2025-12-19,CUST1264,Customer_1264,South,Home & Kitchen,Bedsheet,5,3651.79,0.0,108.79,Debit Card,Online,False,18258.95,2025-12
ORD11962,2024-07-11,CUST1139,Customer_1139,Unknown,Sports,Cricket Bat,5,713.96,0.1,6.41,Net Banking,Online,False,3212.82,2024-07
ORD11236,2024-06-09,CUST1074,Customer_1074,West,Beauty,Face Cream,1,1342.1,0.1,115.58,Credit Card,Online,False,1207.8899999999999,2024-06
ORD10659,2024-11-27,CUST1369,Customer_1369,North,Beauty,Face Cream,1,1532.26,0.1,0.0,Upi,Retail Store,False,1379.034,2024-11
ORD11630,2024-07-15,CUST1289,Customer_1289,East,Sports,Yoga Mat,2,856.1,0.0,0.0,Net Banking,Retail Store,False,1712.2,2024-07
ORD10771,2024-07-28,CUST1116,Customer_1116,North,Home & Kitchen,Lamp,1,2436.39,0.1,83.18,Cash On Delivery,Online,False,2192.7509999999997,2024-07
ORD13359,2024-11-02,CUST1356,Customer_1356,North,Beauty,Shampoo,2,2355.08,0.05,0.0,Upi,Retail Store,False,4474.652,2024-11
ORD10044,2025-11-19,CUST1256,Customer_1256,North,Sports,Running Shoes,4,911.43,0.0,0.0,Debit Card,Retail Store,False,3645.72,2025-11
ORD12158,2024-09-18,CUST1323,Customer_1323,West,Electronics,Laptop,3,29434.45,0.05,0.0,Net Banking,Retail Store,False,83888.1825,2024-09
ORD10196,2024-07-11,CUST1159,Customer_1159,East,Home & Kitchen,Lamp,1,6077.93,0.0,0.0,Cash On Delivery,Retail Store,False,6077.93,2024-07
ORD12019,2024-12-22,CUST1058,Customer_1058,South,Sports,Cycling Helmet,1,624.28,0.1,0.0,Net Banking,Retail Store,False,561.852,2024-12
ORD14376,2025-05-02,CUST1068,Customer_1068,West,Clothing,T-Shirt,3,1335.35,0.2,116.82,Unknown,Online,False,3204.84,2025-05
ORD10102,2025-01-09,CUST1024,Customer_1024,South,Electronics,Laptop,4,50806.7,0.1,0.0,Credit Card,Retail Store,False,182904.12,2025-01
ORD12762,2025-02-09,CUST1272,Customer_1272,West,Clothing,Jacket,5,2727.22,0.05,0.0,Cash On Delivery,Retail Store,False,12954.294999999998,2025-02
ORD13032,2024-06-23,CUST1383,Customer_1383,South,Clothing,Jeans,5,1602.98,0.1,0.0,Net Banking,Retail Store,False,7213.41,2024-06
ORD10218,2025-04-02,CUST1142,Customer_1142,West,Electronics,Tablet,2,23650.3,0.25,80.69,Credit Card,Online,False,35475.45,2025-04
ORD14183,2024-12-01,CUST1233,Customer_1233,Unknown,Electronics,Smartwatch,3,48673.51,0.05,85.6,Net Banking,Online,False,138719.5035,2024-12
ORD12249,2025-02-19,CUST1359,Customer_1359,North,Sports,Running Shoes,2,4388.39,0.2,0.0,Credit Card,Retail Store,False,7021.424000000001,2025-02
ORD14761,2024-04-20,CUST1350,Customer_1350,South,Home & Kitchen,Vacuum Cleaner,-4,1831.66,0.15,83.24,Debit Card,Online,True,-6227.644,2024-04
ORD11414,2024-07-29,CUST1079,Customer_1079,East,Electronics,Smartphone,3,26389.83,0.0,64.79,Credit Card,Online,False,79169.49,2024-07
ORD12228,2025-06-30,CUST1134,Customer_1134,North,Electronics,Smartphone,1,33279.03,0.0,0.0,Credit Card,Retail Store,False,33279.03,2025-06
ORD10863,2024-08-19,CUST1295,Customer_1295,East,Sports,Cycling Helmet,3,3312.27,0.05,0.0,Cash On Delivery,Retail Store,False,9439.9695,2024-08
ORD10136,2024-03-28,CUST1396,Customer_1396,North,Home & Kitchen,Blender,3,4647.78,0.2,16.41,Debit Card,Online,False,11154.672,2024-03
ORD14089,2024-05-25,CUST1347,Customer_1347,East,Sports,Running Shoes,3,5718.03,0.1,175.32,Cash On Delivery,Online,False,15438.681,2024-05
ORD13375,2024-04-13,CUST1048,Customer_1048,West,Clothing,Shoes,4,2241.16,0.15,0.0,Upi,Retail Store,False,7619.9439999999995,2024-04
ORD11273,2024-05-17,CUST1331,Customer_1331,West,Electronics,Headphones,2,4419.28,0.0,189.93,Credit Card,Online,False,8838.56,2024-05
ORD10133,2024-08-23,CUST1028,Customer_1028,West,Electronics,Smartphone,1,26883.71,0.0,184.83,Upi,Online,False,26883.71,2024-08
ORD10223,2025-04-08,CUST1336,Customer_1336,East,Sports,Cycling Helmet,3,1932.14,0.1,0.0,Cash On Delivery,Retail Store,False,5216.778,2025-04
ORD13179,2025-01-15,CUST1234,Customer_1234,West,Beauty,Face Cream,5,2312.54,0.2,0.0,Cash On Delivery,Retail Store,False,9250.160000000002,2025-01
ORD14338,2024-03-27,CUST1297,Customer_1297,East,Clothing,Jacket,5,1467.67,0.05,0.0,Credit Card,Retail Store,False,6971.4325,2024-03
ORD11412,2025-11-02,CUST1128,Customer_1128,East,Sports,Yoga Mat,1,865.01,0.1,105.93,Credit Card,Online,False,778.509,2025-11
ORD11160,2024-04-25,CUST1291,Customer_1291,West,Electronics,Tablet,4,54867.57,0.0,0.0,Cash On Delivery,Retail Store,False,219470.28,2024-04
ORD10462,2024-12-15,CUST1336,Customer_1336,West,Clothing,T-Shirt,2,2618.5,0.0,0.0,Cash On Delivery,Retail Store,False,5237.0,2024-12
ORD12981,2025-01-17,CUST1169,Customer_1169,West,Electronics,Smartphone,1,55077.98,0.2,0.0,Debit Card,Retail Store,False,44062.384000000005,2025-01
ORD10933,2024-04-01,CUST1392,Customer_1392,North,Sports,Cycling Helmet,4,4577.71,0.25,0.0,Debit Card,Retail Store,False,13733.130000000001,2024-04
ORD14450,2025-11-26,CUST1232,Customer_1232,North,Beauty,Perfume,3,822.94,0.1,85.27,Cash On Delivery,Online,False,2221.938,2025-11
ORD12233,2025-04-06,CUST1301,Customer_1301,East,Sports,Yoga Mat,5,2580.41,0.25,132.66,Credit Card,Online,False,9676.537499999999,2025-04
ORD13608,2025-09-27,CUST1243,Customer_1243,East,Electronics,Headphones,3,53763.35,0.0,179.06,Credit Card,Online,False,161290.05,2025-09
ORD11301,2024-08-15,CUST1332,Customer_1332,East,Beauty,Face Cream,2,1947.41,0.15,139.98,Upi,Online,False,3310.597,2024-08
ORD10082,2024-09-13,CUST1099,Customer_1099,West,Home & Kitchen,Bedsheet,4,4455.95,0.0,142.28,Upi,Online,False,17823.8,2024-09
ORD12445,2025-04-26,CUST1160,Customer_1160,North,Beauty,Face Cream,5,1051.96,0.05,0.0,Upi,Retail Store,False,4996.8099999999995,2025-04
ORD12910,2025-07-02,CUST1230,Customer_1230,East,Electronics,Tablet,3,22916.98,0.0,0.0,Debit Card,Retail Store,False,68750.94,2025-07
ORD11540,2024-04-06,CUST1048,Customer_1048,South,Sports,Cycling Helmet,2,2829.73,0.0,0.0,Upi,Retail Store,False,5659.46,2024-04
ORD11702,2025-09-20,CUST1387,Customer_1387,West,Electronics,Laptop,5,35761.5,0.0,198.89,Debit Card,Online,False,178807.5,2025-09
ORD11720,2025-06-07,CUST1007,Customer_1007,East,Sports,Yoga Mat,3,5798.44,0.0,177.6,Credit Card,Online,False,17395.32,2025-06
ORD11613,2025-05-15,CUST1346,Customer_1346,East,Clothing,Jacket,2,948.41,0.0,54.02,Debit Card,Online,False,1896.82,2025-05
ORD14855,2024-03-05,CUST1044,Customer_1044,North,Beauty,Sunscreen,5,1440.43,0.0,110.91,Debit Card,Online,False,7202.150000000001,2024-03
ORD10190,2024-09-26,CUST1203,Customer_1203,North,Beauty,Lipstick,3,1018.09,0.25,30.23,Net Banking,Online,False,2290.7025,2024-09
ORD13014,2024-02-12,CUST1362,Customer_1362,South,Electronics,Headphones,4,13707.09,0.1,0.0,Credit Card,Retail Store,False,49345.524000000005,2024-02
ORD13685,2024-02-06,CUST1396,Customer_1396,South,Beauty,Lipstick,2,1998.65,0.15,0.0,Net Banking,Retail Store,False,3397.705,2024-02
ORD13435,2025-01-17,CUST1187,Customer_1187,East,Electronics,Laptop,1,31481.22,0.1,97.57,Unknown,Online,False,28333.098,2025-01
ORD10927,2025-10-07,CUST1214,Customer_1214,South,Electronics,Headphones,3,42181.9,0.15,0.0,Debit Card,Retail Store,False,107563.845,2025-10
ORD13323,2025-08-27,CUST1053,Customer_1053,West,Clothing,Shoes,3,1943.45,0.25,85.17,Net Banking,Online,False,4372.762500000001,2025-08
ORD11427,2025-06-06,CUST1008,Customer_1008,South,Electronics,Headphones,3,18330.36,0.0,0.0,Upi,Retail Store,False,54991.08,2025-06
ORD11016,2024-12-01,CUST1315,Customer_1315,North,Sports,Cycling Helmet,2,3237.65,0.0,22.13,Upi,Online,False,6475.3,2024-12
ORD10587,2025-04-21,CUST1095,Customer_1095,South,Home & Kitchen,Cookware Set,1,2858.4,0.05,77.12,Debit Card,Online,False,2715.48,2025-04
ORD10100,2024-05-24,CUST1073,Customer_1073,North,Home & Kitchen,Vacuum Cleaner,3,4712.38,0.05,0.0,Cash On Delivery,Retail Store,False,13430.283,2024-05
ORD11477,2025-05-25,CUST1106,Customer_1106,North,Electronics,Smartwatch,2,25348.59,0.0,162.17,Credit Card,Online,False,50697.18,2025-05
ORD13652,2025-04-03,CUST1373,Customer_1373,South,Sports,Running Shoes,2,4257.7,0.2,0.0,Debit Card,Retail Store,False,6812.32,2025-04
ORD10366,2025-07-13,CUST1229,Customer_1229,South,Sports,Dumbbells,5,2965.03,0.0,0.0,Upi,Retail Store,False,14825.150000000001,2025-07
ORD10593,2024-10-30,CUST1211,Customer_1211,South,Beauty,Face Cream,5,906.49,0.1,131.9,Net Banking,Online,False,4079.205,2024-10
ORD10486,2024-01-13,CUST1287,Customer_1287,Unknown,Clothing,Dress,2,1455.28,0.15,131.59,Debit Card,Online,False,2473.976,2024-01
ORD11897,2025-08-15,CUST1016,Customer_1016,South,Home & Kitchen,Bedsheet,3,5400.74,0.1,0.0,Credit Card,Retail Store,False,14581.998,2025-08
ORD12930,2025-06-03,CUST1117,Customer_1117,South,Clothing,Dress,2,1832.03,0.15,0.0,Cash On Delivery,Retail Store,False,3114.451,2025-06
ORD14520,2025-01-28,CUST1316,Customer_1316,North,Beauty,Shampoo,3,893.34,0.0,0.0,Net Banking,Retail Store,False,2680.02,2025-01
ORD14180,2025-08-06,CUST1369,Customer_1369,North,Sports,Cycling Helmet,1,2914.67,0.05,114.21,Net Banking,Online,False,2768.9365,2025-08
ORD13218,2024-04-30,CUST1356,Customer_1356,West,Sports,Cycling Helmet,5,4461.16,0.15,0.0,Cash On Delivery,Retail Store,False,18959.93,2024-04
ORD13865,2025-08-20,CUST1290,Customer_1290,North,Sports,Cycling Helmet,2,2430.29,0.0,55.13,Net Banking,Online,False,4860.58,2025-08
ORD10757,2025-05-24,CUST1053,Customer_1053,South,Sports,Dumbbells,3,3615.85,0.25,111.99,Debit Card,Online,False,8135.662499999999,2025-05
ORD11179,2025-04-20,CUST1075,Customer_1075,North,Sports,Running Shoes,4,2153.25,0.0,25.31,Upi,Online,False,8613.0,2025-04
ORD10599,2025-12-05,CUST1105,Customer_1105,South,Clothing,Jeans,3,1668.54,0.1,37.47,Credit Card,Online,False,4505.058,2025-12
ORD13938,2025-01-08,CUST1233,Customer_1233,West,Beauty,Sunscreen,2,1777.94,0.15,178.08,Credit Card,Online,False,3022.498,2025-01
ORD11457,2025-05-25,CUST1395,Customer_1395,South,Sports,Dumbbells,2,5703.18,0.2,0.0,Debit Card,Retail Store,False,9125.088000000002,2025-05
ORD11230,2024-12-11,CUST1050,Customer_1050,South,Sports,Cricket Bat,4,1553.78,0.05,0.0,Credit Card,Retail Store,False,5904.364,2024-12
ORD10358,2025-12-21,CUST1151,Customer_1151,South,Clothing,T-Shirt,1,2198.92,0.0,172.08,Cash On Delivery,Online,False,2198.92,2025-12
ORD13509,2024-10-29,CUST1398,Customer_1398,West,Sports,Running Shoes,2,2546.94,0.2,134.85,Credit Card,Online,False,4075.1040000000003,2024-10
ORD14740,2024-05-21,CUST1252,Customer_1252,Unknown,Clothing,T-Shirt,5,749.53,0.0,53.84,Debit Card,Online,False,3747.6499999999996,2024-05
ORD14587,2025-11-25,CUST1274,Customer_1274,West,Clothing,T-Shirt,1,1395.29,0.25,0.0,Cash On Delivery,Retail Store,False,1046.4675,2025-11
ORD14929,2025-05-08,CUST1068,Customer_1068,East,Clothing,Dress,2,1200.74,0.05,0.0,Net Banking,Retail Store,False,2281.406,2025-05
ORD14312,2024-05-03,CUST1194,Customer_1194,East,Sports,Cycling Helmet,2,1619.23,0.0,34.89,Upi,Online,False,3238.46,2024-05
ORD11549,2024-01-05,CUST1309,Customer_1309,South,Beauty,Perfume,3,921.12,0.05,110.1,Upi,Online,False,2625.192,2024-01
ORD10941,2025-10-19,CUST1142,Customer_1142,East,Electronics,Laptop,5,44657.23,0.25,0.0,Credit Card,Retail Store,False,167464.61250000002,2025-10
ORD14963,2025-07-30,CUST1263,Customer_1263,South,Electronics,Laptop,5,38288.29,0.05,0.0,Upi,Retail Store,False,181869.3775,2025-07
ORD10557,2025-06-18,CUST1005,Customer_1005,East,Beauty,Lipstick,4,1816.98,0.0,0.0,Debit Card,Retail Store,False,7267.92,2025-06
ORD12872,2025-09-17,CUST1299,Customer_1299,South,Electronics,Laptop,5,59867.56,0.2,157.03,Credit Card,Online,False,239470.24,2025-09
ORD11729,2025-12-17,CUST1068,Customer_1068,North,Sports,Yoga Mat,3,1716.07,0.0,0.0,Cash On Delivery,Retail Store,False,5148.21,2025-12
ORD12706,2025-06-02,CUST1083,Customer_1083,West,Beauty,Perfume,5,1678.74,0.0,0.0,Credit Card,Retail Store,False,8393.7,2025-06
ORD11523,2025-11-14,CUST1050,Customer_1050,South,Clothing,Dress,5,2980.43,0.1,0.0,Upi,Retail Store,False,13411.935,2025-11
ORD14693,2025-03-13,CUST1053,Customer_1053,West,Clothing,T-Shirt,1,1168.19,0.05,0.0,Cash On Delivery,Retail Store,False,1109.7805,2025-03
ORD10191,2025-08-09,CUST1356,Customer_1356,West,Electronics,Headphones,3,25718.22,0.25,78.96,Upi,Online,False,57865.995,2025-08
ORD13862,2024-10-05,CUST1021,Customer_1021,Unknown,Home & Kitchen,Blender,2,4145.32,0.1,0.0,Net Banking,Retail Store,False,7461.576,2024-10
ORD12349,2025-05-01,CUST1151,Customer_1151,East,Beauty,Perfume,3,998.37,0.0,0.0,Upi,Retail Store,False,2995.11,2025-05
ORD12064,2025-03-31,CUST1368,Customer_1368,North,Beauty,Face Cream,4,1036.72,0.05,145.91,Upi,Online,False,3939.536,2025-03
ORD14427,2024-05-19,CUST1160,Customer_1160,West,Beauty,Lipstick,3,298.47,0.05,0.0,Debit Card,Retail Store,False,850.6395,2024-05
ORD11248,2024-08-03,CUST1176,Customer_1176,East,Home & Kitchen,Cookware Set,4,2309.3,0.25,36.05,Cash On Delivery,Online,False,6927.900000000001,2024-08
ORD13283,2025-07-08,CUST1070,Customer_1070,East,Home & Kitchen,Blender,4,7505.9,0.1,137.15,Debit Card,Online,False,27021.239999999998,2025-07
ORD10197,2024-02-29,CUST1028,Customer_1028,West,Sports,Dumbbells,1,562.11,0.05,0.0,Credit Card,Retail Store,False,534.0045,2024-02
ORD14942,2025-12-05,CUST1164,Customer_1164,East,Electronics,Headphones,4,31539.56,0.1,0.0,Credit Card,Retail Store,False,113542.41600000001,2025-12
ORD11635,2024-02-22,CUST1026,Customer_1026,West,Beauty,Sunscreen,5,2036.45,0.0,0.0,Cash On Delivery,Retail Store,False,10182.25,2024-02
ORD11159,2025-03-24,CUST1052,Customer_1052,North,Sports,Cycling Helmet,3,3524.57,0.05,0.0,Cash On Delivery,Retail Store,False,10045.0245,2025-03
ORD10256,2025-12-11,CUST1294,Customer_1294,East,Electronics,Laptop,2,7728.2,0.1,0.0,Net Banking,Retail Store,False,13910.76,2025-12
ORD13625,2024-02-07,CUST1038,Customer_1038,West,Home & Kitchen,Lamp,5,7300.01,0.0,3.41,Upi,Online,False,36500.05,2024-02
ORD14455,2024-07-12,CUST1297,Customer_1297,West,Home & Kitchen,Bedsheet,5,1364.77,0.2,0.0,Net Banking,Retail Store,False,5459.080000000001,2024-07
ORD12093,2025-03-07,CUST1169,Customer_1169,West,Home & Kitchen,Lamp,3,5435.53,0.1,0.0,Unknown,Retail Store,False,14675.931,2025-03
ORD13639,2024-10-15,CUST1272,Customer_1272,West,Sports,Yoga Mat,3,701.06,0.25,0.0,Credit Card,Retail Store,False,1577.3849999999998,2024-10
ORD10119,2025-01-18,CUST1176,Customer_1176,East,Electronics,Tablet,1,5537.62,0.2,0.0,Cash On Delivery,Retail Store,False,4430.0960000000005,2025-01
ORD14426,2025-06-22,CUST1317,Customer_1317,South,Home & Kitchen,Blender,4,5260.45,0.25,55.35,Debit Card,Online,False,15781.349999999999,2025-06
ORD10246,2024-06-23,CUST1207,Customer_1207,East,Sports,Cycling Helmet,1,3796.55,0.25,158.92,Net Banking,Online,False,2847.4125000000004,2024-06
ORD10808,2024-12-12,CUST1365,Customer_1365,South,Clothing,Shoes,1,576.08,0.15,0.0,Credit Card,Retail Store,False,489.668,2024-12
ORD11078,2025-03-05,CUST1014,Customer_1014,North,Home & Kitchen,Cookware Set,5,1716.52,0.0,0.0,Unknown,Retail Store,False,8582.6,2025-03
ORD14824,2024-08-21,CUST1125,Customer_1125,East,Beauty,Lipstick,5,1363.55,0.0,137.51,Upi,Online,False,6817.75,2024-08
ORD10951,2025-08-06,CUST1167,Customer_1167,South,Clothing,T-Shirt,4,340.05,0.2,14.55,Net Banking,Online,False,1088.16,2025-08
ORD11102,2025-01-29,CUST1003,Customer_1003,North,Beauty,Perfume,2,911.3,0.05,0.0,Net Banking,Retail Store,False,1731.4699999999998,2025-01
ORD10013,2024-06-07,CUST1248,Customer_1248,West,Beauty,Shampoo,4,2327.32,0.25,149.6,Credit Card,Online,False,6981.960000000001,2024-06
ORD12038,2025-10-29,CUST1279,Customer_1279,East,Beauty,Shampoo,4,685.49,0.15,27.94,Credit Card,Online,False,2330.666,2025-10
ORD10759,2024-01-07,CUST1110,Customer_1110,North,Beauty,Perfume,5,1343.69,0.15,154.92,Upi,Online,False,5710.682500000001,2024-01
ORD13998,2024-09-22,CUST1021,Customer_1021,North,Electronics,Smartwatch,2,23003.74,0.1,0.0,Credit Card,Retail Store,False,41406.732,2024-09
ORD13949,2024-04-14,CUST1152,Customer_1152,West,Electronics,Smartwatch,2,46943.02,0.25,108.14,Net Banking,Online,False,70414.53,2024-04
ORD10343,2025-07-01,CUST1352,Customer_1352,South,Beauty,Face Cream,5,279.71,0.15,0.0,Credit Card,Retail Store,False,1188.7675,2025-07
ORD10646,2024-10-19,CUST1164,Customer_1164,South,Beauty,Shampoo,5,1309.24,0.2,8.39,Debit Card,Online,False,5236.96,2024-10
ORD12459,2024-05-21,CUST1015,Customer_1015,East,Electronics,Tablet,5,18734.38,0.2,0.0,Debit Card,Retail Store,False,74937.52,2024-05
ORD12819,2025-02-05,CUST1007,Customer_1007,Unknown,Beauty,Sunscreen,5,1872.74,0.05,170.38,Upi,Online,False,8895.515,2025-02
ORD13178,2025-02-16,CUST1267,Customer_1267,South,Clothing,Shoes,3,1743.67,0.2,145.74,Cash On Delivery,Online,False,4184.808,2025-02
ORD13746,2025-12-03,CUST1394,Customer_1394,South,Home & Kitchen,Blender,3,5513.61,0.0,0.0,Upi,Retail Store,False,16540.829999999998,2025-12
ORD12753,2024-12-15,CUST1205,Customer_1205,South,Clothing,Jacket,2,2474.08,0.0,13.0,Cash On Delivery,Online,False,4948.16,2024-12
ORD12640,2025-08-04,CUST1203,Customer_1203,West,Electronics,Smartphone,1,35177.74,0.1,0.0,Upi,Retail Store,False,31659.966,2025-08
ORD14043,2024-02-05,CUST1366,Customer_1366,North,Home & Kitchen,Cookware Set,2,7701.01,0.0,83.0,Upi,Online,False,15402.02,2024-02
ORD10273,2024-12-04,CUST1064,Customer_1064,East,Beauty,Face Cream,2,1996.45,0.0,0.0,Credit Card,Retail Store,False,3992.9,2024-12
ORD10045,2024-06-13,CUST1265,Customer_1265,West,Beauty,Perfume,2,1254.52,0.0,0.0,Upi,Retail Store,False,2509.04,2024-06
ORD13921,2024-04-02,CUST1177,Customer_1177,North,Sports,Cycling Helmet,5,5588.89,0.05,0.0,Net Banking,Retail Store,False,26547.2275,2024-04
ORD11356,2024-07-17,CUST1273,Customer_1273,North,Beauty,Face Cream,5,1865.95,0.2,183.26,Upi,Online,False,7463.8,2024-07
ORD11147,2024-08-07,CUST1387,Customer_1387,East,Beauty,Shampoo,2,1328.76,0.05,0.0,Credit Card,Retail Store,False,2524.644,2024-08
ORD13706,2025-06-21,CUST1183,Customer_1183,South,Sports,Running Shoes,4,3308.78,0.0,9.83,Cash On Delivery,Online,False,13235.12,2025-06
ORD13872,2024-08-12,CUST1140,Customer_1140,West,Clothing,Jacket,4,2737.58,0.05,0.0,Debit Card,Retail Store,False,10402.804,2024-08
ORD11852,2025-11-14,CUST1336,Customer_1336,South,Beauty,Shampoo,2,779.57,0.2,6.68,Net Banking,Online,False,1247.3120000000001,2025-11
ORD10099,2024-06-10,CUST1316,Customer_1316,West,Electronics,Smartwatch,5,31539.56,0.0,68.04,Cash On Delivery,Online,False,157697.80000000002,2024-06
ORD10756,2024-04-08,CUST1189,Customer_1189,West,Home & Kitchen,Cookware Set,3,2912.47,0.0,0.0,Net Banking,Retail Store,False,8737.41,2024-04
ORD13206,2024-10-15,CUST1088,Customer_1088,East,Clothing,T-Shirt,3,1497.57,0.0,69.7,Unknown,Online,False,4492.71,2024-10
ORD13607,2024-08-06,CUST1108,Customer_1108,West,Beauty,Sunscreen,5,493.48,0.0,0.0,Credit Card,Retail Store,False,2467.4,2024-08
ORD10335,2024-02-23,CUST1078,Customer_1078,East,Beauty,Lipstick,4,1875.75,0.0,0.0,Cash On Delivery,Retail Store,False,7503.0,2024-02
ORD14185,2025-06-30,CUST1045,Customer_1045,South,Home & Kitchen,Bedsheet,2,4124.07,0.2,0.0,Credit Card,Retail Store,False,6598.512,2025-06
ORD14479,2024-02-20,CUST1284,Customer_1284,North,Home & Kitchen,Vacuum Cleaner,1,7077.62,0.05,105.75,Upi,Online,False,6723.739,2024-02
ORD14099,2024-01-10,CUST1237,Customer_1237,South,Beauty,Face Cream,1,1938.36,0.1,71.29,Credit Card,Online,False,1744.524,2024-01
ORD10040,2025-07-30,CUST1174,Customer_1174,South,Clothing,T-Shirt,3,2519.71,0.0,111.61,Debit Card,Online,False,7559.13,2025-07
ORD13960,2024-09-02,CUST1338,Customer_1338,West,Beauty,Lipstick,4,949.7,0.1,0.0,Credit Card,Retail Store,False,3418.92,2024-09
ORD13755,2025-05-23,CUST1079,Customer_1079,North,Clothing,Jacket,3,764.79,0.05,0.0,Cash On Delivery,Retail Store,False,2179.6515,2025-05
ORD14457,2024-06-08,CUST1147,Customer_1147,North,Sports,Dumbbells,3,2186.61,0.0,89.18,Credit Card,Online,False,6559.83,2024-06
ORD12270,2025-04-24,CUST1048,Customer_1048,North,Home & Kitchen,Cookware Set,5,2287.5,0.2,0.0,Unknown,Retail Store,False,9150.0,2025-04
ORD13828,2024-02-18,CUST1069,Customer_1069,North,Home & Kitchen,Cookware Set,4,951.36,0.0,13.37,Credit Card,Online,False,3805.44,2024-02
ORD12358,2024-04-05,CUST1267,Customer_1267,East,Sports,Cycling Helmet,5,3073.16,0.0,31.44,Upi,Online,False,15365.8,2024-04
ORD11745,2024-02-12,CUST1246,Customer_1246,East,Beauty,Face Cream,3,1819.35,0.25,82.21,Credit Card,Online,False,4093.5374999999995,2024-02
ORD14678,2025-04-23,CUST1125,Customer_1125,West,Electronics,Smartwatch,3,8686.22,0.0,20.1,Upi,Online,False,26058.659999999996,2025-04
ORD13910,2024-03-28,CUST1171,Customer_1171,North,Sports,Dumbbells,1,4373.87,0.2,0.0,Debit Card,Retail Store,False,3499.096,2024-03
ORD14414,2025-08-24,CUST1108,Customer_1108,South,Home & Kitchen,Cookware Set,1,5693.44,0.0,0.0,Unknown,Retail Store,False,5693.44,2025-08
ORD14835,2025-12-17,CUST1139,Customer_1139,North,Beauty,Shampoo,3,197.75,0.15,95.73,Net Banking,Online,False,504.2625,2025-12
ORD12778,2025-11-29,CUST1363,Customer_1363,North,Beauty,Face Cream,4,990.86,0.0,1.68,Net Banking,Online,False,3963.44,2025-11
ORD13603,2024-12-23,CUST1200,Customer_1200,South,Electronics,Laptop,1,52652.62,0.0,0.0,Debit Card,Retail Store,False,52652.62,2024-12
ORD12338,2025-02-22,CUST1298,Customer_1298,North,Clothing,Dress,3,2425.89,0.2,80.87,Upi,Online,False,5822.136,2025-02
ORD10306,2024-05-14,CUST1289,Customer_1289,North,Clothing,Jeans,2,1432.87,0.0,0.0,Net Banking,Retail Store,False,2865.74,2024-05
ORD11385,2024-05-16,CUST1222,Customer_1222,West,Electronics,Headphones,2,45176.42,0.0,14.47,Upi,Online,False,90352.84,2024-05
ORD13973,2024-05-02,CUST1304,Customer_1304,East,Electronics,Smartphone,1,47472.34,0.1,0.0,Cash On Delivery,Retail Store,False,42725.106,2024-05
ORD11928,2024-08-30,CUST1227,Customer_1227,South,Beauty,Sunscreen,4,786.6,0.15,107.16,Upi,Online,False,2674.44,2024-08
ORD13856,2025-02-23,CUST1386,Customer_1386,East,Beauty,Face Cream,5,1221.57,0.1,0.0,Upi,Retail Store,False,5497.065,2025-02
ORD11060,2025-12-26,CUST1016,Customer_1016,South,Beauty,Perfume,1,2134.63,0.15,133.29,Credit Card,Online,False,1814.4355,2025-12
ORD10994,2025-06-27,CUST1100,Customer_1100,West,Sports,Yoga Mat,4,667.67,0.15,160.21,Upi,Online,False,2270.078,2025-06
ORD13257,2024-05-08,CUST1175,Customer_1175,East,Clothing,T-Shirt,1,873.56,0.0,0.0,Credit Card,Retail Store,False,873.56,2024-05
ORD11132,2025-05-20,CUST1115,Customer_1115,East,Sports,Dumbbells,3,2182.7,0.0,0.0,Debit Card,Retail Store,False,6548.099999999999,2025-05
ORD12366,2024-08-17,CUST1385,Customer_1385,North,Home & Kitchen,Bedsheet,-3,6661.46,0.0,126.55,Unknown,Online,True,-19984.38,2024-08
ORD10553,2025-12-20,CUST1070,Customer_1070,South,Clothing,Shoes,4,1630.02,0.05,198.78,Credit Card,Online,False,6194.076,2025-12
ORD11854,2025-05-22,CUST1263,Customer_1263,East,Home & Kitchen,Bedsheet,3,3730.59,0.05,0.0,Upi,Retail Store,False,10632.1815,2025-05
ORD13391,2025-10-09,CUST1038,Customer_1038,West,Sports,Cycling Helmet,5,4252.15,0.0,173.48,Upi,Online,False,21260.75,2025-10
ORD14719,2024-01-07,CUST1186,Customer_1186,West,Home & Kitchen,Bedsheet,5,1394.53,0.0,0.0,Debit Card,Retail Store,False,6972.65,2024-01
ORD12833,2024-04-13,CUST1167,Customer_1167,South,Electronics,Headphones,2,22873.19,0.25,0.0,Debit Card,Retail Store,False,34309.784999999996,2024-04
ORD10017,2025-06-01,CUST1339,Customer_1339,North,Electronics,Smartphone,3,7761.6,0.1,0.0,Credit Card,Retail Store,False,20956.320000000003,2025-06
ORD11956,2025-05-05,CUST1317,Customer_1317,South,Beauty,Face Cream,1,605.29,0.25,8.03,Credit Card,Online,False,453.9675,2025-05
ORD14424,2024-09-14,CUST1066,Customer_1066,South,Sports,Running Shoes,1,3156.02,0.25,59.33,Debit Card,Online,False,2367.015,2024-09
ORD10188,2025-11-07,CUST1334,Customer_1334,West,Clothing,Dress,4,854.99,0.1,78.58,Credit Card,Online,False,3077.964,2025-11
ORD10988,2024-01-27,CUST1217,Customer_1217,West,Home & Kitchen,Bedsheet,3,1477.5,0.0,0.0,Credit Card,Retail Store,False,4432.5,2024-01
ORD13227,2025-06-27,CUST1237,Customer_1237,South,Electronics,Smartphone,1,46925.94,0.15,33.08,Net Banking,Online,False,39887.049,2025-06
ORD10313,2025-04-30,CUST1392,Customer_1392,East,Electronics,Headphones,3,43877.2,0.25,125.44,Cash On Delivery,Online,False,98723.69999999998,2025-04
ORD10494,2025-05-27,CUST1237,Customer_1237,South,Home & Kitchen,Lamp,3,1524.92,0.0,0.0,Cash On Delivery,Retail Store,False,4574.76,2025-05
ORD13819,2025-09-26,CUST1214,Customer_1214,West,Clothing,Shoes,1,2073.35,0.0,111.21,Cash On Delivery,Online,False,2073.35,2025-09
ORD10685,2025-05-03,CUST1088,Customer_1088,South,Home & Kitchen,Vacuum Cleaner,1,5931.01,0.0,0.0,Cash On Delivery,Retail Store,False,5931.01,2025-05
ORD13483,2025-12-05,CUST1105,Customer_1105,North,Clothing,T-Shirt,5,1397.4,0.0,0.0,Credit Card,Retail Store,False,6987.0,2025-12
ORD13926,2024-10-05,CUST1385,Customer_1385,South,Electronics,Tablet,5,5058.74,0.0,168.55,Cash On Delivery,Online,False,25293.699999999997,2024-10
ORD14774,2025-10-25,CUST1235,Customer_1235,North,Home & Kitchen,Lamp,3,4731.69,0.1,14.36,Upi,Online,False,12775.563,2025-10
ORD13896,2025-10-09,CUST1140,Customer_1140,South,Clothing,Jeans,1,2417.06,0.0,0.0,Credit Card,Retail Store,False,2417.06,2025-10
ORD12197,2024-02-04,CUST1260,Customer_1260,North,Beauty,Face Cream,3,1543.35,0.0,0.0,Debit Card,Retail Store,False,4630.049999999999,2024-02
ORD14360,2024-10-31,CUST1049,Customer_1049,West,Beauty,Lipstick,1,1271.77,0.2,0.0,Credit Card,Retail Store,False,1017.416,2024-10
ORD14389,2024-12-22,CUST1150,Customer_1150,East,Sports,Cycling Helmet,4,1201.86,0.2,62.73,Debit Card,Online,False,3845.9519999999998,2024-12
ORD14607,2025-08-08,CUST1263,Customer_1263,South,Home & Kitchen,Bedsheet,4,7748.21,0.1,179.11,Unknown,Online,False,27893.556,2025-08
ORD13354,2024-10-01,CUST1326,Customer_1326,North,Sports,Cycling Helmet,4,2195.9,0.0,81.65,Debit Card,Online,False,8783.6,2024-10
ORD10761,2025-05-26,CUST1206,Customer_1206,North,Sports,Running Shoes,4,1393.5,0.1,45.33,Cash On Delivery,Online,False,5016.6,2025-05
ORD12846,2024-12-21,CUST1090,Customer_1090,Unknown,Sports,Running Shoes,1,5805.14,0.15,85.0,Upi,Online,False,4934.369000000001,2024-12
ORD13147,2024-11-03,CUST1278,Customer_1278,South,Electronics,Laptop,1,46869.88,0.0,0.0,Upi,Retail Store,False,46869.88,2024-11
ORD11021,2025-03-04,CUST1259,Customer_1259,North,Sports,Yoga Mat,4,4786.36,0.0,79.3,Credit Card,Online,False,19145.44,2025-03
ORD13016,2025-10-30,CUST1028,Customer_1028,North,Home & Kitchen,Cookware Set,1,891.4,0.0,0.0,Net Banking,Retail Store,False,891.4,2025-10
ORD10420,2025-09-30,CUST1338,Customer_1338,South,Beauty,Shampoo,2,887.77,0.25,37.02,Debit Card,Online,False,1331.655,2025-09
ORD14107,2024-08-28,CUST1360,Customer_1360,East,Sports,Cricket Bat,2,3806.33,0.2,0.0,Cash On Delivery,Retail Store,False,6090.128000000001,2024-08
ORD13971,2025-08-01,CUST1140,Customer_1140,South,Electronics,Smartphone,2,31539.56,0.2,50.79,Debit Card,Online,False,50463.296,2025-08
ORD14744,2025-03-24,CUST1107,Customer_1107,East,Clothing,Jeans,2,2403.91,0.2,76.92,Cash On Delivery,Online,False,3846.256,2025-03
ORD10589,2025-04-17,CUST1252,Customer_1252,Unknown,Beauty,Face Cream,3,1049.72,0.0,67.48,Credit Card,Online,False,3149.16,2025-04
ORD11351,2025-02-04,CUST1267,Customer_1267,South,Electronics,Smartwatch,1,13195.82,0.1,0.0,Net Banking,Retail Store,False,11876.238,2025-02
ORD12618,2025-04-06,CUST1036,Customer_1036,South,Sports,Cycling Helmet,5,3148.65,0.0,133.86,Cash On Delivery,Online,False,15743.25,2025-04
ORD12117,2025-05-31,CUST1014,Customer_1014,West,Beauty,Perfume,-3,1120.22,0.25,0.0,Net Banking,Retail Store,True,-2520.495,2025-05
ORD13498,2024-01-23,CUST1112,Customer_1112,East,Sports,Cricket Bat,5,720.17,0.0,74.68,Cash On Delivery,Online,False,3600.85,2024-01
ORD11344,2024-05-21,CUST1372,Customer_1372,North,Electronics,Smartphone,4,41010.75,0.2,2.76,Cash On Delivery,Online,False,131234.4,2024-05
ORD11034,2024-06-28,CUST1053,Customer_1053,West,Home & Kitchen,Lamp,2,6963.86,0.1,118.48,Net Banking,Online,False,12534.948,2024-06
ORD10316,2024-07-13,CUST1154,Customer_1154,West,Clothing,Dress,3,400.97,0.0,0.0,Net Banking,Retail Store,False,1202.91,2024-07
ORD14943,2025-10-23,CUST1233,Customer_1233,North,Beauty,Shampoo,2,1766.36,0.0,88.72,Cash On Delivery,Online,False,3532.72,2025-10
ORD10331,2025-10-07,CUST1353,Customer_1353,South,Electronics,Smartphone,5,59044.6,0.25,0.0,Net Banking,Retail Store,False,221417.25,2025-10
ORD12536,2025-01-25,CUST1161,Customer_1161,West,Sports,Cycling Helmet,5,1624.41,0.0,0.0,Debit Card,Retail Store,False,8122.05,2025-01
ORD11321,2024-02-13,CUST1153,Customer_1153,North,Home & Kitchen,Blender,5,6803.24,0.25,108.17,Credit Card,Online,False,25512.149999999998,2024-02
ORD11941,2025-12-03,CUST1190,Customer_1190,West,Sports,Dumbbells,5,1996.2,0.05,0.0,Debit Card,Retail Store,False,9481.949999999999,2025-12
ORD13579,2024-11-04,CUST1181,Customer_1181,East,Electronics,Laptop,1,6880.62,0.0,0.0,Debit Card,Retail Store,False,6880.62,2024-11
ORD11010,2024-09-29,CUST1072,Customer_1072,West,Clothing,Jacket,5,1397.9,0.05,176.07,Net Banking,Online,False,6640.025,2024-09
ORD13137,2024-07-11,CUST1226,Customer_1226,South,Home & Kitchen,Vacuum Cleaner,3,5338.95,0.0,83.18,Unknown,Online,False,16016.849999999999,2024-07
ORD13370,2024-02-03,CUST1143,Customer_1143,East,Clothing,T-Shirt,2,1592.16,0.15,0.0,Credit Card,Retail Store,False,2706.672,2024-02
ORD12624,2025-01-21,CUST1197,Customer_1197,North,Electronics,Tablet,2,20836.0,0.2,109.97,Debit Card,Online,False,33337.6,2025-01
ORD10330,2024-02-08,CUST1115,Customer_1115,South,Clothing,Shoes,-5,2273.47,0.0,0.0,Credit Card,Retail Store,True,-11367.349999999999,2024-02
ORD14533,2024-06-30,CUST1089,Customer_1089,South,Clothing,Jeans,3,626.62,0.1,131.62,Upi,Online,False,1691.8740000000003,2024-06
ORD11435,2024-01-16,CUST1307,Customer_1307,East,Electronics,Laptop,5,28324.35,0.2,0.0,Upi,Retail Store,False,113297.40000000001,2024-01
ORD12179,2025-06-03,CUST1034,Customer_1034,East,Clothing,Shoes,3,1980.98,0.05,65.6,Credit Card,Online,False,5645.793000000001,2025-06
ORD12242,2025-06-04,CUST1191,Customer_1191,West,Electronics,Tablet,4,49028.2,0.1,190.95,Net Banking,Online,False,176501.52,2025-06
ORD11004,2025-06-18,CUST1338,Customer_1338,West,Sports,Yoga Mat,1,4643.86,0.15,0.0,Net Banking,Retail Store,False,3947.2809999999995,2025-06
ORD14621,2024-03-15,CUST1138,Customer_1138,West,Electronics,Laptop,5,49527.37,0.0,13.91,Cash On Delivery,Online,False,247636.85,2024-03
ORD10032,2024-11-14,CUST1242,Customer_1242,North,Electronics,Tablet,2,16490.26,0.0,0.0,Upi,Retail Store,False,32980.52,2024-11
ORD12078,2025-05-11,CUST1324,Customer_1324,West,Beauty,Lipstick,2,817.3,0.0,0.0,Debit Card,Retail Store,False,1634.6,2025-05
ORD13549,2025-02-21,CUST1084,Customer_1084,South,Electronics,Headphones,3,38186.71,0.0,0.0,Net Banking,Retail Store,False,114560.13,2025-02
ORD10789,2025-08-10,CUST1229,Customer_1229,East,Beauty,Perfume,1,932.36,0.0,0.0,Debit Card,Retail Store,False,932.36,2025-08
ORD11857,2025-09-25,CUST1046,Customer_1046,North,Sports,Cycling Helmet,5,3794.89,0.15,149.38,Cash On Delivery,Online,False,16128.2825,2025-09
ORD13144,2024-03-20,CUST1123,Customer_1123,West,Home & Kitchen,Lamp,5,7663.49,0.05,196.88,Debit Card,Online,False,36401.57749999999,2024-03
ORD14407,2024-04-05,CUST1097,Customer_1097,West,Beauty,Perfume,4,251.62,0.0,148.75,Net Banking,Online,False,1006.48,2024-04
ORD13066,2024-08-12,CUST1001,Customer_1001,North,Home & Kitchen,Blender,5,5558.75,0.2,34.35,Credit Card,Online,False,22235.0,2024-08
ORD11785,2024-01-30,CUST1383,Customer_1383,East,Beauty,Sunscreen,4,587.46,0.2,0.0,Credit Card,Retail Store,False,1879.8720000000003,2024-01
ORD11122,2025-03-24,CUST1333,Customer_1333,South,Home & Kitchen,Cookware Set,5,875.92,0.25,0.0,Cash On Delivery,Retail Store,False,3284.7,2025-03
ORD11909,2025-08-31,CUST1108,Customer_1108,North,Clothing,Shoes,3,754.18,0.15,0.0,Upi,Retail Store,False,1923.1589999999999,2025-08
ORD12107,2025-01-07,CUST1344,Customer_1344,South,Clothing,Jeans,1,1653.17,0.0,162.74,Debit Card,Online,False,1653.17,2025-01
ORD13015,2024-05-18,CUST1097,Customer_1097,West,Electronics,Smartwatch,5,14908.31,0.2,110.5,Credit Card,Online,False,59633.240000000005,2024-05
ORD14108,2025-01-27,CUST1316,Customer_1316,North,Sports,Cricket Bat,4,1533.03,0.15,0.0,Net Banking,Retail Store,False,5212.302,2025-01
ORD13899,2025-01-22,CUST1339,Customer_1339,Unknown,Beauty,Face Cream,2,1659.04,0.25,183.92,Net Banking,Online,False,2488.56,2025-01
ORD14859,2024-01-09,CUST1140,Customer_1140,South,Sports,Cycling Helmet,5,1191.66,0.0,0.0,Upi,Retail Store,False,5958.3,2024-01
ORD11125,2024-05-25,CUST1129,Customer_1129,South,Beauty,Lipstick,4,1222.29,0.2,179.73,Upi,Online,False,3911.328,2024-05
ORD14756,2025-10-04,CUST1012,Customer_1012,East,Clothing,Shoes,1,2661.19,0.25,0.0,Debit Card,Retail Store,False,1995.8925,2025-10
ORD10221,2025-02-28,CUST1367,Customer_1367,South,Beauty,Face Cream,3,1224.06,0.0,0.0,Cash On Delivery,Retail Store,False,3672.18,2025-02
ORD11533,2025-05-02,CUST1123,Customer_1123,South,Electronics,Smartwatch,5,20771.24,0.05,0.0,Upi,Retail Store,False,98663.39,2025-05
ORD11398,2024-07-04,CUST1378,Customer_1378,South,Sports,Yoga Mat,1,1477.68,0.15,48.65,Debit Card,Online,False,1256.028,2024-07
ORD12641,2024-04-06,CUST1270,Customer_1270,West,Electronics,Tablet,4,38296.26,0.1,18.87,Cash On Delivery,Online,False,137866.53600000002,2024-04
ORD11995,2025-02-16,CUST1015,Customer_1015,North,Electronics,Smartwatch,3,10400.59,0.2,138.21,Net Banking,Online,False,24961.416,2025-02
ORD13528,2024-03-19,CUST1172,Customer_1172,North,Sports,Yoga Mat,3,2360.28,0.15,110.48,Net Banking,Online,False,6018.714,2024-03
ORD14370,2025-05-27,CUST1128,Customer_1128,South,Home & Kitchen,Bedsheet,3,6439.43,0.2,96.05,Credit Card,Online,False,15454.632000000001,2025-05
ORD12883,2025-01-18,CUST1275,Customer_1275,North,Clothing,Shoes,4,1874.17,0.0,86.99,Net Banking,Online,False,7496.68,2025-01
ORD11922,2025-11-10,CUST1168,Customer_1168,North,Home & Kitchen,Blender,3,4355.55,0.05,85.6,Debit Card,Online,False,12413.317500000001,2025-11
ORD11056,2024-01-10,CUST1027,Customer_1027,South,Beauty,Lipstick,3,338.14,0.0,8.5,Unknown,Online,False,1014.42,2024-01
ORD13668,2024-03-19,CUST1242,Customer_1242,West,Electronics,Laptop,4,55358.82,0.0,6.32,Cash On Delivery,Online,False,221435.28,2024-03
ORD13486,2024-11-09,CUST1109,Customer_1109,East,Clothing,Jeans,4,1896.73,0.0,0.0,Credit Card,Retail Store,False,7586.92,2024-11
ORD14065,2025-10-29,CUST1164,Customer_1164,South,Electronics,Smartphone,3,39133.73,0.05,0.0,Cash On Delivery,Retail Store,False,111531.1305,2025-10
ORD12739,2025-06-12,CUST1339,Customer_1339,North,Clothing,T-Shirt,-4,2454.35,0.25,0.0,Unknown,Retail Store,True,-7363.049999999999,2025-06
ORD13710,2024-08-08,CUST1119,Customer_1119,North,Electronics,Smartphone,4,37525.63,0.1,0.0,Net Banking,Retail Store,False,135092.26799999998,2024-08
ORD11233,2025-10-28,CUST1003,Customer_1003,North,Clothing,Jacket,-5,1782.41,0.1,42.66,Debit Card,Online,True,-8020.845000000001,2025-10
ORD10932,2024-09-18,CUST1231,Customer_1231,East,Electronics,Tablet,1,59601.64,0.25,0.0,Cash On Delivery,Retail Store,False,44701.229999999996,2024-09
ORD14797,2024-11-08,CUST1206,Customer_1206,Unknown,Clothing,Jeans,1,2541.83,0.25,155.4,Debit Card,Online,False,1906.3725,2024-11
ORD11577,2025-12-25,CUST1272,Customer_1272,North,Electronics,Headphones,1,31539.56,0.2,0.0,Upi,Retail Store,False,25231.648,2025-12
ORD13446,2025-12-20,CUST1233,Customer_1233,North,Sports,Dumbbells,5,2572.6,0.0,0.0,Net Banking,Retail Store,False,12863.0,2025-12
ORD12429,2024-06-02,CUST1307,Customer_1307,South,Clothing,Jacket,4,1426.28,0.2,0.0,Credit Card,Retail Store,False,4564.0960000000005,2024-06
ORD14873,2025-06-20,CUST1120,Customer_1120,North,Beauty,Sunscreen,2,1276.43,0.0,184.07,Cash On Delivery,Online,False,2552.86,2025-06
ORD13091,2024-10-16,CUST1302,Customer_1302,East,Beauty,Shampoo,2,2386.97,0.1,165.16,Cash On Delivery,Online,False,4296.545999999999,2024-10
ORD10058,2025-02-08,CUST1058,Customer_1058,South,Beauty,Face Cream,2,1083.92,0.0,0.0,Cash On Delivery,Retail Store,False,2167.84,2025-02
ORD12905,2024-11-09,CUST1041,Customer_1041,West,Beauty,Shampoo,1,1695.5,0.0,184.56,Net Banking,Online,False,1695.5,2024-11
ORD14609,2024-08-01,CUST1370,Customer_1370,North,Beauty,Sunscreen,3,1191.1,0.15,81.97,Debit Card,Online,False,3037.305,2024-08
ORD13085,2025-10-27,CUST1394,Customer_1394,West,Clothing,Jacket,4,2892.69,0.0,0.0,Net Banking,Retail Store,False,11570.76,2025-10
ORD13876,2024-08-15,CUST1224,Customer_1224,East,Sports,Cricket Bat,1,1930.86,0.25,32.72,Net Banking,Online,False,1448.145,2024-08
ORD10116,2025-09-12,CUST1081,Customer_1081,West,Beauty,Sunscreen,3,669.0,0.25,152.37,Net Banking,Online,False,1505.25,2025-09
ORD12856,2024-04-23,CUST1349,Customer_1349,East,Beauty,Shampoo,2,1631.63,0.25,18.4,Credit Card,Online,False,2447.445,2024-04
ORD14369,2025-04-29,CUST1294,Customer_1294,North,Sports,Cricket Bat,3,3194.42,0.0,0.0,Cash On Delivery,Retail Store,False,9583.26,2025-04
ORD14167,2024-07-13,CUST1066,Customer_1066,North,Clothing,Dress,2,2316.98,0.25,131.8,Debit Card,Online,False,3475.4700000000003,2024-07
ORD14470,2024-12-02,CUST1290,Customer_1290,East,Clothing,Jeans,2,1663.16,0.1,0.0,Debit Card,Retail Store,False,2993.688,2024-12
ORD12275,2025-04-02,CUST1341,Customer_1341,North,Home & Kitchen,Lamp,3,6288.94,0.1,136.49,Cash On Delivery,Online,False,16980.138,2025-04
ORD10965,2024-01-07,CUST1090,Customer_1090,East,Beauty,Lipstick,5,1469.49,0.25,0.0,Debit Card,Retail Store,False,5510.5875,2024-01
ORD12855,2025-01-09,CUST1106,Customer_1106,West,Electronics,Headphones,4,25226.88,0.05,193.04,Upi,Online,False,95862.144,2025-01
ORD11277,2024-09-14,CUST1100,Customer_1100,East,Beauty,Shampoo,4,1137.52,0.05,163.76,Net Banking,Online,False,4322.576,2024-09
ORD12586,2025-11-06,CUST1107,Customer_1107,Unknown,Sports,Cricket Bat,1,5037.07,0.0,0.0,Cash On Delivery,Retail Store,False,5037.07,2025-11
ORD12925,2025-04-03,CUST1210,Customer_1210,East,Beauty,Sunscreen,1,1342.1,0.0,0.0,Cash On Delivery,Retail Store,False,1342.1,2025-04
ORD10662,2024-09-15,CUST1106,Customer_1106,South,Beauty,Sunscreen,2,1342.1,0.25,64.29,Debit Card,Online,False,2013.1499999999999,2024-09
ORD10772,2024-03-13,CUST1211,Customer_1211,South,Beauty,Perfume,2,1079.35,0.05,0.0,Debit Card,Retail Store,False,2050.765,2024-03
ORD10582,2025-05-10,CUST1192,Customer_1192,North,Home & Kitchen,Lamp,2,4754.7,0.15,0.0,Debit Card,Retail Store,False,8082.99,2025-05
ORD13072,2024-10-05,CUST1252,Customer_1252,North,Clothing,T-Shirt,1,366.99,0.2,184.79,Credit Card,Online,False,293.59200000000004,2024-10
ORD13100,2025-10-06,CUST1321,Customer_1321,South,Sports,Yoga Mat,2,2069.17,0.1,4.18,Upi,Online,False,3724.5060000000003,2025-10
ORD13133,2024-11-18,CUST1036,Customer_1036,North,Clothing,Dress,2,2572.74,0.2,0.0,Cash On Delivery,Retail Store,False,4116.384,2024-11
ORD14127,2024-01-03,CUST1019,Customer_1019,South,Clothing,Shoes,-1,1025.61,0.0,0.0,Net Banking,Retail Store,True,-1025.61,2024-01
ORD13635,2025-06-06,CUST1032,Customer_1032,East,Beauty,Perfume,1,1013.67,0.1,0.0,Net Banking,Retail Store,False,912.303,2025-06
ORD10854,2024-01-01,CUST1293,Customer_1293,West,Home & Kitchen,Lamp,2,1715.65,0.0,0.0,Cash On Delivery,Retail Store,False,3431.3,2024-01
ORD12655,2024-06-20,CUST1036,Customer_1036,North,Electronics,Tablet,1,26309.95,0.2,0.0,Credit Card,Retail Store,False,21047.960000000003,2024-06
ORD11217,2024-03-11,CUST1267,Customer_1267,East,Clothing,Shoes,1,2313.22,0.2,0.0,Credit Card,Retail Store,False,1850.576,2024-03
ORD14242,2024-07-07,CUST1104,Customer_1104,East,Electronics,Laptop,-1,22583.34,0.1,0.0,Credit Card,Retail Store,True,-20325.006,2024-07
ORD10986,2024-01-18,CUST1011,Customer_1011,West,Sports,Running Shoes,5,1240.72,0.0,0.0,Upi,Retail Store,False,6203.6,2024-01
ORD11983,2025-04-06,CUST1253,Customer_1253,East,Home & Kitchen,Blender,5,5141.76,0.15,0.0,Debit Card,Retail Store,False,21852.480000000003,2025-04
ORD10874,2024-01-10,CUST1047,Customer_1047,South,Beauty,Perfume,2,802.98,0.0,0.0,Net Banking,Retail Store,False,1605.96,2024-01
ORD14176,2024-08-05,CUST1102,Customer_1102,West,Clothing,Jeans,5,751.75,0.0,187.76,Debit Card,Online,False,3758.75,2024-08
ORD13886,2025-03-02,CUST1397,Customer_1397,North,Home & Kitchen,Bedsheet,4,4452.84,0.0,0.0,Net Banking,Retail Store,False,17811.36,2025-03
ORD14940,2025-03-18,CUST1122,Customer_1122,West,Sports,Yoga Mat,1,4858.88,0.0,0.0,Upi,Retail Store,False,4858.88,2025-03
ORD13546,2024-12-29,CUST1254,Customer_1254,West,Electronics,Tablet,5,17470.04,0.1,104.19,Net Banking,Online,False,78615.18000000001,2024-12
ORD10579,2025-10-11,CUST1223,Customer_1223,South,Electronics,Tablet,2,42893.19,0.25,130.5,Debit Card,Online,False,64339.785,2025-10
ORD14794,2024-03-22,CUST1117,Customer_1117,East,Clothing,Dress,4,2769.41,0.0,0.0,Net Banking,Retail Store,False,11077.64,2024-03
ORD10749,2024-08-09,CUST1201,Customer_1201,North,Electronics,Laptop,4,35040.68,0.0,58.46,Upi,Online,False,140162.72,2024-08
ORD13851,2025-07-02,CUST1230,Customer_1230,East,Electronics,Smartphone,3,4736.38,0.25,156.82,Upi,Online,False,10656.855,2025-07
ORD12478,2024-07-15,CUST1098,Customer_1098,West,Home & Kitchen,Lamp,4,3584.38,0.15,0.0,Upi,Retail Store,False,12186.892,2024-07
ORD14503,2025-10-22,CUST1261,Customer_1261,South,Sports,Dumbbells,3,3016.84,0.0,0.0,Upi,Retail Store,False,9050.52,2025-10
ORD14311,2025-01-26,CUST1240,Customer_1240,South,Electronics,Smartphone,4,24458.24,0.0,0.0,Debit Card,Retail Store,False,97832.96,2025-01
ORD13612,2024-10-26,CUST1087,Customer_1087,South,Sports,Running Shoes,3,5617.33,0.25,0.0,Net Banking,Retail Store,False,12638.992499999998,2024-10
ORD14251,2025-06-30,CUST1333,Customer_1333,North,Clothing,Shoes,4,2237.49,0.25,114.89,Upi,Online,False,6712.469999999999,2025-06
ORD10128,2024-09-20,CUST1008,Customer_1008,West,Home & Kitchen,Bedsheet,5,2973.99,0.15,0.0,Cash On Delivery,Retail Store,False,12639.457499999999,2024-09
ORD11235,2024-04-01,CUST1349,Customer_1349,South,Home & Kitchen,Blender,4,7869.07,0.0,0.0,Cash On Delivery,Retail Store,False,31476.28,2024-04
ORD10885,2024-10-27,CUST1242,Customer_1242,South,Beauty,Sunscreen,5,2112.78,0.2,0.0,Credit Card,Retail Store,False,8451.12,2024-10
ORD10134,2024-03-19,CUST1350,Customer_1350,West,Home & Kitchen,Bedsheet,5,617.44,0.2,0.0,Net Banking,Retail Store,False,2469.76,2024-03
ORD12575,2024-02-23,CUST1085,Customer_1085,Unknown,Home & Kitchen,Bedsheet,4,6498.28,0.05,12.9,Cash On Delivery,Online,False,24693.463999999996,2024-02
ORD14652,2025-11-18,CUST1001,Customer_1001,North,Sports,Running Shoes,1,3557.0,0.0,0.0,Cash On Delivery,Retail Store,False,3557.0,2025-11
ORD12878,2024-11-18,CUST1127,Customer_1127,North,Electronics,Headphones,1,37023.37,0.0,0.0,Upi,Retail Store,False,37023.37,2024-11
ORD13493,2024-01-11,CUST1337,Customer_1337,North,Sports,Yoga Mat,5,2965.38,0.0,0.0,Net Banking,Retail Store,False,14826.900000000001,2024-01
ORD14009,2025-07-17,CUST1313,Customer_1313,West,Beauty,Lipstick,2,1294.18,0.0,26.07,Upi,Online,False,2588.36,2025-07
ORD14095,2025-03-15,CUST1178,Customer_1178,East,Electronics,Smartwatch,5,50046.94,0.15,91.03,Unknown,Online,False,212699.495,2025-03
ORD14532,2024-12-22,CUST1372,Customer_1372,North,Electronics,Smartwatch,4,16385.17,0.05,0.0,Upi,Retail Store,False,62263.64599999999,2024-12
ORD10111,2025-02-20,CUST1271,Customer_1271,West,Clothing,Jeans,1,1575.49,0.0,151.18,Cash On Delivery,Online,False,1575.49,2025-02
ORD13042,2024-03-01,CUST1090,Customer_1090,West,Beauty,Lipstick,2,635.81,0.15,0.0,Debit Card,Retail Store,False,1080.877,2024-03
ORD14555,2024-04-30,CUST1248,Customer_1248,South,Clothing,T-Shirt,3,1929.23,0.2,105.61,Credit Card,Online,False,4630.152000000001,2024-04
ORD11041,2025-07-15,CUST1051,Customer_1051,East,Beauty,Sunscreen,5,1013.12,0.2,0.0,Cash On Delivery,Retail Store,False,4052.4800000000005,2025-07
ORD12490,2025-04-08,CUST1099,Customer_1099,East,Beauty,Sunscreen,1,1745.33,0.15,79.95,Net Banking,Online,False,1483.5304999999998,2025-04
ORD11410,2024-07-18,CUST1055,Customer_1055,North,Clothing,Jacket,5,2239.72,0.0,95.25,Upi,Online,False,11198.599999999999,2024-07
ORD14549,2024-05-27,CUST1277,Customer_1277,West,Home & Kitchen,Vacuum Cleaner,3,7041.58,0.0,0.0,Net Banking,Retail Store,False,21124.739999999998,2024-05
ORD14030,2024-03-25,CUST1011,Customer_1011,East,Beauty,Lipstick,2,885.68,0.0,170.45,Credit Card,Online,False,1771.36,2024-03
ORD14544,2025-10-16,CUST1163,Customer_1163,West,Beauty,Sunscreen,4,1919.62,0.1,12.21,Credit Card,Online,False,6910.632,2025-10
ORD14919,2025-07-16,CUST1326,Customer_1326,East,Beauty,Shampoo,3,789.08,0.15,0.0,Credit Card,Retail Store,False,2012.1540000000002,2025-07
ORD13771,2024-05-02,CUST1391,Customer_1391,East,Home & Kitchen,Lamp,1,1358.68,0.05,40.23,Debit Card,Online,False,1290.746,2024-05
ORD14139,2024-04-15,CUST1149,Customer_1149,East,Electronics,Smartwatch,3,52864.26,0.15,198.58,Net Banking,Online,False,134803.86299999998,2024-04
ORD13713,2025-04-30,CUST1077,Customer_1077,North,Beauty,Shampoo,2,1372.42,0.25,193.26,Cash On Delivery,Online,False,2058.63,2025-04
ORD13237,2025-07-09,CUST1151,Customer_1151,West,Sports,Dumbbells,3,2301.11,0.1,0.0,Debit Card,Retail Store,False,6212.997,2025-07
ORD10748,2025-08-12,CUST1340,Customer_1340,West,Home & Kitchen,Blender,4,4392.25,0.0,0.0,Upi,Retail Store,False,17569.0,2025-08
ORD14460,2025-10-23,CUST1380,Customer_1380,South,Clothing,Jacket,3,1338.48,0.1,0.0,Credit Card,Retail Store,False,3613.896,2025-10
ORD14468,2025-08-04,CUST1286,Customer_1286,East,Clothing,Jacket,3,1519.9,0.2,94.34,Cash On Delivery,Online,False,3647.7600000000007,2025-08
ORD10910,2024-01-31,CUST1045,Customer_1045,North,Sports,Dumbbells,5,2981.04,0.15,172.58,Credit Card,Online,False,12669.42,2024-01
ORD10304,2025-04-09,CUST1330,Customer_1330,West,Beauty,Face Cream,5,467.97,0.0,50.02,Unknown,Online,False,2339.8500000000004,2025-04
ORD12605,2025-04-18,CUST1161,Customer_1161,East,Clothing,Jacket,1,631.64,0.0,96.07,Credit Card,Online,False,631.64,2025-04
ORD11832,2025-04-15,CUST1340,Customer_1340,North,Beauty,Lipstick,1,1440.89,0.15,195.02,Cash On Delivery,Online,False,1224.7565,2025-04
ORD12156,2024-07-15,CUST1378,Customer_1378,West,Electronics,Headphones,1,38019.32,0.0,73.04,Credit Card,Online,False,38019.32,2024-07
ORD12625,2024-10-14,CUST1012,Customer_1012,North,Home & Kitchen,Cookware Set,5,1552.21,0.1,158.15,Cash On Delivery,Online,False,6984.945000000001,2024-10
ORD13186,2025-07-27,CUST1128,Customer_1128,North,Electronics,Smartwatch,2,47092.1,0.0,28.54,Credit Card,Online,False,94184.2,2025-07
ORD12606,2024-09-19,CUST1372,Customer_1372,West,Sports,Dumbbells,2,1266.25,0.1,0.0,Cash On Delivery,Retail Store,False,2279.25,2024-09
ORD14388,2024-03-16,CUST1152,Customer_1152,North,Electronics,Smartphone,-4,55815.74,0.2,76.61,Debit Card,Online,True,-178610.36800000002,2024-03
ORD10107,2025-06-15,CUST1225,Customer_1225,South,Home & Kitchen,Lamp,2,5086.09,0.0,0.0,Unknown,Retail Store,False,10172.18,2025-06
ORD14746,2024-05-31,CUST1184,Customer_1184,West,Electronics,Laptop,4,44691.36,0.25,116.02,Cash On Delivery,Online,False,134074.08000000002,2024-05
ORD10120,2024-01-24,CUST1192,Customer_1192,West,Electronics,Tablet,2,21844.54,0.0,0.0,Net Banking,Retail Store,False,43689.08,2024-01
ORD12523,2025-02-22,CUST1370,Customer_1370,South,Clothing,Shoes,1,1753.93,0.0,16.87,Credit Card,Online,False,1753.93,2025-02
ORD13927,2025-10-02,CUST1010,Customer_1010,North,Electronics,Smartwatch,5,56322.75,0.15,0.0,Cash On Delivery,Retail Store,False,239371.6875,2025-10
ORD10364,2024-12-27,CUST1234,Customer_1234,East,Home & Kitchen,Bedsheet,2,2200.86,0.0,142.36,Net Banking,Online,False,4401.72,2024-12
ORD11426,2025-09-05,CUST1271,Customer_1271,West,Sports,Dumbbells,1,5756.41,0.0,185.33,Credit Card,Online,False,5756.41,2025-09
ORD13413,2025-07-14,CUST1333,Customer_1333,South,Beauty,Perfume,2,2265.98,0.15,0.0,Upi,Retail Store,False,3852.1659999999997,2025-07
ORD10872,2024-02-02,CUST1209,Customer_1209,North,Electronics,Tablet,5,42982.98,0.0,162.5,Cash On Delivery,Online,False,214914.90000000002,2024-02
ORD10898,2025-10-04,CUST1382,Customer_1382,North,Beauty,Face Cream,1,2052.82,0.0,65.48,Debit Card,Online,False,2052.82,2025-10
ORD14375,2025-07-01,CUST1097,Customer_1097,South,Home & Kitchen,Vacuum Cleaner,3,4480.37,0.15,0.0,Net Banking,Retail Store,False,11424.9435,2025-07
ORD14627,2024-07-02,CUST1310,Customer_1310,East,Sports,Dumbbells,1,5368.46,0.05,178.68,Net Banking,Online,False,5100.036999999999,2024-07
ORD13067,2024-01-14,CUST1210,Customer_1210,East,Home & Kitchen,Lamp,2,4811.68,0.2,107.37,Upi,Online,False,7698.688000000001,2024-01
ORD14747,2024-01-08,CUST1048,Customer_1048,East,Home & Kitchen,Vacuum Cleaner,2,3023.58,0.2,37.53,Credit Card,Online,False,4837.728,2024-01
ORD13917,2024-03-12,CUST1317,Customer_1317,East,Beauty,Lipstick,3,1112.65,0.2,66.45,Cash On Delivery,Online,False,2670.3600000000006,2024-03
ORD11113,2025-02-27,CUST1120,Customer_1120,West,Electronics,Laptop,5,32184.44,0.1,0.0,Upi,Retail Store,False,144829.97999999998,2025-02
ORD11416,2025-05-02,CUST1061,Customer_1061,South,Clothing,Dress,4,1668.54,0.2,0.0,Cash On Delivery,Retail Store,False,5339.328,2025-05
ORD13589,2024-08-25,CUST1276,Customer_1276,South,Sports,Yoga Mat,2,3246.01,0.0,49.28,Credit Card,Online,False,6492.02,2024-08
ORD10791,2024-06-06,CUST1042,Customer_1042,West,Beauty,Face Cream,3,1940.85,0.0,1.93,Credit Card,Online,False,5822.549999999999,2024-06
ORD13624,2024-12-08,CUST1347,Customer_1347,South,Home & Kitchen,Vacuum Cleaner,2,2630.41,0.0,84.49,Net Banking,Online,False,5260.82,2024-12
ORD10700,2025-03-04,CUST1111,Customer_1111,North,Clothing,T-Shirt,5,2370.56,0.05,0.0,Upi,Retail Store,False,11260.159999999998,2025-03
ORD12933,2024-06-06,CUST1110,Customer_1110,North,Clothing,Jacket,2,1999.26,0.05,138.04,Cash On Delivery,Online,False,3798.5939999999996,2024-06
ORD13031,2025-05-01,CUST1184,Customer_1184,North,Electronics,Smartphone,1,13023.01,0.1,89.12,Cash On Delivery,Online,False,11720.709,2025-05
ORD11875,2024-10-19,CUST1091,Customer_1091,East,Home & Kitchen,Cookware Set,5,1141.81,0.2,0.0,Credit Card,Retail Store,False,4567.24,2024-10
ORD13273,2024-03-24,CUST1267,Customer_1267,West,Beauty,Perfume,4,1888.1,0.0,0.0,Credit Card,Retail Store,False,7552.4,2024-03
ORD13398,2025-12-20,CUST1280,Customer_1280,North,Electronics,Headphones,2,34381.85,0.05,0.0,Credit Card,Retail Store,False,65325.51499999999,2025-12
ORD11121,2025-08-16,CUST1080,Customer_1080,East,Clothing,T-Shirt,2,794.4,0.25,6.53,Net Banking,Online,False,1191.6,2025-08
ORD10770,2025-11-06,CUST1037,Customer_1037,South,Clothing,Shoes,2,422.13,0.05,0.0,Debit Card,Retail Store,False,802.0469999999999,2025-11
ORD13705,2024-02-29,CUST1166,Customer_1166,South,Clothing,Shoes,4,808.35,0.25,0.0,Credit Card,Retail Store,False,2425.05,2024-02
ORD11525,2025-01-21,CUST1116,Customer_1116,East,Electronics,Tablet,4,44621.63,0.15,0.0,Net Banking,Retail Store,False,151713.542,2025-01
ORD10055,2024-10-08,CUST1233,Customer_1233,North,Home & Kitchen,Cookware Set,4,3192.19,0.2,0.0,Net Banking,Retail Store,False,10215.008000000002,2024-10
ORD10115,2025-10-31,CUST1071,Customer_1071,West,Beauty,Perfume,-2,924.62,0.1,93.08,Credit Card,Online,True,-1664.316,2025-10
ORD13202,2024-12-16,CUST1129,Customer_1129,West,Clothing,Shoes,2,2257.61,0.1,0.0,Net Banking,Retail Store,False,4063.6980000000003,2024-12
ORD12032,2024-07-23,CUST1065,Customer_1065,East,Clothing,T-Shirt,3,1444.35,0.15,0.0,Upi,Retail Store,False,3683.0924999999993,2024-07
ORD13242,2024-10-26,CUST1062,Customer_1062,East,Beauty,Perfume,4,639.25,0.0,0.0,Debit Card,Retail Store,False,2557.0,2024-10
ORD12912,2024-12-10,CUST1018,Customer_1018,North,Beauty,Lipstick,3,2490.33,0.2,0.0,Cash On Delivery,Retail Store,False,5976.792,2024-12
ORD11512,2024-06-09,CUST1109,Customer_1109,West,Clothing,Dress,1,1958.84,0.0,157.37,Cash On Delivery,Online,False,1958.84,2024-06
ORD12106,2025-05-20,CUST1278,Customer_1278,West,Electronics,Headphones,4,12650.92,0.05,18.21,Net Banking,Online,False,48073.496,2025-05
ORD13925,2024-07-01,CUST1356,Customer_1356,North,Sports,Cycling Helmet,3,5952.14,0.1,10.43,Credit Card,Online,False,16070.778000000002,2024-07
ORD14918,2025-11-22,CUST1312,Customer_1312,North,Home & Kitchen,Blender,3,910.36,0.2,55.61,Upi,Online,False,2184.864,2025-11
ORD10921,2024-04-02,CUST1110,Customer_1110,West,Clothing,Jacket,2,1150.7,0.0,0.0,Net Banking,Retail Store,False,2301.4,2024-04
ORD11504,2024-07-09,CUST1040,Customer_1040,South,Beauty,Perfume,3,1791.56,0.25,0.0,Cash On Delivery,Retail Store,False,4031.01,2024-07
ORD10187,2024-12-12,CUST1037,Customer_1037,West,Electronics,Laptop,1,57172.23,0.0,0.0,Credit Card,Retail Store,False,57172.23,2024-12
ORD14168,2025-01-29,CUST1201,Customer_1201,South,Beauty,Lipstick,3,2349.83,0.2,0.0,Debit Card,Retail Store,False,5639.592000000001,2025-01
ORD12319,2024-01-27,CUST1246,Customer_1246,South,Clothing,Jacket,1,2158.8,0.0,0.0,Upi,Retail Store,False,2158.8,2024-01
ORD12361,2025-04-10,CUST1105,Customer_1105,West,Electronics,Headphones,1,27938.19,0.0,0.0,Upi,Retail Store,False,27938.19,2025-04
ORD11620,2024-04-12,CUST1073,Customer_1073,North,Electronics,Smartphone,5,39142.89,0.1,52.03,Cash On Delivery,Online,False,176143.005,2024-04
ORD12030,2024-08-03,CUST1138,Customer_1138,South,Clothing,Shoes,3,1256.07,0.15,41.1,Credit Card,Online,False,3202.9785,2024-08
ORD11403,2024-09-12,CUST1222,Customer_1222,West,Home & Kitchen,Cookware Set,3,7444.5,0.15,0.0,Cash On Delivery,Retail Store,False,18983.475,2024-09
ORD11185,2024-03-19,CUST1215,Customer_1215,South,Beauty,Lipstick,1,2047.01,0.2,0.0,Net Banking,Retail Store,False,1637.6080000000002,2024-03
ORD14048,2024-07-22,CUST1003,Customer_1003,West,Electronics,Laptop,4,41653.94,0.1,0.0,Net Banking,Retail Store,False,149954.184,2024-07
ORD12424,2025-11-11,CUST1261,Customer_1261,North,Home & Kitchen,Vacuum Cleaner,4,6594.59,0.0,18.46,Net Banking,Online,False,26378.36,2025-11
ORD11791,2025-12-07,CUST1382,Customer_1382,North,Clothing,Jeans,2,490.49,0.25,47.83,Cash On Delivery,Online,False,735.735,2025-12
ORD13708,2025-06-30,CUST1180,Customer_1180,North,Clothing,Jeans,5,361.8,0.1,0.0,Net Banking,Retail Store,False,1628.1000000000001,2025-06
ORD11989,2025-04-28,CUST1042,Customer_1042,North,Beauty,Shampoo,3,2033.38,0.1,159.22,Cash On Delivery,Online,False,5490.126,2025-04
ORD11885,2024-07-26,CUST1257,Customer_1257,South,Sports,Cycling Helmet,2,2054.39,0.15,110.71,Cash On Delivery,Online,False,3492.4629999999997,2024-07
ORD10236,2024-06-13,CUST1002,Customer_1002,North,Sports,Cycling Helmet,4,2325.57,0.0,36.27,Debit Card,Online,False,9302.28,2024-06
ORD11381,2025-03-28,CUST1323,Customer_1323,North,Sports,Cricket Bat,5,5602.89,0.0,15.38,Debit Card,Online,False,28014.45,2025-03
ORD13740,2025-12-12,CUST1280,Customer_1280,South,Sports,Running Shoes,5,4385.21,0.0,53.62,Upi,Online,False,21926.05,2025-12
ORD10311,2025-12-26,CUST1132,Customer_1132,West,Sports,Cycling Helmet,5,3158.02,0.05,4.8,Unknown,Online,False,15000.595,2025-12
ORD11162,2024-11-18,CUST1191,Customer_1191,East,Clothing,Jacket,1,640.32,0.0,24.98,Debit Card,Online,False,640.32,2024-11
ORD12711,2025-07-06,CUST1036,Customer_1036,South,Home & Kitchen,Lamp,1,7484.99,0.05,23.5,Upi,Online,False,7110.7405,2025-07
ORD11447,2025-01-24,CUST1395,Customer_1395,East,Clothing,Dress,5,2658.99,0.2,0.0,Cash On Delivery,Retail Store,False,10635.96,2025-01
ORD10607,2024-04-10,CUST1073,Customer_1073,North,Clothing,Shoes,5,386.77,0.2,0.0,Net Banking,Retail Store,False,1547.08,2024-04
ORD10846,2024-03-24,CUST1084,Customer_1084,West,Clothing,Jeans,3,1132.93,0.0,147.83,Cash On Delivery,Online,False,3398.79,2024-03
ORD14643,2025-12-28,CUST1095,Customer_1095,North,Home & Kitchen,Vacuum Cleaner,4,1941.33,0.0,132.82,Net Banking,Online,False,7765.32,2025-12
ORD11413,2024-07-24,CUST1213,Customer_1213,Unknown,Beauty,Face Cream,4,1608.98,0.0,0.0,Upi,Retail Store,False,6435.92,2024-07
ORD14277,2025-05-14,CUST1321,Customer_1321,South,Electronics,Tablet,1,34469.52,0.0,0.0,Cash On Delivery,Retail Store,False,34469.52,2025-05
ORD12937,2024-12-18,CUST1326,Customer_1326,East,Sports,Cricket Bat,3,4965.25,0.0,127.12,Cash On Delivery,Online,False,14895.75,2024-12
ORD10563,2025-05-25,CUST1122,Customer_1122,South,Clothing,Dress,5,1995.03,0.0,0.0,Debit Card,Retail Store,False,9975.15,2025-05
ORD10418,2025-12-01,CUST1237,Customer_1237,West,Clothing,Jeans,4,526.72,0.0,0.0,Net Banking,Retail Store,False,2106.88,2025-12
ORD14759,2025-04-27,CUST1073,Customer_1073,West,Electronics,Smartphone,1,28680.4,0.0,147.35,Net Banking,Online,False,28680.4,2025-04
ORD11563,2024-09-26,CUST1301,Customer_1301,South,Electronics,Headphones,1,17749.15,0.1,0.0,Cash On Delivery,Retail Store,False,15974.235000000002,2024-09
ORD12756,2025-02-05,CUST1237,Customer_1237,South,Sports,Dumbbells,2,637.53,0.0,0.0,Upi,Retail Store,False,1275.06,2025-02
ORD14073,2025-06-26,CUST1097,Customer_1097,South,Beauty,Lipstick,3,165.7,0.0,0.0,Net Banking,Retail Store,False,497.09999999999997,2025-06
ORD14416,2025-07-07,CUST1263,Customer_1263,South,Electronics,Headphones,3,3237.5,0.0,0.0,Cash On Delivery,Retail Store,False,9712.5,2025-07
ORD13619,2024-10-31,CUST1005,Customer_1005,East,Beauty,Face Cream,2,419.14,0.0,25.64,Upi,Online,False,838.28,2024-10
ORD10437,2025-02-25,CUST1145,Customer_1145,North,Sports,Dumbbells,4,2423.1,0.2,95.25,Cash On Delivery,Online,False,7753.92,2025-02
ORD10518,2024-05-23,CUST1186,Customer_1186,South,Sports,Dumbbells,4,5465.87,0.25,0.0,Net Banking,Retail Store,False,16397.61,2024-05
ORD14269,2024-01-30,CUST1236,Customer_1236,South,Home & Kitchen,Cookware Set,1,6501.36,0.15,0.0,Unknown,Retail Store,False,5526.156,2024-01
ORD11020,2025-08-07,CUST1025,Customer_1025,North,Home & Kitchen,Lamp,3,2860.61,0.0,38.46,Upi,Online,False,8581.83,2025-08
ORD10993,2025-08-29,CUST1204,Customer_1204,South,Home & Kitchen,Blender,4,4376.39,0.0,92.69,Unknown,Online,False,17505.56,2025-08
ORD14198,2024-01-15,CUST1120,Customer_1120,West,Clothing,Jeans,4,2846.12,0.1,169.37,Upi,Online,False,10246.032,2024-01
ORD14640,2024-02-20,CUST1328,Customer_1328,South,Beauty,Perfume,1,2269.74,0.0,66.82,Credit Card,Online,False,2269.74,2024-02
ORD11937,2024-12-27,CUST1103,Customer_1103,South,Home & Kitchen,Blender,4,3042.39,0.1,0.0,Upi,Retail Store,False,10952.604,2024-12
ORD13126,2025-02-01,CUST1265,Customer_1265,South,Sports,Dumbbells,2,3064.78,0.2,55.46,Debit Card,Online,False,4903.648,2025-02
ORD14923,2025-11-23,CUST1348,Customer_1348,East,Beauty,Lipstick,1,643.85,0.0,0.0,Debit Card,Retail Store,False,643.85,2025-11
ORD12610,2025-05-23,CUST1327,Customer_1327,South,Home & Kitchen,Cookware Set,3,6720.5,0.0,0.0,Debit Card,Retail Store,False,20161.5,2025-05
ORD12388,2024-02-16,CUST1323,Customer_1323,South,Clothing,T-Shirt,4,670.24,0.0,165.63,Unknown,Online,False,2680.96,2024-02
ORD13022,2024-07-10,CUST1078,Customer_1078,West,Electronics,Tablet,4,2569.33,0.1,20.14,Debit Card,Online,False,9249.588,2024-07
ORD10534,2025-11-13,CUST1148,Customer_1148,West,Home & Kitchen,Lamp,1,4334.3,0.05,140.23,Cash On Delivery,Online,False,4117.585,2025-11
ORD13422,2025-10-27,CUST1154,Customer_1154,East,Sports,Dumbbells,5,1959.24,0.25,0.0,Cash On Delivery,Retail Store,False,7347.150000000001,2025-10
ORD11488,2024-11-20,CUST1077,Customer_1077,South,Beauty,Perfume,5,1342.1,0.0,154.64,Upi,Online,False,6710.5,2024-11
ORD14267,2025-03-13,CUST1135,Customer_1135,South,Sports,Yoga Mat,4,1222.0,0.2,0.0,Net Banking,Retail Store,False,3910.4,2025-03
ORD11335,2025-08-17,CUST1235,Customer_1235,Unknown,Electronics,Tablet,1,56045.74,0.2,110.75,Cash On Delivery,Online,False,44836.592000000004,2025-08
ORD13121,2025-08-09,CUST1151,Customer_1151,North,Sports,Running Shoes,5,5454.65,0.0,0.0,Cash On Delivery,Retail Store,False,27273.25,2025-08
ORD11422,2024-07-03,CUST1339,Customer_1339,West,Electronics,Headphones,3,39753.71,0.2,0.69,Credit Card,Online,False,95408.90400000001,2024-07
ORD14190,2024-03-01,CUST1246,Customer_1246,North,Clothing,T-Shirt,3,2098.05,0.25,0.0,Credit Card,Retail Store,False,4720.6125,2024-03
ORD10175,2024-04-06,CUST1075,Customer_1075,East,Electronics,Smartphone,3,4363.61,0.05,12.33,Credit Card,Online,False,12436.288499999997,2024-04
ORD14140,2024-06-15,CUST1071,Customer_1071,West,Sports,Cricket Bat,2,3148.65,0.25,0.0,Debit Card,Retail Store,False,4722.975,2024-06
ORD13466,2024-05-06,CUST1242,Customer_1242,East,Beauty,Face Cream,4,237.96,0.1,54.2,Cash On Delivery,Online,False,856.6560000000001,2024-05
ORD13715,2024-07-17,CUST1366,Customer_1366,North,Beauty,Perfume,1,1238.45,0.0,148.02,Net Banking,Online,False,1238.45,2024-07
ORD12652,2025-10-17,CUST1049,Customer_1049,West,Sports,Cycling Helmet,4,2756.38,0.2,185.76,Debit Card,Online,False,8820.416000000001,2025-10
ORD14595,2024-02-14,CUST1200,Customer_1200,North,Sports,Running Shoes,1,5699.73,0.0,93.57,Credit Card,Online,False,5699.73,2024-02
ORD10946,2024-04-06,CUST1279,Customer_1279,North,Home & Kitchen,Vacuum Cleaner,3,4841.05,0.0,90.35,Credit Card,Online,False,14523.150000000001,2024-04
ORD12821,2025-11-29,CUST1354,Customer_1354,West,Beauty,Face Cream,3,2252.74,0.0,0.0,Upi,Retail Store,False,6758.219999999999,2025-11
ORD11548,2025-09-15,CUST1175,Customer_1175,West,Electronics,Smartwatch,3,49539.76,0.15,113.86,Credit Card,Online,False,126326.38799999999,2025-09
ORD14616,2024-04-17,CUST1255,Customer_1255,West,Electronics,Smartwatch,4,23591.41,0.25,0.0,Unknown,Retail Store,False,70774.23,2024-04
ORD11554,2024-12-04,CUST1091,Customer_1091,West,Sports,Running Shoes,1,1096.48,0.0,0.0,Net Banking,Retail Store,False,1096.48,2024-12
ORD10616,2025-11-02,CUST1004,Customer_1004,South,Clothing,Jacket,5,1241.85,0.15,55.67,Cash On Delivery,Online,False,5277.8625,2025-11
ORD13747,2024-10-03,CUST1187,Customer_1187,East,Home & Kitchen,Bedsheet,1,1234.24,0.1,28.13,Net Banking,Online,False,1110.816,2024-10
ORD10955,2025-09-20,CUST1278,Customer_1278,West,Beauty,Lipstick,4,2344.68,0.0,0.0,Cash On Delivery,Retail Store,False,9378.72,2025-09
ORD10194,2025-02-24,CUST1057,Customer_1057,West,Beauty,Shampoo,2,1342.1,0.15,0.0,Net Banking,Retail Store,False,2281.5699999999997,2025-02
ORD10909,2024-02-15,CUST1260,Customer_1260,West,Sports,Cycling Helmet,1,2259.62,0.0,139.76,Debit Card,Online,False,2259.62,2024-02
ORD13445,2024-01-03,CUST1344,Customer_1344,North,Electronics,Headphones,3,48108.03,0.15,0.0,Cash On Delivery,Retail Store,False,122675.47649999999,2024-01
ORD12000,2024-09-03,CUST1154,Customer_1154,North,Electronics,Tablet,4,9344.47,0.0,3.73,Upi,Online,False,37377.88,2024-09
ORD14655,2024-11-10,CUST1346,Customer_1346,South,Home & Kitchen,Bedsheet,3,7082.05,0.25,34.62,Upi,Online,False,15934.612500000001,2024-11
ORD11686,2024-09-25,CUST1146,Customer_1146,East,Electronics,Laptop,4,27919.06,0.0,67.36,Net Banking,Online,False,111676.24,2024-09
ORD14216,2025-05-09,CUST1364,Customer_1364,West,Clothing,Dress,3,1807.67,0.2,0.0,Cash On Delivery,Retail Store,False,4338.408,2025-05
ORD10368,2025-11-24,CUST1047,Customer_1047,South,Home & Kitchen,Blender,5,7517.49,0.25,0.0,Net Banking,Retail Store,False,28190.587499999998,2025-11
ORD12984,2025-12-01,CUST1323,Customer_1323,South,Home & Kitchen,Lamp,1,1403.7,0.05,35.65,Debit Card,Online,False,1333.5149999999999,2025-12
ORD14297,2024-08-24,CUST1312,Customer_1312,South,Home & Kitchen,Cookware Set,5,7856.6,0.05,63.81,Debit Card,Online,False,37318.85,2024-08
ORD13570,2025-08-12,CUST1185,Customer_1185,West,Home & Kitchen,Vacuum Cleaner,4,7140.16,0.2,30.92,Upi,Online,False,22848.512000000002,2025-08
ORD14036,2025-12-13,CUST1241,Customer_1241,West,Home & Kitchen,Lamp,5,4785.34,0.05,0.0,Upi,Retail Store,False,22730.364999999998,2025-12
ORD13211,2024-05-31,CUST1332,Customer_1332,North,Beauty,Lipstick,-1,1999.38,0.15,0.0,Net Banking,Retail Store,True,-1699.473,2024-05
ORD14978,2025-08-16,CUST1356,Customer_1356,North,Beauty,Perfume,3,2117.91,0.15,0.0,Net Banking,Retail Store,False,5400.670499999999,2025-08
ORD13642,2025-03-05,CUST1056,Customer_1056,North,Sports,Dumbbells,5,2387.3,0.15,129.81,Debit Card,Online,False,10146.025,2025-03
ORD12304,2024-09-27,CUST1153,Customer_1153,East,Sports,Cycling Helmet,3,3827.61,0.1,0.0,Credit Card,Retail Store,False,10334.547,2024-09
ORD10216,2025-11-16,CUST1057,Customer_1057,South,Beauty,Lipstick,1,1383.32,0.05,96.39,Cash On Delivery,Online,False,1314.1539999999998,2025-11
ORD11375,2025-02-14,CUST1032,Customer_1032,Unknown,Home & Kitchen,Lamp,1,7521.57,0.05,0.0,Credit Card,Retail Store,False,7145.491499999999,2025-02
ORD14380,2024-09-09,CUST1105,Customer_1105,North,Sports,Cycling Helmet,3,690.09,0.15,36.94,Credit Card,Online,False,1759.7295,2024-09
ORD14722,2025-04-09,CUST1048,Customer_1048,South,Home & Kitchen,Bedsheet,4,1649.49,0.0,0.0,Net Banking,Retail Store,False,6597.96,2025-04
ORD13517,2025-09-17,CUST1014,Customer_1014,South,Home & Kitchen,Lamp,4,7693.63,0.25,0.0,Credit Card,Retail Store,False,23080.89,2025-09
ORD11055,2025-02-19,CUST1112,Customer_1112,Unknown,Home & Kitchen,Vacuum Cleaner,5,2884.4,0.1,0.0,Upi,Retail Store,False,12979.800000000001,2025-02
ORD13079,2024-07-10,CUST1008,Customer_1008,East,Home & Kitchen,Cookware Set,4,7464.31,0.0,0.0,Upi,Retail Store,False,29857.24,2024-07
ORD11342,2025-02-11,CUST1079,Customer_1079,North,Clothing,Shoes,2,1562.09,0.0,185.1,Cash On Delivery,Online,False,3124.18,2025-02
ORD14394,2025-09-18,CUST1344,Customer_1344,South,Clothing,Jacket,3,2485.16,0.0,75.69,Credit Card,Online,False,7455.48,2025-09
ORD14449,2025-12-06,CUST1066,Customer_1066,North,Electronics,Smartwatch,4,57179.11,0.05,0.0,Credit Card,Retail Store,False,217280.618,2025-12
ORD13687,2024-01-28,CUST1047,Customer_1047,East,Beauty,Face Cream,5,2166.51,0.0,0.0,Upi,Retail Store,False,10832.550000000001,2024-01
ORD11884,2024-12-21,CUST1083,Customer_1083,East,Beauty,Perfume,4,1746.31,0.1,0.0,Debit Card,Retail Store,False,6286.716,2024-12
ORD10460,2024-12-29,CUST1168,Customer_1168,West,Sports,Dumbbells,1,3609.99,0.1,27.53,Debit Card,Online,False,3248.991,2024-12
ORD12065,2025-03-23,CUST1338,Customer_1338,South,Beauty,Perfume,3,2090.93,0.25,0.0,Upi,Retail Store,False,4704.592499999999,2025-03
ORD12565,2024-11-15,CUST1379,Customer_1379,South,Home & Kitchen,Lamp,4,2415.04,0.15,0.0,Upi,Retail Store,False,8211.136,2024-11
ORD11135,2025-02-10,CUST1314,Customer_1314,West,Beauty,Sunscreen,3,1203.26,0.0,0.0,Debit Card,Retail Store,False,3609.7799999999997,2025-02
ORD10267,2024-01-27,CUST1011,Customer_1011,South,Clothing,Jeans,3,516.17,0.0,0.0,Credit Card,Retail Store,False,1548.5099999999998,2024-01
ORD11370,2025-11-02,CUST1323,Customer_1323,Unknown,Sports,Yoga Mat,3,4023.43,0.2,163.1,Net Banking,Online,False,9656.232,2025-11
ORD12070,2024-02-17,CUST1334,Customer_1334,East,Beauty,Lipstick,4,1342.1,0.2,0.0,Credit Card,Retail Store,False,4294.72,2024-02
ORD12632,2025-12-12,CUST1014,Customer_1014,East,Sports,Yoga Mat,3,5378.55,0.2,60.52,Unknown,Online,False,12908.520000000002,2025-12
ORD12717,2025-12-16,CUST1320,Customer_1320,East,Sports,Running Shoes,4,4689.25,0.0,3.85,Upi,Online,False,18757.0,2025-12
ORD14194,2025-03-05,CUST1369,Customer_1369,West,Sports,Yoga Mat,1,4920.43,0.25,0.0,Net Banking,Retail Store,False,3690.3225,2025-03
ORD10817,2025-11-25,CUST1044,Customer_1044,North,Clothing,Shoes,5,360.91,0.2,0.0,Cash On Delivery,Retail Store,False,1443.6400000000003,2025-11
ORD10769,2024-08-07,CUST1096,Customer_1096,East,Home & Kitchen,Bedsheet,1,4312.81,0.0,0.0,Debit Card,Retail Store,False,4312.81,2024-08
ORD13003,2025-11-15,CUST1295,Customer_1295,North,Beauty,Perfume,4,227.55,0.0,0.0,Debit Card,Retail Store,False,910.2,2025-11
ORD11304,2024-01-12,CUST1290,Customer_1290,East,Beauty,Shampoo,2,583.62,0.0,0.0,Credit Card,Retail Store,False,1167.24,2024-01
ORD12822,2024-09-23,CUST1090,Customer_1090,East,Beauty,Sunscreen,2,1802.95,0.15,145.79,Debit Card,Online,False,3065.015,2024-09
ORD14517,2024-05-13,CUST1113,Customer_1113,West,Electronics,Headphones,2,11457.66,0.1,0.0,Upi,Retail Store,False,20623.788,2024-05
ORD13357,2025-03-03,CUST1182,Customer_1182,South,Beauty,Shampoo,3,312.52,0.25,66.74,Upi,Online,False,703.17,2025-03
ORD10234,2024-10-23,CUST1161,Customer_1161,North,Electronics,Smartwatch,1,39023.23,0.0,56.3,Net Banking,Online,False,39023.23,2024-10
ORD12818,2025-01-07,CUST1036,Customer_1036,West,Sports,Running Shoes,3,4205.96,0.1,0.0,Cash On Delivery,Retail Store,False,11356.092,2025-01
ORD10001,2024-12-10,CUST1359,Customer_1359,East,Sports,Running Shoes,2,2766.64,0.05,0.0,Credit Card,Retail Store,False,5256.615999999999,2024-12
ORD12378,2024-02-21,CUST1320,Customer_1320,West,Electronics,Smartwatch,1,10192.4,0.05,74.59,Upi,Online,False,9682.779999999999,2024-02
ORD13239,2024-12-10,CUST1082,Customer_1082,South,Electronics,Smartwatch,5,31539.56,0.15,0.0,Unknown,Retail Store,False,134043.13,2024-12
ORD12650,2025-09-08,CUST1068,Customer_1068,South,Beauty,Lipstick,1,905.97,0.05,0.0,Cash On Delivery,Retail Store,False,860.6715,2025-09
ORD12139,2025-06-01,CUST1040,Customer_1040,East,Home & Kitchen,Bedsheet,5,5138.58,0.25,129.47,Credit Card,Online,False,19269.675000000003,2025-06
ORD12842,2025-05-03,CUST1052,Customer_1052,South,Beauty,Face Cream,3,264.83,0.2,0.0,Cash On Delivery,Retail Store,False,635.5920000000001,2025-05
ORD10210,2024-11-04,CUST1024,Customer_1024,South,Electronics,Headphones,1,25881.37,0.0,0.0,Net Banking,Retail Store,False,25881.37,2024-11
ORD10671,2025-05-16,CUST1267,Customer_1267,North,Home & Kitchen,Bedsheet,1,7591.17,0.25,0.0,Unknown,Retail Store,False,5693.3775000000005,2025-05
ORD13458,2024-03-01,CUST1308,Customer_1308,West,Home & Kitchen,Blender,5,7457.7,0.0,0.0,Credit Card,Retail Store,False,37288.5,2024-03
ORD13565,2024-04-17,CUST1106,Customer_1106,West,Home & Kitchen,Cookware Set,3,2927.13,0.1,57.79,Cash On Delivery,Online,False,7903.250999999999,2024-04
ORD10438,2025-03-02,CUST1228,Customer_1228,East,Electronics,Laptop,5,34199.65,0.25,96.95,Net Banking,Online,False,128248.6875,2025-03
ORD13670,2024-01-08,CUST1117,Customer_1117,South,Clothing,Jacket,4,2533.97,0.0,0.0,Debit Card,Retail Store,False,10135.88,2024-01
ORD11399,2025-03-14,CUST1306,Customer_1306,East,Home & Kitchen,Vacuum Cleaner,4,1892.53,0.25,0.0,Upi,Retail Store,False,5677.59,2025-03
ORD13745,2024-03-21,CUST1173,Customer_1173,West,Sports,Cycling Helmet,1,2396.16,0.15,155.25,Upi,Online,False,2036.7359999999999,2024-03
ORD12234,2024-10-27,CUST1395,Customer_1395,West,Home & Kitchen,Blender,3,7279.54,0.0,0.0,Upi,Retail Store,False,21838.62,2024-10
ORD10880,2024-10-03,CUST1049,Customer_1049,South,Home & Kitchen,Vacuum Cleaner,5,4480.37,0.0,0.0,Cash On Delivery,Retail Store,False,22401.85,2024-10
ORD12888,2024-11-08,CUST1388,Customer_1388,North,Sports,Yoga Mat,5,3241.95,0.0,0.0,Debit Card,Retail Store,False,16209.75,2024-11
ORD13770,2025-07-27,CUST1056,Customer_1056,East,Clothing,Dress,1,1966.72,0.05,78.89,Net Banking,Online,False,1868.384,2025-07
ORD13611,2025-03-02,CUST1351,Customer_1351,North,Sports,Cycling Helmet,4,3489.14,0.1,34.15,Net Banking,Online,False,12560.904,2025-03
ORD11008,2024-07-05,CUST1145,Customer_1145,North,Sports,Cycling Helmet,2,5210.36,0.2,0.0,Net Banking,Retail Store,False,8336.576,2024-07
ORD14592,2025-09-11,CUST1010,Customer_1010,North,Clothing,Shoes,2,1192.27,0.1,0.0,Debit Card,Retail Store,False,2146.0860000000002,2025-09
ORD14844,2025-08-03,CUST1253,Customer_1253,South,Home & Kitchen,Bedsheet,5,2320.3,0.25,12.42,Debit Card,Online,False,8701.125,2025-08
ORD14757,2024-03-20,CUST1192,Customer_1192,North,Clothing,Shoes,3,1379.91,0.1,0.0,Upi,Retail Store,False,3725.7570000000005,2024-03
ORD11977,2025-03-12,CUST1309,Customer_1309,South,Sports,Cycling Helmet,4,1520.82,0.1,0.0,Debit Card,Retail Store,False,5474.952,2025-03
ORD14038,2025-08-23,CUST1365,Customer_1365,East,Home & Kitchen,Lamp,5,5257.54,0.0,50.31,Cash On Delivery,Online,False,26287.7,2025-08
ORD10385,2024-04-11,CUST1243,Customer_1243,South,Sports,Running Shoes,4,1692.6,0.1,194.41,Cash On Delivery,Online,False,6093.36,2024-04
ORD11637,2024-03-10,CUST1132,Customer_1132,East,Beauty,Sunscreen,3,1862.95,0.2,0.0,Cash On Delivery,Retail Store,False,4471.080000000001,2024-03
ORD14856,2024-09-20,CUST1089,Customer_1089,South,Beauty,Shampoo,4,1257.7,0.15,32.58,Net Banking,Online,False,4276.18,2024-09
ORD11743,2024-07-10,CUST1101,Customer_1101,East,Sports,Cricket Bat,-3,5742.04,0.1,0.0,Cash On Delivery,Retail Store,True,-15503.508,2024-07
ORD13941,2024-07-11,CUST1081,Customer_1081,South,Home & Kitchen,Vacuum Cleaner,3,6797.92,0.0,176.25,Debit Card,Online,False,20393.760000000002,2024-07
ORD12644,2025-04-23,CUST1393,Customer_1393,East,Sports,Running Shoes,4,5858.49,0.1,0.0,Debit Card,Retail Store,False,21090.564,2025-04
ORD13501,2025-01-28,CUST1336,Customer_1336,South,Sports,Yoga Mat,4,4184.2,0.05,111.54,Upi,Online,False,15899.96,2025-01
ORD14670,2024-03-26,CUST1252,Customer_1252,South,Beauty,Perfume,5,514.24,0.0,0.0,Cash On Delivery,Retail Store,False,2571.2,2024-03
ORD13196,2025-12-12,CUST1346,Customer_1346,East,Clothing,Jeans,4,894.08,0.0,28.0,Upi,Online,False,3576.32,2025-12
ORD11647,2025-01-04,CUST1249,Customer_1249,North,Home & Kitchen,Vacuum Cleaner,1,5979.67,0.25,0.0,Credit Card,Retail Store,False,4484.7525000000005,2025-01
ORD13116,2025-03-31,CUST1362,Customer_1362,West,Sports,Cycling Helmet,4,1174.25,0.0,0.0,Credit Card,Retail Store,False,4697.0,2025-03
ORD13997,2025-08-16,CUST1387,Customer_1387,West,Clothing,Dress,1,2479.9,0.0,0.0,Unknown,Retail Store,False,2479.9,2025-08
ORD12527,2025-08-25,CUST1196,Customer_1196,Unknown,Clothing,Jeans,-2,2073.37,0.0,103.56,Credit Card,Online,True,-4146.74,2025-08
ORD14847,2025-03-15,CUST1234,Customer_1234,East,Beauty,Shampoo,2,1032.36,0.15,129.4,Cash On Delivery,Online,False,1755.0119999999997,2025-03
ORD14075,2025-03-05,CUST1293,Customer_1293,West,Clothing,T-Shirt,3,346.02,0.1,0.0,Debit Card,Retail Store,False,934.254,2025-03
ORD14732,2024-05-02,CUST1288,Customer_1288,West,Home & Kitchen,Cookware Set,3,1435.06,0.05,40.84,Cash On Delivery,Online,False,4089.9210000000003,2024-05
ORD13138,2024-05-21,CUST1297,Customer_1297,West,Home & Kitchen,Bedsheet,5,4432.79,0.05,0.0,Upi,Retail Store,False,21055.7525,2024-05
ORD11814,2024-04-10,CUST1016,Customer_1016,West,Home & Kitchen,Cookware Set,4,3658.19,0.1,7.72,Credit Card,Online,False,13169.484,2024-04
ORD12365,2025-03-10,CUST1305,Customer_1305,West,Home & Kitchen,Blender,3,3669.27,0.1,189.31,Debit Card,Online,False,9907.029,2025-03
ORD13721,2025-05-20,CUST1363,Customer_1363,West,Electronics,Headphones,5,25937.71,0.0,173.6,Cash On Delivery,Online,False,129688.54999999999,2025-05
ORD11734,2024-02-09,CUST1073,Customer_1073,South,Beauty,Perfume,3,1441.31,0.25,36.31,Upi,Online,False,3242.9475,2024-02
ORD10396,2025-10-24,CUST1351,Customer_1351,West,Sports,Dumbbells,4,3118.14,0.2,0.0,Debit Card,Retail Store,False,9978.048,2025-10
ORD12126,2025-09-19,CUST1087,Customer_1087,East,Sports,Cycling Helmet,2,1315.09,0.0,142.77,Cash On Delivery,Online,False,2630.18,2025-09
ORD13695,2025-01-04,CUST1197,Customer_1197,East,Home & Kitchen,Bedsheet,3,674.9,0.15,0.0,Upi,Retail Store,False,1720.995,2025-01
ORD11906,2025-01-05,CUST1260,Customer_1260,West,Beauty,Sunscreen,5,2462.82,0.15,31.39,Net Banking,Online,False,10466.985,2025-01
ORD11495,2025-06-10,CUST1129,Customer_1129,North,Home & Kitchen,Cookware Set,3,3718.53,0.15,157.31,Net Banking,Online,False,9482.2515,2025-06
ORD12226,2024-07-24,CUST1147,Customer_1147,South,Home & Kitchen,Lamp,5,4037.49,0.0,0.0,Cash On Delivery,Retail Store,False,20187.449999999997,2024-07
ORD12730,2024-03-17,CUST1204,Customer_1204,East,Electronics,Tablet,1,24680.18,0.2,197.04,Debit Card,Online,False,19744.144,2024-03
ORD12263,2024-10-24,CUST1262,Customer_1262,East,Electronics,Smartphone,1,35119.92,0.2,0.0,Upi,Retail Store,False,28095.936,2024-10
ORD14147,2025-09-04,CUST1043,Customer_1043,East,Sports,Cricket Bat,1,5398.9,0.0,0.0,Debit Card,Retail Store,False,5398.9,2025-09
ORD12471,2025-02-15,CUST1070,Customer_1070,North,Clothing,Jacket,3,1437.42,0.15,111.91,Net Banking,Online,False,3665.4210000000003,2025-02
ORD11352,2024-06-06,CUST1351,Customer_1351,South,Beauty,Sunscreen,3,717.39,0.25,114.79,Credit Card,Online,False,1614.1275,2024-06
ORD10613,2025-11-04,CUST1012,Customer_1012,East,Sports,Running Shoes,4,5113.64,0.25,36.96,Debit Card,Online,False,15340.920000000002,2025-11
ORD10290,2024-09-05,CUST1134,Customer_1134,East,Electronics,Smartwatch,5,42325.43,0.05,22.51,Upi,Online,False,201045.79249999998,2024-09
ORD12698,2024-07-31,CUST1080,Customer_1080,West,Sports,Dumbbells,2,3495.77,0.05,0.0,Net Banking,Retail Store,False,6641.963,2024-07
ORD14444,2024-04-24,CUST1036,Customer_1036,East,Clothing,Shoes,1,918.13,0.0,0.0,Credit Card,Retail Store,False,918.13,2024-04
ORD10990,2024-02-03,CUST1144,Customer_1144,South,Sports,Yoga Mat,3,442.43,0.1,0.0,Credit Card,Retail Store,False,1194.561,2024-02
ORD12680,2024-07-04,CUST1038,Customer_1038,East,Electronics,Smartwatch,1,51409.87,0.0,144.91,Debit Card,Online,False,51409.87,2024-07
ORD13793,2025-06-07,CUST1061,Customer_1061,South,Beauty,Shampoo,1,2016.11,0.25,113.2,Credit Card,Online,False,1512.0825,2025-06
ORD14130,2024-01-31,CUST1386,Customer_1386,East,Home & Kitchen,Lamp,3,6678.51,0.2,0.0,Net Banking,Retail Store,False,16028.423999999999,2024-01
ORD14874,2025-11-19,CUST1363,Customer_1363,East,Electronics,Smartphone,5,9710.04,0.15,127.58,Net Banking,Online,False,41267.670000000006,2025-11
ORD11660,2024-05-08,CUST1202,Customer_1202,West,Home & Kitchen,Blender,3,7772.44,0.1,0.0,Debit Card,Retail Store,False,20985.588,2024-05
ORD13203,2025-04-14,CUST1244,Customer_1244,North,Home & Kitchen,Bedsheet,1,3820.86,0.15,0.0,Cash On Delivery,Retail Store,False,3247.731,2025-04
ORD13474,2024-10-13,CUST1025,Customer_1025,East,Home & Kitchen,Cookware Set,5,7700.75,0.1,157.68,Credit Card,Online,False,34653.375,2024-10
ORD10650,2025-03-19,CUST1040,Customer_1040,South,Clothing,T-Shirt,3,1524.35,0.0,189.84,Debit Card,Online,False,4573.049999999999,2025-03
ORD14231,2025-12-19,CUST1262,Customer_1262,West,Home & Kitchen,Blender,2,4480.37,0.0,0.0,Cash On Delivery,Retail Store,False,8960.74,2025-12
ORD12769,2025-08-10,CUST1318,Customer_1318,West,Electronics,Tablet,1,18628.31,0.15,180.21,Unknown,Online,False,15834.0635,2025-08
ORD11642,2024-09-19,CUST1271,Customer_1271,South,Sports,Cricket Bat,3,3937.81,0.0,105.88,Upi,Online,False,11813.43,2024-09
ORD11546,2024-08-31,CUST1334,Customer_1334,West,Clothing,Jacket,1,1683.45,0.05,187.81,Upi,Online,False,1599.2775,2024-08
ORD10730,2024-06-15,CUST1380,Customer_1380,South,Clothing,Shoes,1,855.21,0.0,0.0,Cash On Delivery,Retail Store,False,855.21,2024-06
ORD11783,2024-12-02,CUST1199,Customer_1199,West,Sports,Cycling Helmet,5,3382.65,0.0,167.95,Credit Card,Online,False,16913.25,2024-12
ORD10345,2024-02-07,CUST1012,Customer_1012,South,Sports,Dumbbells,4,4945.96,0.0,0.0,Credit Card,Retail Store,False,19783.84,2024-02
ORD11714,2024-09-11,CUST1309,Customer_1309,East,Sports,Cycling Helmet,3,4665.02,0.1,0.0,Net Banking,Retail Store,False,12595.554000000002,2024-09
ORD12305,2025-06-11,CUST1124,Customer_1124,South,Sports,Cricket Bat,2,1283.74,0.1,157.09,Cash On Delivery,Online,False,2310.732,2025-06
ORD13277,2025-12-18,CUST1204,Customer_1204,West,Beauty,Lipstick,5,559.5,0.05,0.0,Credit Card,Retail Store,False,2657.625,2025-12
ORD14070,2025-10-30,CUST1310,Customer_1310,West,Home & Kitchen,Vacuum Cleaner,4,1370.54,0.2,0.0,Upi,Retail Store,False,4385.728,2025-10
ORD13909,2025-01-28,CUST1121,Customer_1121,North,Beauty,Lipstick,5,1173.19,0.1,0.0,Credit Card,Retail Store,False,5279.3550000000005,2025-01
ORD13807,2025-02-01,CUST1350,Customer_1350,South,Electronics,Laptop,4,31539.56,0.05,0.0,Debit Card,Retail Store,False,119850.328,2025-02
ORD13972,2024-10-15,CUST1276,Customer_1276,North,Electronics,Tablet,4,44332.31,0.0,184.79,Net Banking,Online,False,177329.24,2024-10
ORD11518,2025-01-24,CUST1326,Customer_1326,West,Beauty,Shampoo,4,351.99,0.05,0.0,Net Banking,Retail Store,False,1337.562,2025-01
ORD12907,2024-03-28,CUST1148,Customer_1148,West,Sports,Cricket Bat,2,1202.73,0.05,0.0,Cash On Delivery,Retail Store,False,2285.187,2024-03
ORD10913,2025-01-21,CUST1147,Customer_1147,South,Sports,Cycling Helmet,1,673.58,0.05,0.0,Credit Card,Retail Store,False,639.901,2025-01
ORD13095,2025-05-05,CUST1042,Customer_1042,West,Beauty,Shampoo,3,2000.33,0.1,158.46,Debit Card,Online,False,5400.891,2025-05
ORD10794,2024-07-10,CUST1259,Customer_1259,Unknown,Electronics,Headphones,2,16900.8,0.05,0.0,Debit Card,Retail Store,False,32111.519999999997,2024-07
ORD10960,2024-12-17,CUST1095,Customer_1095,South,Sports,Cricket Bat,4,5697.96,0.1,172.09,Credit Card,Online,False,20512.656,2024-12
ORD10392,2024-08-19,CUST1186,Customer_1186,South,Beauty,Shampoo,4,653.09,0.2,118.37,Net Banking,Online,False,2089.8880000000004,2024-08
ORD14850,2025-04-18,CUST1380,Customer_1380,East,Clothing,Shoes,2,911.34,0.15,165.88,Cash On Delivery,Online,False,1549.278,2025-04
ORD10268,2024-11-29,CUST1316,Customer_1316,West,Clothing,T-Shirt,4,1067.27,0.15,0.0,Net Banking,Retail Store,False,3628.718,2024-11
ORD10342,2025-02-17,CUST1076,Customer_1076,South,Electronics,Headphones,4,42453.23,0.2,0.66,Net Banking,Online,False,135850.336,2025-02
ORD12408,2024-01-04,CUST1182,Customer_1182,South,Home & Kitchen,Vacuum Cleaner,4,3575.0,0.0,0.0,Credit Card,Retail Store,False,14300.0,2024-01
ORD11409,2024-08-11,CUST1056,Customer_1056,South,Clothing,Shoes,4,538.76,0.05,191.19,Credit Card,Online,False,2047.2879999999998,2024-08
ORD14018,2025-07-15,CUST1268,Customer_1268,South,Beauty,Lipstick,3,1605.5,0.1,0.0,Cash On Delivery,Retail Store,False,4334.85,2025-07
ORD14631,2025-11-04,CUST1041,Customer_1041,East,Beauty,Sunscreen,1,1001.9,0.0,0.0,Credit Card,Retail Store,False,1001.9,2025-11
ORD13185,2024-09-02,CUST1146,Customer_1146,East,Sports,Running Shoes,4,3934.95,0.2,193.98,Upi,Online,False,12591.84,2024-09
ORD11584,2025-03-22,CUST1134,Customer_1134,North,Beauty,Lipstick,5,346.06,0.15,18.75,Debit Card,Online,False,1470.7549999999999,2025-03
ORD13958,2024-03-09,CUST1370,Customer_1370,South,Sports,Dumbbells,4,5494.12,0.2,95.84,Debit Card,Online,False,17581.184,2024-03
ORD11441,2024-08-20,CUST1192,Customer_1192,South,Home & Kitchen,Lamp,1,4480.37,0.0,148.58,Debit Card,Online,False,4480.37,2024-08
ORD12043,2024-05-28,CUST1371,Customer_1371,North,Clothing,T-Shirt,4,2265.28,0.0,42.66,Credit Card,Online,False,9061.12,2024-05
ORD10893,2024-04-19,CUST1374,Customer_1374,West,Electronics,Smartwatch,2,17678.12,0.2,144.86,Debit Card,Online,False,28284.992,2024-04
ORD10695,2024-10-08,CUST1292,Customer_1292,East,Home & Kitchen,Vacuum Cleaner,5,6492.16,0.2,120.92,Upi,Online,False,25968.64,2024-10
ORD13244,2024-05-08,CUST1314,Customer_1314,South,Clothing,Shoes,1,2814.11,0.1,0.0,Credit Card,Retail Store,False,2532.699,2024-05
ORD12615,2024-05-31,CUST1324,Customer_1324,North,Clothing,Jeans,5,367.79,0.2,0.0,Net Banking,Retail Store,False,1471.16,2024-05
ORD13223,2025-07-31,CUST1240,Customer_1240,North,Sports,Dumbbells,4,669.83,0.15,0.0,Cash On Delivery,Retail Store,False,2277.422,2025-07
ORD11395,2025-12-13,CUST1134,Customer_1134,South,Clothing,Jeans,1,1668.54,0.15,57.66,Debit Card,Online,False,1418.259,2025-12
ORD14995,2024-07-20,CUST1163,Customer_1163,South,Home & Kitchen,Cookware Set,1,6535.38,0.25,0.0,Upi,Retail Store,False,4901.535,2024-07
ORD13350,2024-06-26,CUST1174,Customer_1174,East,Electronics,Headphones,5,48517.75,0.0,0.0,Credit Card,Retail Store,False,242588.75,2024-06
ORD12597,2024-09-15,CUST1238,Customer_1238,East,Home & Kitchen,Cookware Set,4,3076.92,0.15,0.0,Net Banking,Retail Store,False,10461.528,2024-09
ORD10443,2024-01-20,CUST1043,Customer_1043,West,Clothing,Dress,5,1839.66,0.0,0.0,Debit Card,Retail Store,False,9198.300000000001,2024-01
ORD12075,2025-08-08,CUST1053,Customer_1053,West,Home & Kitchen,Blender,3,3098.32,0.25,0.0,Net Banking,Retail Store,False,6971.220000000001,2025-08
ORD11501,2024-07-11,CUST1033,Customer_1033,Unknown,Clothing,Shoes,5,2115.31,0.15,47.8,Unknown,Online,False,8990.0675,2024-07
ORD11715,2025-05-05,CUST1259,Customer_1259,South,Electronics,Headphones,1,58308.96,0.25,0.0,Upi,Retail Store,False,43731.72,2025-05
ORD13020,2025-10-21,CUST1321,Customer_1321,West,Home & Kitchen,Lamp,4,718.2,0.15,0.0,Cash On Delivery,Retail Store,False,2441.88,2025-10
ORD14911,2025-05-24,CUST1222,Customer_1222,West,Clothing,Jeans,4,1668.54,0.2,193.11,Credit Card,Online,False,5339.328,2025-05
ORD14093,2025-01-24,CUST1249,Customer_1249,West,Sports,Running Shoes,4,2059.15,0.25,0.0,Cash On Delivery,Retail Store,False,6177.450000000001,2025-01
ORD11195,2024-06-25,CUST1130,Customer_1130,South,Sports,Running Shoes,2,1438.92,0.05,7.09,Net Banking,Online,False,2733.948,2024-06
ORD13298,2024-12-17,CUST1194,Customer_1194,East,Sports,Cycling Helmet,4,3455.97,0.0,64.59,Cash On Delivery,Online,False,13823.88,2024-12
ORD12273,2024-02-19,CUST1066,Customer_1066,South,Clothing,Jacket,2,1587.61,0.15,0.0,Net Banking,Retail Store,False,2698.937,2024-02
ORD10495,2024-07-17,CUST1212,Customer_1212,North,Beauty,Perfume,4,241.24,0.0,0.0,Upi,Retail Store,False,964.96,2024-07
ORD12328,2025-02-08,CUST1209,Customer_1209,East,Beauty,Shampoo,3,403.81,0.25,0.0,Net Banking,Retail Store,False,908.5725,2025-02
ORD12646,2025-05-11,CUST1167,Customer_1167,North,Home & Kitchen,Lamp,1,672.57,0.0,0.0,Net Banking,Retail Store,False,672.57,2025-05
ORD12801,2025-04-27,CUST1226,Customer_1226,Unknown,Electronics,Laptop,3,13812.65,0.0,21.69,Net Banking,Online,False,41437.95,2025-04
ORD12857,2025-11-08,CUST1196,Customer_1196,North,Electronics,Smartwatch,2,57752.6,0.0,30.85,Net Banking,Online,False,115505.2,2025-11
ORD14385,2024-02-18,CUST1007,Customer_1007,West,Electronics,Tablet,1,56981.35,0.0,0.0,Credit Card,Retail Store,False,56981.35,2024-02
ORD11268,2025-06-23,CUST1316,Customer_1316,East,Electronics,Smartphone,3,33259.75,0.15,0.0,Upi,Retail Store,False,84812.3625,2025-06
ORD14055,2025-11-15,CUST1212,Customer_1212,South,Clothing,Shoes,3,1714.65,0.1,124.11,Net Banking,Online,False,4629.555000000001,2025-11
ORD14842,2024-02-01,CUST1093,Customer_1093,Unknown,Home & Kitchen,Bedsheet,5,4453.3,0.15,46.16,Net Banking,Online,False,18926.524999999998,2024-02
ORD12076,2025-12-28,CUST1364,Customer_1364,East,Electronics,Smartphone,3,24748.88,0.15,92.8,Upi,Online,False,63109.644,2025-12
ORD10054,2025-03-28,CUST1298,Customer_1298,North,Clothing,Jeans,4,2100.47,0.0,0.0,Cash On Delivery,Retail Store,False,8401.88,2025-03
ORD12132,2024-09-14,CUST1193,Customer_1193,North,Clothing,Dress,1,1984.91,0.0,0.0,Debit Card,Retail Store,False,1984.91,2024-09
ORD12488,2024-05-13,CUST1330,Customer_1330,West,Electronics,Smartwatch,2,14212.8,0.05,191.56,Debit Card,Online,False,27004.319999999996,2024-05
ORD12051,2025-06-18,CUST1210,Customer_1210,North,Sports,Yoga Mat,1,878.19,0.0,49.06,Upi,Online,False,878.19,2025-06
ORD14594,2024-05-26,CUST1229,Customer_1229,South,Beauty,Shampoo,2,1987.48,0.0,67.33,Upi,Online,False,3974.96,2024-05
ORD13986,2024-02-24,CUST1179,Customer_1179,South,Electronics,Laptop,4,13355.01,0.0,66.91,Cash On Delivery,Online,False,53420.04,2024-02
ORD13456,2024-07-09,CUST1085,Customer_1085,Unknown,Clothing,Jeans,3,1926.54,0.2,33.87,Debit Card,Online,False,4623.696,2024-07
ORD11865,2025-09-03,CUST1295,Customer_1295,East,Beauty,Sunscreen,4,168.3,0.0,0.0,Net Banking,Retail Store,False,673.2,2025-09
ORD10632,2025-03-13,CUST1178,Customer_1178,North,Electronics,Tablet,3,54585.8,0.2,0.0,Credit Card,Retail Store,False,131005.92000000003,2025-03
ORD10577,2025-10-13,CUST1171,Customer_1171,East,Clothing,Dress,4,820.18,0.0,0.0,Cash On Delivery,Retail Store,False,3280.72,2025-10
ORD12514,2024-10-13,CUST1142,Customer_1142,North,Clothing,T-Shirt,4,1804.22,0.0,0.0,Upi,Retail Store,False,7216.88,2024-10
ORD11892,2024-10-22,CUST1027,Customer_1027,North,Clothing,T-Shirt,3,1938.91,0.25,23.5,Debit Card,Online,False,4362.547500000001,2024-10
ORD11444,2024-05-15,CUST1294,Customer_1294,South,Clothing,Dress,1,1587.33,0.0,0.0,Cash On Delivery,Retail Store,False,1587.33,2024-05
ORD10787,2025-10-11,CUST1343,Customer_1343,South,Sports,Cricket Bat,3,2604.25,0.05,0.0,Upi,Retail Store,False,7422.112499999999,2025-10
ORD11080,2024-12-18,CUST1398,Customer_1398,East,Home & Kitchen,Vacuum Cleaner,1,5636.43,0.2,0.0,Debit Card,Retail Store,False,4509.144,2024-12
ORD12945,2025-01-26,CUST1249,Customer_1249,East,Clothing,Jeans,1,1827.82,0.0,0.0,Cash On Delivery,Retail Store,False,1827.82,2025-01
ORD10233,2024-09-21,CUST1359,Customer_1359,West,Beauty,Face Cream,2,568.28,0.05,0.0,Cash On Delivery,Retail Store,False,1079.732,2024-09
ORD14938,2025-12-08,CUST1207,Customer_1207,West,Electronics,Headphones,4,23752.84,0.05,0.0,Unknown,Retail Store,False,90260.792,2025-12
ORD14317,2025-06-25,CUST1250,Customer_1250,West,Home & Kitchen,Blender,1,2330.62,0.15,175.46,Cash On Delivery,Online,False,1981.0269999999998,2025-06
ORD13210,2024-08-25,CUST1292,Customer_1292,East,Sports,Cycling Helmet,5,1585.39,0.0,110.19,Upi,Online,False,7926.950000000001,2024-08
ORD13267,2024-12-22,CUST1291,Customer_1291,North,Sports,Dumbbells,5,1870.48,0.0,0.0,Upi,Retail Store,False,9352.4,2024-12
ORD14698,2025-06-29,CUST1364,Customer_1364,North,Beauty,Lipstick,5,1954.9,0.0,8.25,Unknown,Online,False,9774.5,2025-06
ORD11893,2025-06-21,CUST1085,Customer_1085,East,Clothing,Jeans,5,2809.32,0.1,0.0,Net Banking,Retail Store,False,12641.94,2025-06
ORD10784,2025-08-20,CUST1004,Customer_1004,West,Electronics,Laptop,1,54255.52,0.15,0.0,Cash On Delivery,Retail Store,False,46117.191999999995,2025-08
ORD14144,2025-02-03,CUST1075,Customer_1075,West,Sports,Cricket Bat,5,2143.64,0.25,20.94,Upi,Online,False,8038.65,2025-02
ORD13378,2025-10-20,CUST1248,Customer_1248,West,Sports,Running Shoes,5,5147.18,0.1,0.0,Debit Card,Retail Store,False,23162.31,2025-10
ORD11118,2024-04-19,CUST1142,Customer_1142,South,Sports,Running Shoes,3,553.36,0.15,0.0,Debit Card,Retail Store,False,1411.068,2024-04
ORD10785,2025-07-29,CUST1360,Customer_1360,West,Clothing,Jacket,3,2732.21,0.0,195.22,Upi,Online,False,8196.630000000001,2025-07
ORD10524,2025-12-24,CUST1351,Customer_1351,West,Sports,Dumbbells,2,2472.84,0.2,0.0,Upi,Retail Store,False,3956.5440000000003,2025-12
ORD10714,2025-09-04,CUST1237,Customer_1237,North,Electronics,Tablet,1,38583.48,0.05,0.0,Net Banking,Retail Store,False,36654.306000000004,2025-09
ORD14612,2024-04-15,CUST1056,Customer_1056,North,Beauty,Shampoo,1,989.43,0.0,0.0,Credit Card,Retail Store,False,989.43,2024-04
ORD13234,2024-06-26,CUST1214,Customer_1214,South,Beauty,Shampoo,2,1135.87,0.25,167.57,Upi,Online,False,1703.8049999999998,2024-06
ORD14319,2024-12-07,CUST1063,Customer_1063,South,Beauty,Lipstick,1,2376.26,0.25,0.0,Upi,Retail Store,False,1782.1950000000002,2024-12
ORD11859,2024-03-06,CUST1128,Customer_1128,North,Sports,Running Shoes,5,580.28,0.25,0.0,Debit Card,Retail Store,False,2176.0499999999997,2024-03
ORD10500,2025-10-13,CUST1108,Customer_1108,North,Clothing,Jeans,1,818.09,0.0,0.0,Credit Card,Retail Store,False,818.09,2025-10
ORD13052,2024-11-24,CUST1010,Customer_1010,South,Beauty,Sunscreen,5,1909.74,0.1,132.89,Credit Card,Online,False,8593.830000000002,2024-11
ORD14498,2024-03-01,CUST1051,Customer_1051,South,Beauty,Shampoo,2,2435.28,0.0,12.71,Cash On Delivery,Online,False,4870.56,2024-03
ORD10857,2024-09-08,CUST1125,Customer_1125,South,Clothing,T-Shirt,2,1377.95,0.0,0.0,Upi,Retail Store,False,2755.9,2024-09
ORD14314,2025-08-13,CUST1088,Customer_1088,West,Electronics,Smartwatch,1,36924.5,0.1,80.25,Upi,Online,False,33232.05,2025-08
ORD12692,2025-04-14,CUST1210,Customer_1210,South,Clothing,Dress,3,1041.95,0.25,0.0,Debit Card,Retail Store,False,2344.3875000000003,2025-04
ORD10292,2025-04-05,CUST1079,Customer_1079,South,Electronics,Headphones,1,37828.64,0.1,40.76,Debit Card,Online,False,34045.776,2025-04
ORD13275,2025-06-05,CUST1066,Customer_1066,West,Clothing,Dress,1,995.39,0.0,92.27,Credit Card,Online,False,995.39,2025-06
ORD10561,2024-10-24,CUST1066,Customer_1066,West,Electronics,Laptop,4,30959.34,0.0,190.56,Credit Card,Online,False,123837.36,2024-10
ORD14904,2024-05-17,CUST1356,Customer_1356,South,Beauty,Perfume,1,1342.1,0.1,0.0,Upi,Retail Store,False,1207.8899999999999,2024-05
ORD10093,2025-06-14,CUST1189,Customer_1189,South,Home & Kitchen,Lamp,1,5371.71,0.1,0.0,Upi,Retail Store,False,4834.539,2025-06
ORD10661,2025-10-20,CUST1372,Customer_1372,East,Beauty,Perfume,5,1962.33,0.0,112.18,Credit Card,Online,False,9811.65,2025-10
ORD13577,2024-06-05,CUST1109,Customer_1109,North,Beauty,Shampoo,3,695.61,0.2,167.99,Debit Card,Online,False,1669.464,2024-06
ORD11061,2024-01-04,CUST1033,Customer_1033,East,Electronics,Headphones,4,41136.0,0.0,85.68,Credit Card,Online,False,164544.0,2024-01
ORD13753,2024-11-19,CUST1386,Customer_1386,East,Beauty,Lipstick,3,1144.88,0.2,79.49,Upi,Online,False,2747.7120000000004,2024-11
ORD13123,2024-09-19,CUST1371,Customer_1371,South,Sports,Yoga Mat,2,2323.21,0.0,0.0,Upi,Retail Store,False,4646.42,2024-09
ORD14111,2025-03-28,CUST1325,Customer_1325,North,Beauty,Sunscreen,5,556.68,0.0,0.0,Cash On Delivery,Retail Store,False,2783.3999999999996,2025-03
ORD12815,2025-02-10,CUST1212,Customer_1212,South,Beauty,Face Cream,-3,708.51,0.1,58.82,Cash On Delivery,Online,True,-1912.9769999999999,2025-02
ORD10657,2024-02-06,CUST1101,Customer_1101,South,Clothing,Dress,4,2463.47,0.0,0.0,Net Banking,Retail Store,False,9853.88,2024-02
ORD13699,2025-10-07,CUST1281,Customer_1281,East,Clothing,T-Shirt,5,2689.71,0.0,3.58,Credit Card,Online,False,13448.55,2025-10
ORD11992,2025-07-19,CUST1200,Customer_1200,South,Home & Kitchen,Blender,2,7407.67,0.15,0.0,Upi,Retail Store,False,12593.039,2025-07
ORD14538,2024-08-11,CUST1214,Customer_1214,South,Electronics,Smartwatch,4,50527.84,0.1,0.0,Debit Card,Retail Store,False,181900.224,2024-08
ORD14848,2024-01-12,CUST1047,Customer_1047,East,Home & Kitchen,Cookware Set,5,607.38,0.2,126.12,Debit Card,Online,False,2429.52,2024-01
ORD12577,2025-05-06,CUST1065,Customer_1065,East,Home & Kitchen,Bedsheet,4,6622.09,0.0,0.0,Cash On Delivery,Retail Store,False,26488.36,2025-05
ORD11497,2024-11-03,CUST1268,Customer_1268,East,Beauty,Face Cream,5,1110.01,0.1,0.0,Net Banking,Retail Store,False,4995.045,2024-11
ORD10389,2025-01-24,CUST1315,Customer_1315,South,Home & Kitchen,Vacuum Cleaner,3,3248.08,0.15,0.0,Upi,Retail Store,False,8282.604,2025-01
ORD10101,2025-02-06,CUST1127,Customer_1127,West,Clothing,Jacket,5,730.22,0.0,0.0,Debit Card,Retail Store,False,3651.1000000000004,2025-02
ORD14909,2024-10-23,CUST1277,Customer_1277,West,Clothing,Shoes,1,2197.96,0.05,18.21,Debit Card,Online,False,2088.062,2024-10
ORD12336,2025-04-26,CUST1096,Customer_1096,West,Clothing,Jacket,1,1668.54,0.2,175.68,Debit Card,Online,False,1334.832,2025-04
ORD13096,2025-07-18,CUST1051,Customer_1051,South,Electronics,Smartphone,5,56484.26,0.0,18.75,Credit Card,Online,False,282421.3,2025-07
ORD10938,2025-08-08,CUST1176,Customer_1176,South,Beauty,Face Cream,-2,1761.33,0.15,155.44,Upi,Online,True,-2994.261,2025-08
ORD13848,2025-10-20,CUST1258,Customer_1258,North,Beauty,Sunscreen,4,1245.67,0.25,170.32,Net Banking,Online,False,3737.01,2025-10
ORD14158,2025-12-22,CUST1297,Customer_1297,East,Electronics,Tablet,4,52037.95,0.0,0.0,Cash On Delivery,Retail Store,False,208151.8,2025-12
ORD13327,2025-07-25,CUST1082,Customer_1082,East,Beauty,Lipstick,5,1208.9,0.0,84.47,Debit Card,Online,False,6044.5,2025-07
ORD10006,2025-11-29,CUST1348,Customer_1348,North,Beauty,Sunscreen,1,1450.08,0.0,58.7,Upi,Online,False,1450.08,2025-11
ORD11063,2025-07-14,CUST1075,Customer_1075,East,Electronics,Laptop,4,4970.51,0.2,0.0,Cash On Delivery,Retail Store,False,15905.632000000001,2025-07
ORD11986,2025-04-04,CUST1327,Customer_1327,South,Sports,Running Shoes,5,5230.89,0.15,0.0,Debit Card,Retail Store,False,22231.2825,2025-04
ORD13400,2025-10-21,CUST1338,Customer_1338,North,Clothing,Dress,2,2304.69,0.05,199.14,Credit Card,Online,False,4378.911,2025-10
ORD11103,2024-09-14,CUST1339,Customer_1339,Unknown,Beauty,Shampoo,5,1866.67,0.15,0.0,Credit Card,Retail Store,False,7933.3475,2024-09
ORD10224,2025-05-30,CUST1359,Customer_1359,South,Sports,Cricket Bat,5,4165.29,0.0,0.0,Credit Card,Retail Store,False,20826.45,2025-05
ORD10959,2024-12-14,CUST1068,Customer_1068,North,Sports,Cycling Helmet,3,5448.5,0.0,0.0,Credit Card,Retail Store,False,16345.5,2024-12
ORD12382,2025-07-07,CUST1305,Customer_1305,West,Clothing,Shoes,1,501.19,0.05,0.0,Upi,Retail Store,False,476.1305,2025-07
ORD11227,2024-02-24,CUST1205,Customer_1205,West,Electronics,Laptop,5,32381.72,0.2,199.9,Debit Card,Online,False,129526.88,2024-02
ORD10436,2025-08-18,CUST1190,Customer_1190,West,Home & Kitchen,Bedsheet,3,3865.53,0.05,0.0,Upi,Retail Store,False,11016.7605,2025-08
ORD13920,2024-05-07,CUST1351,Customer_1351,South,Sports,Yoga Mat,1,3818.4,0.1,195.6,Debit Card,Online,False,3436.56,2024-05
ORD11043,2025-04-10,CUST1092,Customer_1092,East,Home & Kitchen,Lamp,1,4960.26,0.15,60.55,Cash On Delivery,Online,False,4216.2210000000005,2025-04
ORD14309,2025-02-03,CUST1272,Customer_1272,South,Sports,Running Shoes,5,4125.91,0.1,0.0,Cash On Delivery,Retail Store,False,18566.595,2025-02
ORD11494,2025-07-09,CUST1390,Customer_1390,West,Home & Kitchen,Vacuum Cleaner,4,3560.05,0.2,0.0,Upi,Retail Store,False,11392.160000000002,2025-07
ORD14210,2025-01-08,CUST1321,Customer_1321,West,Beauty,Shampoo,4,581.54,0.0,67.6,Debit Card,Online,False,2326.16,2025-01
ORD10602,2024-04-25,CUST1339,Customer_1339,North,Beauty,Perfume,3,1366.9,0.25,0.0,Debit Card,Retail Store,False,3075.5250000000005,2024-04
ORD14623,2024-09-14,CUST1077,Customer_1077,West,Clothing,Jeans,5,1238.27,0.1,26.16,Net Banking,Online,False,5572.215,2024-09
ORD14259,2025-09-14,CUST1043,Customer_1043,South,Sports,Cycling Helmet,5,1826.41,0.2,0.0,Debit Card,Retail Store,False,7305.640000000001,2025-09
ORD14839,2024-02-03,CUST1246,Customer_1246,North,Electronics,Tablet,2,14976.8,0.1,0.0,Credit Card,Retail Store,False,26958.239999999998,2024-02
ORD11925,2024-12-27,CUST1307,Customer_1307,North,Clothing,Jeans,3,1014.79,0.0,0.0,Unknown,Retail Store,False,3044.37,2024-12
ORD14550,2024-11-12,CUST1064,Customer_1064,North,Beauty,Face Cream,2,1491.07,0.15,155.02,Debit Card,Online,False,2534.819,2024-11
ORD13724,2025-05-27,CUST1164,Customer_1164,North,Beauty,Shampoo,2,867.06,0.1,0.0,Upi,Retail Store,False,1560.7079999999999,2025-05
ORD13429,2025-09-16,CUST1109,Customer_1109,East,Sports,Running Shoes,2,4611.75,0.1,0.0,Cash On Delivery,Retail Store,False,8301.15,2025-09
ORD13405,2025-03-18,CUST1104,Customer_1104,East,Electronics,Headphones,4,26292.12,0.25,0.0,Credit Card,Retail Store,False,78876.36,2025-03
ORD11914,2024-07-29,CUST1361,Customer_1361,North,Home & Kitchen,Blender,3,3557.08,0.2,0.0,Cash On Delivery,Retail Store,False,8536.992,2024-07
ORD10548,2024-04-15,CUST1083,Customer_1083,East,Home & Kitchen,Vacuum Cleaner,4,4480.37,0.1,182.43,Debit Card,Online,False,16129.332,2024-04
ORD12684,2025-02-15,CUST1026,Customer_1026,South,Sports,Running Shoes,1,1626.03,0.15,105.16,Net Banking,Online,False,1382.1254999999999,2025-02
ORD12653,2025-06-22,CUST1121,Customer_1121,Unknown,Sports,Running Shoes,3,3645.84,0.0,0.01,Credit Card,Online,False,10937.52,2025-06
ORD14296,2024-02-03,CUST1159,Customer_1159,South,Beauty,Face Cream,2,1342.1,0.0,86.95,Credit Card,Online,False,2684.2,2024-02
ORD13226,2025-12-22,CUST1236,Customer_1236,West,Sports,Yoga Mat,2,3915.26,0.2,16.18,Debit Card,Online,False,6264.416000000001,2025-12
ORD14852,2024-09-17,CUST1007,Customer_1007,East,Beauty,Sunscreen,1,607.58,0.25,64.54,Net Banking,Online,False,455.68500000000006,2024-09
ORD12736,2025-12-23,CUST1376,Customer_1376,South,Electronics,Tablet,5,6684.54,0.0,0.0,Cash On Delivery,Retail Store,False,33422.7,2025-12
ORD12105,2025-07-28,CUST1009,Customer_1009,West,Clothing,Dress,3,1978.27,0.0,108.89,Debit Card,Online,False,5934.8099999999995,2025-07
ORD13643,2025-09-12,CUST1277,Customer_1277,North,Beauty,Sunscreen,4,879.84,0.0,0.0,Upi,Retail Store,False,3519.36,2025-09
ORD11958,2024-07-25,CUST1125,Customer_1125,East,Electronics,Tablet,2,16061.28,0.05,0.0,Upi,Retail Store,False,30516.432,2024-07
ORD14164,2025-09-27,CUST1313,Customer_1313,East,Clothing,T-Shirt,1,1103.35,0.0,0.0,Upi,Retail Store,False,1103.35,2025-09
ORD14754,2025-05-10,CUST1002,Customer_1002,South,Beauty,Lipstick,5,1014.43,0.05,0.0,Cash On Delivery,Retail Store,False,4818.5425,2025-05
ORD10464,2024-07-18,CUST1376,Customer_1376,South,Home & Kitchen,Lamp,2,574.19,0.25,39.82,Credit Card,Online,False,861.2850000000001,2024-07
ORD13216,2024-09-29,CUST1360,Customer_1360,South,Electronics,Smartphone,3,24994.35,0.05,0.0,Credit Card,Retail Store,False,71233.89749999999,2024-09
ORD10725,2024-03-18,CUST1262,Customer_1262,South,Home & Kitchen,Blender,5,6487.09,0.0,159.72,Net Banking,Online,False,32435.45,2024-03
ORD13438,2025-06-03,CUST1135,Customer_1135,North,Home & Kitchen,Bedsheet,2,1577.97,0.0,152.94,Credit Card,Online,False,3155.94,2025-06
ORD10940,2024-01-27,CUST1307,Customer_1307,South,Beauty,Lipstick,1,624.84,0.15,122.41,Cash On Delivery,Online,False,531.114,2024-01
ORD10395,2025-02-26,CUST1186,Customer_1186,North,Beauty,Shampoo,2,898.83,0.05,0.0,Debit Card,Retail Store,False,1707.777,2025-02
ORD10231,2025-01-30,CUST1287,Customer_1287,North,Electronics,Headphones,3,54413.04,0.0,0.0,Credit Card,Retail Store,False,163239.12,2025-01
ORD12708,2024-06-22,CUST1260,Customer_1260,South,Beauty,Perfume,5,278.42,0.25,199.84,Upi,Online,False,1044.075,2024-06
ORD14651,2025-03-20,CUST1188,Customer_1188,North,Sports,Cycling Helmet,3,3633.2,0.1,187.25,Credit Card,Online,False,9809.64,2025-03
ORD12166,2025-03-01,CUST1046,Customer_1046,South,Home & Kitchen,Blender,4,1026.77,0.15,0.0,Cash On Delivery,Retail Store,False,3491.018,2025-03
ORD12243,2025-04-15,CUST1247,Customer_1247,South,Electronics,Headphones,3,35837.7,0.25,0.0,Debit Card,Retail Store,False,80634.825,2025-04
ORD11143,2025-06-07,CUST1098,Customer_1098,South,Clothing,T-Shirt,3,740.36,0.25,0.0,Credit Card,Retail Store,False,1665.81,2025-06
ORD11035,2025-08-03,CUST1083,Customer_1083,East,Sports,Dumbbells,2,3199.83,0.0,142.34,Net Banking,Online,False,6399.66,2025-08
ORD11669,2025-06-13,CUST1156,Customer_1156,Unknown,Electronics,Headphones,5,23223.14,0.25,0.0,Debit Card,Retail Store,False,87086.775,2025-06
ORD12718,2024-09-14,CUST1218,Customer_1218,West,Beauty,Lipstick,4,306.63,0.0,143.17,Upi,Online,False,1226.52,2024-09
ORD11999,2025-10-17,CUST1242,Customer_1242,East,Beauty,Face Cream,3,1641.03,0.25,0.0,Cash On Delivery,Retail Store,False,3692.3175,2025-10
ORD12712,2024-11-29,CUST1363,Customer_1363,North,Beauty,Shampoo,4,768.62,0.2,189.41,Cash On Delivery,Online,False,2459.5840000000003,2024-11
ORD14463,2025-11-20,CUST1113,Customer_1113,East,Clothing,Jacket,5,1629.3,0.0,0.0,Net Banking,Retail Store,False,8146.5,2025-11
ORD11603,2024-11-06,CUST1329,Customer_1329,North,Home & Kitchen,Bedsheet,4,6350.99,0.15,0.0,Debit Card,Retail Store,False,21593.365999999998,2024-11
ORD11796,2025-07-26,CUST1165,Customer_1165,South,Clothing,Shoes,2,1496.4,0.0,0.0,Debit Card,Retail Store,False,2992.8,2025-07
ORD14788,2024-10-11,CUST1182,Customer_1182,South,Clothing,Jeans,1,1725.02,0.05,140.1,Debit Card,Online,False,1638.769,2024-10
ORD11774,2024-07-03,CUST1228,Customer_1228,East,Home & Kitchen,Lamp,1,7688.08,0.25,0.0,Unknown,Retail Store,False,5766.0599999999995,2024-07
ORD10773,2024-04-21,CUST1034,Customer_1034,East,Clothing,Dress,3,2879.36,0.1,110.95,Debit Card,Online,False,7774.272,2024-04
ORD13523,2025-06-20,CUST1257,Customer_1257,North,Electronics,Tablet,4,40631.6,0.05,54.12,Net Banking,Online,False,154400.08,2025-06
ORD11960,2025-03-12,CUST1370,Customer_1370,South,Home & Kitchen,Blender,-1,6840.94,0.0,154.52,Cash On Delivery,Online,True,-6840.94,2025-03
ORD12726,2024-06-30,CUST1190,Customer_1190,North,Electronics,Headphones,3,30381.84,0.0,164.65,Net Banking,Online,False,91145.52,2024-06
ORD12747,2025-11-05,CUST1195,Customer_1195,East,Home & Kitchen,Vacuum Cleaner,1,6214.3,0.1,83.63,Net Banking,Online,False,5592.87,2025-11
ORD14157,2025-07-09,CUST1028,Customer_1028,North,Clothing,Jeans,3,1268.45,0.25,0.0,Upi,Retail Store,False,2854.0125000000003,2025-07
ORD10201,2024-03-06,CUST1299,Customer_1299,North,Electronics,Headphones,5,58039.4,0.25,0.0,Upi,Retail Store,False,217647.75,2024-03
ORD13977,2024-04-18,CUST1014,Customer_1014,West,Home & Kitchen,Blender,5,3383.67,0.0,0.0,Credit Card,Retail Store,False,16918.35,2024-04
ORD12392,2024-02-19,CUST1133,Customer_1133,East,Electronics,Laptop,1,55391.23,0.0,0.0,Cash On Delivery,Retail Store,False,55391.23,2024-02
ORD11476,2025-10-10,CUST1045,Customer_1045,North,Sports,Dumbbells,1,5833.68,0.2,4.59,Debit Card,Online,False,4666.944,2025-10
ORD12192,2025-08-19,CUST1102,Customer_1102,West,Electronics,Laptop,3,40127.28,0.0,0.0,Upi,Retail Store,False,120381.84,2025-08
ORD13658,2025-10-17,CUST1132,Customer_1132,South,Home & Kitchen,Blender,1,5457.37,0.0,0.0,Debit Card,Retail Store,False,5457.37,2025-10
ORD14383,2024-08-05,CUST1373,Customer_1373,North,Clothing,Dress,4,1381.16,0.15,0.0,Net Banking,Retail Store,False,4695.944,2024-08
ORD10416,2025-12-02,CUST1045,Customer_1045,South,Electronics,Smartphone,2,25040.18,0.1,0.0,Credit Card,Retail Store,False,45072.324,2025-12
ORD14959,2024-07-02,CUST1267,Customer_1267,East,Electronics,Tablet,2,11756.85,0.25,0.0,Credit Card,Retail Store,False,17635.275,2024-07
ORD14490,2025-06-01,CUST1063,Customer_1063,South,Clothing,Jacket,5,1829.06,0.15,0.0,Net Banking,Retail Store,False,7773.504999999999,2025-06
ORD13944,2025-04-13,CUST1366,Customer_1366,West,Beauty,Lipstick,1,1918.98,0.1,0.0,Cash On Delivery,Retail Store,False,1727.082,2025-04
ORD13801,2025-05-10,CUST1027,Customer_1027,South,Clothing,Shoes,1,437.91,0.15,196.67,Debit Card,Online,False,372.2235,2025-05
ORD14243,2025-01-02,CUST1032,Customer_1032,South,Beauty,Sunscreen,3,380.4,0.0,0.0,Cash On Delivery,Retail Store,False,1141.1999999999998,2025-01
ORD10338,2025-08-31,CUST1034,Customer_1034,West,Electronics,Smartwatch,1,41601.72,0.0,141.62,Net Banking,Online,False,41601.72,2025-08
ORD10260,2025-06-22,CUST1317,Customer_1317,West,Home & Kitchen,Lamp,5,7370.05,0.0,100.5,Net Banking,Online,False,36850.25,2025-06
ORD13190,2025-01-26,CUST1174,Customer_1174,East,Home & Kitchen,Bedsheet,1,5147.74,0.05,0.0,Upi,Retail Store,False,4890.352999999999,2025-01
ORD10719,2025-02-22,CUST1074,Customer_1074,East,Home & Kitchen,Vacuum Cleaner,3,4724.65,0.0,0.0,Cash On Delivery,Retail Store,False,14173.949999999999,2025-02
ORD11678,2025-05-18,CUST1040,Customer_1040,South,Home & Kitchen,Lamp,4,4451.41,0.15,0.0,Unknown,Retail Store,False,15134.794,2025-05
ORD10568,2025-03-16,CUST1232,Customer_1232,West,Electronics,Tablet,2,10012.56,0.15,173.6,Credit Card,Online,False,17021.352,2025-03
ORD13056,2024-07-31,CUST1216,Customer_1216,East,Sports,Cricket Bat,2,1904.82,0.0,17.31,Net Banking,Online,False,3809.64,2024-07
ORD13393,2024-08-01,CUST1211,Customer_1211,East,Home & Kitchen,Vacuum Cleaner,3,4480.37,0.0,42.16,Debit Card,Online,False,13441.11,2024-08
ORD10376,2025-03-03,CUST1190,Customer_1190,South,Beauty,Lipstick,3,2104.2,0.0,184.68,Credit Card,Online,False,6312.599999999999,2025-03
ORD13516,2024-01-02,CUST1331,Customer_1331,West,Beauty,Perfume,1,2360.14,0.0,184.88,Debit Card,Online,False,2360.14,2024-01
ORD11771,2024-04-30,CUST1210,Customer_1210,West,Beauty,Sunscreen,5,539.97,0.2,0.0,Credit Card,Retail Store,False,2159.8800000000006,2024-04
ORD14005,2024-03-18,CUST1166,Customer_1166,South,Clothing,Dress,-1,1500.35,0.25,0.0,Upi,Retail Store,True,-1125.2624999999998,2024-03
ORD10605,2024-10-22,CUST1147,Customer_1147,North,Electronics,Headphones,4,10107.17,0.25,0.0,Credit Card,Retail Store,False,30321.510000000002,2024-10
ORD11963,2024-11-07,CUST1138,Customer_1138,South,Clothing,Shoes,3,1202.69,0.0,0.0,Upi,Retail Store,False,3608.07,2024-11
ORD14489,2024-11-04,CUST1368,Customer_1368,North,Sports,Cricket Bat,4,2207.83,0.1,142.12,Debit Card,Online,False,7948.188,2024-11
ORD11749,2024-07-15,CUST1219,Customer_1219,North,Electronics,Smartwatch,4,33027.61,0.2,0.0,Upi,Retail Store,False,105688.35200000001,2024-07
ORD13407,2024-05-01,CUST1269,Customer_1269,East,Clothing,Jacket,5,1344.64,0.15,197.05,Net Banking,Online,False,5714.72,2024-05
ORD10302,2024-02-13,CUST1368,Customer_1368,West,Home & Kitchen,Lamp,5,5310.45,0.25,0.0,Net Banking,Retail Store,False,19914.1875,2024-02
ORD13919,2025-10-18,CUST1255,Customer_1255,East,Home & Kitchen,Lamp,5,3666.81,0.0,0.0,Debit Card,Retail Store,False,18334.05,2025-10
ORD14365,2025-02-01,CUST1216,Customer_1216,West,Electronics,Smartphone,5,48048.62,0.0,0.0,Net Banking,Retail Store,False,240243.1,2025-02
ORD10232,2025-10-03,CUST1263,Customer_1263,West,Sports,Running Shoes,4,1337.41,0.0,41.12,Cash On Delivery,Online,False,5349.64,2025-10
ORD13059,2025-07-29,CUST1253,Customer_1253,West,Sports,Running Shoes,5,5989.86,0.1,0.0,Upi,Retail Store,False,26954.37,2025-07
ORD11550,2025-04-12,CUST1233,Customer_1233,South,Clothing,Jacket,3,1385.31,0.1,174.44,Cash On Delivery,Online,False,3740.3370000000004,2025-04
ORD10362,2025-05-23,CUST1344,Customer_1344,West,Electronics,Smartphone,4,24354.93,0.0,58.63,Net Banking,Online,False,97419.72,2025-05
ORD12839,2025-06-25,CUST1040,Customer_1040,North,Clothing,Shoes,3,2332.81,0.25,0.0,Credit Card,Retail Store,False,5248.8225,2025-06
ORD11666,2025-03-09,CUST1261,Customer_1261,East,Electronics,Smartphone,-2,29662.01,0.05,0.0,Debit Card,Retail Store,True,-56357.818999999996,2025-03
ORD10125,2024-03-15,CUST1130,Customer_1130,West,Clothing,Jacket,1,549.65,0.0,173.89,Cash On Delivery,Online,False,549.65,2024-03
ORD12723,2024-10-29,CUST1022,Customer_1022,South,Beauty,Sunscreen,2,233.78,0.2,0.0,Net Banking,Retail Store,False,374.048,2024-10
ORD10953,2025-06-03,CUST1064,Customer_1064,East,Electronics,Laptop,1,41969.91,0.1,0.0,Upi,Retail Store,False,37772.919,2025-06
ORD10481,2024-01-28,CUST1210,Customer_1210,West,Sports,Yoga Mat,3,1815.49,0.25,0.0,Cash On Delivery,Retail Store,False,4084.8525,2024-01
ORD14827,2025-01-07,CUST1033,Customer_1033,West,Home & Kitchen,Blender,2,3128.98,0.2,179.95,Upi,Online,False,5006.368,2025-01
ORD12969,2024-04-22,CUST1315,Customer_1315,South,Clothing,Shoes,4,2625.69,0.15,93.76,Cash On Delivery,Online,False,8927.346,2024-04
ORD10710,2024-12-16,CUST1256,Customer_1256,West,Home & Kitchen,Bedsheet,3,7030.87,0.0,55.66,Debit Card,Online,False,21092.61,2024-12
ORD14156,2025-07-15,CUST1176,Customer_1176,South,Beauty,Sunscreen,5,303.29,0.0,0.0,Net Banking,Retail Store,False,1516.45,2025-07
ORD14024,2025-10-24,CUST1152,Customer_1152,North,Home & Kitchen,Vacuum Cleaner,2,3130.31,0.25,116.28,Net Banking,Online,False,4695.465,2025-10
ORD13707,2024-01-12,CUST1022,Customer_1022,South,Beauty,Face Cream,1,2091.71,0.2,0.0,Net Banking,Retail Store,False,1673.3680000000002,2024-01
ORD12707,2025-01-15,CUST1337,Customer_1337,North,Electronics,Smartwatch,5,3827.9,0.0,22.49,Debit Card,Online,False,19139.5,2025-01
ORD12007,2024-12-16,CUST1049,Customer_1049,West,Sports,Running Shoes,2,545.09,0.1,80.38,Cash On Delivery,Online,False,981.162,2024-12
ORD10709,2025-05-03,CUST1149,Customer_1149,East,Beauty,Perfume,2,759.64,0.2,117.43,Upi,Online,False,1215.424,2025-05
ORD13693,2025-09-08,CUST1334,Customer_1334,South,Sports,Dumbbells,2,4039.34,0.25,93.61,Unknown,Online,False,6059.01,2025-09
ORD12101,2024-12-08,CUST1289,Customer_1289,East,Home & Kitchen,Cookware Set,5,3169.86,0.0,0.0,Debit Card,Retail Store,False,15849.300000000001,2024-12
ORD14109,2025-07-19,CUST1378,Customer_1378,East,Sports,Running Shoes,4,3983.85,0.25,24.99,Upi,Online,False,11951.55,2025-07
ORD14763,2024-01-16,CUST1044,Customer_1044,South,Home & Kitchen,Cookware Set,3,5995.65,0.0,122.42,Debit Card,Online,False,17986.949999999997,2024-01
ORD10813,2024-02-25,CUST1198,Customer_1198,West,Electronics,Smartphone,2,44538.6,0.25,0.0,Net Banking,Retail Store,False,66807.9,2024-02
ORD10130,2024-01-07,CUST1118,Customer_1118,East,Electronics,Smartphone,1,28176.57,0.0,105.88,Credit Card,Online,False,28176.57,2024-01
ORD11961,2025-08-11,CUST1091,Customer_1091,West,Electronics,Tablet,1,28037.94,0.05,0.0,Credit Card,Retail Store,False,26636.042999999998,2025-08
ORD14524,2024-09-11,CUST1030,Customer_1030,Unknown,Home & Kitchen,Cookware Set,4,4328.95,0.0,132.03,Cash On Delivery,Online,False,17315.8,2024-09
ORD12603,2024-03-19,CUST1137,Customer_1137,West,Clothing,Jacket,5,656.28,0.0,106.53,Upi,Online,False,3281.3999999999996,2024-03
ORD14044,2024-04-14,CUST1281,Customer_1281,West,Sports,Cycling Helmet,1,1777.89,0.0,0.0,Cash On Delivery,Retail Store,False,1777.89,2024-04
ORD10490,2025-09-14,CUST1331,Customer_1331,South,Home & Kitchen,Blender,2,4480.37,0.05,0.0,Debit Card,Retail Store,False,8512.703,2025-09
ORD12498,2024-01-06,CUST1003,Customer_1003,North,Sports,Dumbbells,4,4128.28,0.15,179.14,Upi,Online,False,14036.151999999998,2024-01
ORD12678,2025-05-26,CUST1391,Customer_1391,South,Home & Kitchen,Vacuum Cleaner,5,5697.77,0.15,162.19,Cash On Delivery,Online,False,24215.522500000003,2025-05
ORD11526,2025-02-15,CUST1011,Customer_1011,South,Clothing,Shoes,5,308.07,0.05,149.36,Upi,Online,False,1463.3324999999998,2025-02
ORD11991,2024-10-03,CUST1324,Customer_1324,West,Electronics,Smartwatch,3,23903.73,0.15,0.0,Debit Card,Retail Store,False,60954.5115,2024-10
ORD10351,2024-10-10,CUST1002,Customer_1002,South,Sports,Dumbbells,2,3422.45,0.1,0.0,Debit Card,Retail Store,False,6160.41,2024-10
ORD10186,2025-08-14,CUST1055,Customer_1055,West,Electronics,Headphones,4,26049.71,0.25,0.0,Debit Card,Retail Store,False,78149.13,2025-08
ORD13256,2024-03-26,CUST1082,Customer_1082,North,Beauty,Shampoo,3,782.46,0.15,0.0,Net Banking,Retail Store,False,1995.2730000000001,2024-03
ORD12886,2024-08-27,CUST1361,Customer_1361,South,Sports,Running Shoes,1,4212.3,0.05,40.41,Debit Card,Online,False,4001.685,2024-08
ORD12975,2024-09-19,CUST1395,Customer_1395,South,Electronics,Smartwatch,4,52220.08,0.25,0.0,Credit Card,Retail Store,False,156660.24,2024-09
ORD14384,2024-05-01,CUST1145,Customer_1145,South,Beauty,Face Cream,4,1386.47,0.2,0.0,Credit Card,Retail Store,False,4436.704000000001,2024-05
ORD10399,2024-09-17,CUST1160,Customer_1160,North,Home & Kitchen,Bedsheet,4,2135.06,0.2,0.0,Cash On Delivery,Retail Store,False,6832.192,2024-09
ORD13269,2025-02-11,CUST1357,Customer_1357,North,Beauty,Sunscreen,5,1221.84,0.0,0.0,Credit Card,Retail Store,False,6109.2,2025-02
ORD13381,2025-08-19,CUST1351,Customer_1351,North,Electronics,Headphones,3,34932.03,0.0,0.0,Net Banking,Retail Store,False,104796.09,2025-08
ORD13111,2024-01-10,CUST1308,Customer_1308,North,Beauty,Sunscreen,3,301.69,0.05,49.46,Credit Card,Online,False,859.8164999999999,2024-01
ORD11049,2024-03-08,CUST1134,Customer_1134,South,Beauty,Shampoo,1,2321.86,0.25,18.29,Net Banking,Online,False,1741.395,2024-03
ORD13447,2024-08-24,CUST1293,Customer_1293,East,Clothing,Dress,4,927.28,0.2,0.0,Debit Card,Retail Store,False,2967.2960000000003,2024-08
ORD11100,2024-12-28,CUST1129,Customer_1129,East,Clothing,Jacket,5,1828.4,0.0,0.0,Debit Card,Retail Store,False,9142.0,2024-12
ORD12451,2025-07-29,CUST1034,Customer_1034,Unknown,Home & Kitchen,Lamp,5,6287.65,0.2,102.19,Cash On Delivery,Online,False,25150.600000000002,2025-07
ORD14322,2025-09-02,CUST1259,Customer_1259,North,Home & Kitchen,Blender,4,4480.37,0.2,0.0,Net Banking,Retail Store,False,14337.184000000001,2025-09
ORD14686,2024-03-13,CUST1080,Customer_1080,South,Home & Kitchen,Cookware Set,5,7708.73,0.0,42.67,Debit Card,Online,False,38543.649999999994,2024-03
ORD12761,2025-04-27,CUST1357,Customer_1357,South,Beauty,Lipstick,3,1572.46,0.25,72.08,Cash On Delivery,Online,False,3538.035,2025-04
ORD10421,2024-11-06,CUST1382,Customer_1382,South,Sports,Cricket Bat,1,2976.91,0.25,0.0,Cash On Delivery,Retail Store,False,2232.6825,2024-11
ORD11676,2025-04-03,CUST1090,Customer_1090,West,Sports,Yoga Mat,1,5907.69,0.1,70.34,Cash On Delivery,Online,False,5316.920999999999,2025-04
ORD11401,2025-05-14,CUST1118,Customer_1118,East,Home & Kitchen,Lamp,1,7698.62,0.1,0.0,Debit Card,Retail Store,False,6928.758,2025-05
ORD12372,2025-02-07,CUST1137,Customer_1137,West,Electronics,Smartwatch,2,31498.78,0.0,30.02,Credit Card,Online,False,62997.56,2025-02
ORD10963,2024-04-19,CUST1297,Customer_1297,East,Clothing,Jacket,1,1365.23,0.05,163.51,Upi,Online,False,1296.9685,2024-04
ORD13923,2025-10-07,CUST1111,Customer_1111,North,Electronics,Headphones,3,51136.61,0.25,15.63,Upi,Online,False,115057.37250000001,2025-10
ORD11163,2025-07-08,CUST1004,Customer_1004,South,Home & Kitchen,Cookware Set,2,6448.46,0.1,120.16,Upi,Online,False,11607.228000000001,2025-07
ORD11703,2025-06-22,CUST1110,Customer_1110,South,Sports,Cricket Bat,4,5542.19,0.15,173.15,Debit Card,Online,False,18843.446,2025-06
ORD12330,2024-09-28,CUST1018,Customer_1018,South,Home & Kitchen,Cookware Set,4,7311.73,0.0,86.03,Upi,Online,False,29246.92,2024-09
ORD13868,2025-12-16,CUST1199,Customer_1199,South,Home & Kitchen,Bedsheet,5,4480.37,0.0,0.0,Cash On Delivery,Retail Store,False,22401.85,2025-12
ORD14163,2025-08-06,CUST1169,Customer_1169,South,Sports,Yoga Mat,-2,968.45,0.0,0.0,Debit Card,Retail Store,True,-1936.9,2025-08
ORD10487,2024-09-14,CUST1142,Customer_1142,South,Sports,Cricket Bat,1,970.16,0.0,66.41,Cash On Delivery,Online,False,970.16,2024-09
ORD14702,2025-04-28,CUST1280,Customer_1280,East,Beauty,Sunscreen,2,1813.54,0.15,176.65,Upi,Online,False,3083.018,2025-04
ORD11249,2025-05-18,CUST1361,Customer_1361,East,Clothing,Jeans,2,502.53,0.1,0.0,Credit Card,Retail Store,False,904.554,2025-05
ORD10435,2024-09-04,CUST1276,Customer_1276,North,Home & Kitchen,Cookware Set,1,5267.64,0.1,146.4,Cash On Delivery,Online,False,4740.876,2024-09
ORD11740,2025-04-18,CUST1015,Customer_1015,East,Home & Kitchen,Cookware Set,3,5084.18,0.0,0.0,Upi,Retail Store,False,15252.54,2025-04
ORD10255,2024-10-10,CUST1207,Customer_1207,West,Sports,Dumbbells,-5,3531.04,0.15,0.0,Cash On Delivery,Retail Store,True,-15006.92,2024-10
ORD12347,2025-10-30,CUST1378,Customer_1378,East,Beauty,Shampoo,4,2349.01,0.15,33.65,Credit Card,Online,False,7986.634000000001,2025-10
ORD10829,2024-07-22,CUST1060,Customer_1060,West,Sports,Running Shoes,2,1014.18,0.0,0.0,Credit Card,Retail Store,False,2028.36,2024-07
ORD10788,2024-06-19,CUST1008,Customer_1008,West,Sports,Cycling Helmet,4,5463.97,0.15,0.0,Upi,Retail Store,False,18577.498,2024-06
ORD11687,2025-05-12,CUST1211,Customer_1211,North,Beauty,Lipstick,1,448.66,0.1,0.0,Net Banking,Retail Store,False,403.79400000000004,2025-05
ORD13521,2025-01-20,CUST1227,Customer_1227,East,Home & Kitchen,Blender,4,2830.64,0.15,0.0,Credit Card,Retail Store,False,9624.176,2025-01
ORD13809,2025-04-02,CUST1352,Customer_1352,East,Sports,Cycling Helmet,3,4172.07,0.1,0.0,Upi,Retail Store,False,11264.589,2025-04
ORD12120,2024-02-12,CUST1098,Customer_1098,South,Home & Kitchen,Blender,4,1047.47,0.1,0.0,Credit Card,Retail Store,False,3770.8920000000003,2024-02
ORD13104,2025-04-17,CUST1293,Customer_1293,West,Beauty,Sunscreen,2,1019.23,0.25,0.0,Net Banking,Retail Store,False,1528.845,2025-04
ORD10456,2024-07-20,CUST1161,Customer_1161,North,Electronics,Smartwatch,2,52985.76,0.05,5.57,Credit Card,Online,False,100672.944,2024-07
ORD14142,2024-11-13,CUST1057,Customer_1057,West,Beauty,Sunscreen,3,1983.6,0.0,94.48,Cash On Delivery,Online,False,5950.799999999999,2024-11
ORD11433,2024-11-26,CUST1370,Customer_1370,North,Beauty,Sunscreen,5,1230.61,0.0,0.0,Net Banking,Retail Store,False,6153.049999999999,2024-11
ORD13128,2024-09-28,CUST1271,Customer_1271,East,Home & Kitchen,Lamp,5,6317.97,0.05,0.0,Net Banking,Retail Store,False,30010.357500000002,2024-09
ORD11012,2024-09-17,CUST1386,Customer_1386,South,Sports,Dumbbells,2,2313.68,0.0,0.0,Cash On Delivery,Retail Store,False,4627.36,2024-09
ORD12887,2025-09-08,CUST1136,Customer_1136,Unknown,Clothing,Jeans,3,1668.54,0.25,0.0,Net Banking,Retail Store,False,3754.215,2025-09
ORD14199,2025-04-24,CUST1035,Customer_1035,South,Electronics,Smartphone,5,38377.42,0.2,0.0,Cash On Delivery,Retail Store,False,153509.68,2025-04
ORD11128,2024-11-24,CUST1029,Customer_1029,East,Beauty,Lipstick,3,2104.49,0.25,185.13,Credit Card,Online,False,4735.102499999999,2024-11
ORD14953,2025-10-04,CUST1320,Customer_1320,West,Home & Kitchen,Vacuum Cleaner,1,6273.33,0.25,0.0,Debit Card,Retail Store,False,4704.9974999999995,2025-10
ORD11105,2024-04-08,CUST1183,Customer_1183,South,Clothing,T-Shirt,4,1668.54,0.25,0.0,Debit Card,Retail Store,False,5005.62,2024-04
ORD14238,2025-10-28,CUST1191,Customer_1191,West,Clothing,Shoes,3,666.95,0.0,81.84,Debit Card,Online,False,2000.8500000000001,2025-10
ORD10398,2025-05-23,CUST1343,Customer_1343,West,Electronics,Smartwatch,2,34901.94,0.1,154.64,Net Banking,Online,False,62823.492000000006,2025-05
ORD14622,2024-08-24,CUST1113,Customer_1113,North,Electronics,Smartwatch,5,55217.99,0.1,196.0,Credit Card,Online,False,248480.95500000002,2024-08
ORD10797,2024-02-13,CUST1372,Customer_1372,East,Home & Kitchen,Lamp,3,6225.59,0.0,0.0,Cash On Delivery,Retail Store,False,18676.77,2024-02
ORD11787,2025-06-27,CUST1217,Customer_1217,West,Clothing,Jeans,2,1522.87,0.15,188.3,Debit Card,Online,False,2588.879,2025-06
ORD13780,2025-01-11,CUST1008,Customer_1008,West,Sports,Cycling Helmet,2,4772.26,0.05,19.5,Upi,Online,False,9067.294,2025-01
ORD13057,2025-03-23,CUST1174,Customer_1174,East,Beauty,Face Cream,5,839.21,0.25,175.9,Cash On Delivery,Online,False,3147.0375000000004,2025-03
ORD13504,2025-04-08,CUST1014,Customer_1014,North,Electronics,Smartwatch,5,57085.53,0.0,0.0,Debit Card,Retail Store,False,285427.65,2025-04
ORD14221,2024-09-14,CUST1037,Customer_1037,West,Home & Kitchen,Blender,3,3069.91,0.0,69.06,Net Banking,Online,False,9209.73,2024-09
ORD13192,2024-03-07,CUST1010,Customer_1010,South,Beauty,Lipstick,5,1342.1,0.1,0.0,Debit Card,Retail Store,False,6039.45,2024-03
ORD14037,2025-06-18,CUST1226,Customer_1226,East,Home & Kitchen,Bedsheet,1,4157.05,0.1,30.52,Upi,Online,False,3741.3450000000003,2025-06
ORD11361,2025-11-11,CUST1271,Customer_1271,North,Sports,Dumbbells,3,1259.96,0.25,0.0,Net Banking,Retail Store,False,2834.91,2025-11
ORD11458,2025-08-04,CUST1004,Customer_1004,North,Home & Kitchen,Vacuum Cleaner,5,4995.45,0.1,29.11,Credit Card,Online,False,22479.525,2025-08
ORD11334,2024-08-06,CUST1091,Customer_1091,South,Home & Kitchen,Vacuum Cleaner,1,4753.76,0.15,63.86,Cash On Delivery,Online,False,4040.696,2024-08
ORD13581,2024-04-02,CUST1164,Customer_1164,South,Sports,Running Shoes,3,2482.53,0.05,0.0,Credit Card,Retail Store,False,7075.2105,2024-04
ORD10065,2025-01-25,CUST1205,Customer_1205,Unknown,Beauty,Face Cream,4,498.58,0.15,0.0,Cash On Delivery,Retail Store,False,1695.1719999999998,2025-01
ORD10177,2024-08-07,CUST1169,Customer_1169,North,Electronics,Headphones,4,55561.71,0.15,0.0,Upi,Retail Store,False,188909.81399999998,2024-08
ORD12374,2024-07-13,CUST1001,Customer_1001,East,Clothing,Dress,3,632.87,0.0,0.0,Cash On Delivery,Retail Store,False,1898.6100000000001,2024-07
ORD13585,2025-08-25,CUST1028,Customer_1028,Unknown,Home & Kitchen,Lamp,5,2019.43,0.1,0.0,Debit Card,Retail Store,False,9087.435,2025-08
ORD13092,2025-02-23,CUST1302,Customer_1302,East,Clothing,Dress,5,683.63,0.0,195.79,Net Banking,Online,False,3418.15,2025-02
ORD10026,2025-03-29,CUST1112,Customer_1112,East,Clothing,Dress,4,2590.51,0.15,0.0,Net Banking,Retail Store,False,8807.734,2025-03
ORD12573,2025-10-11,CUST1355,Customer_1355,North,Electronics,Smartphone,5,29625.17,0.15,193.11,Net Banking,Online,False,125906.97249999997,2025-10
ORD10525,2024-04-02,CUST1257,Customer_1257,South,Home & Kitchen,Vacuum Cleaner,4,2215.73,0.15,33.02,Debit Card,Online,False,7533.482,2024-04
ORD14785,2024-03-22,CUST1352,Customer_1352,West,Clothing,Dress,2,2973.13,0.05,0.0,Debit Card,Retail Store,False,5648.947,2024-03
ORD11253,2025-07-06,CUST1143,Customer_1143,North,Beauty,Sunscreen,2,1988.92,0.0,0.0,Unknown,Retail Store,False,3977.84,2025-07
ORD11848,2025-09-22,CUST1114,Customer_1114,North,Home & Kitchen,Lamp,4,4827.55,0.15,0.0,Debit Card,Retail Store,False,16413.670000000002,2025-09
ORD11145,2024-04-08,CUST1216,Customer_1216,North,Beauty,Face Cream,2,529.04,0.05,54.03,Upi,Online,False,1005.1759999999999,2024-04
ORD12236,2025-04-05,CUST1259,Customer_1259,South,Beauty,Shampoo,2,1414.37,0.2,0.0,Debit Card,Retail Store,False,2262.9919999999997,2025-04
ORD10321,2024-08-25,CUST1386,Customer_1386,East,Beauty,Sunscreen,2,879.42,0.25,0.0,Net Banking,Retail Store,False,1319.1299999999999,2024-08
ORD12949,2024-01-28,CUST1082,Customer_1082,North,Home & Kitchen,Vacuum Cleaner,5,4574.0,0.1,4.27,Debit Card,Online,False,20583.0,2024-01
ORD10664,2025-05-22,CUST1358,Customer_1358,West,Electronics,Smartwatch,2,10982.45,0.2,0.0,Debit Card,Retail Store,False,17571.920000000002,2025-05
ORD14306,2025-08-19,CUST1327,Customer_1327,West,Clothing,Shoes,3,2225.23,0.0,192.84,Credit Card,Online,False,6675.6900000000005,2025-08
ORD13798,2025-12-29,CUST1119,Customer_1119,East,Home & Kitchen,Bedsheet,5,4073.82,0.1,0.0,Net Banking,Retail Store,False,18332.190000000002,2025-12
ORD12201,2025-03-06,CUST1053,Customer_1053,North,Electronics,Headphones,3,29364.91,0.1,132.2,Upi,Online,False,79285.257,2025-03
ORD14956,2024-04-24,CUST1241,Customer_1241,East,Beauty,Face Cream,5,1392.62,0.0,180.89,Cash On Delivery,Online,False,6963.099999999999,2024-04
ORD11221,2025-07-12,CUST1214,Customer_1214,North,Beauty,Perfume,4,1342.1,0.2,0.0,Net Banking,Retail Store,False,4294.72,2025-07
ORD10332,2024-10-23,CUST1313,Customer_1313,North,Electronics,Laptop,5,28928.83,0.1,0.0,Net Banking,Retail Store,False,130179.73500000003,2024-10
ORD14135,2024-11-07,CUST1313,Customer_1313,East,Sports,Running Shoes,3,5551.68,0.1,92.1,Credit Card,Online,False,14989.536000000002,2024-11
ORD12951,2025-11-01,CUST1220,Customer_1220,South,Sports,Dumbbells,2,582.16,0.0,0.0,Debit Card,Retail Store,False,1164.32,2025-11
ORD11815,2024-04-23,CUST1116,Customer_1116,North,Electronics,Smartwatch,3,11366.43,0.0,73.97,Upi,Online,False,34099.29,2024-04
ORD14781,2024-06-06,CUST1144,Customer_1144,North,Sports,Cycling Helmet,4,3022.04,0.15,10.52,Upi,Online,False,10274.936,2024-06
ORD10598,2025-02-05,CUST1056,Customer_1056,West,Clothing,T-Shirt,1,944.67,0.2,0.0,Upi,Retail Store,False,755.736,2025-02
ORD12017,2025-09-21,CUST1243,Customer_1243,East,Beauty,Perfume,1,650.75,0.05,0.0,Credit Card,Retail Store,False,618.2125,2025-09
ORD11900,2025-06-16,CUST1386,Customer_1386,West,Clothing,T-Shirt,2,2755.89,0.2,72.18,Upi,Online,False,4409.424,2025-06
ORD14875,2025-04-14,CUST1015,Customer_1015,South,Electronics,Laptop,3,35801.77,0.2,0.0,Debit Card,Retail Store,False,85924.248,2025-04
ORD10386,2025-11-08,CUST1195,Customer_1195,North,Sports,Cricket Bat,2,3156.25,0.1,0.0,Net Banking,Retail Store,False,5681.25,2025-11
ORD12262,2024-05-02,CUST1199,Customer_1199,East,Electronics,Tablet,-2,14609.38,0.25,0.0,Upi,Retail Store,True,-21914.07,2024-05
ORD11608,2025-10-05,CUST1345,Customer_1345,West,Sports,Cricket Bat,4,2689.19,0.1,47.67,Cash On Delivery,Online,False,9681.084,2025-10
ORD11459,2025-02-04,CUST1318,Customer_1318,South,Home & Kitchen,Blender,5,7768.43,0.1,108.18,Net Banking,Online,False,34957.935000000005,2025-02
ORD14404,2024-02-29,CUST1312,Customer_1312,West,Sports,Yoga Mat,5,2828.26,0.2,52.33,Net Banking,Online,False,11313.04,2024-02
ORD14445,2025-05-26,CUST1354,Customer_1354,Unknown,Electronics,Smartwatch,5,43133.05,0.2,0.0,Cash On Delivery,Retail Store,False,172532.2,2025-05
ORD11768,2025-09-22,CUST1192,Customer_1192,South,Electronics,Tablet,3,46359.07,0.1,0.0,Upi,Retail Store,False,125169.489,2025-09
ORD11947,2025-11-08,CUST1298,Customer_1298,East,Electronics,Tablet,5,17193.73,0.0,48.6,Debit Card,Online,False,85968.65,2025-11
ORD10228,2025-01-21,CUST1386,Customer_1386,Unknown,Sports,Cycling Helmet,5,3148.65,0.0,0.0,Net Banking,Retail Store,False,15743.25,2025-01
ORD11028,2025-11-11,CUST1146,Customer_1146,East,Sports,Cycling Helmet,4,4731.9,0.05,6.14,Cash On Delivery,Online,False,17981.219999999998,2025-11
ORD14858,2024-01-19,CUST1315,Customer_1315,South,Electronics,Smartwatch,3,58324.87,0.2,128.59,Cash On Delivery,Online,False,139979.68800000002,2024-01
ORD10498,2024-05-26,CUST1256,Customer_1256,West,Sports,Running Shoes,5,3962.61,0.15,0.0,Cash On Delivery,Retail Store,False,16841.0925,2024-05
ORD11784,2025-03-18,CUST1085,Customer_1085,East,Sports,Cycling Helmet,5,4576.44,0.05,157.53,Upi,Online,False,21738.089999999997,2025-03
ORD13839,2024-04-01,CUST1358,Customer_1358,East,Sports,Cricket Bat,1,1291.48,0.25,0.0,Credit Card,Retail Store,False,968.61,2024-04
ORD10902,2024-09-13,CUST1005,Customer_1005,West,Sports,Running Shoes,1,5571.98,0.0,0.0,Unknown,Retail Store,False,5571.98,2024-09
ORD13957,2025-12-04,CUST1353,Customer_1353,West,Home & Kitchen,Bedsheet,5,7774.43,0.0,118.17,Debit Card,Online,False,38872.15,2025-12
ORD10701,2025-02-13,CUST1322,Customer_1322,South,Electronics,Laptop,5,24442.14,0.0,136.67,Cash On Delivery,Online,False,122210.7,2025-02
ORD14966,2024-03-09,CUST1382,Customer_1382,Unknown,Home & Kitchen,Vacuum Cleaner,3,552.03,0.0,106.05,Cash On Delivery,Online,False,1656.09,2024-03
ORD14271,2024-11-25,CUST1074,Customer_1074,West,Clothing,T-Shirt,-2,2983.45,0.1,26.21,Debit Card,Online,True,-5370.21,2024-11
ORD12805,2024-03-01,CUST1191,Customer_1191,North,Electronics,Headphones,5,10906.51,0.0,0.0,Cash On Delivery,Retail Store,False,54532.55,2024-03
ORD14822,2025-04-19,CUST1290,Customer_1290,North,Beauty,Face Cream,4,2271.65,0.25,0.0,Net Banking,Retail Store,False,6814.950000000001,2025-04
ORD13135,2025-07-28,CUST1157,Customer_1157,West,Electronics,Smartphone,3,57473.09,0.25,75.88,Upi,Online,False,129314.45249999998,2025-07
ORD12327,2024-02-25,CUST1273,Customer_1273,North,Sports,Yoga Mat,2,4204.44,0.15,0.0,Upi,Retail Store,False,7147.547999999999,2024-02
ORD11237,2024-11-19,CUST1147,Customer_1147,North,Sports,Cricket Bat,5,4932.47,0.0,73.66,Debit Card,Online,False,24662.350000000002,2024-11
ORD11772,2025-11-09,CUST1370,Customer_1370,North,Clothing,Jacket,-5,2688.82,0.25,0.0,Upi,Retail Store,True,-10083.075,2025-11
ORD11238,2024-08-26,CUST1036,Customer_1036,South,Beauty,Lipstick,3,1100.06,0.15,65.17,Credit Card,Online,False,2805.153,2024-08
ORD12418,2025-04-09,CUST1321,Customer_1321,South,Sports,Cricket Bat,1,4825.92,0.0,71.55,Cash On Delivery,Online,False,4825.92,2025-04
ORD12155,2025-05-31,CUST1237,Customer_1237,South,Beauty,Shampoo,4,852.17,0.1,71.65,Upi,Online,False,3067.812,2025-05
ORD10949,2025-02-16,CUST1263,Customer_1263,South,Clothing,Dress,3,1845.55,0.2,0.0,Cash On Delivery,Retail Store,False,4429.32,2025-02
ORD12896,2024-10-17,CUST1128,Customer_1128,North,Home & Kitchen,Cookware Set,1,2428.48,0.0,0.0,Cash On Delivery,Retail Store,False,2428.48,2024-10
ORD13278,2025-12-05,CUST1354,Customer_1354,South,Clothing,Jeans,3,922.57,0.1,191.27,Cash On Delivery,Online,False,2490.9390000000003,2025-12
ORD12088,2025-03-28,CUST1096,Customer_1096,West,Clothing,Dress,1,1929.92,0.0,0.0,Net Banking,Retail Store,False,1929.92,2025-03
ORD12512,2025-09-29,CUST1030,Customer_1030,East,Home & Kitchen,Bedsheet,1,2412.19,0.0,4.22,Cash On Delivery,Online,False,2412.19,2025-09
ORD11717,2024-06-28,CUST1086,Customer_1086,South,Electronics,Smartwatch,2,58047.61,0.0,0.0,Net Banking,Retail Store,False,116095.22,2024-06
ORD13930,2024-01-26,CUST1302,Customer_1302,North,Sports,Yoga Mat,3,1409.44,0.0,31.35,Unknown,Online,False,4228.32,2024-01
ORD10138,2025-08-08,CUST1283,Customer_1283,East,Electronics,Tablet,5,52027.51,0.05,53.78,Debit Card,Online,False,247130.67250000002,2025-08
ORD14029,2025-05-01,CUST1070,Customer_1070,East,Clothing,Jeans,1,1695.59,0.0,0.0,Upi,Retail Store,False,1695.59,2025-05
ORD10251,2025-12-23,CUST1313,Customer_1313,East,Home & Kitchen,Lamp,2,3276.6,0.15,89.32,Unknown,Online,False,5570.219999999999,2025-12
ORD11907,2025-02-27,CUST1250,Customer_1250,Unknown,Beauty,Face Cream,1,2417.9,0.0,0.0,Net Banking,Retail Store,False,2417.9,2025-02
ORD14141,2024-08-16,CUST1307,Customer_1307,East,Home & Kitchen,Lamp,3,7735.38,0.05,100.42,Debit Card,Online,False,22045.833,2024-08
ORD14091,2024-05-07,CUST1086,Customer_1086,South,Sports,Running Shoes,4,3151.77,0.25,81.65,Cash On Delivery,Online,False,9455.31,2024-05
ORD14709,2024-02-25,CUST1187,Customer_1187,East,Electronics,Smartwatch,4,42406.68,0.15,86.24,Debit Card,Online,False,144182.712,2024-02
ORD13334,2024-09-28,CUST1349,Customer_1349,West,Electronics,Headphones,4,55196.11,0.2,91.15,Upi,Online,False,176627.55200000003,2024-09
ORD14521,2025-06-14,CUST1213,Customer_1213,East,Home & Kitchen,Cookware Set,2,7673.71,0.1,78.08,Cash On Delivery,Online,False,13812.678,2025-06
ORD11971,2025-03-22,CUST1323,Customer_1323,South,Beauty,Face Cream,1,212.02,0.05,0.0,Net Banking,Retail Store,False,201.419,2025-03
ORD10580,2025-10-04,CUST1113,Customer_1113,South,Home & Kitchen,Cookware Set,5,3335.8,0.0,0.0,Credit Card,Retail Store,False,16679.0,2025-10
ORD10912,2024-10-21,CUST1180,Customer_1180,South,Home & Kitchen,Lamp,1,2691.03,0.25,164.87,Debit Card,Online,False,2018.2725,2024-10
ORD11718,2024-09-17,CUST1239,Customer_1239,North,Clothing,Shoes,5,2937.21,0.0,12.88,Credit Card,Online,False,14686.05,2024-09
ORD10367,2024-11-11,CUST1148,Customer_1148,West,Sports,Dumbbells,5,624.45,0.0,0.0,Cash On Delivery,Retail Store,False,3122.25,2024-11
ORD13361,2024-08-15,CUST1289,Customer_1289,East,Sports,Running Shoes,5,2425.1,0.0,0.0,Upi,Retail Store,False,12125.5,2024-08
ORD14998,2025-11-26,CUST1094,Customer_1094,West,Home & Kitchen,Lamp,1,3864.56,0.05,169.56,Cash On Delivery,Online,False,3671.332,2025-11
ORD11578,2025-12-01,CUST1061,Customer_1061,South,Sports,Dumbbells,5,2310.96,0.1,0.0,Credit Card,Retail Store,False,10399.32,2025-12
ORD12182,2025-12-25,CUST1234,Customer_1234,South,Beauty,Lipstick,4,1176.78,0.0,0.0,Upi,Retail Store,False,4707.12,2025-12
ORD13833,2025-11-07,CUST1171,Customer_1171,West,Clothing,Shoes,2,1958.1,0.05,161.02,Upi,Online,False,3720.39,2025-11
ORD13459,2024-02-10,CUST1354,Customer_1354,North,Clothing,T-Shirt,4,778.82,0.25,110.4,Cash On Delivery,Online,False,2336.46,2024-02
ORD14826,2025-04-28,CUST1018,Customer_1018,South,Home & Kitchen,Lamp,5,5678.93,0.05,78.9,Cash On Delivery,Online,False,26974.9175,2025-04
ORD10911,2025-07-05,CUST1370,Customer_1370,North,Electronics,Headphones,3,44918.59,0.25,143.85,Net Banking,Online,False,101066.82749999998,2025-07
ORD12541,2024-10-27,CUST1185,Customer_1185,West,Electronics,Laptop,1,39965.3,0.0,127.55,Upi,Online,False,39965.3,2024-10
ORD13214,2025-10-05,CUST1294,Customer_1294,South,Beauty,Sunscreen,3,1342.1,0.2,161.89,Upi,Online,False,3221.04,2025-10
ORD13883,2025-01-12,CUST1009,Customer_1009,East,Clothing,Dress,5,1720.26,0.25,0.0,Net Banking,Retail Store,False,6450.974999999999,2025-01
ORD10110,2025-09-22,CUST1365,Customer_1365,West,Electronics,Laptop,4,45219.3,0.0,133.97,Debit Card,Online,False,180877.2,2025-09
ORD14534,2025-05-21,CUST1226,Customer_1226,West,Clothing,Dress,-5,1866.07,0.15,0.0,Cash On Delivery,Retail Store,True,-7930.7975,2025-05
ORD11764,2024-02-03,CUST1014,Customer_1014,East,Clothing,T-Shirt,3,1080.46,0.0,0.0,Net Banking,Retail Store,False,3241.38,2024-02
ORD13871,2024-11-23,CUST1129,Customer_1129,East,Clothing,Jeans,4,2001.55,0.05,0.0,Net Banking,Retail Store,False,7605.889999999999,2024-11
ORD12583,2025-05-22,CUST1281,Customer_1281,West,Electronics,Tablet,4,51727.13,0.0,135.68,Net Banking,Online,False,206908.52,2025-05
ORD12689,2024-10-03,CUST1046,Customer_1046,East,Home & Kitchen,Cookware Set,1,1501.82,0.0,0.0,Upi,Retail Store,False,1501.82,2024-10
ORD11089,2024-01-31,CUST1059,Customer_1059,South,Home & Kitchen,Vacuum Cleaner,3,3594.87,0.0,0.0,Cash On Delivery,Retail Store,False,10784.61,2024-01
ORD10929,2024-12-30,CUST1311,Customer_1311,East,Electronics,Headphones,4,28154.28,0.15,87.25,Net Banking,Online,False,95724.552,2024-12
ORD11338,2025-01-20,CUST1148,Customer_1148,Unknown,Home & Kitchen,Blender,2,6223.15,0.25,87.86,Upi,Online,False,9334.724999999999,2025-01
ORD14571,2024-01-26,CUST1055,Customer_1055,North,Home & Kitchen,Cookware Set,1,1358.11,0.1,115.71,Credit Card,Online,False,1222.299,2024-01
ORD12621,2025-08-10,CUST1097,Customer_1097,North,Sports,Dumbbells,1,4219.58,0.0,36.17,Credit Card,Online,False,4219.58,2025-08
ORD12728,2024-07-31,CUST1127,Customer_1127,South,Home & Kitchen,Lamp,3,4385.9,0.0,0.61,Credit Card,Online,False,13157.699999999999,2024-07
ORD10936,2024-10-18,CUST1158,Customer_1158,South,Sports,Dumbbells,5,5431.72,0.0,196.32,Cash On Delivery,Online,False,27158.600000000002,2024-10
ORD13379,2024-09-26,CUST1327,Customer_1327,West,Clothing,Dress,1,2353.47,0.1,0.0,Net Banking,Retail Store,False,2118.123,2024-09
ORD12743,2024-08-17,CUST1231,Customer_1231,South,Clothing,Jeans,4,983.65,0.2,0.0,Cash On Delivery,Retail Store,False,3147.6800000000003,2024-08
ORD13006,2025-03-20,CUST1283,Customer_1283,East,Home & Kitchen,Cookware Set,5,7048.08,0.2,0.0,Upi,Retail Store,False,28192.320000000003,2025-03
ORD11250,2025-08-15,CUST1080,Customer_1080,East,Sports,Cycling Helmet,3,2498.86,0.2,179.7,Debit Card,Online,False,5997.264,2025-08
ORD14743,2024-10-16,CUST1271,Customer_1271,West,Home & Kitchen,Vacuum Cleaner,3,3549.97,0.0,123.44,Credit Card,Online,False,10649.91,2024-10
ORD14745,2024-07-29,CUST1356,Customer_1356,East,Home & Kitchen,Lamp,5,4840.9,0.25,195.58,Net Banking,Online,False,18153.375,2024-07
ORD13722,2025-05-26,CUST1360,Customer_1360,West,Beauty,Sunscreen,5,2349.04,0.1,175.95,Debit Card,Online,False,10570.68,2025-05
ORD13741,2024-06-18,CUST1072,Customer_1072,North,Beauty,Face Cream,4,1762.11,0.0,124.58,Net Banking,Online,False,7048.44,2024-06
ORD12303,2025-10-23,CUST1384,Customer_1384,South,Home & Kitchen,Bedsheet,1,4135.17,0.25,0.0,Unknown,Retail Store,False,3101.3775,2025-10
ORD12293,2024-01-21,CUST1065,Customer_1065,West,Sports,Dumbbells,2,1492.2,0.2,0.0,Cash On Delivery,Retail Store,False,2387.52,2024-01
ORD12727,2024-07-27,CUST1201,Customer_1201,South,Electronics,Smartphone,5,26333.28,0.15,0.0,Credit Card,Retail Store,False,111916.43999999999,2024-07
ORD12579,2024-03-28,CUST1303,Customer_1303,North,Sports,Cricket Bat,2,4551.49,0.1,68.53,Upi,Online,False,8192.682,2024-03
ORD12781,2025-07-31,CUST1384,Customer_1384,South,Electronics,Tablet,4,55792.6,0.1,15.4,Credit Card,Online,False,200853.36,2025-07
ORD13305,2024-09-28,CUST1095,Customer_1095,South,Home & Kitchen,Blender,5,1625.66,0.15,0.0,Upi,Retail Store,False,6909.055,2024-09
ORD10705,2025-03-25,CUST1208,Customer_1208,Unknown,Sports,Running Shoes,4,4748.94,0.0,0.0,Upi,Retail Store,False,18995.76,2025-03
ORD11197,2025-09-11,CUST1399,Customer_1399,North,Clothing,Shoes,4,1273.06,0.25,0.0,Credit Card,Retail Store,False,3819.18,2025-09
ORD11850,2024-07-22,CUST1314,Customer_1314,North,Home & Kitchen,Bedsheet,-3,6409.06,0.15,0.0,Net Banking,Retail Store,True,-16343.103,2024-07
ORD14281,2025-10-10,CUST1021,Customer_1021,North,Home & Kitchen,Lamp,3,2467.22,0.0,84.46,Debit Card,Online,False,7401.66,2025-10
ORD10434,2024-03-27,CUST1228,Customer_1228,South,Clothing,Dress,5,2183.17,0.1,104.09,Cash On Delivery,Online,False,9824.265000000001,2024-03
ORD13964,2024-10-17,CUST1011,Customer_1011,East,Home & Kitchen,Vacuum Cleaner,2,7798.28,0.1,190.3,Net Banking,Online,False,14036.904,2024-10
ORD12719,2025-10-20,CUST1112,Customer_1112,South,Clothing,T-Shirt,3,1817.2,0.2,117.93,Cash On Delivery,Online,False,4361.280000000001,2025-10
ORD11731,2025-12-24,CUST1227,Customer_1227,West,Home & Kitchen,Bedsheet,-5,7728.81,0.0,0.0,Credit Card,Retail Store,True,-38644.05,2025-12
ORD10383,2025-03-24,CUST1148,Customer_1148,South,Beauty,Shampoo,1,180.05,0.2,78.96,Credit Card,Online,False,144.04000000000002,2025-03
ORD11794,2025-05-17,CUST1344,Customer_1344,West,Electronics,Headphones,3,31539.56,0.25,0.0,Credit Card,Retail Store,False,70964.01000000001,2025-05
ORD13505,2024-06-05,CUST1306,Customer_1306,North,Beauty,Shampoo,4,1618.63,0.15,0.0,Upi,Retail Store,False,5503.342000000001,2024-06
ORD12046,2024-08-10,CUST1086,Customer_1086,West,Sports,Dumbbells,4,3899.72,0.1,146.28,Unknown,Online,False,14038.992,2024-08
ORD13832,2024-12-13,CUST1195,Customer_1195,South,Sports,Cycling Helmet,1,1673.29,0.05,0.0,Debit Card,Retail Store,False,1589.6254999999999,2024-12
ORD12024,2025-07-04,CUST1011,Customer_1011,North,Sports,Cricket Bat,4,4253.26,0.25,190.51,Credit Card,Online,False,12759.78,2025-07
ORD10432,2024-12-12,CUST1211,Customer_1211,East,Beauty,Lipstick,5,173.38,0.0,78.65,Cash On Delivery,Online,False,866.9,2024-12
ORD10739,2025-07-16,CUST1134,Customer_1134,South,Sports,Running Shoes,1,1443.39,0.25,0.0,Upi,Retail Store,False,1082.5425,2025-07
ORD14004,2024-05-31,CUST1394,Customer_1394,West,Beauty,Face Cream,4,1220.64,0.0,28.7,Debit Card,Online,False,4882.56,2024-05
ORD12513,2025-02-02,CUST1256,Customer_1256,West,Beauty,Face Cream,4,874.51,0.2,167.05,Cash On Delivery,Online,False,2798.4320000000002,2025-02
ORD12237,2025-10-26,CUST1167,Customer_1167,South,Beauty,Shampoo,5,2124.16,0.15,0.0,Net Banking,Retail Store,False,9027.679999999998,2025-10
ORD13655,2024-12-07,CUST1108,Customer_1108,North,Beauty,Lipstick,2,1057.05,0.25,0.0,Credit Card,Retail Store,False,1585.5749999999998,2024-12
ORD13532,2024-11-07,CUST1040,Customer_1040,South,Electronics,Smartphone,4,2468.48,0.0,107.18,Net Banking,Online,False,9873.92,2024-11
ORD11825,2024-09-02,CUST1227,Customer_1227,North,Electronics,Smartwatch,5,7551.23,0.0,0.0,Net Banking,Retail Store,False,37756.149999999994,2024-09
ORD13475,2024-01-01,CUST1296,Customer_1296,West,Electronics,Tablet,3,4335.5,0.0,0.0,Cash On Delivery,Retail Store,False,13006.5,2024-01
ORD12402,2025-04-08,CUST1286,Customer_1286,South,Electronics,Smartwatch,2,40465.64,0.05,0.0,Debit Card,Retail Store,False,76884.716,2025-04
ORD13021,2025-04-17,CUST1248,Customer_1248,Unknown,Sports,Cycling Helmet,2,3770.31,0.05,0.0,Debit Card,Retail Store,False,7163.589,2025-04
ORD11725,2024-08-14,CUST1169,Customer_1169,East,Clothing,Dress,1,682.17,0.2,0.0,Net Banking,Retail Store,False,545.736,2024-08
ORD10003,2025-09-15,CUST1040,Customer_1040,West,Clothing,T-Shirt,4,1285.05,0.0,0.0,Debit Card,Retail Store,False,5140.2,2025-09
ORD11766,2024-10-18,CUST1389,Customer_1389,West,Clothing,Jacket,2,1961.93,0.1,0.0,Cash On Delivery,Retail Store,False,3531.474,2024-10
ORD14411,2024-05-12,CUST1103,Customer_1103,East,Home & Kitchen,Bedsheet,1,3051.61,0.1,16.98,Upi,Online,False,2746.449,2024-05
ORD14172,2024-07-26,CUST1004,Customer_1004,East,Beauty,Lipstick,4,2452.03,0.2,0.0,Net Banking,Retail Store,False,7846.496000000001,2024-07
ORD10007,2024-06-05,CUST1080,Customer_1080,East,Beauty,Face Cream,3,1619.46,0.05,119.79,Net Banking,Online,False,4615.461,2024-06
ORD14506,2024-03-12,CUST1083,Customer_1083,East,Clothing,Jacket,5,2952.64,0.0,72.56,Upi,Online,False,14763.199999999999,2024-03
ORD13791,2024-05-11,CUST1005,Customer_1005,West,Clothing,Jeans,2,1046.37,0.0,20.52,Upi,Online,False,2092.74,2024-05
ORD12671,2025-11-01,CUST1218,Customer_1218,South,Sports,Cricket Bat,1,4011.65,0.15,0.0,Net Banking,Retail Store,False,3409.9025,2025-11
ORD10403,2025-10-18,CUST1259,Customer_1259,East,Electronics,Laptop,4,31539.56,0.25,0.0,Debit Card,Retail Store,False,94618.68000000001,2025-10
ORD14734,2025-03-10,CUST1227,Customer_1227,East,Electronics,Laptop,4,13289.63,0.15,0.0,Credit Card,Retail Store,False,45184.742,2025-03
ORD10050,2025-04-29,CUST1282,Customer_1282,East,Sports,Running Shoes,4,5193.67,0.15,99.07,Cash On Delivery,Online,False,17658.478,2025-04
ORD13409,2024-08-17,CUST1064,Customer_1064,North,Electronics,Laptop,4,2778.64,0.2,46.59,Upi,Online,False,8891.648,2024-08
ORD12147,2025-07-18,CUST1114,Customer_1114,East,Beauty,Perfume,5,513.57,0.15,16.46,Cash On Delivery,Online,False,2182.6725,2025-07
ORD13163,2025-07-02,CUST1108,Customer_1108,South,Electronics,Tablet,2,33766.52,0.2,133.52,Credit Card,Online,False,54026.432,2025-07
ORD12196,2024-04-30,CUST1361,Customer_1361,South,Electronics,Smartphone,4,15677.82,0.15,0.0,Credit Card,Retail Store,False,53304.587999999996,2024-04
ORD14514,2025-01-12,CUST1042,Customer_1042,East,Beauty,Perfume,5,1770.72,0.0,173.13,Net Banking,Online,False,8853.6,2025-01
ORD10558,2025-01-24,CUST1316,Customer_1316,South,Electronics,Smartphone,4,45140.75,0.2,53.98,Cash On Delivery,Online,False,144450.4,2025-01
ORD10726,2025-10-28,CUST1044,Customer_1044,East,Sports,Running Shoes,5,3008.0,0.0,0.0,Net Banking,Retail Store,False,15040.0,2025-10
ORD11886,2025-02-10,CUST1169,Customer_1169,East,Electronics,Smartphone,3,14978.48,0.25,106.46,Cash On Delivery,Online,False,33701.58,2025-02
ORD12534,2025-12-31,CUST1090,Customer_1090,West,Electronics,Tablet,1,57704.66,0.0,31.9,Credit Card,Online,False,57704.66,2025-12
ORD11151,2024-12-24,CUST1227,Customer_1227,East,Beauty,Face Cream,4,1511.96,0.1,140.3,Credit Card,Online,False,5443.0560000000005,2024-12
ORD10009,2025-03-24,CUST1281,Customer_1281,West,Clothing,Jacket,5,871.86,0.15,44.94,Credit Card,Online,False,3705.405,2025-03
ORD14615,2024-08-05,CUST1058,Customer_1058,Unknown,Electronics,Smartphone,5,8356.74,0.15,0.0,Credit Card,Retail Store,False,35516.145,2024-08
ORD11707,2024-01-25,CUST1356,Customer_1356,East,Electronics,Tablet,4,45220.74,0.15,1.42,Cash On Delivery,Online,False,153750.516,2024-01
ORD10545,2024-07-12,CUST1104,Customer_1104,East,Sports,Running Shoes,2,3177.38,0.0,62.03,Upi,Online,False,6354.76,2024-07
ORD14177,2024-01-26,CUST1222,Customer_1222,East,Beauty,Shampoo,5,1163.08,0.25,0.0,Cash On Delivery,Retail Store,False,4361.549999999999,2024-01
ORD12630,2024-10-24,CUST1237,Customer_1237,South,Electronics,Headphones,1,57248.23,0.2,105.8,Cash On Delivery,Online,False,45798.584,2024-10
ORD11614,2024-06-17,CUST1043,Customer_1043,North,Clothing,Jeans,3,1952.65,0.1,86.44,Net Banking,Online,False,5272.155000000001,2024-06
ORD11071,2025-08-05,CUST1370,Customer_1370,West,Electronics,Laptop,5,7725.34,0.15,76.34,Debit Card,Online,False,32832.695,2025-08
ORD14485,2025-08-12,CUST1137,Customer_1137,East,Beauty,Sunscreen,4,1552.43,0.15,0.0,Credit Card,Retail Store,False,5278.262,2025-08
ORD14630,2025-06-11,CUST1347,Customer_1347,West,Beauty,Sunscreen,1,1331.91,0.1,119.05,Credit Card,Online,False,1198.719,2025-06
ORD11396,2024-04-07,CUST1048,Customer_1048,East,Electronics,Laptop,2,25418.17,0.0,41.16,Cash On Delivery,Online,False,50836.34,2024-04
ORD11231,2024-04-18,CUST1085,Customer_1085,South,Sports,Cycling Helmet,4,4404.33,0.2,0.0,Net Banking,Retail Store,False,14093.856,2024-04
ORD13783,2025-10-09,CUST1020,Customer_1020,West,Sports,Cycling Helmet,2,3148.65,0.1,182.99,Net Banking,Online,False,5667.570000000001,2025-10
ORD11896,2025-11-09,CUST1362,Customer_1362,East,Clothing,Dress,2,1108.28,0.0,0.0,Cash On Delivery,Retail Store,False,2216.56,2025-11
ORD11758,2025-02-14,CUST1314,Customer_1314,South,Sports,Cycling Helmet,5,4855.17,0.0,0.0,Cash On Delivery,Retail Store,False,24275.85,2025-02
ORD10318,2025-11-18,CUST1023,Customer_1023,East,Electronics,Tablet,3,45871.89,0.25,0.0,Unknown,Retail Store,False,103211.75249999999,2025-11
ORD12123,2025-08-04,CUST1255,Customer_1255,Unknown,Beauty,Lipstick,4,1476.56,0.0,0.0,Cash On Delivery,Retail Store,False,5906.24,2025-08
ORD14072,2025-10-22,CUST1072,Customer_1072,East,Beauty,Sunscreen,-5,968.16,0.05,71.54,Net Banking,Online,True,-4598.76,2025-10
ORD11672,2025-11-14,CUST1004,Customer_1004,West,Electronics,Smartwatch,4,19790.66,0.15,61.21,Cash On Delivery,Online,False,67288.24399999999,2025-11
ORD13489,2024-06-07,CUST1138,Customer_1138,East,Beauty,Lipstick,1,828.26,0.1,0.0,Unknown,Retail Store,False,745.434,2024-06
ORD14928,2024-04-04,CUST1284,Customer_1284,West,Sports,Running Shoes,1,2545.67,0.15,49.84,Cash On Delivery,Online,False,2163.8195,2024-04
ORD12685,2025-05-15,CUST1078,Customer_1078,West,Sports,Cricket Bat,2,637.12,0.15,92.17,Debit Card,Online,False,1083.104,2025-05
ORD11587,2024-09-08,CUST1315,Customer_1315,North,Electronics,Smartphone,-5,20762.35,0.15,117.82,Upi,Online,True,-88239.9875,2024-09
ORD10427,2025-05-20,CUST1241,Customer_1241,West,Clothing,Dress,2,2101.05,0.2,199.85,Net Banking,Online,False,3361.6800000000003,2025-05
ORD14204,2024-05-20,CUST1067,Customer_1067,West,Beauty,Lipstick,-2,1946.42,0.15,0.0,Net Banking,Retail Store,True,-3308.914,2024-05
ORD14058,2024-06-01,CUST1380,Customer_1380,South,Electronics,Smartphone,4,52124.09,0.05,164.94,Credit Card,Online,False,198071.542,2024-06
ORD10480,2024-10-07,CUST1091,Customer_1091,North,Sports,Running Shoes,4,644.52,0.0,181.75,Credit Card,Online,False,2578.08,2024-10
ORD12209,2025-01-03,CUST1081,Customer_1081,East,Sports,Dumbbells,4,2901.95,0.2,0.0,Net Banking,Retail Store,False,9286.24,2025-01
ORD10546,2025-09-09,CUST1090,Customer_1090,East,Beauty,Sunscreen,2,2430.41,0.0,165.31,Credit Card,Online,False,4860.82,2025-09
ORD11298,2025-10-12,CUST1197,Customer_1197,East,Electronics,Smartphone,4,9247.25,0.0,134.5,Cash On Delivery,Online,False,36989.0,2025-10
ORD10262,2025-08-12,CUST1313,Customer_1313,South,Home & Kitchen,Vacuum Cleaner,2,3292.32,0.0,111.07,Upi,Online,False,6584.64,2025-08
ORD12456,2025-09-17,CUST1079,Customer_1079,East,Clothing,Jeans,2,2349.03,0.0,51.7,Cash On Delivery,Online,False,4698.06,2025-09
ORD14483,2025-05-08,CUST1344,Customer_1344,South,Electronics,Headphones,2,27547.94,0.1,0.0,Net Banking,Retail Store,False,49586.292,2025-05
ORD13477,2024-05-26,CUST1296,Customer_1296,West,Clothing,Jacket,2,2401.41,0.05,0.0,Debit Card,Retail Store,False,4562.678999999999,2024-05
ORD10666,2024-01-11,CUST1265,Customer_1265,East,Sports,Cricket Bat,4,1157.9,0.25,0.0,Debit Card,Retail Store,False,3473.7000000000003,2024-01
ORD10171,2024-04-16,CUST1012,Customer_1012,West,Clothing,Dress,3,325.91,0.1,0.0,Cash On Delivery,Retail Store,False,879.957,2024-04
ORD11176,2024-12-02,CUST1270,Customer_1270,North,Sports,Dumbbells,5,3148.65,0.1,0.0,Debit Card,Retail Store,False,14168.925000000001,2024-12
ORD13339,2024-05-31,CUST1291,Customer_1291,South,Beauty,Face Cream,3,1743.24,0.15,7.52,Credit Card,Online,False,4445.262,2024-05
ORD11077,2025-04-25,CUST1182,Customer_1182,North,Beauty,Sunscreen,1,1681.64,0.0,23.87,Debit Card,Online,False,1681.64,2025-04
ORD13725,2024-04-06,CUST1134,Customer_1134,East,Beauty,Perfume,-2,677.48,0.25,135.24,Upi,Online,True,-1016.22,2024-04
ORD12823,2025-09-23,CUST1389,Customer_1389,South,Clothing,Shoes,5,681.54,0.0,132.96,Cash On Delivery,Online,False,3407.7,2025-09
ORD10686,2024-10-16,CUST1357,Customer_1357,East,Clothing,Shoes,4,2360.25,0.15,0.0,Net Banking,Retail Store,False,8024.849999999999,2024-10
ORD14636,2024-04-24,CUST1164,Customer_1164,East,Electronics,Tablet,3,49754.47,0.25,157.76,Cash On Delivery,Online,False,111947.5575,2024-04
ORD12188,2024-08-05,CUST1281,Customer_1281,East,Sports,Running Shoes,2,1097.27,0.15,84.48,Net Banking,Online,False,1865.359,2024-08
ORD10693,2025-12-06,CUST1182,Customer_1182,West,Electronics,Tablet,4,6416.74,0.25,65.32,Credit Card,Online,False,19250.22,2025-12
ORD13198,2025-12-21,CUST1204,Customer_1204,South,Electronics,Tablet,-4,37779.94,0.05,72.28,Debit Card,Online,True,-143563.772,2025-12
ORD14443,2025-09-11,CUST1042,Customer_1042,West,Home & Kitchen,Lamp,3,6584.67,0.2,0.0,Net Banking,Retail Store,False,15803.208000000002,2025-09
ORD12611,2024-01-19,CUST1364,Customer_1364,East,Beauty,Perfume,1,792.04,0.1,151.64,Upi,Online,False,712.836,2024-01
ORD14395,2024-08-05,CUST1298,Customer_1298,Unknown,Electronics,Headphones,1,3263.04,0.0,0.0,Credit Card,Retail Store,False,3263.04,2024-08
ORD14642,2024-10-29,CUST1163,Customer_1163,East,Clothing,T-Shirt,2,1701.18,0.1,53.55,Debit Card,Online,False,3062.1240000000003,2024-10
ORD13195,2024-02-19,CUST1219,Customer_1219,South,Home & Kitchen,Cookware Set,5,5075.09,0.15,47.83,Cash On Delivery,Online,False,21569.1325,2024-02
ORD12954,2025-12-14,CUST1159,Customer_1159,South,Clothing,Dress,4,1535.55,0.15,0.0,Credit Card,Retail Store,False,5220.87,2025-12
ORD14286,2025-12-03,CUST1221,Customer_1221,East,Home & Kitchen,Cookware Set,5,2878.97,0.15,90.1,Net Banking,Online,False,12235.622499999998,2025-12
ORD12617,2025-06-05,CUST1390,Customer_1390,West,Beauty,Sunscreen,4,185.55,0.0,2.42,Unknown,Online,False,742.2,2025-06
ORD13834,2025-06-24,CUST1388,Customer_1388,South,Sports,Yoga Mat,4,5110.76,0.15,0.0,Credit Card,Retail Store,False,17376.584,2025-06
ORD13908,2025-10-07,CUST1165,Customer_1165,West,Home & Kitchen,Cookware Set,2,2049.09,0.0,0.0,Debit Card,Retail Store,False,4098.18,2025-10
ORD11827,2025-12-29,CUST1365,Customer_1365,South,Home & Kitchen,Lamp,4,862.08,0.1,176.71,Upi,Online,False,3103.4880000000003,2025-12
ORD10781,2025-01-18,CUST1105,Customer_1105,West,Clothing,Jeans,2,2269.13,0.2,94.05,Cash On Delivery,Online,False,3630.608,2025-01
ORD11727,2025-06-12,CUST1147,Customer_1147,East,Home & Kitchen,Vacuum Cleaner,5,4173.51,0.0,23.8,Upi,Online,False,20867.550000000003,2025-06
ORD14192,2024-05-24,CUST1103,Customer_1103,West,Clothing,Jacket,5,770.15,0.0,43.61,Debit Card,Online,False,3850.75,2024-05
ORD14063,2025-04-08,CUST1372,Customer_1372,East,Sports,Cycling Helmet,5,3092.85,0.0,0.0,Debit Card,Retail Store,False,15464.25,2025-04
ORD10541,2025-05-30,CUST1384,Customer_1384,North,Sports,Running Shoes,5,1619.72,0.25,59.27,Upi,Online,False,6073.950000000001,2025-05
ORD10711,2024-07-26,CUST1398,Customer_1398,Unknown,Electronics,Smartphone,3,31539.56,0.05,190.41,Cash On Delivery,Online,False,89887.746,2024-07
ORD13197,2024-10-01,CUST1393,Customer_1393,East,Clothing,T-Shirt,1,2347.01,0.0,98.71,Cash On Delivery,Online,False,2347.01,2024-10
ORD12560,2025-01-16,CUST1302,Customer_1302,East,Electronics,Laptop,2,48211.16,0.15,0.0,Net Banking,Retail Store,False,81958.97200000001,2025-01
ORD12868,2025-07-29,CUST1223,Customer_1223,South,Sports,Cycling Helmet,5,1564.26,0.15,0.0,Cash On Delivery,Retail Store,False,6648.105,2025-07
ORD10630,2024-04-26,CUST1070,Customer_1070,North,Sports,Dumbbells,3,5876.29,0.25,0.0,Upi,Retail Store,False,13221.6525,2024-04
ORD10254,2024-03-29,CUST1265,Customer_1265,East,Home & Kitchen,Cookware Set,1,5113.92,0.0,0.0,Upi,Retail Store,False,5113.92,2024-03
ORD11942,2025-07-27,CUST1124,Customer_1124,West,Beauty,Sunscreen,1,1467.21,0.0,0.0,Net Banking,Retail Store,False,1467.21,2025-07
ORD12600,2024-09-07,CUST1307,Customer_1307,West,Clothing,Jacket,4,1952.29,0.1,103.75,Cash On Delivery,Online,False,7028.244,2024-09
ORD10882,2025-03-18,CUST1083,Customer_1083,East,Clothing,Jacket,2,824.26,0.2,38.03,Debit Card,Online,False,1318.816,2025-03
ORD12430,2025-05-18,CUST1086,Customer_1086,North,Clothing,Jacket,4,1344.33,0.0,99.73,Credit Card,Online,False,5377.32,2025-05
ORD13189,2025-01-07,CUST1324,Customer_1324,South,Electronics,Smartwatch,2,31539.56,0.15,171.88,Debit Card,Online,False,53617.252,2025-01
ORD11240,2024-06-07,CUST1394,Customer_1394,North,Electronics,Smartwatch,4,7261.11,0.1,0.0,Net Banking,Retail Store,False,26139.996,2024-06
ORD13751,2024-03-21,CUST1188,Customer_1188,North,Beauty,Shampoo,4,1746.11,0.0,0.0,Credit Card,Retail Store,False,6984.44,2024-03
ORD10378,2025-11-06,CUST1064,Customer_1064,North,Clothing,Jeans,1,601.65,0.0,181.71,Cash On Delivery,Online,False,601.65,2025-11
ORD13961,2024-08-22,CUST1072,Customer_1072,North,Beauty,Lipstick,4,1170.49,0.0,0.0,Cash On Delivery,Retail Store,False,4681.96,2024-08
ORD11171,2024-07-11,CUST1338,Customer_1338,East,Clothing,Jacket,2,1682.02,0.25,147.04,Cash On Delivery,Online,False,2523.0299999999997,2024-07
ORD14753,2024-03-06,CUST1366,Customer_1366,East,Home & Kitchen,Vacuum Cleaner,4,1418.43,0.1,0.0,Upi,Retail Store,False,5106.348,2024-03
ORD10629,2024-12-20,CUST1112,Customer_1112,West,Beauty,Perfume,3,778.71,0.0,40.71,Upi,Online,False,2336.13,2024-12
ORD12481,2025-04-10,CUST1176,Customer_1176,East,Beauty,Sunscreen,4,2213.66,0.25,0.0,Upi,Retail Store,False,6640.98,2025-04
ORD12165,2024-05-08,CUST1300,Customer_1300,East,Sports,Dumbbells,1,2016.06,0.05,0.0,Cash On Delivery,Retail Store,False,1915.2569999999998,2024-05
ORD12369,2025-07-31,CUST1257,Customer_1257,North,Home & Kitchen,Cookware Set,3,5767.9,0.0,103.67,Credit Card,Online,False,17303.699999999997,2025-07
ORD10588,2025-11-29,CUST1308,Customer_1308,South,Clothing,Dress,2,1941.34,0.2,39.42,Upi,Online,False,3106.1440000000002,2025-11
ORD10790,2024-09-24,CUST1194,Customer_1194,West,Beauty,Face Cream,3,1992.68,0.15,0.0,Upi,Retail Store,False,5081.334,2024-09
ORD12399,2024-09-14,CUST1051,Customer_1051,South,Beauty,Sunscreen,3,1938.54,0.0,37.04,Net Banking,Online,False,5815.62,2024-09
ORD11144,2024-04-23,CUST1314,Customer_1314,Unknown,Beauty,Shampoo,4,1388.09,0.05,175.04,Credit Card,Online,False,5274.741999999999,2024-04
ORD11329,2024-10-29,CUST1118,Customer_1118,North,Electronics,Tablet,2,3937.11,0.25,8.77,Upi,Online,False,5905.665,2024-10
ORD12809,2025-06-02,CUST1253,Customer_1253,East,Electronics,Laptop,2,41561.75,0.15,0.0,Cash On Delivery,Retail Store,False,70654.97499999999,2025-06
ORD14954,2025-06-24,CUST1333,Customer_1333,South,Clothing,Jeans,3,743.26,0.2,0.0,Cash On Delivery,Retail Store,False,1783.8239999999998,2025-06
ORD13690,2025-01-19,CUST1001,Customer_1001,West,Home & Kitchen,Lamp,4,7766.61,0.0,0.0,Debit Card,Retail Store,False,31066.44,2025-01
ORD13276,2025-01-30,CUST1329,Customer_1329,South,Home & Kitchen,Lamp,3,2975.53,0.0,0.0,Upi,Retail Store,False,8926.59,2025-01
ORD10075,2025-11-28,CUST1101,Customer_1101,South,Clothing,Dress,2,778.29,0.1,87.95,Upi,Online,False,1400.922,2025-11
ORD12394,2025-01-02,CUST1139,Customer_1139,West,Beauty,Perfume,3,840.43,0.1,59.14,Cash On Delivery,Online,False,2269.161,2025-01
ORD14090,2024-01-12,CUST1157,Customer_1157,West,Home & Kitchen,Vacuum Cleaner,5,6852.17,0.2,0.0,Cash On Delivery,Retail Store,False,27408.68,2024-01
ORD13703,2024-04-02,CUST1295,Customer_1295,East,Electronics,Smartwatch,3,9976.76,0.0,164.97,Net Banking,Online,False,29930.28,2024-04
ORD13887,2025-07-29,CUST1337,Customer_1337,West,Clothing,Dress,1,1973.0,0.05,124.63,Credit Card,Online,False,1874.35,2025-07
ORD12407,2024-09-21,CUST1316,Customer_1316,North,Home & Kitchen,Blender,5,6591.82,0.25,0.0,Net Banking,Retail Store,False,24719.324999999997,2024-09
ORD10554,2025-04-16,CUST1008,Customer_1008,East,Home & Kitchen,Bedsheet,4,3120.11,0.1,165.56,Debit Card,Online,False,11232.396,2025-04
ORD10702,2024-01-24,CUST1050,Customer_1050,West,Beauty,Sunscreen,4,475.64,0.2,0.0,Debit Card,Retail Store,False,1522.048,2024-01
ORD11466,2024-07-28,CUST1276,Customer_1276,West,Home & Kitchen,Lamp,4,6610.9,0.15,0.0,Debit Card,Retail Store,False,22477.059999999998,2024-07
ORD14879,2025-07-09,CUST1261,Customer_1261,North,Sports,Yoga Mat,4,3392.51,0.0,0.0,Cash On Delivery,Retail Store,False,13570.04,2025-07
ORD11735,2024-05-13,CUST1397,Customer_1397,West,Clothing,Jeans,4,1315.09,0.0,0.0,Credit Card,Retail Store,False,5260.36,2024-05
ORD11101,2024-10-05,CUST1108,Customer_1108,West,Home & Kitchen,Blender,4,4090.91,0.0,165.53,Upi,Online,False,16363.64,2024-10
ORD13922,2025-07-11,CUST1217,Customer_1217,East,Electronics,Smartwatch,5,31384.26,0.05,184.83,Debit Card,Online,False,149075.235,2025-07
ORD12193,2025-11-30,CUST1382,Customer_1382,East,Electronics,Tablet,3,31539.56,0.0,0.0,Debit Card,Retail Store,False,94618.68000000001,2025-11
ORD12027,2024-09-24,CUST1337,Customer_1337,West,Beauty,Sunscreen,5,2056.52,0.0,160.56,Net Banking,Online,False,10282.6,2024-09
ORD10945,2025-01-20,CUST1000,Customer_1000,West,Beauty,Face Cream,2,461.04,0.15,178.28,Cash On Delivery,Online,False,783.768,2025-01
ORD11997,2024-08-29,CUST1368,Customer_1368,North,Electronics,Tablet,1,7254.88,0.0,29.51,Credit Card,Online,False,7254.88,2024-08
ORD13733,2025-09-06,CUST1162,Customer_1162,South,Electronics,Smartphone,2,17223.89,0.1,192.78,Debit Card,Online,False,31003.002,2025-09
ORD14985,2024-06-08,CUST1087,Customer_1087,West,Home & Kitchen,Cookware Set,1,5844.25,0.15,0.0,Credit Card,Retail Store,False,4967.6125,2024-06
ORD10842,2025-03-13,CUST1001,Customer_1001,West,Electronics,Smartphone,3,28103.49,0.0,95.27,Net Banking,Online,False,84310.47,2025-03
ORD11924,2024-05-13,CUST1190,Customer_1190,East,Beauty,Face Cream,3,999.77,0.0,43.79,Cash On Delivery,Online,False,2999.31,2024-05
ORD12550,2024-09-24,CUST1217,Customer_1217,South,Home & Kitchen,Cookware Set,4,5218.91,0.0,0.0,Upi,Retail Store,False,20875.64,2024-09
ORD12415,2024-09-26,CUST1355,Customer_1355,South,Clothing,Dress,3,967.65,0.0,0.0,Net Banking,Retail Store,False,2902.95,2024-09
ORD14775,2024-07-21,CUST1245,Customer_1245,South,Clothing,Jacket,1,2399.04,0.25,0.0,Cash On Delivery,Retail Store,False,1799.28,2024-07
ORD11919,2025-12-17,CUST1368,Customer_1368,West,Beauty,Face Cream,2,1555.82,0.0,0.0,Debit Card,Retail Store,False,3111.64,2025-12
ORD13650,2025-08-04,CUST1324,Customer_1324,South,Clothing,Jacket,3,1277.88,0.0,169.81,Upi,Online,False,3833.6400000000003,2025-08
ORD13623,2024-06-14,CUST1359,Customer_1359,North,Sports,Yoga Mat,4,1590.03,0.0,140.35,Upi,Online,False,6360.12,2024-06
ORD10968,2025-08-23,CUST1314,Customer_1314,West,Electronics,Headphones,4,2985.65,0.05,26.23,Credit Card,Online,False,11345.47,2025-08
ORD13778,2025-01-30,CUST1037,Customer_1037,West,Electronics,Laptop,2,30490.39,0.1,0.0,Cash On Delivery,Retail Store,False,54882.702,2025-01
ORD12776,2025-08-03,CUST1278,Customer_1278,North,Electronics,Smartphone,4,27953.42,0.2,0.0,Net Banking,Retail Store,False,89450.944,2025-08
ORD11281,2024-02-03,CUST1116,Customer_1116,West,Sports,Cricket Bat,3,2199.21,0.0,52.37,Cash On Delivery,Online,False,6597.63,2024-02
ORD10225,2025-06-19,CUST1287,Customer_1287,East,Beauty,Sunscreen,5,1404.67,0.0,134.05,Debit Card,Online,False,7023.35,2025-06
ORD13934,2025-09-12,CUST1301,Customer_1301,South,Electronics,Smartwatch,2,42101.79,0.0,196.74,Debit Card,Online,False,84203.58,2025-09
ORD10755,2024-09-24,CUST1010,Customer_1010,South,Sports,Running Shoes,4,3653.02,0.2,0.0,Upi,Retail Store,False,11689.664,2024-09
ORD11856,2025-03-29,CUST1393,Customer_1393,North,Sports,Yoga Mat,3,5542.99,0.05,0.0,Cash On Delivery,Retail Store,False,15797.5215,2025-03
ORD14466,2024-08-10,CUST1099,Customer_1099,South,Clothing,Jeans,2,1052.62,0.1,171.27,Cash On Delivery,Online,False,1894.716,2024-08
ORD13694,2025-09-15,CUST1236,Customer_1236,North,Home & Kitchen,Lamp,3,2810.16,0.15,0.0,Debit Card,Retail Store,False,7165.907999999999,2025-09
ORD14916,2025-07-02,CUST1371,Customer_1371,North,Clothing,Jeans,2,2378.67,0.15,0.0,Net Banking,Retail Store,False,4043.739,2025-07
ORD13844,2024-12-03,CUST1291,Customer_1291,East,Beauty,Shampoo,1,607.53,0.0,0.0,Upi,Retail Store,False,607.53,2024-12
ORD14432,2024-02-19,CUST1138,Customer_1138,East,Clothing,Jeans,1,1260.06,0.2,0.0,Debit Card,Retail Store,False,1008.048,2024-02
ORD10845,2024-05-07,CUST1162,Customer_1162,East,Clothing,Jeans,4,2877.08,0.25,91.9,Debit Card,Online,False,8631.24,2024-05
ORD10572,2025-01-07,CUST1381,Customer_1381,North,Clothing,Shoes,5,883.57,0.15,139.86,Net Banking,Online,False,3755.1725,2025-01
ORD14019,2025-11-20,CUST1003,Customer_1003,South,Beauty,Face Cream,5,2037.66,0.2,16.85,Credit Card,Online,False,8150.640000000001,2025-11
ORD13545,2025-05-08,CUST1093,Customer_1093,North,Home & Kitchen,Lamp,5,4222.11,0.25,184.8,Upi,Online,False,15832.912499999999,2025-05
ORD12016,2025-07-21,CUST1216,Customer_1216,West,Beauty,Shampoo,1,1946.04,0.25,0.0,Cash On Delivery,Retail Store,False,1459.53,2025-07
ORD11131,2025-04-10,CUST1234,Customer_1234,West,Sports,Yoga Mat,2,679.98,0.0,159.59,Upi,Online,False,1359.96,2025-04
ORD13854,2024-05-16,CUST1168,Customer_1168,West,Home & Kitchen,Cookware Set,-4,6593.33,0.0,190.64,Cash On Delivery,Online,True,-26373.32,2024-05
ORD11624,2024-11-26,CUST1343,Customer_1343,West,Clothing,Shoes,3,993.1,0.1,77.38,Net Banking,Online,False,2681.3700000000003,2024-11
ORD13821,2024-04-17,CUST1109,Customer_1109,Unknown,Clothing,Dress,5,1341.51,0.1,153.87,Net Banking,Online,False,6036.795,2024-04
ORD10154,2025-12-19,CUST1148,Customer_1148,West,Sports,Cricket Bat,5,5545.1,0.0,0.0,Debit Card,Retail Store,False,27725.5,2025-12
ORD10476,2024-01-28,CUST1096,Customer_1096,South,Beauty,Face Cream,3,395.14,0.25,0.0,Cash On Delivery,Retail Store,False,889.065,2024-01
ORD14934,2025-01-01,CUST1315,Customer_1315,East,Sports,Dumbbells,5,1806.51,0.1,170.04,Cash On Delivery,Online,False,8129.294999999999,2025-01
ORD11662,2024-11-28,CUST1042,Customer_1042,West,Home & Kitchen,Cookware Set,-5,7345.82,0.2,114.93,Debit Card,Online,True,-29383.28,2024-11
ORD10081,2025-04-04,CUST1078,Customer_1078,West,Clothing,Jeans,5,1481.72,0.1,0.0,Upi,Retail Store,False,6667.740000000001,2025-04
ORD11039,2024-12-05,CUST1395,Customer_1395,North,Electronics,Smartwatch,4,1705.24,0.0,0.0,Cash On Delivery,Retail Store,False,6820.96,2024-12
ORD13636,2025-05-07,CUST1045,Customer_1045,North,Clothing,Jeans,3,1668.54,0.0,0.0,Net Banking,Retail Store,False,5005.62,2025-05
ORD11690,2025-05-28,CUST1323,Customer_1323,South,Sports,Yoga Mat,3,877.51,0.0,146.73,Credit Card,Online,False,2632.5299999999997,2025-05
ORD10278,2025-08-03,CUST1224,Customer_1224,South,Clothing,T-Shirt,4,2726.39,0.05,0.0,Upi,Retail Store,False,10360.282,2025-08
ORD12869,2024-03-17,CUST1203,Customer_1203,West,Clothing,T-Shirt,5,2258.51,0.1,152.2,Upi,Online,False,10163.295000000002,2024-03
ORD11651,2025-09-15,CUST1038,Customer_1038,West,Home & Kitchen,Bedsheet,3,552.25,0.25,123.49,Debit Card,Online,False,1242.5625,2025-09
ORD10551,2025-11-02,CUST1319,Customer_1319,East,Home & Kitchen,Vacuum Cleaner,1,2490.51,0.0,0.0,Cash On Delivery,Retail Store,False,2490.51,2025-11
ORD14925,2025-04-11,CUST1039,Customer_1039,North,Electronics,Headphones,3,16209.56,0.0,165.75,Credit Card,Online,False,48628.68,2025-04
ORD13114,2024-03-22,CUST1390,Customer_1390,West,Sports,Yoga Mat,5,1451.04,0.2,0.0,Cash On Delivery,Retail Store,False,5804.16,2024-03
ORD11087,2025-04-02,CUST1316,Customer_1316,West,Home & Kitchen,Bedsheet,1,1569.47,0.1,0.0,Credit Card,Retail Store,False,1412.5230000000001,2025-04
ORD12185,2025-03-29,CUST1364,Customer_1364,North,Clothing,Dress,5,330.8,0.05,0.0,Debit Card,Retail Store,False,1571.3,2025-03
ORD10382,2025-12-04,CUST1056,Customer_1056,West,Sports,Dumbbells,4,1048.05,0.1,0.0,Debit Card,Retail Store,False,3772.98,2025-12
ORD11099,2024-05-25,CUST1273,Customer_1273,North,Home & Kitchen,Lamp,4,1588.61,0.0,0.0,Credit Card,Retail Store,False,6354.44,2024-05
ORD14031,2024-09-16,CUST1035,Customer_1035,East,Electronics,Smartwatch,3,57074.3,0.1,0.0,Credit Card,Retail Store,False,154100.61000000002,2024-09
ORD14076,2025-05-30,CUST1112,Customer_1112,South,Clothing,Jeans,1,1668.54,0.2,101.4,Debit Card,Online,False,1334.832,2025-05
ORD10482,2025-07-15,CUST1381,Customer_1381,West,Beauty,Shampoo,4,1725.19,0.0,0.0,Debit Card,Retail Store,False,6900.76,2025-07
ORD12083,2025-06-11,CUST1270,Customer_1270,West,Home & Kitchen,Cookware Set,3,7660.72,0.0,53.0,Credit Card,Online,False,22982.16,2025-06
ORD14591,2024-07-24,CUST1180,Customer_1180,South,Sports,Running Shoes,3,526.1,0.2,152.59,Credit Card,Online,False,1262.6400000000003,2024-07
ORD14160,2025-04-06,CUST1347,Customer_1347,North,Sports,Running Shoes,4,4797.32,0.0,86.49,Debit Card,Online,False,19189.28,2025-04
ORD12285,2024-05-02,CUST1135,Customer_1135,East,Beauty,Lipstick,4,2015.09,0.25,73.65,Upi,Online,False,6045.2699999999995,2024-05
ORD12274,2025-07-09,CUST1095,Customer_1095,North,Electronics,Headphones,3,26770.59,0.25,151.62,Debit Card,Online,False,60233.8275,2025-07
ORD10918,2024-06-09,CUST1387,Customer_1387,South,Clothing,Jacket,5,2894.09,0.2,37.32,Upi,Online,False,11576.36,2024-06
ORD10984,2024-07-21,CUST1053,Customer_1053,West,Clothing,Jeans,1,1505.53,0.05,0.0,Credit Card,Retail Store,False,1430.2534999999998,2024-07
ORD13358,2025-11-13,CUST1077,Customer_1077,West,Beauty,Sunscreen,2,1819.24,0.0,188.14,Credit Card,Online,False,3638.48,2025-11
ORD10473,2024-12-14,CUST1262,Customer_1262,South,Clothing,Shoes,2,1580.98,0.25,0.0,Debit Card,Retail Store,False,2371.4700000000003,2024-12
ORD13587,2024-11-09,CUST1263,Customer_1263,East,Clothing,Jacket,2,2323.52,0.1,0.0,Debit Card,Retail Store,False,4182.336,2024-11
ORD11120,2024-07-28,CUST1361,Customer_1361,East,Home & Kitchen,Bedsheet,3,2159.65,0.0,0.0,Debit Card,Retail Store,False,6478.950000000001,2024-07
ORD12952,2025-01-05,CUST1337,Customer_1337,West,Clothing,Jacket,4,2520.17,0.1,44.18,Credit Card,Online,False,9072.612000000001,2025-01
ORD10089,2024-12-31,CUST1103,Customer_1103,North,Electronics,Smartphone,1,19639.44,0.1,0.0,Upi,Retail Store,False,17675.496,2024-12
ORD10850,2025-09-22,CUST1299,Customer_1299,North,Sports,Cycling Helmet,5,903.85,0.0,105.05,Upi,Online,False,4519.25,2025-09
ORD14723,2024-10-31,CUST1023,Customer_1023,East,Home & Kitchen,Lamp,5,5648.98,0.0,0.0,Net Banking,Retail Store,False,28244.899999999998,2024-10
ORD13539,2024-07-13,CUST1128,Customer_1128,West,Beauty,Lipstick,4,1899.98,0.15,161.55,Net Banking,Online,False,6459.932,2024-07
ORD12241,2024-09-30,CUST1081,Customer_1081,West,Sports,Running Shoes,5,4835.36,0.05,179.23,Net Banking,Online,False,22967.96,2024-09
ORD12427,2024-09-12,CUST1106,Customer_1106,North,Sports,Running Shoes,3,3148.65,0.1,0.0,Upi,Retail Store,False,8501.355000000001,2024-09
ORD10297,2025-08-17,CUST1266,Customer_1266,West,Sports,Dumbbells,4,3436.51,0.0,0.0,Debit Card,Retail Store,False,13746.04,2025-08
ORD14068,2025-05-28,CUST1155,Customer_1155,North,Clothing,T-Shirt,3,1555.29,0.1,80.69,Credit Card,Online,False,4199.283,2025-05
ORD10527,2025-09-13,CUST1381,Customer_1381,East,Electronics,Smartwatch,5,15787.24,0.0,34.96,Net Banking,Online,False,78936.2,2025-09
ORD14464,2024-02-01,CUST1368,Customer_1368,South,Home & Kitchen,Vacuum Cleaner,5,4480.37,0.25,0.0,Debit Card,Retail Store,False,16801.387499999997,2024-02
ORD10442,2024-06-18,CUST1166,Customer_1166,North,Electronics,Tablet,5,15120.1,0.0,128.78,Net Banking,Online,False,75600.5,2024-06
ORD10072,2024-03-14,CUST1108,Customer_1108,North,Clothing,Jacket,3,2316.94,0.15,91.95,Cash On Delivery,Online,False,5908.196999999999,2024-03
ORD13656,2025-04-18,CUST1115,Customer_1115,East,Electronics,Tablet,5,33452.41,0.0,49.18,Credit Card,Online,False,167262.05000000002,2025-04
ORD11684,2024-11-17,CUST1314,Customer_1314,East,Home & Kitchen,Bedsheet,2,2584.85,0.2,102.4,Unknown,Online,False,4135.76,2024-11
ORD13802,2025-12-14,CUST1396,Customer_1396,South,Beauty,Sunscreen,3,1960.58,0.15,0.0,Unknown,Retail Store,False,4999.478999999999,2025-12
ORD11138,2025-09-30,CUST1125,Customer_1125,South,Beauty,Shampoo,4,572.73,0.1,40.95,Credit Card,Online,False,2061.828,2025-09
ORD14120,2025-12-20,CUST1388,Customer_1388,West,Clothing,Shoes,1,582.43,0.0,0.0,Unknown,Retail Store,False,582.43,2025-12
ORD14982,2024-07-20,CUST1187,Customer_1187,West,Sports,Dumbbells,3,2188.92,0.25,0.0,Net Banking,Retail Store,False,4925.07,2024-07
ORD14870,2025-04-21,CUST1194,Customer_1194,East,Sports,Yoga Mat,1,4717.94,0.05,195.43,Upi,Online,False,4482.043,2025-04
ORD13296,2024-08-03,CUST1116,Customer_1116,South,Clothing,Jeans,5,1717.99,0.2,0.0,Credit Card,Retail Store,False,6871.960000000001,2024-08
ORD11006,2025-04-19,CUST1046,Customer_1046,East,Electronics,Smartphone,5,40948.92,0.0,0.0,Net Banking,Retail Store,False,204744.59999999998,2025-04
ORD14887,2024-05-13,CUST1072,Customer_1072,South,Home & Kitchen,Lamp,1,2075.1,0.25,0.0,Net Banking,Retail Store,False,1556.3249999999998,2024-05
ORD14984,2024-11-26,CUST1212,Customer_1212,South,Clothing,Jeans,5,738.71,0.1,0.0,Debit Card,Retail Store,False,3324.195,2024-11
ORD11475,2024-10-22,CUST1178,Customer_1178,West,Sports,Cycling Helmet,2,5543.68,0.15,0.0,Upi,Retail Store,False,9424.256,2024-10
ORD10083,2024-12-23,CUST1264,Customer_1264,East,Electronics,Laptop,1,17458.29,0.25,0.0,Credit Card,Retail Store,False,13093.7175,2024-12
ORD12406,2025-12-14,CUST1244,Customer_1244,South,Beauty,Face Cream,3,2324.31,0.0,0.0,Upi,Retail Store,False,6972.93,2025-12
ORD14596,2024-03-02,CUST1377,Customer_1377,North,Clothing,Dress,2,525.64,0.0,160.98,Credit Card,Online,False,1051.28,2024-03
ORD11836,2024-01-04,CUST1241,Customer_1241,North,Beauty,Perfume,3,2495.15,0.15,0.0,Debit Card,Retail Store,False,6362.632500000001,2024-01
ORD13376,2024-02-23,CUST1211,Customer_1211,North,Clothing,Dress,2,1178.06,0.05,0.0,Cash On Delivery,Retail Store,False,2238.314,2024-02
ORD12635,2024-10-25,CUST1377,Customer_1377,South,Home & Kitchen,Blender,3,6799.32,0.25,0.0,Debit Card,Retail Store,False,15298.47,2024-10
ORD14315,2025-08-28,CUST1249,Customer_1249,Unknown,Beauty,Shampoo,2,713.33,0.25,37.28,Credit Card,Online,False,1069.9950000000001,2025-08
ORD14028,2024-09-08,CUST1007,Customer_1007,North,Home & Kitchen,Blender,2,4166.16,0.05,0.0,Upi,Retail Store,False,7915.704,2024-09
ORD12008,2025-03-05,CUST1182,Customer_1182,West,Sports,Yoga Mat,3,1197.23,0.0,0.0,Net Banking,Retail Store,False,3591.69,2025-03
ORD12593,2024-10-04,CUST1248,Customer_1248,East,Beauty,Lipstick,4,1662.84,0.0,93.58,Cash On Delivery,Online,False,6651.36,2024-10
ORD10047,2025-12-27,CUST1320,Customer_1320,North,Beauty,Face Cream,2,1289.07,0.05,0.0,Net Banking,Retail Store,False,2449.2329999999997,2025-12
ORD12506,2024-01-19,CUST1016,Customer_1016,West,Sports,Cycling Helmet,4,1232.83,0.05,0.0,Net Banking,Retail Store,False,4684.754,2024-01
ORD12104,2025-09-22,CUST1044,Customer_1044,North,Sports,Yoga Mat,4,4578.77,0.25,0.0,Upi,Retail Store,False,13736.310000000001,2025-09
ORD13472,2024-10-03,CUST1386,Customer_1386,West,Electronics,Smartphone,3,59846.86,0.1,0.0,Net Banking,Retail Store,False,161586.52200000003,2024-10
ORD11929,2025-01-06,CUST1248,Customer_1248,West,Clothing,Jeans,5,1041.12,0.0,67.31,Cash On Delivery,Online,False,5205.599999999999,2025-01
ORD10397,2024-11-17,CUST1069,Customer_1069,South,Electronics,Laptop,3,11795.14,0.0,0.0,Cash On Delivery,Retail Store,False,35385.42,2024-11
ORD11507,2024-05-08,CUST1120,Customer_1120,East,Sports,Cycling Helmet,3,4388.75,0.0,135.34,Cash On Delivery,Online,False,13166.25,2024-05
ORD13702,2024-01-29,CUST1145,Customer_1145,East,Beauty,Perfume,3,1847.45,0.1,176.14,Cash On Delivery,Online,False,4988.115000000001,2024-01
ORD14303,2024-09-15,CUST1082,Customer_1082,South,Electronics,Smartwatch,3,39446.48,0.15,146.38,Debit Card,Online,False,100588.524,2024-09
ORD13271,2025-03-27,CUST1070,Customer_1070,East,Beauty,Lipstick,4,1979.74,0.2,0.0,Debit Card,Retail Store,False,6335.168000000001,2025-03
ORD14528,2025-11-23,CUST1297,Customer_1297,South,Clothing,Shoes,3,512.0,0.15,0.0,Debit Card,Retail Store,False,1305.6,2025-11
ORD14613,2024-07-25,CUST1012,Customer_1012,West,Beauty,Lipstick,3,1969.95,0.0,176.36,Credit Card,Online,False,5909.85,2024-07
ORD13119,2024-08-08,CUST1391,Customer_1391,East,Electronics,Laptop,1,11848.58,0.0,46.52,Cash On Delivery,Online,False,11848.58,2024-08
ORD14519,2025-03-19,CUST1299,Customer_1299,East,Sports,Cycling Helmet,1,1444.13,0.0,164.05,Cash On Delivery,Online,False,1444.13,2025-03
ORD13373,2024-04-09,CUST1331,Customer_1331,South,Sports,Cycling Helmet,4,4840.51,0.0,59.07,Cash On Delivery,Online,False,19362.04,2024-04
ORD14659,2025-08-29,CUST1087,Customer_1087,East,Clothing,Dress,1,1396.52,0.0,0.0,Credit Card,Retail Store,False,1396.52,2025-08
ORD13352,2025-10-16,CUST1129,Customer_1129,West,Electronics,Laptop,5,23920.26,0.15,126.34,Cash On Delivery,Online,False,101661.10499999998,2025-10
ORD10484,2025-09-04,CUST1272,Customer_1272,East,Clothing,Shoes,1,2030.73,0.0,74.93,Debit Card,Online,False,2030.73,2025-09
ORD14751,2025-09-01,CUST1086,Customer_1086,North,Clothing,Dress,3,2647.38,0.15,182.82,Debit Card,Online,False,6750.819,2025-09
ORD10237,2024-05-11,CUST1290,Customer_1290,West,Electronics,Tablet,4,31539.56,0.15,0.0,Credit Card,Retail Store,False,107234.504,2024-05
ORD14423,2024-02-29,CUST1277,Customer_1277,South,Sports,Cricket Bat,1,2616.02,0.1,0.0,Upi,Retail Store,False,2354.418,2024-02
ORD13087,2025-07-08,CUST1316,Customer_1316,West,Home & Kitchen,Blender,1,7939.11,0.05,87.8,Net Banking,Online,False,7542.1545,2025-07
ORD10471,2024-02-09,CUST1330,Customer_1330,South,Electronics,Laptop,1,30853.25,0.15,0.0,Debit Card,Retail Store,False,26225.2625,2024-02
ORD12963,2025-01-29,CUST1009,Customer_1009,North,Sports,Cricket Bat,2,5213.28,0.0,0.0,Cash On Delivery,Retail Store,False,10426.56,2025-01
ORD11104,2025-08-29,CUST1044,Customer_1044,South,Beauty,Perfume,1,788.31,0.2,0.0,Cash On Delivery,Retail Store,False,630.648,2025-08
ORD13168,2025-08-15,CUST1155,Customer_1155,East,Clothing,Jacket,5,1631.23,0.1,0.0,Net Banking,Retail Store,False,7340.535,2025-08
ORD10802,2025-12-26,CUST1167,Customer_1167,West,Clothing,Jacket,4,1858.49,0.05,0.0,Debit Card,Retail Store,False,7062.262,2025-12
ORD13295,2025-09-23,CUST1127,Customer_1127,South,Beauty,Shampoo,1,2017.66,0.1,0.0,Net Banking,Retail Store,False,1815.894,2025-09
ORD14474,2025-11-12,CUST1366,Customer_1366,South,Home & Kitchen,Vacuum Cleaner,1,2500.67,0.15,72.07,Credit Card,Online,False,2125.5695,2025-11
ORD14884,2024-04-28,CUST1073,Customer_1073,South,Home & Kitchen,Bedsheet,2,4480.37,0.25,0.0,Debit Card,Retail Store,False,6720.555,2024-04
ORD12824,2024-10-02,CUST1013,Customer_1013,South,Sports,Cycling Helmet,1,2606.6,0.0,96.78,Debit Card,Online,False,2606.6,2024-10
ORD12423,2024-08-02,CUST1092,Customer_1092,South,Beauty,Perfume,4,990.37,0.15,143.86,Credit Card,Online,False,3367.258,2024-08
ORD12971,2024-04-27,CUST1159,Customer_1159,West,Sports,Running Shoes,5,2105.57,0.0,21.15,Debit Card,Online,False,10527.85,2024-04
ORD11737,2025-06-08,CUST1112,Customer_1112,North,Clothing,Dress,4,2126.89,0.2,0.0,Debit Card,Retail Store,False,6806.048,2025-06
ORD13336,2025-09-16,CUST1178,Customer_1178,West,Electronics,Laptop,1,34326.03,0.05,0.0,Debit Card,Retail Store,False,32609.728499999997,2025-09
ORD14205,2025-09-22,CUST1197,Customer_1197,South,Beauty,Perfume,5,2201.57,0.2,13.99,Upi,Online,False,8806.28,2025-09
ORD14465,2024-09-14,CUST1399,Customer_1399,North,Clothing,T-Shirt,4,962.37,0.1,17.4,Net Banking,Online,False,3464.532,2024-09
ORD13132,2024-04-26,CUST1273,Customer_1273,South,Home & Kitchen,Lamp,2,6287.22,0.15,58.61,Debit Card,Online,False,10688.274,2024-04
ORD10034,2025-09-22,CUST1006,Customer_1006,West,Beauty,Lipstick,1,509.53,0.1,0.0,Cash On Delivery,Retail Store,False,458.577,2025-09
ORD14895,2024-09-13,CUST1260,Customer_1260,North,Sports,Cycling Helmet,3,732.99,0.0,119.3,Net Banking,Online,False,2198.9700000000003,2024-09
ORD12661,2025-03-06,CUST1082,Customer_1082,East,Sports,Cricket Bat,3,5113.34,0.0,196.01,Upi,Online,False,15340.02,2025-03
ORD10564,2025-10-27,CUST1082,Customer_1082,South,Electronics,Laptop,5,6719.91,0.25,0.0,Net Banking,Retail Store,False,25199.662500000002,2025-10
ORD14206,2025-04-18,CUST1152,Customer_1152,North,Electronics,Headphones,2,34313.78,0.05,0.0,Debit Card,Retail Store,False,65196.18199999999,2025-04
ORD10074,2024-12-23,CUST1301,Customer_1301,East,Beauty,Sunscreen,1,545.11,0.05,29.29,Debit Card,Online,False,517.8545,2024-12
ORD10855,2024-05-09,CUST1268,Customer_1268,West,Beauty,Sunscreen,3,740.86,0.25,0.0,Credit Card,Retail Store,False,1666.935,2024-05
ORD10309,2024-03-10,CUST1312,Customer_1312,South,Sports,Cycling Helmet,5,2076.05,0.2,0.0,Upi,Retail Store,False,8304.2,2024-03
ORD12268,2024-06-13,CUST1118,Customer_1118,East,Home & Kitchen,Blender,5,7995.91,0.0,17.59,Net Banking,Online,False,39979.55,2024-06
ORD10282,2024-11-07,CUST1327,Customer_1327,West,Electronics,Laptop,5,31539.56,0.0,20.25,Net Banking,Online,False,157697.80000000002,2024-11
ORD12448,2025-01-14,CUST1092,Customer_1092,South,Beauty,Perfume,1,1194.37,0.0,0.0,Credit Card,Retail Store,False,1194.37,2025-01
ORD12416,2025-03-18,CUST1049,Customer_1049,North,Electronics,Smartphone,1,49844.38,0.2,114.79,Debit Card,Online,False,39875.504,2025-03
ORD10547,2025-12-25,CUST1390,Customer_1390,East,Electronics,Smartphone,2,17157.9,0.15,0.0,Cash On Delivery,Retail Store,False,29168.43,2025-12
ORD13176,2025-03-12,CUST1251,Customer_1251,South,Clothing,Jacket,3,1435.37,0.1,41.27,Upi,Online,False,3875.499,2025-03
ORD13712,2025-11-25,CUST1358,Customer_1358,South,Home & Kitchen,Bedsheet,4,3171.35,0.0,0.0,Unknown,Retail Store,False,12685.4,2025-11
ORD11158,2024-08-05,CUST1134,Customer_1134,South,Electronics,Tablet,3,52131.38,0.0,0.0,Cash On Delivery,Retail Store,False,156394.13999999998,2024-08
ORD11680,2024-01-19,CUST1016,Customer_1016,South,Clothing,Jacket,5,1194.45,0.05,0.0,Cash On Delivery,Retail Store,False,5673.6375,2024-01
ORD10720,2025-09-24,CUST1009,Customer_1009,North,Clothing,Jeans,3,1668.54,0.05,48.63,Credit Card,Online,False,4755.339,2025-09
ORD10291,2025-09-30,CUST1211,Customer_1211,North,Beauty,Perfume,3,547.75,0.25,137.07,Debit Card,Online,False,1232.4375,2025-09
ORD10540,2025-12-11,CUST1034,Customer_1034,East,Beauty,Lipstick,5,1787.26,0.0,33.1,Cash On Delivery,Online,False,8936.3,2025-12
ORD14215,2024-09-12,CUST1134,Customer_1134,East,Electronics,Headphones,2,43414.25,0.0,0.0,Credit Card,Retail Store,False,86828.5,2024-09
ORD11036,2025-04-17,CUST1285,Customer_1285,South,Clothing,Jeans,2,340.24,0.2,101.58,Credit Card,Online,False,544.384,2025-04
ORD13891,2024-06-05,CUST1196,Customer_1196,East,Home & Kitchen,Cookware Set,2,6316.74,0.2,0.0,Cash On Delivery,Retail Store,False,10106.784,2024-06
ORD11047,2024-02-20,CUST1248,Customer_1248,East,Electronics,Laptop,4,8895.51,0.0,0.0,Debit Card,Retail Store,False,35582.04,2024-02
ORD12161,2024-08-31,CUST1319,Customer_1319,North,Sports,Yoga Mat,5,2822.33,0.0,0.0,Credit Card,Retail Store,False,14111.65,2024-08
ORD13552,2024-07-07,CUST1114,Customer_1114,East,Clothing,Jeans,5,2792.71,0.0,0.0,Credit Card,Retail Store,False,13963.55,2024-07
ORD10060,2025-08-24,CUST1059,Customer_1059,East,Clothing,T-Shirt,1,562.42,0.2,166.74,Cash On Delivery,Online,False,449.936,2025-08
ORD13602,2024-02-15,CUST1177,Customer_1177,South,Electronics,Smartphone,2,53244.88,0.05,0.0,Upi,Retail Store,False,101165.272,2024-02
ORD12852,2024-06-29,CUST1162,Customer_1162,North,Electronics,Smartphone,5,11991.19,0.25,0.0,Upi,Retail Store,False,44966.9625,2024-06
ORD11189,2024-05-06,CUST1391,Customer_1391,West,Home & Kitchen,Vacuum Cleaner,3,6251.89,0.25,0.0,Credit Card,Retail Store,False,14066.752500000002,2024-05
ORD13841,2025-02-28,CUST1123,Customer_1123,South,Electronics,Tablet,1,27865.01,0.0,0.0,Credit Card,Retail Store,False,27865.01,2025-02
ORD14706,2024-09-11,CUST1386,Customer_1386,West,Clothing,Dress,2,1777.39,0.0,29.97,Upi,Online,False,3554.78,2024-09
ORD13974,2025-12-26,CUST1356,Customer_1356,South,Clothing,T-Shirt,4,1668.54,0.0,13.97,Upi,Online,False,6674.16,2025-12
ORD10535,2025-03-12,CUST1257,Customer_1257,West,Sports,Dumbbells,2,614.85,0.0,76.07,Credit Card,Online,False,1229.7,2025-03
ORD14017,2024-07-20,CUST1028,Customer_1028,East,Clothing,Jeans,2,2038.89,0.0,0.0,Net Banking,Retail Store,False,4077.78,2024-07
ORD14570,2024-12-23,CUST1268,Customer_1268,South,Electronics,Smartphone,2,57335.26,0.0,61.84,Debit Card,Online,False,114670.52,2024-12
ORD12608,2024-08-13,CUST1188,Customer_1188,North,Clothing,Jeans,3,2193.08,0.0,0.0,Cash On Delivery,Retail Store,False,6579.24,2024-08
ORD12998,2024-07-19,CUST1313,Customer_1313,East,Beauty,Sunscreen,2,2019.3,0.05,110.34,Net Banking,Online,False,3836.6699999999996,2024-07
ORD10581,2024-01-23,CUST1305,Customer_1305,West,Electronics,Headphones,2,53834.38,0.25,137.47,Credit Card,Online,False,80751.56999999999,2024-01
ORD12668,2024-01-26,CUST1245,Customer_1245,East,Beauty,Perfume,4,1460.0,0.15,0.0,Cash On Delivery,Retail Store,False,4964.0,2024-01
ORD10195,2024-10-02,CUST1019,Customer_1019,North,Clothing,Jacket,4,2172.89,0.25,0.0,Upi,Retail Store,False,6518.67,2024-10
ORD11263,2024-09-14,CUST1228,Customer_1228,East,Electronics,Smartphone,1,31539.56,0.2,0.0,Credit Card,Retail Store,False,25231.648,2024-09
ORD10172,2025-06-01,CUST1030,Customer_1030,East,Clothing,Jacket,1,2582.86,0.0,87.0,Credit Card,Online,False,2582.86,2025-06
ORD12934,2024-07-01,CUST1315,Customer_1315,West,Clothing,T-Shirt,2,1513.95,0.0,99.8,Net Banking,Online,False,3027.9,2024-07
ORD10924,2024-10-17,CUST1171,Customer_1171,South,Beauty,Face Cream,5,1036.63,0.1,176.46,Cash On Delivery,Online,False,4664.835000000001,2024-10
ORD11013,2024-07-16,CUST1399,Customer_1399,North,Electronics,Smartphone,3,17787.37,0.0,0.0,Credit Card,Retail Store,False,53362.11,2024-07
ORD13700,2025-10-21,CUST1388,Customer_1388,East,Sports,Dumbbells,5,1067.55,0.15,176.62,Debit Card,Online,False,4537.0875,2025-10
ORD11173,2025-06-28,CUST1026,Customer_1026,South,Sports,Cycling Helmet,5,2305.59,0.0,140.85,Debit Card,Online,False,11527.95,2025-06
ORD11562,2024-03-18,CUST1144,Customer_1144,West,Electronics,Laptop,2,31539.56,0.0,11.88,Debit Card,Online,False,63079.12,2024-03
ORD11641,2024-02-19,CUST1176,Customer_1176,East,Clothing,Jeans,3,1172.42,0.25,0.0,Upi,Retail Store,False,2637.945,2024-02
ORD12812,2025-03-04,CUST1123,Customer_1123,South,Clothing,Jacket,3,1782.0,0.0,0.0,Upi,Retail Store,False,5346.0,2025-03
ORD11430,2025-03-05,CUST1282,Customer_1282,East,Home & Kitchen,Vacuum Cleaner,4,6261.17,0.1,137.89,Net Banking,Online,False,22540.212,2025-03
ORD12627,2024-12-04,CUST1241,Customer_1241,South,Sports,Cycling Helmet,1,1919.97,0.2,0.0,Cash On Delivery,Retail Store,False,1535.976,2024-12
ORD13976,2025-12-25,CUST1033,Customer_1033,South,Electronics,Laptop,3,32004.48,0.0,0.0,Debit Card,Retail Store,False,96013.44,2025-12
ORD14471,2025-04-09,CUST1215,Customer_1215,West,Electronics,Smartwatch,5,1938.67,0.0,187.65,Credit Card,Online,False,9693.35,2025-04
ORD13915,2024-06-08,CUST1355,Customer_1355,East,Sports,Yoga Mat,-4,2862.04,0.0,0.0,Debit Card,Retail Store,True,-11448.16,2024-06
ORD13432,2024-10-30,CUST1132,Customer_1132,East,Home & Kitchen,Lamp,1,7269.15,0.0,144.45,Debit Card,Online,False,7269.15,2024-10
ORD12334,2024-12-18,CUST1044,Customer_1044,North,Sports,Dumbbells,2,5657.58,0.15,0.0,Net Banking,Retail Store,False,9617.886,2024-12
ORD11239,2025-04-28,CUST1060,Customer_1060,South,Home & Kitchen,Lamp,4,6651.97,0.15,27.36,Upi,Online,False,22616.698,2025-04
ORD10415,2024-04-04,CUST1231,Customer_1231,East,Home & Kitchen,Bedsheet,2,2923.78,0.2,0.0,Debit Card,Retail Store,False,4678.048000000001,2024-04
ORD14086,2025-05-10,CUST1248,Customer_1248,North,Home & Kitchen,Vacuum Cleaner,5,4664.56,0.1,48.74,Cash On Delivery,Online,False,20990.520000000004,2025-05
ORD10982,2025-04-26,CUST1339,Customer_1339,West,Electronics,Headphones,3,17715.27,0.2,29.04,Credit Card,Online,False,42516.648,2025-04
ORD11164,2024-06-19,CUST1167,Customer_1167,North,Clothing,T-Shirt,2,1620.57,0.0,78.88,Credit Card,Online,False,3241.14,2024-06
ORD11779,2024-09-04,CUST1014,Customer_1014,West,Beauty,Perfume,5,1040.1,0.1,161.69,Cash On Delivery,Online,False,4680.45,2024-09
ORD14632,2025-02-18,CUST1026,Customer_1026,West,Electronics,Headphones,2,5504.43,0.05,0.0,Debit Card,Retail Store,False,10458.417,2025-02
ORD13467,2024-11-23,CUST1200,Customer_1200,East,Sports,Running Shoes,3,431.29,0.0,8.97,Debit Card,Online,False,1293.8700000000001,2024-11
ORD10586,2025-02-11,CUST1191,Customer_1191,East,Electronics,Smartwatch,2,57548.7,0.15,0.0,Upi,Retail Store,False,97832.79,2025-02
ORD10595,2024-03-11,CUST1335,Customer_1335,East,Clothing,Dress,1,1281.84,0.05,29.46,Upi,Online,False,1217.7479999999998,2024-03
ORD11811,2024-09-06,CUST1152,Customer_1152,North,Clothing,T-Shirt,4,1625.48,0.0,0.0,Net Banking,Retail Store,False,6501.92,2024-09
ORD10812,2025-09-09,CUST1261,Customer_1261,East,Beauty,Shampoo,2,1072.69,0.25,22.54,Debit Card,Online,False,1609.035,2025-09
ORD11949,2025-11-22,CUST1251,Customer_1251,East,Home & Kitchen,Bedsheet,3,6404.18,0.15,0.0,Upi,Retail Store,False,16330.659,2025-11
ORD14798,2024-02-10,CUST1119,Customer_1119,South,Clothing,Dress,2,2701.92,0.1,0.0,Credit Card,Retail Store,False,4863.456,2024-02
ORD11167,2024-11-10,CUST1314,Customer_1314,West,Electronics,Smartwatch,1,55099.86,0.25,71.32,Upi,Online,False,41324.895000000004,2024-11
ORD11930,2025-05-28,CUST1173,Customer_1173,South,Sports,Yoga Mat,2,3875.22,0.1,164.91,Upi,Online,False,6975.396,2025-05
ORD10220,2025-07-14,CUST1169,Customer_1169,South,Sports,Cycling Helmet,5,1641.78,0.1,98.48,Credit Card,Online,False,7388.01,2025-07
ORD11065,2024-09-18,CUST1251,Customer_1251,East,Beauty,Lipstick,2,175.98,0.15,0.0,Debit Card,Retail Store,False,299.166,2024-09
ORD11692,2024-11-13,CUST1287,Customer_1287,North,Electronics,Laptop,1,21495.65,0.0,0.0,Net Banking,Retail Store,False,21495.65,2024-11
ORD12721,2024-01-22,CUST1000,Customer_1000,East,Clothing,Dress,1,2069.04,0.2,43.71,Debit Card,Online,False,1655.232,2024-01
ORD12764,2024-09-29,CUST1193,Customer_1193,West,Electronics,Laptop,2,35463.02,0.0,86.17,Upi,Online,False,70926.04,2024-09
ORD12013,2024-01-12,CUST1216,Customer_1216,East,Electronics,Smartwatch,5,27568.48,0.25,0.0,Credit Card,Retail Store,False,103381.79999999999,2024-01
ORD10774,2024-09-04,CUST1254,Customer_1254,South,Clothing,Jeans,5,595.23,0.0,88.4,Cash On Delivery,Online,False,2976.15,2024-09
ORD10305,2025-01-22,CUST1354,Customer_1354,North,Clothing,T-Shirt,1,1279.95,0.0,0.0,Debit Card,Retail Store,False,1279.95,2025-01
ORD10439,2024-04-22,CUST1234,Customer_1234,North,Clothing,Dress,5,1578.06,0.2,23.55,Credit Card,Online,False,6312.24,2024-04
ORD10713,2024-03-03,CUST1233,Customer_1233,West,Clothing,T-Shirt,5,2306.4,0.1,0.0,Net Banking,Retail Store,False,10378.800000000001,2024-03
ORD14672,2024-12-03,CUST1266,Customer_1266,North,Home & Kitchen,Bedsheet,3,7986.39,0.1,0.0,Upi,Retail Store,False,21563.253,2024-12
ORD12909,2024-09-01,CUST1199,Customer_1199,West,Clothing,Jacket,4,390.8,0.1,0.0,Debit Card,Retail Store,False,1406.88,2024-09
ORD11024,2024-06-26,CUST1030,Customer_1030,South,Electronics,Tablet,1,35945.38,0.0,186.2,Cash On Delivery,Online,False,35945.38,2024-06
ORD13108,2024-01-19,CUST1161,Customer_1161,North,Beauty,Lipstick,4,2432.17,0.25,153.04,Upi,Online,False,7296.51,2024-01
ORD11082,2024-11-14,CUST1263,Customer_1263,South,Sports,Yoga Mat,5,3887.54,0.05,0.0,Net Banking,Retail Store,False,18465.815,2024-11
ORD13806,2024-10-08,CUST1027,Customer_1027,South,Clothing,Shoes,3,2905.02,0.0,0.0,Debit Card,Retail Store,False,8715.06,2024-10
ORD10734,2025-04-26,CUST1056,Customer_1056,East,Clothing,T-Shirt,4,1307.6,0.0,107.89,Cash On Delivery,Online,False,5230.4,2025-04
ORD11674,2025-07-22,CUST1262,Customer_1262,East,Sports,Cycling Helmet,5,4076.08,0.05,0.0,Net Banking,Retail Store,False,19361.38,2025-07
ORD14429,2025-02-15,CUST1218,Customer_1218,East,Beauty,Face Cream,3,2213.4,0.1,74.4,Debit Card,Online,False,5976.180000000001,2025-02
ORD13735,2024-04-20,CUST1352,Customer_1352,West,Electronics,Tablet,5,36973.98,0.0,0.0,Credit Card,Retail Store,False,184869.90000000002,2024-04
ORD12972,2024-12-14,CUST1065,Customer_1065,North,Home & Kitchen,Vacuum Cleaner,5,6660.61,0.0,0.0,Cash On Delivery,Retail Store,False,33303.049999999996,2024-12
ORD14910,2025-10-15,CUST1038,Customer_1038,North,Sports,Cricket Bat,4,1732.05,0.05,91.62,Credit Card,Online,False,6581.79,2025-10
ORD12113,2024-06-16,CUST1357,Customer_1357,South,Electronics,Tablet,2,44557.61,0.0,0.0,Credit Card,Retail Store,False,89115.22,2024-06
ORD11610,2024-05-05,CUST1063,Customer_1063,West,Sports,Cricket Bat,3,2488.03,0.0,0.0,Net Banking,Retail Store,False,7464.09,2024-05
ORD11643,2025-07-17,CUST1003,Customer_1003,West,Home & Kitchen,Cookware Set,4,3238.73,0.2,0.0,Net Banking,Retail Store,False,10363.936000000002,2025-07
ORD11219,2024-11-12,CUST1225,Customer_1225,East,Beauty,Shampoo,3,706.0,0.05,69.94,Upi,Online,False,2012.1,2024-11
ORD10357,2025-12-10,CUST1240,Customer_1240,West,Sports,Yoga Mat,4,1746.86,0.0,0.0,Debit Card,Retail Store,False,6987.44,2025-12
ORD12890,2025-10-03,CUST1323,Customer_1323,West,Clothing,Dress,3,563.24,0.05,0.0,Cash On Delivery,Retail Store,False,1605.234,2025-10
ORD10530,2025-02-24,CUST1181,Customer_1181,West,Electronics,Headphones,3,12390.23,0.0,153.89,Credit Card,Online,False,37170.69,2025-02
ORD13879,2025-10-09,CUST1054,Customer_1054,South,Beauty,Face Cream,3,2004.77,0.0,24.48,Upi,Online,False,6014.3099999999995,2025-10
ORD14912,2025-06-09,CUST1386,Customer_1386,East,Clothing,T-Shirt,4,1480.83,0.1,0.0,Net Banking,Retail Store,False,5330.988,2025-06
ORD11093,2024-05-02,CUST1166,Customer_1166,North,Sports,Yoga Mat,1,2131.46,0.05,153.85,Debit Card,Online,False,2024.887,2024-05
ORD11765,2024-11-25,CUST1186,Customer_1186,West,Sports,Cycling Helmet,4,3984.02,0.2,0.0,Upi,Retail Store,False,12748.864000000001,2024-11
ORD13913,2025-06-06,CUST1102,Customer_1102,North,Home & Kitchen,Vacuum Cleaner,2,1834.33,0.15,0.0,Net Banking,Retail Store,False,3118.361,2025-06
ORD10985,2024-06-02,CUST1292,Customer_1292,North,Clothing,Shoes,4,2082.91,0.0,18.02,Debit Card,Online,False,8331.64,2024-06
ORD12800,2025-10-14,CUST1253,Customer_1253,West,Home & Kitchen,Vacuum Cleaner,1,6256.1,0.25,95.24,Net Banking,Online,False,4692.075000000001,2025-10
ORD12213,2024-08-22,CUST1145,Customer_1145,North,Beauty,Perfume,5,2155.1,0.0,0.0,Credit Card,Retail Store,False,10775.5,2024-08
ORD13443,2024-07-31,CUST1204,Customer_1204,South,Clothing,Jacket,2,435.01,0.1,0.0,Cash On Delivery,Retail Store,False,783.018,2024-07
ORD12544,2025-02-01,CUST1185,Customer_1185,North,Electronics,Headphones,2,46459.48,0.1,19.54,Debit Card,Online,False,83627.06400000001,2025-02
ORD13043,2024-09-23,CUST1022,Customer_1022,North,Home & Kitchen,Bedsheet,1,6825.15,0.15,192.28,Upi,Online,False,5801.3775,2024-09
ORD12742,2025-05-10,CUST1344,Customer_1344,East,Electronics,Headphones,4,27663.41,0.15,78.49,Credit Card,Online,False,94055.594,2025-05
ORD14337,2025-12-12,CUST1311,Customer_1311,West,Beauty,Perfume,3,1096.55,0.0,0.0,Net Banking,Retail Store,False,3289.6499999999996,2025-12
ORD14299,2025-10-10,CUST1165,Customer_1165,East,Beauty,Face Cream,2,880.49,0.0,64.08,Upi,Online,False,1760.98,2025-10
ORD11288,2024-01-23,CUST1104,Customer_1104,North,Home & Kitchen,Cookware Set,5,4111.83,0.15,27.8,Net Banking,Online,False,17475.2775,2024-01
ORD12581,2025-06-13,CUST1019,Customer_1019,South,Home & Kitchen,Cookware Set,3,4480.37,0.25,182.63,Net Banking,Online,False,10080.8325,2025-06
ORD10137,2025-03-17,CUST1078,Customer_1078,East,Beauty,Shampoo,4,995.81,0.0,17.92,Credit Card,Online,False,3983.24,2025-03
ORD10973,2024-11-29,CUST1179,Customer_1179,South,Beauty,Lipstick,3,468.82,0.0,0.0,Net Banking,Retail Store,False,1406.46,2024-11
ORD11648,2025-10-27,CUST1141,Customer_1141,South,Sports,Running Shoes,5,2724.29,0.15,81.15,Upi,Online,False,11578.2325,2025-10
ORD10615,2024-12-29,CUST1217,Customer_1217,West,Clothing,T-Shirt,3,329.75,0.0,0.0,Cash On Delivery,Retail Store,False,989.25,2024-12
ORD13597,2025-05-19,CUST1355,Customer_1355,South,Sports,Yoga Mat,4,3621.63,0.2,0.0,Credit Card,Retail Store,False,11589.216,2025-05
ORD13371,2025-09-23,CUST1339,Customer_1339,West,Beauty,Shampoo,5,593.5,0.1,0.0,Net Banking,Retail Store,False,2670.75,2025-09
ORD11858,2024-09-28,CUST1029,Customer_1029,North,Clothing,Jeans,1,1897.57,0.0,0.0,Debit Card,Retail Store,False,1897.57,2024-09
ORD14349,2025-04-01,CUST1213,Customer_1213,South,Home & Kitchen,Cookware Set,1,4758.9,0.0,0.0,Credit Card,Retail Store,False,4758.9,2025-04
ORD14936,2025-02-17,CUST1352,Customer_1352,East,Sports,Yoga Mat,5,2451.54,0.1,0.0,Debit Card,Retail Store,False,11031.93,2025-02
ORD11711,2025-01-28,CUST1036,Customer_1036,West,Sports,Cycling Helmet,2,2626.76,0.25,37.92,Credit Card,Online,False,3940.1400000000003,2025-01
ORD14920,2025-03-09,CUST1259,Customer_1259,West,Clothing,T-Shirt,5,478.62,0.0,0.0,Net Banking,Retail Store,False,2393.1,2025-03
ORD14572,2025-06-04,CUST1046,Customer_1046,West,Beauty,Sunscreen,4,1042.26,0.15,167.45,Debit Card,Online,False,3543.6839999999997,2025-06
ORD14703,2025-02-22,CUST1343,Customer_1343,West,Beauty,Face Cream,3,413.67,0.0,24.23,Credit Card,Online,False,1241.01,2025-02
ORD12294,2025-08-27,CUST1038,Customer_1038,East,Home & Kitchen,Lamp,4,4480.37,0.0,0.0,Credit Card,Retail Store,False,17921.48,2025-08
ORD11366,2024-02-06,CUST1235,Customer_1235,East,Clothing,Jeans,4,2853.77,0.0,0.0,Upi,Retail Store,False,11415.08,2024-02
ORD10414,2025-10-05,CUST1348,Customer_1348,North,Electronics,Smartwatch,3,57146.36,0.25,131.23,Upi,Online,False,128579.31000000001,2025-10
ORD12740,2024-12-21,CUST1031,Customer_1031,South,Sports,Dumbbells,2,3776.23,0.1,39.86,Net Banking,Online,False,6797.214,2024-12
ORD13180,2025-06-21,CUST1307,Customer_1307,West,Beauty,Lipstick,4,186.83,0.1,167.57,Cash On Delivery,Online,False,672.5880000000001,2025-06
ORD12282,2024-12-05,CUST1216,Customer_1216,West,Home & Kitchen,Cookware Set,5,7623.88,0.0,151.77,Upi,Online,False,38119.4,2024-12
ORD13507,2025-10-10,CUST1191,Customer_1191,West,Beauty,Sunscreen,3,2017.93,0.15,0.0,Net Banking,Retail Store,False,5145.7215,2025-10
ORD11040,2024-10-15,CUST1342,Customer_1342,West,Beauty,Lipstick,3,852.86,0.05,0.0,Net Banking,Retail Store,False,2430.651,2024-10
ORD14505,2025-10-03,CUST1339,Customer_1339,North,Sports,Cycling Helmet,5,1769.89,0.05,0.0,Credit Card,Retail Store,False,8406.9775,2025-10
ORD14418,2025-05-15,CUST1303,Customer_1303,North,Home & Kitchen,Blender,3,2762.33,0.05,0.0,Credit Card,Retail Store,False,7872.6404999999995,2025-05
ORD10508,2025-02-01,CUST1174,Customer_1174,South,Sports,Dumbbells,1,2140.47,0.05,103.95,Upi,Online,False,2033.4464999999998,2025-02
ORD13500,2024-09-20,CUST1054,Customer_1054,East,Beauty,Sunscreen,4,1581.76,0.0,0.0,Upi,Retail Store,False,6327.04,2024-09
ORD11781,2025-06-09,CUST1095,Customer_1095,West,Sports,Running Shoes,5,2073.32,0.15,0.0,Upi,Retail Store,False,8811.61,2025-06
ORD14152,2025-03-01,CUST1385,Customer_1385,East,Sports,Running Shoes,2,3418.35,0.0,0.0,Credit Card,Retail Store,False,6836.7,2025-03
ORD14537,2024-04-07,CUST1093,Customer_1093,North,Beauty,Face Cream,1,2167.32,0.2,0.0,Upi,Retail Store,False,1733.8560000000002,2024-04
ORD12535,2024-01-18,CUST1197,Customer_1197,West,Home & Kitchen,Bedsheet,4,5645.29,0.25,0.0,Debit Card,Retail Store,False,16935.87,2024-01
ORD13490,2024-08-11,CUST1206,Customer_1206,West,Home & Kitchen,Cookware Set,1,3972.77,0.15,0.0,Net Banking,Retail Store,False,3376.8545,2024-08
ORD10543,2025-10-02,CUST1177,Customer_1177,South,Sports,Cricket Bat,3,3824.3,0.0,0.0,Debit Card,Retail Store,False,11472.900000000001,2025-10
ORD14637,2025-02-10,CUST1043,Customer_1043,South,Sports,Cycling Helmet,4,2334.98,0.1,141.3,Upi,Online,False,8405.928,2025-02
ORD13588,2024-06-18,CUST1196,Customer_1196,South,Home & Kitchen,Lamp,3,2370.52,0.0,0.0,Upi,Retail Store,False,7111.5599999999995,2024-06
ORD13882,2025-08-12,CUST1145,Customer_1145,South,Sports,Cycling Helmet,4,3148.65,0.0,17.28,Net Banking,Online,False,12594.6,2025-08
ORD14008,2025-09-12,CUST1108,Customer_1108,East,Clothing,Jacket,4,2085.22,0.2,7.96,Debit Card,Online,False,6672.704,2025-09
ORD11402,2024-06-12,CUST1126,Customer_1126,West,Sports,Yoga Mat,5,3148.65,0.15,0.0,Upi,Retail Store,False,13381.762499999999,2024-06
ORD14124,2025-12-25,CUST1276,Customer_1276,West,Sports,Running Shoes,4,2739.02,0.25,0.0,Unknown,Retail Store,False,8217.06,2025-12
ORD12874,2024-09-28,CUST1322,Customer_1322,East,Clothing,T-Shirt,5,596.74,0.1,0.0,Debit Card,Retail Store,False,2685.33,2024-09
ORD12136,2025-04-01,CUST1323,Customer_1323,South,Beauty,Face Cream,4,1037.41,0.05,103.77,Debit Card,Online,False,3942.158,2025-04
ORD10180,2025-08-12,CUST1392,Customer_1392,East,Sports,Dumbbells,2,713.09,0.05,35.22,Upi,Online,False,1354.871,2025-08
ORD12784,2025-12-17,CUST1003,Customer_1003,East,Sports,Cricket Bat,2,2895.43,0.1,0.0,Cash On Delivery,Retail Store,False,5211.773999999999,2025-12
ORD13496,2025-02-13,CUST1003,Customer_1003,West,Electronics,Smartwatch,5,9602.76,0.0,41.68,Net Banking,Online,False,48013.8,2025-02
ORD12300,2024-06-23,CUST1227,Customer_1227,South,Beauty,Perfume,5,2172.46,0.2,36.26,Upi,Online,False,8689.84,2024-06
ORD11322,2025-07-28,CUST1370,Customer_1370,East,Home & Kitchen,Cookware Set,1,4480.37,0.15,37.29,Cash On Delivery,Online,False,3808.3145,2025-07
ORD12555,2024-12-30,CUST1024,Customer_1024,North,Sports,Cricket Bat,3,1787.75,0.0,102.93,Net Banking,Online,False,5363.25,2024-12
ORD14117,2024-01-22,CUST1321,Customer_1321,West,Sports,Yoga Mat,2,3045.55,0.2,0.0,Credit Card,Retail Store,False,4872.88,2024-01
ORD10539,2025-07-27,CUST1050,Customer_1050,South,Electronics,Tablet,5,43933.01,0.1,182.17,Cash On Delivery,Online,False,197698.545,2025-07
ORD10289,2024-05-31,CUST1357,Customer_1357,South,Clothing,Jeans,1,2921.81,0.2,109.63,Cash On Delivery,Online,False,2337.448,2024-05
ORD10975,2024-11-30,CUST1014,Customer_1014,South,Home & Kitchen,Cookware Set,2,2105.74,0.2,110.63,Upi,Online,False,3369.1839999999997,2024-11
ORD13564,2025-04-22,CUST1056,Customer_1056,West,Clothing,Shoes,2,1533.79,0.25,0.0,Net Banking,Retail Store,False,2300.685,2025-04
ORD14274,2025-12-01,CUST1357,Customer_1357,West,Beauty,Shampoo,1,1940.63,0.2,0.0,Net Banking,Retail Store,False,1552.5040000000001,2025-12
ORD10041,2025-09-16,CUST1213,Customer_1213,South,Sports,Cycling Helmet,5,5944.18,0.0,52.93,Debit Card,Online,False,29720.9,2025-09
ORD14355,2024-05-05,CUST1004,Customer_1004,South,Electronics,Laptop,2,41433.5,0.2,0.0,Cash On Delivery,Retail Store,False,66293.6,2024-05
ORD12702,2024-03-14,CUST1066,Customer_1066,East,Home & Kitchen,Vacuum Cleaner,1,6128.26,0.1,0.0,Cash On Delivery,Retail Store,False,5515.434,2024-03
ORD13074,2024-03-18,CUST1154,Customer_1154,East,Clothing,T-Shirt,5,2991.38,0.05,171.77,Upi,Online,False,14209.055,2024-03
ORD13551,2025-08-24,CUST1184,Customer_1184,North,Electronics,Tablet,3,39178.32,0.1,0.0,Credit Card,Retail Store,False,105781.46399999999,2025-08
ORD13897,2024-09-11,CUST1132,Customer_1132,East,Clothing,Jacket,2,933.16,0.1,0.0,Net Banking,Retail Store,False,1679.6879999999999,2024-09
ORD12903,2024-12-13,CUST1092,Customer_1092,North,Sports,Yoga Mat,4,2705.73,0.15,56.76,Debit Card,Online,False,9199.482,2024-12
ORD14104,2024-04-03,CUST1380,Customer_1380,West,Sports,Yoga Mat,5,1498.46,0.0,74.3,Credit Card,Online,False,7492.3,2024-04
ORD10876,2025-03-03,CUST1368,Customer_1368,West,Sports,Cycling Helmet,3,3911.44,0.25,89.85,Upi,Online,False,8800.74,2025-03
ORD11391,2025-08-26,CUST1374,Customer_1374,West,Electronics,Laptop,4,50023.33,0.25,174.97,Credit Card,Online,False,150069.99,2025-08
ORD10506,2025-11-17,CUST1087,Customer_1087,East,Electronics,Headphones,4,3209.47,0.25,0.0,Net Banking,Retail Store,False,9628.41,2025-11
ORD13632,2024-07-01,CUST1398,Customer_1398,West,Electronics,Smartphone,3,42942.76,0.2,0.0,Net Banking,Retail Store,False,103062.62400000001,2024-07
ORD11014,2025-07-13,CUST1205,Customer_1205,North,Electronics,Smartwatch,4,55984.44,0.1,0.0,Cash On Delivery,Retail Store,False,201543.98400000003,2025-07
ORD10387,2025-07-24,CUST1276,Customer_1276,North,Sports,Yoga Mat,1,2878.31,0.0,0.0,Debit Card,Retail Store,False,2878.31,2025-07
ORD12497,2024-06-29,CUST1158,Customer_1158,West,Home & Kitchen,Vacuum Cleaner,5,5798.61,0.2,0.0,Net Banking,Retail Store,False,23194.440000000002,2024-06
ORD10307,2025-09-07,CUST1006,Customer_1006,West,Beauty,Lipstick,4,1533.83,0.0,0.0,Net Banking,Retail Store,False,6135.32,2025-09
ORD11336,2024-09-05,CUST1099,Customer_1099,West,Home & Kitchen,Bedsheet,4,4602.04,0.0,108.41,Cash On Delivery,Online,False,18408.16,2024-09
ORD11863,2025-07-08,CUST1173,Customer_1173,South,Beauty,Shampoo,-5,2160.58,0.0,76.95,Net Banking,Online,True,-10802.9,2025-07
ORD14417,2024-10-22,CUST1082,Customer_1082,South,Clothing,Jeans,4,2292.09,0.05,0.0,Cash On Delivery,Retail Store,False,8709.942000000001,2024-10
ORD14654,2025-10-01,CUST1297,Customer_1297,North,Beauty,Face Cream,2,2088.0,0.1,87.15,Upi,Online,False,3758.4,2025-10
ORD11255,2025-04-08,CUST1293,Customer_1293,South,Electronics,Smartwatch,2,4293.84,0.2,0.0,Debit Card,Retail Store,False,6870.144,2025-04
ORD13622,2025-01-21,CUST1325,Customer_1325,West,Sports,Cycling Helmet,4,1969.78,0.25,43.95,Upi,Online,False,5909.34,2025-01
ORD10340,2024-07-01,CUST1393,Customer_1393,West,Beauty,Perfume,3,931.74,0.1,0.0,Debit Card,Retail Store,False,2515.6980000000003,2024-07
ORD11801,2024-04-26,CUST1244,Customer_1244,North,Sports,Cricket Bat,1,445.7,0.0,0.0,Debit Card,Retail Store,False,445.7,2024-04
ORD14715,2024-11-23,CUST1273,Customer_1273,West,Electronics,Smartwatch,4,32098.49,0.05,0.0,Debit Card,Retail Store,False,121974.262,2024-11
ORD13491,2024-11-08,CUST1387,Customer_1387,East,Sports,Dumbbells,4,3045.47,0.0,96.54,Upi,Online,False,12181.88,2024-11
ORD14476,2025-04-12,CUST1361,Customer_1361,West,Clothing,Shoes,1,2299.14,0.15,151.72,Debit Card,Online,False,1954.2689999999998,2025-04
ORD12966,2025-04-12,CUST1054,Customer_1054,North,Sports,Cycling Helmet,4,5748.55,0.15,193.04,Credit Card,Online,False,19545.07,2025-04
ORD14041,2024-02-08,CUST1386,Customer_1386,North,Beauty,Sunscreen,4,1973.1,0.1,114.33,Debit Card,Online,False,7103.16,2024-02
ORD10747,2024-09-05,CUST1029,Customer_1029,West,Electronics,Laptop,3,38955.53,0.25,0.0,Net Banking,Retail Store,False,87649.9425,2024-09
ORD12772,2025-02-25,CUST1346,Customer_1346,South,Sports,Cycling Helmet,5,5968.29,0.1,0.0,Upi,Retail Store,False,26857.305,2025-02
ORD13678,2024-07-03,CUST1065,Customer_1065,East,Clothing,Dress,1,720.8,0.2,95.52,Net Banking,Online,False,576.64,2024-07
ORD12053,2024-10-13,CUST1100,Customer_1100,West,Electronics,Tablet,5,47970.39,0.0,88.74,Credit Card,Online,False,239851.95,2024-10
ORD11503,2025-09-10,CUST1253,Customer_1253,South,Clothing,Dress,2,1241.12,0.0,64.84,Net Banking,Online,False,2482.24,2025-09
ORD14235,2025-09-02,CUST1305,Customer_1305,West,Home & Kitchen,Blender,4,2471.34,0.2,159.99,Debit Card,Online,False,7908.2880000000005,2025-09
ORD12804,2025-03-05,CUST1149,Customer_1149,East,Sports,Running Shoes,1,4244.79,0.25,87.82,Cash On Delivery,Online,False,3183.5924999999997,2025-03
ORD11780,2024-05-13,CUST1333,Customer_1333,West,Beauty,Face Cream,5,2204.69,0.0,98.31,Net Banking,Online,False,11023.45,2024-05
ORD10765,2024-04-29,CUST1085,Customer_1085,South,Electronics,Smartwatch,2,59844.5,0.25,73.14,Upi,Online,False,89766.75,2024-04
ORD10925,2024-04-21,CUST1348,Customer_1348,West,Clothing,Shoes,3,2691.89,0.1,0.0,Debit Card,Retail Store,False,7268.103,2024-04
ORD10856,2025-04-05,CUST1152,Customer_1152,East,Electronics,Tablet,4,19021.8,0.1,0.0,Upi,Retail Store,False,68478.48,2025-04
ORD14965,2024-12-13,CUST1169,Customer_1169,East,Clothing,Jacket,4,2317.35,0.2,63.66,Cash On Delivery,Online,False,7415.52,2024-12
ORD11270,2024-06-21,CUST1200,Customer_1200,North,Clothing,Dress,2,323.28,0.2,110.49,Cash On Delivery,Online,False,517.2479999999999,2024-06
ORD14399,2025-08-23,CUST1238,Customer_1238,East,Clothing,Jeans,3,2658.7,0.0,0.0,Debit Card,Retail Store,False,7976.099999999999,2025-08
ORD13241,2024-02-14,CUST1242,Customer_1242,South,Beauty,Lipstick,5,2108.22,0.0,0.0,Cash On Delivery,Retail Store,False,10541.099999999999,2024-02
ORD11114,2025-09-14,CUST1385,Customer_1385,North,Home & Kitchen,Vacuum Cleaner,2,7225.16,0.05,0.0,Upi,Retail Store,False,13727.803999999998,2025-09
ORD14814,2024-06-13,CUST1213,Customer_1213,South,Electronics,Smartwatch,4,38307.73,0.0,0.0,Upi,Retail Store,False,153230.92,2024-06
ORD12351,2025-01-06,CUST1379,Customer_1379,Unknown,Beauty,Lipstick,1,490.3,0.05,41.9,Upi,Online,False,465.78499999999997,2025-01
ORD10751,2025-10-16,CUST1399,Customer_1399,West,Clothing,Shoes,1,2297.62,0.0,0.0,Debit Card,Retail Store,False,2297.62,2025-10
ORD14254,2024-01-22,CUST1340,Customer_1340,South,Electronics,Smartwatch,1,43644.03,0.0,0.0,Upi,Retail Store,False,43644.03,2024-01
ORD13396,2025-12-31,CUST1348,Customer_1348,South,Sports,Dumbbells,5,2198.15,0.1,0.0,Unknown,Retail Store,False,9891.675000000001,2025-12
ORD10151,2025-07-16,CUST1085,Customer_1085,South,Electronics,Tablet,1,14400.98,0.25,0.0,Upi,Retail Store,False,10800.735,2025-07
ORD11032,2024-09-03,CUST1352,Customer_1352,South,Electronics,Smartwatch,5,27844.68,0.15,0.0,Debit Card,Retail Store,False,118339.88999999998,2024-09
ORD13264,2025-08-16,CUST1188,Customer_1188,East,Electronics,Laptop,5,44045.17,0.05,19.59,Cash On Delivery,Online,False,209214.55749999997,2025-08
ORD10346,2025-10-31,CUST1060,Customer_1060,North,Clothing,Dress,4,1748.72,0.25,2.87,Debit Card,Online,False,5246.16,2025-10
ORD14733,2024-09-15,CUST1331,Customer_1331,North,Sports,Yoga Mat,1,423.83,0.25,50.83,Debit Card,Online,False,317.8725,2024-09
ORD11670,2024-11-17,CUST1010,Customer_1010,Unknown,Home & Kitchen,Cookware Set,3,1012.86,0.25,0.0,Cash On Delivery,Retail Store,False,2278.935,2024-11
ORD10706,2024-06-22,CUST1371,Customer_1371,South,Electronics,Laptop,4,31426.24,0.0,159.11,Debit Card,Online,False,125704.96,2024-06
ORD14741,2025-04-08,CUST1269,Customer_1269,South,Home & Kitchen,Blender,4,1438.74,0.25,0.0,Credit Card,Retail Store,False,4316.22,2025-04
ORD14576,2024-01-26,CUST1028,Customer_1028,West,Sports,Running Shoes,3,3662.66,0.1,0.0,Upi,Retail Store,False,9889.182,2024-01
ORD13716,2025-10-14,CUST1286,Customer_1286,West,Clothing,Shoes,4,2447.57,0.2,0.0,Upi,Retail Store,False,7832.224000000001,2025-10
ORD11400,2024-10-10,CUST1219,Customer_1219,South,Clothing,Jacket,2,1875.03,0.05,0.0,Debit Card,Retail Store,False,3562.557,2024-10
ORD11017,2024-04-26,CUST1314,Customer_1314,South,Clothing,Dress,2,1589.94,0.15,45.41,Cash On Delivery,Online,False,2702.898,2024-04
ORD13027,2024-09-15,CUST1271,Customer_1271,South,Sports,Yoga Mat,3,1918.16,0.15,173.54,Credit Card,Online,False,4891.308,2024-09
ORD11649,2025-07-09,CUST1348,Customer_1348,West,Sports,Running Shoes,3,3393.5,0.1,114.57,Debit Card,Online,False,9162.45,2025-07
ORD12240,2024-11-15,CUST1001,Customer_1001,North,Electronics,Headphones,3,27506.92,0.2,0.0,Cash On Delivery,Retail Store,False,66016.608,2024-11
ORD14233,2025-11-07,CUST1157,Customer_1157,East,Home & Kitchen,Vacuum Cleaner,3,7479.61,0.05,91.96,Cash On Delivery,Online,False,21316.888499999997,2025-11
ORD11502,2024-07-06,CUST1180,Customer_1180,South,Sports,Yoga Mat,3,1234.33,0.2,104.71,Credit Card,Online,False,2962.392,2024-07
ORD10087,2024-12-31,CUST1034,Customer_1034,South,Sports,Cycling Helmet,5,2566.54,0.0,154.3,Debit Card,Online,False,12832.7,2024-12
ORD10521,2025-06-28,CUST1288,Customer_1288,East,Sports,Cycling Helmet,2,3780.2,0.0,0.0,Credit Card,Retail Store,False,7560.4,2025-06
ORD14617,2024-08-27,CUST1275,Customer_1275,South,Home & Kitchen,Lamp,5,6015.63,0.2,132.5,Upi,Online,False,24062.520000000004,2024-08
ORD11556,2025-09-07,CUST1100,Customer_1100,West,Home & Kitchen,Bedsheet,3,6273.35,0.2,0.0,Credit Card,Retail Store,False,15056.040000000003,2025-09
ORD14179,2025-05-14,CUST1389,Customer_1389,East,Electronics,Headphones,3,50377.71,0.0,0.0,Debit Card,Retail Store,False,151133.13,2025-05
ORD13076,2024-12-29,CUST1351,Customer_1351,West,Clothing,Jacket,5,2524.45,0.2,199.7,Upi,Online,False,10097.800000000001,2024-12
ORD13479,2025-06-30,CUST1154,Customer_1154,North,Home & Kitchen,Vacuum Cleaner,5,6173.58,0.2,49.36,Cash On Delivery,Online,False,24694.320000000003,2025-06
ORD14724,2025-08-09,CUST1374,Customer_1374,Unknown,Clothing,Shoes,3,1139.31,0.1,0.0,Credit Card,Retail Store,False,3076.1369999999997,2025-08
ORD11201,2025-04-30,CUST1092,Customer_1092,East,Clothing,Dress,3,2277.93,0.25,41.65,Net Banking,Online,False,5125.342499999999,2025-04
ORD12135,2024-06-21,CUST1378,Customer_1378,North,Clothing,T-Shirt,1,977.68,0.2,0.0,Credit Card,Retail Store,False,782.144,2024-06
ORD14013,2025-05-16,CUST1018,Customer_1018,North,Sports,Dumbbells,3,2149.62,0.25,0.0,Upi,Retail Store,False,4836.6449999999995,2025-05
ORD12463,2024-03-02,CUST1139,Customer_1139,West,Sports,Dumbbells,2,5529.52,0.2,84.47,Credit Card,Online,False,8847.232000000002,2024-03
ORD14735,2024-07-16,CUST1260,Customer_1260,East,Home & Kitchen,Lamp,1,4327.56,0.1,102.28,Credit Card,Online,False,3894.8040000000005,2024-07
ORD14553,2024-01-21,CUST1192,Customer_1192,North,Sports,Cycling Helmet,4,2484.03,0.05,0.0,Debit Card,Retail Store,False,9439.314,2024-01
ORD14988,2025-05-22,CUST1056,Customer_1056,North,Sports,Yoga Mat,1,1196.64,0.15,0.0,Debit Card,Retail Store,False,1017.144,2025-05
ORD13152,2024-05-26,CUST1296,Customer_1296,South,Sports,Yoga Mat,1,5972.17,0.2,14.63,Credit Card,Online,False,4777.736,2024-05
ORD11142,2025-11-05,CUST1266,Customer_1266,East,Home & Kitchen,Lamp,4,6313.03,0.1,35.81,Cash On Delivery,Online,False,22726.908,2025-11
ORD14539,2024-09-10,CUST1388,Customer_1388,South,Sports,Cycling Helmet,1,4453.81,0.0,0.0,Debit Card,Retail Store,False,4453.81,2024-09
ORD10010,2025-06-10,CUST1173,Customer_1173,West,Electronics,Tablet,5,14382.72,0.0,144.67,Debit Card,Online,False,71913.59999999999,2025-06
ORD13645,2025-07-23,CUST1082,Customer_1082,West,Sports,Yoga Mat,1,4865.15,0.0,0.0,Credit Card,Retail Store,False,4865.15,2025-07
ORD14989,2025-05-09,CUST1137,Customer_1137,East,Electronics,Laptop,5,11931.82,0.1,0.0,Cash On Delivery,Retail Store,False,53693.19,2025-05
ORD13286,2025-11-04,CUST1014,Customer_1014,West,Electronics,Laptop,5,55225.64,0.0,43.68,Debit Card,Online,False,276128.2,2025-11
ORD14871,2024-05-03,CUST1165,Customer_1165,North,Home & Kitchen,Bedsheet,3,7361.56,0.0,0.0,Cash On Delivery,Retail Store,False,22084.68,2024-05
ORD12296,2024-11-03,CUST1114,Customer_1114,East,Clothing,Jacket,2,1953.66,0.2,0.0,Cash On Delivery,Retail Store,False,3125.856,2024-11
ORD13473,2025-07-07,CUST1320,Customer_1320,South,Clothing,Jacket,4,2551.93,0.1,77.4,Net Banking,Online,False,9186.948,2025-07
ORD11845,2024-09-26,CUST1015,Customer_1015,East,Home & Kitchen,Cookware Set,2,7931.08,0.05,127.13,Net Banking,Online,False,15069.052,2024-09
ORD12099,2025-09-09,CUST1344,Customer_1344,Unknown,Home & Kitchen,Bedsheet,4,6539.46,0.05,131.85,Net Banking,Online,False,24849.948,2025-09
ORD10569,2025-11-16,CUST1388,Customer_1388,East,Beauty,Perfume,3,851.09,0.05,178.99,Credit Card,Online,False,2425.6065,2025-11
ORD13017,2025-07-10,CUST1381,Customer_1381,East,Sports,Cycling Helmet,4,5783.45,0.05,0.0,Upi,Retail Store,False,21977.109999999997,2025-07
ORD14283,2025-12-10,CUST1094,Customer_1094,East,Clothing,Jeans,4,566.87,0.25,24.02,Debit Card,Online,False,1700.6100000000001,2025-12
ORD12276,2025-08-29,CUST1090,Customer_1090,East,Sports,Cricket Bat,2,2680.89,0.25,0.0,Cash On Delivery,Retail Store,False,4021.335,2025-08
ORD11408,2024-01-12,CUST1359,Customer_1359,North,Home & Kitchen,Vacuum Cleaner,4,3950.07,0.1,198.7,Net Banking,Online,False,14220.252,2024-01
ORD13889,2025-07-30,CUST1382,Customer_1382,North,Electronics,Headphones,1,45787.56,0.1,139.93,Upi,Online,False,41208.804,2025-07
ORD14695,2024-05-01,CUST1335,Customer_1335,West,Sports,Cricket Bat,3,1755.63,0.2,59.61,Net Banking,Online,False,4213.512000000001,2024-05
ORD13290,2025-09-12,CUST1347,Customer_1347,East,Beauty,Lipstick,1,431.53,0.25,175.86,Upi,Online,False,323.6475,2025-09
ORD14229,2024-02-23,CUST1103,Customer_1103,North,Beauty,Shampoo,3,426.34,0.25,0.0,Upi,Retail Store,False,959.265,2024-02
ORD13308,2024-03-25,CUST1368,Customer_1368,East,Sports,Dumbbells,1,1390.01,0.0,0.0,Debit Card,Retail Store,False,1390.01,2024-03
ORD11332,2024-07-20,CUST1071,Customer_1071,South,Home & Kitchen,Bedsheet,4,5302.6,0.0,0.0,Upi,Retail Store,False,21210.4,2024-07
ORD12443,2025-10-27,CUST1141,Customer_1141,West,Home & Kitchen,Blender,5,2511.74,0.05,127.2,Credit Card,Online,False,11930.764999999998,2025-10
ORD12768,2025-08-14,CUST1252,Customer_1252,West,Home & Kitchen,Cookware Set,2,7893.14,0.0,119.26,Unknown,Online,False,15786.28,2025-08
ORD10688,2024-09-24,CUST1096,Customer_1096,East,Electronics,Smartphone,3,31539.56,0.0,79.64,Debit Card,Online,False,94618.68000000001,2024-09
ORD10822,2025-06-16,CUST1276,Customer_1276,North,Clothing,Dress,2,2526.65,0.0,147.94,Upi,Online,False,5053.3,2025-06
ORD12390,2024-08-27,CUST1225,Customer_1225,South,Sports,Yoga Mat,2,3879.83,0.0,113.67,Credit Card,Online,False,7759.66,2024-08
ORD13384,2024-08-21,CUST1018,Customer_1018,South,Electronics,Smartphone,5,16683.97,0.2,1.58,Credit Card,Online,False,66735.88,2024-08
ORD12938,2024-05-11,CUST1089,Customer_1089,North,Sports,Running Shoes,2,5780.84,0.1,0.0,Net Banking,Retail Store,False,10405.512,2024-05
ORD11677,2024-04-15,CUST1144,Customer_1144,South,Electronics,Smartwatch,5,43879.16,0.15,82.33,Upi,Online,False,186486.43000000002,2024-04
ORD11149,2025-12-26,CUST1078,Customer_1078,North,Electronics,Tablet,5,14592.64,0.15,0.0,Cash On Delivery,Retail Store,False,62018.719999999994,2025-12
ORD14771,2025-11-17,CUST1301,Customer_1301,Unknown,Beauty,Shampoo,5,1561.65,0.15,6.39,Debit Card,Online,False,6637.0125,2025-11
ORD14864,2024-07-30,CUST1209,Customer_1209,North,Home & Kitchen,Vacuum Cleaner,2,2175.0,0.25,124.83,Credit Card,Online,False,3262.5,2024-07
ORD13634,2025-12-11,CUST1112,Customer_1112,East,Sports,Dumbbells,4,4237.33,0.05,0.0,Net Banking,Retail Store,False,16101.854,2025-12
ORD13039,2025-03-12,CUST1298,Customer_1298,North,Home & Kitchen,Vacuum Cleaner,5,3377.45,0.2,0.0,Net Banking,Retail Store,False,13509.800000000001,2025-03
ORD12114,2025-02-14,CUST1239,Customer_1239,South,Sports,Cricket Bat,3,4205.95,0.0,0.0,Credit Card,Retail Store,False,12617.849999999999,2025-02
ORD13530,2025-09-07,CUST1030,Customer_1030,North,Clothing,Shoes,3,804.36,0.0,179.34,Cash On Delivery,Online,False,2413.08,2025-09
ORD12916,2024-07-08,CUST1384,Customer_1384,South,Sports,Cycling Helmet,4,5136.88,0.15,0.0,Upi,Retail Store,False,17465.392,2024-07
ORD13765,2024-10-01,CUST1006,Customer_1006,East,Sports,Cycling Helmet,4,5626.12,0.1,0.0,Unknown,Retail Store,False,20254.032,2024-10
ORD13599,2025-07-01,CUST1009,Customer_1009,Unknown,Beauty,Sunscreen,5,339.13,0.25,111.9,Net Banking,Online,False,1271.7375000000002,2025-07
ORD10733,2024-06-27,CUST1079,Customer_1079,East,Clothing,Shoes,1,2639.13,0.0,0.0,Debit Card,Retail Store,False,2639.13,2024-06
ORD13786,2024-03-05,CUST1246,Customer_1246,West,Beauty,Sunscreen,4,2343.5,0.25,0.0,Net Banking,Retail Store,False,7030.5,2024-03
ORD10917,2025-02-21,CUST1391,Customer_1391,North,Clothing,Dress,1,2117.1,0.1,0.0,Debit Card,Retail Store,False,1905.3899999999999,2025-02
ORD13120,2024-03-05,CUST1256,Customer_1256,North,Sports,Yoga Mat,2,5456.19,0.0,0.0,Net Banking,Retail Store,False,10912.38,2024-03
ORD13646,2024-04-30,CUST1056,Customer_1056,North,Beauty,Shampoo,3,1765.86,0.25,0.0,Upi,Retail Store,False,3973.185,2024-04
ORD12612,2025-08-29,CUST1343,Customer_1343,West,Home & Kitchen,Vacuum Cleaner,4,5126.17,0.15,0.0,Debit Card,Retail Store,False,17428.978,2025-08
ORD10559,2024-07-11,CUST1053,Customer_1053,North,Electronics,Laptop,5,21125.09,0.1,0.0,Debit Card,Retail Store,False,95062.905,2024-07
ORD13804,2024-01-20,CUST1029,Customer_1029,West,Sports,Running Shoes,1,1390.23,0.0,0.0,Credit Card,Retail Store,False,1390.23,2024-01
ORD10707,2024-12-04,CUST1107,Customer_1107,North,Home & Kitchen,Blender,3,4186.83,0.25,0.0,Net Banking,Retail Store,False,9420.3675,2024-12
ORD10583,2024-08-13,CUST1062,Customer_1062,East,Clothing,Dress,1,2354.59,0.0,0.0,Upi,Retail Store,False,2354.59,2024-08
ORD11208,2024-09-02,CUST1168,Customer_1168,North,Electronics,Smartphone,-2,2706.34,0.25,24.26,Credit Card,Online,True,-4059.51,2024-09
ORD12470,2025-09-22,CUST1396,Customer_1396,West,Home & Kitchen,Blender,2,2250.38,0.05,0.0,Net Banking,Retail Store,False,4275.722,2025-09
ORD10422,2025-03-22,CUST1044,Customer_1044,West,Clothing,Jeans,1,2179.29,0.05,0.0,Credit Card,Retail Store,False,2070.3255,2025-03
ORD12873,2024-04-14,CUST1153,Customer_1153,West,Beauty,Lipstick,1,2074.42,0.1,171.78,Upi,Online,False,1866.978,2024-04
ORD10875,2025-06-27,CUST1172,Customer_1172,West,Electronics,Headphones,4,58202.53,0.1,90.99,Cash On Delivery,Online,False,209529.108,2025-06
ORD14578,2025-03-15,CUST1095,Customer_1095,West,Electronics,Tablet,5,42367.4,0.1,0.0,Upi,Retail Store,False,190653.30000000002,2025-03
ORD12849,2025-11-16,CUST1236,Customer_1236,West,Beauty,Shampoo,3,227.54,0.0,73.64,Unknown,Online,False,682.62,2025-11
ORD13993,2024-02-06,CUST1304,Customer_1304,North,Home & Kitchen,Blender,2,3167.92,0.25,73.43,Debit Card,Online,False,4751.88,2024-02
ORD13249,2024-08-06,CUST1297,Customer_1297,North,Electronics,Headphones,4,31293.06,0.0,0.0,Upi,Retail Store,False,125172.24,2024-08
ORD11566,2025-06-07,CUST1162,Customer_1162,North,Sports,Dumbbells,4,2912.59,0.2,0.0,Upi,Retail Store,False,9320.288,2025-06
ORD13683,2024-05-14,CUST1020,Customer_1020,South,Beauty,Lipstick,1,1408.09,0.0,100.16,Cash On Delivery,Online,False,1408.09,2024-05
ORD10227,2024-07-26,CUST1121,Customer_1121,Unknown,Sports,Cricket Bat,1,3491.9,0.1,0.0,Debit Card,Retail Store,False,3142.71,2024-07
ORD10826,2025-03-08,CUST1325,Customer_1325,South,Sports,Cycling Helmet,1,3052.15,0.0,75.99,Cash On Delivery,Online,False,3052.15,2025-03
ORD13112,2025-03-19,CUST1215,Customer_1215,North,Home & Kitchen,Bedsheet,3,5460.43,0.15,0.0,Debit Card,Retail Store,False,13924.0965,2025-03
ORD12667,2024-12-18,CUST1328,Customer_1328,West,Beauty,Perfume,1,1743.2,0.25,186.15,Cash On Delivery,Online,False,1307.4,2024-12
ORD12321,2025-10-06,CUST1376,Customer_1376,East,Home & Kitchen,Bedsheet,2,1391.62,0.15,129.58,Credit Card,Online,False,2365.754,2025-10
ORD14387,2025-07-15,CUST1387,Customer_1387,West,Clothing,T-Shirt,2,2883.8,0.0,90.79,Upi,Online,False,5767.6,2025-07
ORD11636,2025-06-03,CUST1230,Customer_1230,North,Home & Kitchen,Vacuum Cleaner,3,6426.87,0.1,121.77,Debit Card,Online,False,17352.549000000003,2025-06
ORD13480,2024-01-11,CUST1246,Customer_1246,West,Beauty,Sunscreen,4,374.04,0.2,61.53,Debit Card,Online,False,1196.928,2024-01
ORD13317,2025-07-10,CUST1225,Customer_1225,East,Clothing,Jeans,5,1704.44,0.05,0.0,Debit Card,Retail Store,False,8096.09,2025-07
ORD12533,2025-08-06,CUST1114,Customer_1114,South,Electronics,Tablet,1,31001.69,0.25,0.0,Cash On Delivery,Retail Store,False,23251.267499999998,2025-08
ORD11190,2025-08-27,CUST1283,Customer_1283,South,Sports,Yoga Mat,1,596.64,0.05,0.0,Net Banking,Retail Store,False,566.808,2025-08
ORD14932,2024-10-25,CUST1184,Customer_1184,South,Clothing,Shoes,1,1358.35,0.0,0.0,Unknown,Retail Store,False,1358.35,2024-10
ORD14023,2024-05-01,CUST1255,Customer_1255,South,Clothing,Dress,1,2786.56,0.1,10.48,Credit Card,Online,False,2507.904,2024-05
ORD11569,2024-09-16,CUST1028,Customer_1028,South,Home & Kitchen,Blender,2,2812.45,0.0,0.0,Debit Card,Retail Store,False,5624.9,2024-09
ORD13312,2025-06-27,CUST1250,Customer_1250,South,Clothing,Dress,3,1668.54,0.1,0.0,Net Banking,Retail Store,False,4505.058,2025-06
ORD12134,2024-02-19,CUST1161,Customer_1161,West,Electronics,Laptop,3,39578.48,0.05,52.02,Net Banking,Online,False,112798.66799999999,2024-02
ORD13573,2024-04-30,CUST1095,Customer_1095,North,Clothing,Jeans,1,2417.06,0.0,0.0,Debit Card,Retail Store,False,2417.06,2024-04
ORD11808,2024-11-19,CUST1193,Customer_1193,West,Clothing,T-Shirt,4,1643.15,0.0,151.94,Credit Card,Online,False,6572.6,2024-11
ORD10825,2025-02-01,CUST1061,Customer_1061,North,Clothing,Jeans,1,621.17,0.15,0.0,Cash On Delivery,Retail Store,False,527.9944999999999,2025-02
ORD13265,2024-09-17,CUST1204,Customer_1204,South,Home & Kitchen,Cookware Set,5,739.92,0.0,130.52,Cash On Delivery,Online,False,3699.6,2024-09
ORD10499,2025-12-21,CUST1003,Customer_1003,West,Clothing,Shoes,1,1428.17,0.0,90.13,Debit Card,Online,False,1428.17,2025-12
ORD14397,2024-01-10,CUST1204,Customer_1204,East,Sports,Cricket Bat,2,3146.08,0.05,0.0,Credit Card,Retail Store,False,5977.552,2024-01
ORD13534,2025-05-31,CUST1091,Customer_1091,North,Sports,Running Shoes,4,1701.49,0.2,0.0,Credit Card,Retail Store,False,5444.768,2025-05
ORD10816,2024-05-03,CUST1330,Customer_1330,North,Clothing,Shoes,3,1668.54,0.05,2.87,Cash On Delivery,Online,False,4755.339,2024-05
ORD11316,2025-06-05,CUST1355,Customer_1355,South,Clothing,Jeans,5,1249.52,0.15,145.78,Net Banking,Online,False,5310.46,2025-06
ORD13053,2025-09-02,CUST1039,Customer_1039,East,Electronics,Smartphone,1,53574.05,0.2,111.1,Debit Card,Online,False,42859.240000000005,2025-09
ORD10509,2024-05-30,CUST1308,Customer_1308,East,Sports,Dumbbells,1,5088.41,0.25,0.0,Credit Card,Retail Store,False,3816.3075,2024-05
ORD10146,2025-04-18,CUST1363,Customer_1363,East,Electronics,Headphones,3,41112.65,0.2,128.1,Debit Card,Online,False,98670.36000000002,2025-04
ORD14270,2024-11-10,CUST1270,Customer_1270,North,Sports,Cycling Helmet,1,3150.31,0.0,0.0,Cash On Delivery,Retail Store,False,3150.31,2024-11
ORD14772,2024-04-20,CUST1055,Customer_1055,North,Home & Kitchen,Blender,1,7439.92,0.0,59.85,Upi,Online,False,7439.92,2024-04
ORD14046,2025-04-26,CUST1204,Customer_1204,North,Clothing,T-Shirt,4,708.64,0.2,86.35,Cash On Delivery,Online,False,2267.648,2025-04
ORD11536,2024-08-27,CUST1207,Customer_1207,East,Electronics,Headphones,5,34929.73,0.15,120.62,Debit Card,Online,False,148451.3525,2024-08
ORD14893,2024-01-28,CUST1323,Customer_1323,East,Sports,Cricket Bat,3,3304.76,0.0,0.0,Net Banking,Retail Store,False,9914.28,2024-01
ORD11196,2024-06-04,CUST1156,Customer_1156,North,Beauty,Sunscreen,4,1433.47,0.0,0.0,Net Banking,Retail Store,False,5733.88,2024-06
ORD13560,2024-02-28,CUST1194,Customer_1194,East,Electronics,Tablet,2,7242.04,0.1,0.0,Upi,Retail Store,False,13035.672,2024-02
ORD10470,2025-01-26,CUST1265,Customer_1265,West,Home & Kitchen,Cookware Set,5,3883.63,0.1,0.0,Debit Card,Retail Store,False,17476.335000000003,2025-01
ORD14084,2025-11-17,CUST1146,Customer_1146,East,Electronics,Headphones,4,8865.25,0.0,161.07,Upi,Online,False,35461.0,2025-11
ORD11789,2024-10-27,CUST1172,Customer_1172,East,Home & Kitchen,Lamp,5,7858.28,0.0,71.94,Cash On Delivery,Online,False,39291.4,2024-10
ORD13331,2025-02-04,CUST1204,Customer_1204,East,Beauty,Face Cream,4,753.55,0.0,0.0,Cash On Delivery,Retail Store,False,3014.2,2025-02
ORD14836,2024-04-19,CUST1053,Customer_1053,East,Sports,Cricket Bat,-2,5356.96,0.15,144.36,Credit Card,Online,True,-9106.832,2024-04
ORD10204,2025-03-06,CUST1241,Customer_1241,South,Clothing,Jacket,5,2135.22,0.1,0.0,Upi,Retail Store,False,9608.49,2025-03
ORD12005,2024-08-31,CUST1337,Customer_1337,North,Sports,Cycling Helmet,5,4344.36,0.0,0.0,Upi,Retail Store,False,21721.8,2024-08
ORD14737,2024-07-01,CUST1027,Customer_1027,North,Home & Kitchen,Blender,2,2976.76,0.1,0.0,Upi,Retail Store,False,5358.168000000001,2024-07
ORD12444,2024-01-28,CUST1147,Customer_1147,North,Electronics,Headphones,1,27065.53,0.05,45.03,Cash On Delivery,Online,False,25712.2535,2024-01
ORD12352,2024-11-30,CUST1056,Customer_1056,East,Home & Kitchen,Lamp,5,2842.87,0.05,161.89,Debit Card,Online,False,13503.632499999998,2024-11
ORD11754,2025-07-14,CUST1227,Customer_1227,North,Home & Kitchen,Cookware Set,4,2931.13,0.0,30.15,Cash On Delivery,Online,False,11724.52,2025-07
ORD11215,2024-04-19,CUST1159,Customer_1159,East,Clothing,Jeans,3,1095.58,0.15,157.26,Credit Card,Online,False,2793.729,2024-04
ORD14518,2025-08-29,CUST1022,Customer_1022,East,Electronics,Smartwatch,3,36134.36,0.0,0.0,Cash On Delivery,Retail Store,False,108403.08,2025-08
ORD14134,2025-03-20,CUST1036,Customer_1036,East,Beauty,Face Cream,2,1404.62,0.0,0.0,Cash On Delivery,Retail Store,False,2809.24,2025-03
ORD11451,2025-11-19,CUST1208,Customer_1208,East,Clothing,Jacket,1,2920.88,0.0,0.0,Debit Card,Retail Store,False,2920.88,2025-11
ORD12215,2024-02-14,CUST1077,Customer_1077,Unknown,Clothing,Dress,3,2011.41,0.2,0.0,Debit Card,Retail Store,False,4827.384000000001,2024-02
ORD12636,2024-03-31,CUST1235,Customer_1235,East,Beauty,Lipstick,5,2056.42,0.15,145.03,Credit Card,Online,False,8739.785,2024-03
ORD11903,2024-03-30,CUST1269,Customer_1269,East,Electronics,Laptop,3,13130.36,0.0,0.0,Credit Card,Retail Store,False,39391.08,2024-03
ORD10979,2025-09-13,CUST1345,Customer_1345,West,Electronics,Smartphone,3,47749.27,0.25,0.0,Net Banking,Retail Store,False,107435.8575,2025-09
ORD10549,2025-05-18,CUST1012,Customer_1012,South,Clothing,Shoes,4,909.89,0.0,191.29,Debit Card,Online,False,3639.56,2025-05
ORD14877,2024-04-21,CUST1337,Customer_1337,East,Clothing,Dress,5,2129.65,0.1,0.0,Cash On Delivery,Retail Store,False,9583.425000000001,2024-04
ORD14551,2024-06-04,CUST1357,Customer_1357,West,Sports,Yoga Mat,1,880.12,0.1,139.82,Cash On Delivery,Online,False,792.1080000000001,2024-06
ORD12266,2025-06-11,CUST1258,Customer_1258,South,Clothing,Dress,2,1698.81,0.25,3.04,Net Banking,Online,False,2548.215,2025-06
ORD13262,2025-12-15,CUST1324,Customer_1324,North,Home & Kitchen,Lamp,3,4362.65,0.15,0.0,Upi,Retail Store,False,11124.757499999998,2025-12
ORD11425,2024-11-17,CUST1019,Customer_1019,West,Sports,Cricket Bat,4,5641.67,0.0,153.23,Debit Card,Online,False,22566.68,2024-11
ORD13465,2024-08-19,CUST1112,Customer_1112,West,Clothing,Jacket,1,1200.1,0.1,50.54,Net Banking,Online,False,1080.09,2024-08
ORD10576,2024-02-03,CUST1114,Customer_1114,East,Sports,Cricket Bat,3,1752.7,0.2,0.0,Unknown,Retail Store,False,4206.4800000000005,2024-02
ORD11452,2024-05-21,CUST1213,Customer_1213,South,Beauty,Shampoo,5,1523.12,0.1,0.0,Upi,Retail Store,False,6854.04,2024-05
ORD13351,2025-11-11,CUST1089,Customer_1089,Unknown,Clothing,Dress,1,1515.21,0.05,24.04,Cash On Delivery,Online,False,1439.4495,2025-11
ORD10445,2024-04-11,CUST1093,Customer_1093,East,Home & Kitchen,Blender,2,5108.57,0.2,0.0,Upi,Retail Store,False,8173.7119999999995,2024-04
ORD13990,2025-04-30,CUST1173,Customer_1173,South,Beauty,Shampoo,5,1752.37,0.0,85.81,Upi,Online,False,8761.849999999999,2025-04
ORD12894,2025-07-08,CUST1078,Customer_1078,South,Sports,Dumbbells,1,987.29,0.2,163.97,Credit Card,Online,False,789.832,2025-07
ORD10627,2024-01-16,CUST1180,Customer_1180,West,Clothing,Jacket,4,548.38,0.0,11.33,Credit Card,Online,False,2193.52,2024-01
ORD10347,2024-03-05,CUST1323,Customer_1323,East,Electronics,Laptop,1,11485.33,0.05,0.0,Upi,Retail Store,False,10911.0635,2024-03
ORD10341,2025-08-08,CUST1091,Customer_1091,West,Beauty,Face Cream,2,1187.72,0.0,0.0,Unknown,Retail Store,False,2375.44,2025-08
ORD14359,2024-10-08,CUST1315,Customer_1315,North,Electronics,Tablet,4,11350.47,0.0,62.42,Credit Card,Online,False,45401.88,2024-10
ORD14924,2024-12-30,CUST1355,Customer_1355,North,Beauty,Lipstick,4,2150.5,0.25,0.0,Upi,Retail Store,False,6451.5,2024-12
ORD10777,2024-01-04,CUST1209,Customer_1209,East,Sports,Cycling Helmet,1,981.24,0.2,171.4,Net Banking,Online,False,784.9920000000001,2024-01
ORD12942,2025-10-13,CUST1039,Customer_1039,East,Home & Kitchen,Lamp,4,1168.59,0.0,70.73,Debit Card,Online,False,4674.36,2025-10
ORD14922,2025-06-08,CUST1320,Customer_1320,South,Sports,Cycling Helmet,1,5016.34,0.0,95.85,Debit Card,Online,False,5016.34,2025-06
ORD10303,2024-06-19,CUST1376,Customer_1376,North,Electronics,Tablet,4,38392.94,0.25,92.72,Net Banking,Online,False,115178.82,2024-06
ORD10926,2024-03-16,CUST1271,Customer_1271,Unknown,Beauty,Perfume,1,1848.94,0.0,0.0,Upi,Retail Store,False,1848.94,2024-03
ORD13191,2025-02-27,CUST1170,Customer_1170,East,Electronics,Headphones,4,16821.73,0.0,0.0,Upi,Retail Store,False,67286.92,2025-02
ORD10675,2025-12-27,CUST1061,Customer_1061,South,Electronics,Smartwatch,1,51686.58,0.15,188.11,Net Banking,Online,False,43933.593,2025-12
ORD14261,2024-05-14,CUST1365,Customer_1365,West,Electronics,Tablet,1,23737.33,0.15,0.0,Net Banking,Retail Store,False,20176.7305,2024-05
ORD12308,2024-08-30,CUST1209,Customer_1209,West,Clothing,Shoes,1,932.59,0.15,0.0,Upi,Retail Store,False,792.7015,2024-08
ORD10584,2024-06-26,CUST1246,Customer_1246,North,Clothing,T-Shirt,3,1561.02,0.1,116.73,Cash On Delivery,Online,False,4214.754,2024-06
ORD12012,2025-07-11,CUST1213,Customer_1213,North,Home & Kitchen,Bedsheet,3,1467.42,0.0,0.0,Debit Card,Retail Store,False,4402.26,2025-07
ORD13258,2024-01-25,CUST1286,Customer_1286,East,Electronics,Smartphone,1,4639.57,0.05,142.45,Debit Card,Online,False,4407.5914999999995,2024-01
ORD13205,2025-03-14,CUST1333,Customer_1333,South,Sports,Running Shoes,4,4565.78,0.0,141.18,Credit Card,Online,False,18263.12,2025-03
ORD10241,2025-04-01,CUST1256,Customer_1256,East,Sports,Yoga Mat,4,4231.31,0.0,0.0,Cash On Delivery,Retail Store,False,16925.24,2025-04
ORD11862,2024-08-16,CUST1154,Customer_1154,South,Electronics,Laptop,5,14069.15,0.0,33.47,Credit Card,Online,False,70345.75,2024-08
ORD11479,2024-01-14,CUST1333,Customer_1333,North,Clothing,T-Shirt,2,1436.18,0.05,117.87,Credit Card,Online,False,2728.742,2024-01
ORD12014,2024-10-28,CUST1096,Customer_1096,North,Home & Kitchen,Lamp,3,1283.55,0.0,125.8,Credit Card,Online,False,3850.6499999999996,2024-10
ORD13157,2025-02-10,CUST1140,Customer_1140,North,Electronics,Smartwatch,5,47008.68,0.25,55.61,Cash On Delivery,Online,False,176282.55,2025-02
ORD13931,2024-02-20,CUST1297,Customer_1297,North,Home & Kitchen,Lamp,5,6666.52,0.0,11.98,Net Banking,Online,False,33332.600000000006,2024-02
ORD12754,2024-03-18,CUST1250,Customer_1250,South,Clothing,Shoes,4,1724.36,0.05,0.0,Cash On Delivery,Retail Store,False,6552.567999999999,2024-03
ORD10170,2024-07-19,CUST1167,Customer_1167,West,Electronics,Tablet,-4,13239.26,0.25,186.48,Debit Card,Online,True,-39717.78,2024-07
ORD12501,2024-07-16,CUST1334,Customer_1334,West,Home & Kitchen,Vacuum Cleaner,4,6831.18,0.25,0.0,Cash On Delivery,Retail Store,False,20493.54,2024-07
ORD10896,2025-05-03,CUST1090,Customer_1090,North,Beauty,Face Cream,4,1663.99,0.1,0.0,Debit Card,Retail Store,False,5990.3640000000005,2025-05
ORD12807,2024-05-27,CUST1036,Customer_1036,East,Electronics,Headphones,1,41128.41,0.2,0.0,Credit Card,Retail Store,False,32902.728,2024-05
ORD11376,2024-08-25,CUST1321,Customer_1321,North,Beauty,Sunscreen,5,1208.29,0.0,0.0,Unknown,Retail Store,False,6041.45,2024-08
ORD13455,2025-10-25,CUST1058,Customer_1058,East,Electronics,Headphones,1,34790.92,0.1,43.44,Upi,Online,False,31311.827999999998,2025-10
ORD12977,2024-10-15,CUST1350,Customer_1350,South,Electronics,Smartwatch,2,55374.4,0.2,0.0,Credit Card,Retail Store,False,88599.04000000001,2024-10
ORD13406,2024-02-29,CUST1218,Customer_1218,North,Sports,Running Shoes,2,3685.58,0.0,144.48,Credit Card,Online,False,7371.16,2024-02
ORD10477,2024-05-12,CUST1105,Customer_1105,West,Clothing,Jacket,5,1700.04,0.0,0.0,Credit Card,Retail Store,False,8500.2,2024-05
ORD13344,2024-09-11,CUST1186,Customer_1186,South,Clothing,T-Shirt,3,1126.66,0.25,109.23,Upi,Online,False,2534.9850000000006,2024-09
ORD10337,2025-06-16,CUST1221,Customer_1221,East,Sports,Cricket Bat,3,4181.63,0.1,134.56,Upi,Online,False,11290.401,2025-06
ORD11895,2025-05-07,CUST1281,Customer_1281,North,Clothing,T-Shirt,2,643.06,0.0,85.33,Cash On Delivery,Online,False,1286.12,2025-05
ORD10320,2025-09-23,CUST1025,Customer_1025,South,Clothing,T-Shirt,4,1335.72,0.25,194.74,Debit Card,Online,False,4007.16,2025-09
ORD12129,2024-06-30,CUST1217,Customer_1217,East,Clothing,Jeans,3,2166.12,0.15,0.0,Debit Card,Retail Store,False,5523.606,2024-06
ORD13849,2024-12-03,CUST1337,Customer_1337,Unknown,Clothing,T-Shirt,3,2795.29,0.05,118.2,Net Banking,Online,False,7966.576499999998,2024-12
ORD10635,2024-03-06,CUST1008,Customer_1008,North,Beauty,Face Cream,4,1110.24,0.15,0.0,Upi,Retail Store,False,3774.816,2024-03
ORD10620,2024-07-27,CUST1251,Customer_1251,East,Beauty,Perfume,2,601.9,0.0,0.0,Credit Card,Retail Store,False,1203.8,2024-07
ORD14012,2024-06-27,CUST1226,Customer_1226,North,Electronics,Tablet,5,41534.02,0.0,0.0,Net Banking,Retail Store,False,207670.09999999998,2024-06
ORD14351,2025-06-04,CUST1106,Customer_1106,South,Beauty,Perfume,4,384.64,0.05,0.0,Net Banking,Retail Store,False,1461.6319999999998,2025-06
ORD11658,2024-05-08,CUST1290,Customer_1290,East,Home & Kitchen,Blender,5,4084.12,0.0,82.52,Credit Card,Online,False,20420.6,2024-05
ORD12102,2025-10-09,CUST1094,Customer_1094,East,Beauty,Lipstick,5,919.38,0.05,94.72,Net Banking,Online,False,4367.054999999999,2025-10
ORD12687,2024-06-16,CUST1264,Customer_1264,North,Sports,Cycling Helmet,1,4819.09,0.0,50.41,Unknown,Online,False,4819.09,2024-06
ORD13929,2025-11-26,CUST1252,Customer_1252,East,Electronics,Smartwatch,1,48347.19,0.05,107.97,Credit Card,Online,False,45929.830500000004,2025-11
ORD13414,2025-09-18,CUST1120,Customer_1120,North,Home & Kitchen,Blender,4,4515.33,0.1,0.0,Debit Card,Retail Store,False,16255.188,2025-09
ORD14708,2025-09-02,CUST1253,Customer_1253,North,Home & Kitchen,Bedsheet,3,2451.83,0.0,0.0,Net Banking,Retail Store,False,7355.49,2025-09
ORD13019,2024-05-21,CUST1372,Customer_1372,West,Electronics,Laptop,4,35688.13,0.0,83.41,Upi,Online,False,142752.52,2024-05
ORD12820,2024-07-09,CUST1212,Customer_1212,West,Sports,Running Shoes,4,2281.05,0.0,123.18,Upi,Online,False,9124.2,2024-07
ORD13813,2024-11-07,CUST1282,Customer_1282,North,Beauty,Sunscreen,5,2300.77,0.15,0.0,Debit Card,Retail Store,False,9778.272500000001,2024-11
ORD13078,2025-05-24,CUST1020,Customer_1020,Unknown,Clothing,Jacket,3,322.53,0.0,50.54,Upi,Online,False,967.5899999999999,2025-05
ORD10681,2025-10-06,CUST1016,Customer_1016,North,Electronics,Tablet,2,28833.94,0.0,0.0,Debit Card,Retail Store,False,57667.88,2025-10
ORD12312,2024-12-25,CUST1313,Customer_1313,South,Clothing,Jeans,2,1695.34,0.0,0.0,Credit Card,Retail Store,False,3390.68,2024-12
ORD11709,2025-05-04,CUST1000,Customer_1000,West,Electronics,Tablet,5,46181.22,0.2,52.74,Credit Card,Online,False,184724.88,2025-05
ORD12298,2024-04-21,CUST1245,Customer_1245,East,Home & Kitchen,Lamp,3,6103.8,0.0,0.0,Cash On Delivery,Retail Store,False,18311.4,2024-04
ORD13880,2024-01-25,CUST1171,Customer_1171,East,Sports,Cricket Bat,1,5414.0,0.0,16.6,Debit Card,Online,False,5414.0,2024-01
ORD11261,2025-05-23,CUST1296,Customer_1296,South,Electronics,Smartwatch,3,24480.08,0.05,0.0,Cash On Delivery,Retail Store,False,69768.228,2025-05
ORD13641,2025-12-17,CUST1279,Customer_1279,East,Sports,Cricket Bat,2,4866.56,0.2,46.02,Debit Card,Online,False,7786.496000000001,2025-12
ORD13183,2025-05-25,CUST1365,Customer_1365,North,Clothing,Dress,3,2505.82,0.05,166.51,Cash On Delivery,Online,False,7141.587,2025-05
ORD11950,2024-09-24,CUST1257,Customer_1257,North,Beauty,Sunscreen,1,2303.93,0.2,0.0,Debit Card,Retail Store,False,1843.144,2024-09
ORD14480,2024-08-29,CUST1088,Customer_1088,South,Beauty,Shampoo,4,359.37,0.2,146.7,Credit Card,Online,False,1149.9840000000002,2024-08
ORD13440,2025-02-23,CUST1379,Customer_1379,North,Home & Kitchen,Vacuum Cleaner,2,3909.2,0.0,86.23,Credit Card,Online,False,7818.4,2025-02
ORD14098,2025-07-11,CUST1041,Customer_1041,West,Home & Kitchen,Blender,-2,4863.82,0.2,0.0,Cash On Delivery,Retail Store,True,-7782.112,2025-07
ORD10735,2025-07-03,CUST1390,Customer_1390,North,Sports,Cycling Helmet,2,1029.5,0.2,0.0,Upi,Retail Store,False,1647.2,2025-07
ORD10536,2025-12-29,CUST1268,Customer_1268,South,Home & Kitchen,Cookware Set,2,5329.05,0.15,8.18,Credit Card,Online,False,9059.385,2025-12
ORD14685,2025-01-17,CUST1371,Customer_1371,West,Clothing,Dress,4,1347.88,0.05,0.0,Cash On Delivery,Retail Store,False,5121.944,2025-01
ORD14330,2024-01-13,CUST1085,Customer_1085,East,Beauty,Lipstick,-2,173.85,0.0,0.0,Upi,Retail Store,True,-347.7,2024-01
ORD12950,2024-12-20,CUST1057,Customer_1057,East,Home & Kitchen,Bedsheet,5,4049.17,0.0,195.29,Cash On Delivery,Online,False,20245.85,2024-12
ORD11349,2025-05-24,CUST1008,Customer_1008,East,Electronics,Headphones,2,27060.84,0.1,0.0,Upi,Retail Store,False,48709.512,2025-05
ORD10866,2025-08-25,CUST1221,Customer_1221,East,Clothing,Shoes,4,1300.03,0.2,0.0,Debit Card,Retail Store,False,4160.0960000000005,2025-08
ORD11127,2024-06-16,CUST1276,Customer_1276,East,Home & Kitchen,Lamp,1,6478.72,0.0,176.22,Upi,Online,False,6478.72,2024-06
ORD14972,2024-06-04,CUST1188,Customer_1188,West,Beauty,Face Cream,1,2146.24,0.1,0.0,Net Banking,Retail Store,False,1931.6159999999998,2024-06
ORD10122,2025-08-14,CUST1344,Customer_1344,South,Electronics,Smartphone,1,15208.85,0.15,0.0,Debit Card,Retail Store,False,12927.5225,2025-08
ORD14948,2024-01-15,CUST1334,Customer_1334,East,Home & Kitchen,Lamp,3,1493.9,0.0,26.04,Debit Card,Online,False,4481.700000000001,2024-01
ORD14710,2025-08-06,CUST1007,Customer_1007,East,Beauty,Lipstick,5,194.05,0.15,162.43,Upi,Online,False,824.7125,2025-08
ORD11767,2025-08-10,CUST1020,Customer_1020,West,Home & Kitchen,Blender,2,6255.13,0.2,148.71,Cash On Delivery,Online,False,10008.208,2025-08
ORD13165,2024-10-28,CUST1023,Customer_1023,West,Electronics,Smartwatch,4,50696.72,0.15,94.6,Credit Card,Online,False,172368.848,2024-10
ORD14504,2025-01-04,CUST1114,Customer_1114,South,Home & Kitchen,Cookware Set,4,4777.71,0.0,0.0,Cash On Delivery,Retail Store,False,19110.84,2025-01
ORD13950,2025-12-20,CUST1130,Customer_1130,West,Sports,Yoga Mat,3,4515.24,0.15,170.26,Cash On Delivery,Online,False,11513.862,2025-12
ORD11607,2025-07-03,CUST1331,Customer_1331,South,Beauty,Perfume,1,1606.0,0.0,166.8,Upi,Online,False,1606.0,2025-07
ORD12095,2025-10-17,CUST1055,Customer_1055,West,Beauty,Lipstick,5,1512.8,0.0,0.0,Debit Card,Retail Store,False,7564.0,2025-10
ORD13160,2024-02-13,CUST1137,Customer_1137,North,Home & Kitchen,Blender,1,3268.08,0.0,177.44,Credit Card,Online,False,3268.08,2024-02
ORD12837,2024-12-12,CUST1339,Customer_1339,West,Sports,Yoga Mat,4,2093.65,0.2,0.0,Net Banking,Retail Store,False,6699.68,2024-12
ORD12421,2024-11-17,CUST1254,Customer_1254,North,Sports,Running Shoes,5,1326.22,0.2,0.0,Credit Card,Retail Store,False,5304.880000000001,2024-11
ORD11797,2024-04-08,CUST1067,Customer_1067,East,Home & Kitchen,Cookware Set,1,5339.28,0.15,0.0,Credit Card,Retail Store,False,4538.388,2024-04
ORD12902,2025-06-24,CUST1115,Customer_1115,South,Clothing,T-Shirt,5,2381.51,0.0,0.0,Net Banking,Retail Store,False,11907.550000000001,2025-06
ORD11506,2024-03-26,CUST1014,Customer_1014,East,Sports,Cricket Bat,5,3880.04,0.05,158.02,Debit Card,Online,False,18430.19,2024-03
ORD14249,2024-09-29,CUST1136,Customer_1136,West,Clothing,Shoes,1,665.88,0.0,157.92,Upi,Online,False,665.88,2024-09
ORD12474,2025-10-28,CUST1159,Customer_1159,North,Clothing,T-Shirt,1,2647.08,0.1,164.27,Upi,Online,False,2382.372,2025-10
ORD12900,2025-05-03,CUST1243,Customer_1243,North,Clothing,Jeans,2,2767.14,0.05,32.24,Cash On Delivery,Online,False,5257.566,2025-05
ORD13651,2024-10-18,CUST1307,Customer_1307,North,Clothing,Dress,4,1285.44,0.15,0.0,Upi,Retail Store,False,4370.496,2024-10
ORD11193,2024-04-12,CUST1312,Customer_1312,East,Electronics,Laptop,4,1928.38,0.1,0.0,Upi,Retail Store,False,6942.168000000001,2024-04
ORD11220,2025-02-07,CUST1215,Customer_1215,North,Electronics,Smartwatch,4,11046.14,0.0,0.0,Net Banking,Retail Store,False,44184.56,2025-02
ORD14790,2024-01-11,CUST1269,Customer_1269,West,Beauty,Lipstick,4,1749.08,0.0,72.84,Cash On Delivery,Online,False,6996.32,2024-01
ORD11194,2024-01-29,CUST1399,Customer_1399,West,Clothing,Dress,1,1963.54,0.25,0.0,Debit Card,Retail Store,False,1472.655,2024-01
ORD12364,2025-03-08,CUST1073,Customer_1073,North,Home & Kitchen,Bedsheet,2,3690.72,0.0,44.86,Cash On Delivery,Online,False,7381.44,2025-03
ORD12637,2024-12-25,CUST1342,Customer_1342,South,Clothing,Shoes,1,345.81,0.0,0.0,Net Banking,Retail Store,False,345.81,2024-12
ORD10078,2025-11-03,CUST1144,Customer_1144,East,Beauty,Lipstick,3,924.77,0.1,116.55,Upi,Online,False,2496.879,2025-11
ORD11698,2024-02-24,CUST1287,Customer_1287,West,Beauty,Sunscreen,5,2260.73,0.0,150.7,Cash On Delivery,Online,False,11303.65,2024-02
ORD12785,2025-01-17,CUST1062,Customer_1062,South,Electronics,Laptop,5,57512.4,0.0,0.0,Net Banking,Retail Store,False,287562.0,2025-01
ORD13861,2025-07-07,CUST1096,Customer_1096,East,Clothing,Jacket,3,1845.18,0.2,0.0,Cash On Delivery,Retail Store,False,4428.432,2025-07
ORD12190,2024-09-20,CUST1393,Customer_1393,West,Electronics,Headphones,1,35424.56,0.15,0.0,Upi,Retail Store,False,30110.875999999997,2024-09
ORD10370,2024-05-22,CUST1287,Customer_1287,South,Electronics,Smartphone,4,25813.17,0.2,60.65,Debit Card,Online,False,82602.144,2024-05
ORD10485,2024-06-20,CUST1122,Customer_1122,South,Clothing,T-Shirt,1,1668.54,0.0,0.0,Upi,Retail Store,False,1668.54,2024-06
ORD14145,2024-03-09,CUST1146,Customer_1146,North,Sports,Cycling Helmet,2,3570.12,0.0,72.89,Cash On Delivery,Online,False,7140.24,2024-03
ORD10520,2025-07-02,CUST1216,Customer_1216,North,Electronics,Tablet,3,39511.48,0.0,0.0,Debit Card,Retail Store,False,118534.44,2025-07
ORD10571,2025-04-06,CUST1375,Customer_1375,East,Home & Kitchen,Blender,2,4480.37,0.0,7.3,Cash On Delivery,Online,False,8960.74,2025-04
ORD13661,2024-08-10,CUST1386,Customer_1386,East,Clothing,Jacket,3,2499.59,0.0,0.0,Cash On Delivery,Retail Store,False,7498.77,2024-08
ORD12281,2025-05-10,CUST1227,Customer_1227,North,Electronics,Headphones,-5,43220.6,0.0,0.0,Net Banking,Retail Store,True,-216103.0,2025-05
ORD11943,2024-01-09,CUST1145,Customer_1145,North,Beauty,Sunscreen,1,1907.17,0.0,37.12,Net Banking,Online,False,1907.17,2024-01
ORD10947,2024-03-17,CUST1349,Customer_1349,East,Home & Kitchen,Blender,4,3974.04,0.0,0.0,Credit Card,Retail Store,False,15896.16,2024-03
ORD13762,2024-04-08,CUST1298,Customer_1298,South,Home & Kitchen,Vacuum Cleaner,4,1155.07,0.2,0.0,Credit Card,Retail Store,False,3696.224,2024-04
ORD14679,2025-12-05,CUST1236,Customer_1236,North,Beauty,Shampoo,3,2339.81,0.2,165.9,Debit Card,Online,False,5615.544000000001,2025-12
ORD11489,2024-12-25,CUST1055,Customer_1055,West,Beauty,Perfume,4,1537.04,0.2,168.3,Credit Card,Online,False,4918.528,2024-12
ORD13663,2024-08-18,CUST1011,Customer_1011,West,Electronics,Laptop,3,37787.51,0.15,0.0,Debit Card,Retail Store,False,96358.1505,2024-08
ORD14906,2024-05-30,CUST1049,Customer_1049,South,Clothing,Dress,2,2094.97,0.0,43.23,Credit Card,Online,False,4189.94,2024-05
ORD11096,2024-08-20,CUST1308,Customer_1308,South,Sports,Dumbbells,1,1643.53,0.1,0.0,Net Banking,Retail Store,False,1479.177,2024-08
ORD12750,2025-04-01,CUST1183,Customer_1183,West,Sports,Dumbbells,5,4479.91,0.0,0.0,Net Banking,Retail Store,False,22399.55,2025-04
ORD13788,2024-04-23,CUST1172,Customer_1172,East,Clothing,Jacket,4,1542.62,0.0,0.0,Upi,Retail Store,False,6170.48,2024-04
ORD10510,2024-06-05,CUST1158,Customer_1158,West,Sports,Yoga Mat,3,4343.19,0.15,184.63,Debit Card,Online,False,11075.1345,2024-06
ORD14054,2024-11-04,CUST1291,Customer_1291,East,Sports,Yoga Mat,3,2316.36,0.2,10.46,Cash On Delivery,Online,False,5559.264,2024-11
ORD12940,2024-05-15,CUST1283,Customer_1283,Unknown,Clothing,Jeans,2,2882.33,0.0,0.0,Upi,Retail Store,False,5764.66,2024-05
ORD11359,2025-08-09,CUST1312,Customer_1312,West,Home & Kitchen,Bedsheet,1,3154.53,0.0,0.0,Net Banking,Retail Store,False,3154.53,2025-08
ORD11107,2025-10-26,CUST1118,Customer_1118,South,Electronics,Tablet,2,39644.01,0.25,188.14,Debit Card,Online,False,59466.015,2025-10
ORD10533,2025-11-25,CUST1384,Customer_1384,East,Beauty,Sunscreen,4,958.68,0.0,86.87,Net Banking,Online,False,3834.72,2025-11
ORD12426,2024-06-12,CUST1324,Customer_1324,North,Electronics,Headphones,1,31539.56,0.0,83.19,Credit Card,Online,False,31539.56,2024-06
ORD12720,2024-03-30,CUST1166,Customer_1166,North,Electronics,Smartphone,4,52621.29,0.0,0.0,Net Banking,Retail Store,False,210485.16,2024-03
ORD12168,2024-03-24,CUST1300,Customer_1300,East,Home & Kitchen,Lamp,2,1059.8,0.0,0.0,Net Banking,Retail Store,False,2119.6,2024-03
ORD13469,2024-12-07,CUST1257,Customer_1257,West,Beauty,Shampoo,3,1187.81,0.15,23.89,Net Banking,Online,False,3028.9154999999996,2024-12
ORD14585,2025-12-03,CUST1153,Customer_1153,West,Beauty,Face Cream,3,2454.84,0.0,0.0,Debit Card,Retail Store,False,7364.52,2025-12
ORD13230,2024-12-08,CUST1032,Customer_1032,North,Home & Kitchen,Bedsheet,-5,5444.41,0.0,0.0,Upi,Retail Store,True,-27222.05,2024-12
ORD14888,2024-10-23,CUST1054,Customer_1054,South,Beauty,Shampoo,3,2316.17,0.25,162.01,Debit Card,Online,False,5211.3825,2024-10
ORD13777,2024-04-12,CUST1014,Customer_1014,East,Clothing,Jacket,2,2241.55,0.15,116.94,Net Banking,Online,False,3810.635,2024-04
ORD11730,2024-07-04,CUST1089,Customer_1089,East,Home & Kitchen,Cookware Set,5,7359.77,0.2,44.21,Cash On Delivery,Online,False,29439.080000000005,2024-07
ORD14558,2024-03-10,CUST1144,Customer_1144,East,Sports,Cycling Helmet,2,816.78,0.0,0.0,Cash On Delivery,Retail Store,False,1633.56,2024-03
ORD11002,2025-11-07,CUST1338,Customer_1338,North,Clothing,T-Shirt,2,2513.5,0.0,169.92,Upi,Online,False,5027.0,2025-11
ORD14674,2024-06-08,CUST1025,Customer_1025,South,Home & Kitchen,Vacuum Cleaner,3,7316.42,0.05,5.86,Net Banking,Online,False,20851.797000000002,2024-06
ORD12858,2025-04-05,CUST1120,Customer_1120,South,Sports,Cycling Helmet,2,1186.43,0.15,0.0,Debit Card,Retail Store,False,2016.931,2025-04
ORD14711,2025-12-03,CUST1034,Customer_1034,North,Home & Kitchen,Lamp,2,3450.33,0.25,174.45,Cash On Delivery,Online,False,5175.495,2025-12
ORD13939,2024-06-29,CUST1069,Customer_1069,South,Beauty,Lipstick,5,899.89,0.0,135.86,Debit Card,Online,False,4499.45,2024-06
ORD10883,2025-10-19,CUST1326,Customer_1326,North,Beauty,Sunscreen,1,1984.8,0.15,0.0,Credit Card,Retail Store,False,1687.08,2025-10
ORD11688,2024-01-16,CUST1099,Customer_1099,North,Beauty,Face Cream,3,2058.24,0.0,50.21,Net Banking,Online,False,6174.719999999999,2024-01
ORD11347,2024-10-30,CUST1017,Customer_1017,East,Sports,Cycling Helmet,3,1200.37,0.2,0.0,Debit Card,Retail Store,False,2880.888,2024-10
ORD13975,2024-06-03,CUST1039,Customer_1039,West,Electronics,Smartphone,1,3473.28,0.1,0.0,Credit Card,Retail Store,False,3125.952,2024-06
ORD11708,2025-09-30,CUST1341,Customer_1341,South,Electronics,Headphones,1,20612.12,0.1,171.08,Debit Card,Online,False,18550.908,2025-09
ORD12927,2024-03-04,CUST1322,Customer_1322,South,Beauty,Lipstick,1,1998.14,0.25,150.06,Credit Card,Online,False,1498.605,2024-03
ORD13610,2024-12-19,CUST1142,Customer_1142,East,Clothing,T-Shirt,4,2412.53,0.1,0.0,Cash On Delivery,Retail Store,False,8685.108,2024-12
ORD10670,2025-01-21,CUST1000,Customer_1000,West,Home & Kitchen,Blender,1,4037.67,0.2,0.0,Upi,Retail Store,False,3230.1360000000004,2025-01
ORD11266,2025-12-26,CUST1326,Customer_1326,South,Clothing,Jacket,4,2169.55,0.05,118.14,Net Banking,Online,False,8244.29,2025-12
ORD14646,2025-02-09,CUST1013,Customer_1013,East,Home & Kitchen,Lamp,1,1213.29,0.05,91.71,Unknown,Online,False,1152.6254999999999,2025-02
ORD13232,2025-02-18,CUST1182,Customer_1182,South,Clothing,Jacket,3,949.65,0.0,20.49,Net Banking,Online,False,2848.95,2025-02
ORD11551,2024-04-15,CUST1221,Customer_1221,West,Sports,Yoga Mat,1,1603.4,0.25,0.0,Upi,Retail Store,False,1202.5500000000002,2024-04
ORD12325,2024-10-06,CUST1331,Customer_1331,East,Sports,Running Shoes,4,2399.01,0.0,168.43,Cash On Delivery,Online,False,9596.04,2024-10
ORD14584,2025-07-12,CUST1164,Customer_1164,South,Home & Kitchen,Bedsheet,5,603.94,0.0,101.71,Credit Card,Online,False,3019.7000000000003,2025-07
ORD14846,2024-06-21,CUST1233,Customer_1233,North,Electronics,Laptop,2,58822.24,0.25,115.41,Upi,Online,False,88233.36,2024-06
ORD13738,2025-04-20,CUST1326,Customer_1326,North,Home & Kitchen,Lamp,3,4480.37,0.0,19.38,Upi,Online,False,13441.11,2025-04
ORD14626,2024-08-25,CUST1250,Customer_1250,North,Sports,Cycling Helmet,1,3962.62,0.2,0.0,Credit Card,Retail Store,False,3170.096,2024-08
ORD13007,2024-10-06,CUST1353,Customer_1353,North,Electronics,Laptop,1,37556.04,0.15,198.28,Upi,Online,False,31922.634,2024-10
ORD13252,2024-07-31,CUST1059,Customer_1059,North,Clothing,Jeans,5,2297.43,0.0,0.0,Cash On Delivery,Retail Store,False,11487.15,2024-07
ORD11365,2025-09-29,CUST1047,Customer_1047,North,Sports,Yoga Mat,4,5001.53,0.2,47.11,Cash On Delivery,Online,False,16004.896,2025-09
ORD12225,2024-04-17,CUST1029,Customer_1029,North,Home & Kitchen,Bedsheet,4,2862.15,0.0,0.0,Cash On Delivery,Retail Store,False,11448.6,2024-04
ORD14327,2024-12-14,CUST1192,Customer_1192,North,Clothing,Jacket,3,356.37,0.0,0.0,Net Banking,Retail Store,False,1069.1100000000001,2024-12
ORD12677,2024-12-22,CUST1191,Customer_1191,North,Sports,Yoga Mat,2,3148.65,0.05,147.32,Unknown,Online,False,5982.4349999999995,2024-12
ORD10363,2025-02-25,CUST1349,Customer_1349,South,Sports,Dumbbells,4,5282.04,0.15,0.0,Cash On Delivery,Retail Store,False,17958.935999999998,2025-02
ORD12601,2025-06-30,CUST1092,Customer_1092,North,Beauty,Lipstick,4,696.22,0.05,148.84,Debit Card,Online,False,2645.636,2025-06
ORD14862,2025-01-20,CUST1321,Customer_1321,West,Clothing,Dress,1,1497.71,0.0,98.76,Upi,Online,False,1497.71,2025-01
ORD12359,2024-09-27,CUST1359,Customer_1359,North,Sports,Cricket Bat,3,1541.79,0.25,0.0,Cash On Delivery,Retail Store,False,3469.0275,2024-09
ORD12333,2024-10-16,CUST1248,Customer_1248,South,Home & Kitchen,Blender,3,525.51,0.05,0.0,Upi,Retail Store,False,1497.7034999999998,2024-10
ORD14619,2025-11-08,CUST1183,Customer_1183,East,Clothing,Jacket,1,1155.01,0.2,0.0,Net Banking,Retail Store,False,924.008,2025-11
ORD10614,2025-02-04,CUST1381,Customer_1381,South,Clothing,Jeans,5,1585.63,0.1,0.0,Cash On Delivery,Retail Store,False,7135.335000000001,2025-02
ORD11760,2024-05-16,CUST1193,Customer_1193,South,Home & Kitchen,Lamp,5,4869.75,0.1,0.0,Debit Card,Retail Store,False,21913.875,2024-05
ORD10091,2025-09-21,CUST1164,Customer_1164,North,Electronics,Headphones,3,19430.01,0.15,134.24,Credit Card,Online,False,49546.525499999996,2025-09
ORD11644,2025-09-28,CUST1014,Customer_1014,South,Clothing,T-Shirt,2,755.72,0.0,0.0,Net Banking,Retail Store,False,1511.44,2025-09
ORD14240,2025-05-28,CUST1067,Customer_1067,West,Electronics,Headphones,4,13944.36,0.1,0.0,Cash On Delivery,Retail Store,False,50199.696,2025-05
ORD14760,2024-06-07,CUST1217,Customer_1217,West,Sports,Cricket Bat,4,2378.03,0.25,0.0,Cash On Delivery,Retail Store,False,7134.09,2024-06
ORD12563,2024-07-09,CUST1196,Customer_1196,East,Sports,Yoga Mat,4,4837.66,0.1,0.0,Debit Card,Retail Store,False,17415.576,2024-07
ORD11964,2024-08-31,CUST1278,Customer_1278,West,Sports,Yoga Mat,3,1787.75,0.05,0.0,Upi,Retail Store,False,5095.0875,2024-08
ORD12773,2024-04-12,CUST1049,Customer_1049,West,Beauty,Sunscreen,2,1650.77,0.1,113.36,Upi,Online,False,2971.386,2024-04
ORD14128,2024-01-10,CUST1001,Customer_1001,West,Electronics,Tablet,5,11421.3,0.0,0.0,Upi,Retail Store,False,57106.5,2024-01
ORD14263,2024-11-22,CUST1006,Customer_1006,West,Home & Kitchen,Cookware Set,5,2049.38,0.25,0.0,Debit Card,Retail Store,False,7685.175000000001,2024-11
ORD13468,2024-01-17,CUST1077,Customer_1077,North,Clothing,T-Shirt,2,983.2,0.2,82.03,Debit Card,Online,False,1573.1200000000001,2024-01
ORD12996,2025-03-24,CUST1161,Customer_1161,West,Home & Kitchen,Lamp,2,7679.12,0.25,161.09,Net Banking,Online,False,11518.68,2025-03
ORD13247,2024-12-31,CUST1004,Customer_1004,East,Clothing,Jacket,2,1768.25,0.2,0.0,Upi,Retail Store,False,2829.2000000000003,2024-12
ORD11661,2025-09-23,CUST1312,Customer_1312,East,Sports,Cricket Bat,4,5791.83,0.15,0.0,Cash On Delivery,Retail Store,False,19692.221999999998,2025-09
ORD12401,2025-02-18,CUST1136,Customer_1136,East,Home & Kitchen,Bedsheet,5,5454.12,0.1,0.0,Upi,Retail Store,False,24543.54,2025-02
ORD13894,2024-01-07,CUST1279,Customer_1279,South,Home & Kitchen,Bedsheet,2,744.88,0.0,34.66,Cash On Delivery,Online,False,1489.76,2024-01
ORD13077,2025-12-09,CUST1113,Customer_1113,South,Home & Kitchen,Cookware Set,1,3406.72,0.05,0.0,Upi,Retail Store,False,3236.3839999999996,2025-12
ORD10258,2024-08-11,CUST1264,Customer_1264,North,Sports,Yoga Mat,3,5615.82,0.15,99.8,Debit Card,Online,False,14320.340999999999,2024-08
ORD11496,2024-09-03,CUST1287,Customer_1287,West,Clothing,Jacket,5,2607.63,0.15,0.0,Cash On Delivery,Retail Store,False,11082.427500000002,2024-09
ORD11602,2025-03-15,CUST1191,Customer_1191,East,Home & Kitchen,Blender,2,6450.99,0.0,103.47,Net Banking,Online,False,12901.98,2025-03
ORD14796,2024-04-12,CUST1203,Customer_1203,East,Sports,Cricket Bat,3,1661.98,0.0,0.0,Upi,Retail Store,False,4985.9400000000005,2024-04
ORD13355,2024-04-09,CUST1239,Customer_1239,North,Beauty,Face Cream,5,2334.79,0.15,112.48,Net Banking,Online,False,9922.8575,2024-04
ORD10649,2024-09-26,CUST1292,Customer_1292,East,Beauty,Lipstick,5,2310.08,0.25,193.69,Upi,Online,False,8662.8,2024-09
ORD12323,2025-11-25,CUST1196,Customer_1196,Unknown,Home & Kitchen,Bedsheet,3,6043.26,0.0,80.69,Debit Card,Online,False,18129.78,2025-11
ORD14241,2025-10-25,CUST1327,Customer_1327,West,Electronics,Smartwatch,1,51170.18,0.1,17.66,Net Banking,Online,False,46053.162000000004,2025-10
ORD13155,2025-04-18,CUST1180,Customer_1180,North,Sports,Cycling Helmet,1,2215.49,0.15,0.0,Debit Card,Retail Store,False,1883.1664999999998,2025-04
ORD11305,2024-08-08,CUST1291,Customer_1291,West,Sports,Running Shoes,2,3764.58,0.05,0.0,Cash On Delivery,Retail Store,False,7152.701999999999,2024-08
ORD13451,2024-11-01,CUST1211,Customer_1211,West,Home & Kitchen,Blender,4,3569.27,0.0,39.54,Debit Card,Online,False,14277.08,2024-11
ORD12284,2025-06-06,CUST1165,Customer_1165,East,Electronics,Smartphone,-1,42968.27,0.0,96.27,Credit Card,Online,True,-42968.27,2025-06
ORD12500,2024-01-02,CUST1039,Customer_1039,North,Sports,Running Shoes,4,705.72,0.1,0.0,Unknown,Retail Store,False,2540.592,2024-01
ORD11782,2025-03-19,CUST1166,Customer_1166,South,Home & Kitchen,Blender,5,5604.96,0.2,0.0,Net Banking,Retail Store,False,22419.84,2025-03
ORD11363,2024-02-01,CUST1328,Customer_1328,South,Sports,Running Shoes,5,1630.79,0.2,0.0,Net Banking,Retail Store,False,6523.16,2024-02
ORD11468,2025-10-16,CUST1054,Customer_1054,West,Clothing,T-Shirt,5,2771.22,0.0,190.03,Net Banking,Online,False,13856.099999999999,2025-10
ORD11945,2024-11-14,CUST1208,Customer_1208,West,Clothing,Shoes,5,550.9,0.0,0.0,Credit Card,Retail Store,False,2754.5,2024-11
ORD13300,2024-03-11,CUST1353,Customer_1353,North,Home & Kitchen,Cookware Set,1,6339.34,0.05,0.0,Debit Card,Retail Store,False,6022.373,2024-03
ORD14217,2024-03-23,CUST1299,Customer_1299,West,Home & Kitchen,Bedsheet,4,5451.29,0.0,0.0,Debit Card,Retail Store,False,21805.16,2024-03
ORD10270,2025-05-03,CUST1157,Customer_1157,East,Home & Kitchen,Lamp,3,6187.2,0.25,159.35,Upi,Online,False,13921.199999999999,2025-05
ORD14638,2025-07-18,CUST1002,Customer_1002,South,Clothing,Jeans,4,1622.78,0.0,0.0,Credit Card,Retail Store,False,6491.12,2025-07
ORD11696,2024-09-04,CUST1197,Customer_1197,North,Electronics,Smartphone,2,48830.29,0.1,199.29,Credit Card,Online,False,87894.522,2024-09
ORD14469,2024-03-10,CUST1042,Customer_1042,East,Home & Kitchen,Vacuum Cleaner,1,5831.86,0.0,120.55,Credit Card,Online,False,5831.86,2024-03
ORD14085,2025-07-09,CUST1221,Customer_1221,South,Home & Kitchen,Lamp,1,4924.12,0.0,74.97,Upi,Online,False,4924.12,2025-07
ORD11911,2024-11-18,CUST1066,Customer_1066,North,Home & Kitchen,Blender,3,541.7,0.1,47.4,Upi,Online,False,1462.5900000000001,2024-11
ORD13023,2024-08-12,CUST1323,Customer_1323,West,Sports,Yoga Mat,2,5955.37,0.0,19.55,Credit Card,Online,False,11910.74,2024-08
ORD11819,2024-09-30,CUST1003,Customer_1003,South,Electronics,Headphones,5,39146.44,0.25,78.12,Cash On Delivery,Online,False,146799.15000000002,2024-09
ORD10406,2025-11-20,CUST1316,Customer_1316,West,Beauty,Sunscreen,3,183.17,0.25,189.21,Debit Card,Online,False,412.1325,2025-11
ORD11805,2025-11-01,CUST1077,Customer_1077,South,Clothing,Shoes,4,2929.26,0.0,177.57,Unknown,Online,False,11717.04,2025-11
ORD13558,2024-03-24,CUST1333,Customer_1333,South,Clothing,Shoes,1,2371.41,0.15,0.0,Debit Card,Retail Store,False,2015.6984999999997,2024-03
ORD13647,2024-11-09,CUST1166,Customer_1166,North,Sports,Yoga Mat,2,3961.56,0.25,0.0,Cash On Delivery,Retail Store,False,5942.34,2024-11
ORD13595,2025-12-13,CUST1166,Customer_1166,North,Clothing,Dress,1,2377.08,0.0,0.0,Net Banking,Retail Store,False,2377.08,2025-12
ORD14540,2024-09-30,CUST1110,Customer_1110,South,Electronics,Smartphone,1,51052.39,0.25,185.96,Net Banking,Online,False,38289.292499999996,2024-09
ORD14738,2024-04-09,CUST1338,Customer_1338,East,Beauty,Sunscreen,4,1296.53,0.0,0.0,Cash On Delivery,Retail Store,False,5186.12,2024-04
ORD13940,2025-03-03,CUST1176,Customer_1176,North,Clothing,Dress,4,979.06,0.2,88.92,Net Banking,Online,False,3132.992,2025-03
ORD11544,2025-08-20,CUST1163,Customer_1163,East,Sports,Cricket Bat,2,3089.6,0.2,155.07,Net Banking,Online,False,4943.360000000001,2025-08
ORD10463,2025-12-10,CUST1296,Customer_1296,West,Sports,Cricket Bat,5,3177.21,0.05,0.0,Debit Card,Retail Store,False,15091.7475,2025-12
ORD11223,2024-09-15,CUST1139,Customer_1139,South,Clothing,Jacket,1,2295.09,0.2,0.0,Debit Card,Retail Store,False,1836.0720000000001,2024-09
ORD14434,2025-01-21,CUST1382,Customer_1382,East,Electronics,Tablet,3,49575.71,0.0,153.59,Net Banking,Online,False,148727.13,2025-01
ORD14115,2025-08-22,CUST1291,Customer_1291,East,Clothing,Shoes,2,2519.6,0.2,0.0,Cash On Delivery,Retail Store,False,4031.36,2025-08
ORD11091,2024-05-31,CUST1348,Customer_1348,West,Beauty,Face Cream,1,2067.29,0.15,0.0,Cash On Delivery,Retail Store,False,1757.1965,2024-05
ORD10691,2024-02-19,CUST1272,Customer_1272,North,Beauty,Face Cream,-2,1342.1,0.2,0.0,Credit Card,Retail Store,True,-2147.36,2024-02
ORD11241,2025-04-24,CUST1082,Customer_1082,South,Clothing,Shoes,1,1474.86,0.25,0.0,Credit Card,Retail Store,False,1106.145,2025-04
ORD10103,2024-05-11,CUST1026,Customer_1026,East,Sports,Cycling Helmet,2,5021.74,0.0,0.0,Upi,Retail Store,False,10043.48,2024-05
ORD13434,2025-09-25,CUST1058,Customer_1058,East,Home & Kitchen,Lamp,4,3875.7,0.05,106.49,Upi,Online,False,14727.659999999998,2025-09
ORD11631,2025-10-11,CUST1029,Customer_1029,South,Sports,Cricket Bat,1,2596.1,0.05,89.64,Debit Card,Online,False,2466.2949999999996,2025-10
ORD13025,2025-07-23,CUST1163,Customer_1163,South,Beauty,Sunscreen,4,2312.38,0.15,65.53,Debit Card,Online,False,7862.092000000001,2025-07
ORD10683,2025-08-14,CUST1307,Customer_1307,North,Home & Kitchen,Lamp,4,6223.8,0.1,184.47,Debit Card,Online,False,22405.68,2025-08
ORD14604,2025-09-15,CUST1232,Customer_1232,West,Clothing,Shoes,2,2492.47,0.0,0.0,Debit Card,Retail Store,False,4984.94,2025-09
ORD13316,2025-07-12,CUST1086,Customer_1086,North,Home & Kitchen,Vacuum Cleaner,3,2861.37,0.15,0.0,Cash On Delivery,Retail Store,False,7296.4935000000005,2025-07
ORD10597,2025-06-26,CUST1260,Customer_1260,East,Home & Kitchen,Blender,4,5990.01,0.1,129.27,Credit Card,Online,False,21564.036,2025-06
ORD13313,2024-12-24,CUST1253,Customer_1253,South,Sports,Cycling Helmet,1,5892.96,0.2,0.0,Credit Card,Retail Store,False,4714.368,2024-12
ORD12863,2025-11-25,CUST1280,Customer_1280,North,Home & Kitchen,Vacuum Cleaner,2,7864.97,0.15,0.0,Net Banking,Retail Store,False,13370.449,2025-11
ORD13963,2025-03-16,CUST1036,Customer_1036,West,Electronics,Smartwatch,3,50222.68,0.0,0.0,Cash On Delivery,Retail Store,False,150668.04,2025-03
ORD12695,2024-07-20,CUST1099,Customer_1099,South,Sports,Dumbbells,1,3368.44,0.0,43.49,Debit Card,Online,False,3368.44,2024-07
ORD14298,2025-02-06,CUST1264,Customer_1264,South,Home & Kitchen,Vacuum Cleaner,5,5495.09,0.0,0.0,Upi,Retail Store,False,27475.45,2025-02
ORD12080,2025-01-26,CUST1338,Customer_1338,North,Beauty,Shampoo,1,326.79,0.15,0.0,Upi,Retail Store,False,277.7715,2025-01
ORD10199,2025-10-29,CUST1132,Customer_1132,Unknown,Electronics,Laptop,1,11030.08,0.1,0.0,Credit Card,Retail Store,False,9927.072,2025-10
ORD13194,2024-03-28,CUST1020,Customer_1020,North,Beauty,Shampoo,5,381.07,0.25,173.12,Net Banking,Online,False,1429.0124999999998,2024-03
ORD14894,2025-01-20,CUST1258,Customer_1258,South,Clothing,Dress,2,1912.47,0.15,0.0,Debit Card,Retail Store,False,3251.199,2025-01
ORD12121,2025-06-06,CUST1326,Customer_1326,West,Home & Kitchen,Lamp,1,2536.37,0.2,178.85,Credit Card,Online,False,2029.096,2025-06
ORD13852,2024-02-27,CUST1100,Customer_1100,West,Home & Kitchen,Vacuum Cleaner,3,4414.51,0.0,0.0,Credit Card,Retail Store,False,13243.53,2024-02
ORD11813,2025-02-09,CUST1012,Customer_1012,West,Clothing,Jacket,5,935.06,0.05,106.38,Debit Card,Online,False,4441.534999999999,2025-02
ORD12350,2025-07-11,CUST1110,Customer_1110,West,Beauty,Lipstick,5,1650.53,0.15,2.72,Upi,Online,False,7014.7525,2025-07
ORD10039,2024-01-13,CUST1091,Customer_1091,West,Home & Kitchen,Blender,5,2691.02,0.0,0.0,Unknown,Retail Store,False,13455.1,2024-01
ORD12672,2025-04-18,CUST1083,Customer_1083,South,Clothing,Dress,5,1668.54,0.25,172.15,Net Banking,Online,False,6257.025000000001,2025-04
ORD10068,2025-08-10,CUST1307,Customer_1307,East,Home & Kitchen,Vacuum Cleaner,1,2181.84,0.1,121.8,Net Banking,Online,False,1963.6560000000002,2025-08
ORD12410,2024-09-27,CUST1080,Customer_1080,North,Beauty,Lipstick,1,2001.7,0.1,0.0,Debit Card,Retail Store,False,1801.53,2024-09
ORD13041,2025-06-07,CUST1370,Customer_1370,West,Beauty,Perfume,3,156.06,0.0,10.55,Debit Card,Online,False,468.18,2025-06
ORD10679,2025-10-19,CUST1211,Customer_1211,East,Clothing,Jeans,3,1096.32,0.15,0.0,Credit Card,Retail Store,False,2795.616,2025-10
ORD14227,2024-10-18,CUST1334,Customer_1334,East,Beauty,Face Cream,3,2471.11,0.0,0.0,Net Banking,Retail Store,False,7413.33,2024-10
ORD14161,2024-03-13,CUST1045,Customer_1045,North,Electronics,Laptop,4,24151.41,0.2,146.77,Net Banking,Online,False,77284.512,2024-03
ORD14088,2025-01-13,CUST1308,Customer_1308,South,Clothing,T-Shirt,5,2389.51,0.0,116.2,Cash On Delivery,Online,False,11947.550000000001,2025-01
ORD12528,2025-01-28,CUST1229,Customer_1229,West,Electronics,Tablet,4,44140.21,0.0,123.27,Net Banking,Online,False,176560.84,2025-01
ORD10365,2025-11-12,CUST1146,Customer_1146,South,Clothing,Jeans,2,2983.19,0.0,0.0,Debit Card,Retail Store,False,5966.38,2025-11
ORD13329,2024-01-09,CUST1115,Customer_1115,East,Clothing,T-Shirt,3,1265.67,0.0,0.0,Cash On Delivery,Retail Store,False,3797.01,2024-01
ORD12341,2024-07-17,CUST1216,Customer_1216,South,Clothing,Dress,1,899.62,0.15,112.67,Upi,Online,False,764.677,2024-07
ORD12071,2025-06-25,CUST1328,Customer_1328,West,Clothing,Dress,4,1668.54,0.25,0.0,Debit Card,Retail Store,False,5005.62,2025-06
ORD10954,2025-12-12,CUST1376,Customer_1376,South,Sports,Cycling Helmet,5,2964.16,0.0,47.06,Upi,Online,False,14820.8,2025-12
ORD12673,2025-09-10,CUST1365,Customer_1365,South,Beauty,Lipstick,4,1431.93,0.15,136.89,Upi,Online,False,4868.562,2025-09
ORD10287,2024-02-08,CUST1291,Customer_1291,East,Clothing,T-Shirt,3,2529.4,0.1,184.37,Credit Card,Online,False,6829.380000000001,2024-02
ORD12549,2025-08-19,CUST1111,Customer_1111,West,Electronics,Laptop,3,22275.13,0.2,0.0,Debit Card,Retail Store,False,53460.312000000005,2025-08
ORD12167,2024-11-17,CUST1286,Customer_1286,East,Sports,Cricket Bat,1,479.25,0.15,43.82,Credit Card,Online,False,407.3625,2024-11
ORD13321,2024-08-22,CUST1096,Customer_1096,Unknown,Beauty,Sunscreen,2,2414.44,0.1,0.0,Cash On Delivery,Retail Store,False,4345.992,2024-08
ORD12425,2024-08-06,CUST1230,Customer_1230,West,Home & Kitchen,Lamp,1,7577.9,0.25,0.0,Net Banking,Retail Store,False,5683.424999999999,2024-08
ORD11581,2024-05-15,CUST1293,Customer_1293,West,Electronics,Headphones,1,14978.08,0.0,31.58,Credit Card,Online,False,14978.08,2024-05
ORD12028,2024-04-17,CUST1226,Customer_1226,West,Sports,Cycling Helmet,5,3015.85,0.0,102.33,Credit Card,Online,False,15079.25,2024-04
ORD12062,2024-12-07,CUST1300,Customer_1300,West,Electronics,Laptop,2,19338.68,0.0,139.56,Cash On Delivery,Online,False,38677.36,2024-12
ORD13285,2024-11-05,CUST1056,Customer_1056,East,Clothing,Jeans,4,2232.34,0.15,0.0,Debit Card,Retail Store,False,7589.956,2024-11
ORD12609,2024-11-03,CUST1345,Customer_1345,South,Clothing,Shoes,3,2656.26,0.0,0.0,Debit Card,Retail Store,False,7968.780000000001,2024-11
ORD13345,2024-11-07,CUST1235,Customer_1235,West,Home & Kitchen,Cookware Set,5,6478.74,0.05,179.08,Debit Card,Online,False,30774.014999999996,2024-11
ORD12556,2024-05-24,CUST1061,Customer_1061,East,Electronics,Smartphone,5,21094.39,0.15,0.0,Net Banking,Retail Store,False,89651.1575,2024-05
ORD12311,2025-09-07,CUST1257,Customer_1257,North,Home & Kitchen,Vacuum Cleaner,1,2692.52,0.0,185.82,Credit Card,Online,False,2692.52,2025-09
ORD14758,2025-11-30,CUST1316,Customer_1316,North,Beauty,Sunscreen,5,341.75,0.1,0.0,Credit Card,Retail Store,False,1537.875,2025-11
ORD12686,2024-01-16,CUST1376,Customer_1376,East,Clothing,Shoes,-4,327.11,0.15,0.0,Upi,Retail Store,True,-1112.174,2024-01
ORD13847,2025-12-30,CUST1073,Customer_1073,South,Electronics,Laptop,2,51585.44,0.15,146.0,Cash On Delivery,Online,False,87695.248,2025-12
ORD12066,2024-11-10,CUST1362,Customer_1362,East,Beauty,Perfume,1,1158.34,0.25,0.0,Cash On Delivery,Retail Store,False,868.7549999999999,2024-11
ORD11057,2024-05-25,CUST1322,Customer_1322,Unknown,Home & Kitchen,Blender,5,7975.86,0.0,0.0,Cash On Delivery,Retail Store,False,39879.299999999996,2024-05
ORD10793,2025-09-11,CUST1046,Customer_1046,West,Electronics,Smartwatch,2,43443.28,0.25,88.5,Upi,Online,False,65164.92,2025-09
ORD12985,2024-02-02,CUST1025,Customer_1025,North,Electronics,Tablet,3,3988.89,0.25,159.64,Debit Card,Online,False,8975.0025,2024-02
ORD14341,2025-01-12,CUST1365,Customer_1365,South,Electronics,Smartwatch,5,45983.88,0.0,31.75,Cash On Delivery,Online,False,229919.4,2025-01
ORD11732,2025-09-02,CUST1034,Customer_1034,North,Home & Kitchen,Cookware Set,2,5768.89,0.1,0.0,Upi,Retail Store,False,10384.002,2025-09
ORD14292,2024-07-05,CUST1212,Customer_1212,East,Beauty,Lipstick,2,365.79,0.05,110.56,Cash On Delivery,Online,False,695.001,2024-07
ORD11097,2024-07-23,CUST1017,Customer_1017,South,Beauty,Lipstick,1,1064.36,0.0,0.0,Credit Card,Retail Store,False,1064.36,2024-07
ORD11597,2024-12-20,CUST1283,Customer_1283,North,Electronics,Headphones,3,27160.06,0.0,69.01,Cash On Delivery,Online,False,81480.18000000001,2024-12
ORD11293,2025-11-05,CUST1275,Customer_1275,North,Beauty,Shampoo,1,1342.1,0.1,93.18,Debit Card,Online,False,1207.8899999999999,2025-11
ORD13319,2025-06-19,CUST1035,Customer_1035,North,Home & Kitchen,Vacuum Cleaner,3,1098.78,0.15,0.0,Credit Card,Retail Store,False,2801.889,2025-06
ORD14800,2025-01-28,CUST1158,Customer_1158,North,Clothing,Jeans,5,2863.7,0.15,0.0,Net Banking,Retail Store,False,12170.725,2025-01
ORD12911,2025-01-24,CUST1068,Customer_1068,West,Home & Kitchen,Blender,1,6079.52,0.0,0.0,Credit Card,Retail Store,False,6079.52,2025-01
ORD12056,2024-10-29,CUST1115,Customer_1115,West,Sports,Cricket Bat,3,3127.17,0.05,0.0,Net Banking,Retail Store,False,8912.4345,2024-10
ORD12130,2025-10-30,CUST1087,Customer_1087,West,Sports,Cycling Helmet,4,2437.32,0.0,0.0,Upi,Retail Store,False,9749.28,2025-10
ORD14976,2024-03-20,CUST1318,Customer_1318,South,Beauty,Perfume,1,779.69,0.0,189.06,Credit Card,Online,False,779.69,2024-03
ORD10828,2025-04-19,CUST1282,Customer_1282,East,Beauty,Shampoo,5,1984.96,0.1,50.64,Net Banking,Online,False,8932.32,2025-04
ORD14777,2025-01-13,CUST1227,Customer_1227,South,Clothing,Shoes,3,1668.54,0.2,93.76,Upi,Online,False,4004.496,2025-01
ORD13649,2025-09-26,CUST1260,Customer_1260,South,Clothing,T-Shirt,-2,2941.84,0.25,0.0,Net Banking,Retail Store,True,-4412.76,2025-09
ORD10722,2025-08-10,CUST1224,Customer_1224,South,Home & Kitchen,Blender,4,6314.32,0.1,65.57,Cash On Delivery,Online,False,22731.552,2025-08
ORD14974,2025-05-17,CUST1030,Customer_1030,East,Clothing,Jacket,4,2815.27,0.2,0.0,Debit Card,Retail Store,False,9008.864,2025-05
ORD13985,2025-05-22,CUST1374,Customer_1374,North,Electronics,Smartwatch,3,31215.65,0.2,0.0,Net Banking,Retail Store,False,74917.56000000001,2025-05
ORD11595,2025-07-08,CUST1056,Customer_1056,West,Beauty,Shampoo,1,514.8,0.1,95.92,Upi,Online,False,463.32,2025-07
ORD13569,2024-10-10,CUST1371,Customer_1371,North,Sports,Yoga Mat,5,2390.46,0.05,0.0,Debit Card,Retail Store,False,11354.685,2024-10
ORD14510,2024-08-13,CUST1369,Customer_1369,East,Home & Kitchen,Lamp,4,2358.28,0.2,186.82,Credit Card,Online,False,7546.496000000001,2024-08
ORD10764,2024-11-15,CUST1293,Customer_1293,South,Clothing,Shoes,2,1501.79,0.0,118.02,Upi,Online,False,3003.58,2024-11
ORD14184,2024-12-20,CUST1140,Customer_1140,West,Home & Kitchen,Cookware Set,5,5247.74,0.25,132.17,Net Banking,Online,False,19679.024999999998,2024-12
ORD12591,2024-07-08,CUST1035,Customer_1035,East,Clothing,T-Shirt,2,1173.56,0.1,0.0,Net Banking,Retail Store,False,2112.408,2024-07
ORD12525,2025-07-06,CUST1045,Customer_1045,South,Clothing,Shoes,5,1717.54,0.0,130.94,Debit Card,Online,False,8587.7,2025-07
ORD11592,2024-10-08,CUST1182,Customer_1182,West,Clothing,T-Shirt,4,2425.69,0.25,193.39,Upi,Online,False,7277.07,2024-10
ORD13495,2025-05-28,CUST1315,Customer_1315,North,Clothing,Dress,4,792.37,0.25,0.0,Cash On Delivery,Retail Store,False,2377.11,2025-05
ORD11421,2025-02-18,CUST1186,Customer_1186,North,Sports,Cricket Bat,2,2663.56,0.15,95.28,Cash On Delivery,Online,False,4528.052,2025-02
ORD10654,2024-10-01,CUST1163,Customer_1163,East,Electronics,Laptop,4,46760.38,0.1,0.0,Credit Card,Retail Store,False,168337.368,2024-10
ORD14125,2024-07-23,CUST1331,Customer_1331,South,Clothing,T-Shirt,5,2344.16,0.0,0.0,Debit Card,Retail Store,False,11720.8,2024-07
ORD10283,2025-11-21,CUST1118,Customer_1118,East,Sports,Running Shoes,2,3525.59,0.15,158.49,Credit Card,Online,False,5993.503,2025-11
ORD13630,2025-07-20,CUST1335,Customer_1335,East,Beauty,Perfume,1,383.83,0.2,23.64,Cash On Delivery,Online,False,307.064,2025-07
ORD14166,2024-04-08,CUST1000,Customer_1000,West,Beauty,Perfume,4,1563.2,0.0,0.0,Debit Card,Retail Store,False,6252.8,2024-04
ORD12259,2024-12-15,CUST1098,Customer_1098,East,Clothing,Jacket,1,2564.89,0.05,126.95,Net Banking,Online,False,2436.6454999999996,2024-12
ORD12026,2024-01-30,CUST1008,Customer_1008,East,Electronics,Tablet,4,2306.11,0.05,0.0,Upi,Retail Store,False,8763.218,2024-01
ORD14990,2025-10-15,CUST1335,Customer_1335,West,Home & Kitchen,Cookware Set,5,2237.71,0.0,0.0,Credit Card,Retail Store,False,11188.55,2025-10
ORD13431,2025-05-14,CUST1331,Customer_1331,North,Home & Kitchen,Bedsheet,1,2398.68,0.05,117.26,Net Banking,Online,False,2278.7459999999996,2025-05
ORD14727,2024-05-12,CUST1392,Customer_1392,South,Sports,Cricket Bat,2,1625.07,0.15,0.0,Net Banking,Retail Store,False,2762.6189999999997,2024-05
ORD11445,2025-07-06,CUST1320,Customer_1320,East,Sports,Running Shoes,1,1246.54,0.0,75.71,Credit Card,Online,False,1246.54,2025-07
ORD10981,2024-01-24,CUST1330,Customer_1330,East,Electronics,Tablet,5,28422.56,0.0,0.0,Net Banking,Retail Store,False,142112.80000000002,2024-01
ORD11153,2024-03-05,CUST1377,Customer_1377,East,Home & Kitchen,Cookware Set,5,4063.85,0.1,112.49,Cash On Delivery,Online,False,18287.325,2024-03
ORD14149,2024-12-28,CUST1131,Customer_1131,North,Sports,Cycling Helmet,2,5722.4,0.0,11.13,Cash On Delivery,Online,False,11444.8,2024-12
ORD10674,2024-02-09,CUST1320,Customer_1320,East,Electronics,Tablet,1,55763.13,0.0,16.56,Debit Card,Online,False,55763.13,2024-02
ORD10468,2025-06-22,CUST1339,Customer_1339,Unknown,Sports,Yoga Mat,2,2999.9,0.15,0.0,Cash On Delivery,Retail Store,False,5099.83,2025-06
ORD13756,2025-05-04,CUST1322,Customer_1322,North,Home & Kitchen,Blender,4,6045.77,0.2,56.55,Upi,Online,False,19346.464000000004,2025-05
ORD13026,2025-05-07,CUST1190,Customer_1190,North,Electronics,Headphones,3,41548.96,0.0,159.82,Net Banking,Online,False,124646.88,2025-05
ORD10429,2025-09-17,CUST1285,Customer_1285,South,Home & Kitchen,Cookware Set,5,7597.01,0.0,101.46,Net Banking,Online,False,37985.05,2025-09
ORD13084,2024-02-14,CUST1195,Customer_1195,North,Electronics,Laptop,5,52999.55,0.15,162.79,Debit Card,Online,False,225248.0875,2024-02
ORD11555,2025-08-09,CUST1361,Customer_1361,East,Beauty,Lipstick,2,317.66,0.1,134.23,Net Banking,Online,False,571.788,2025-08
ORD11129,2024-07-03,CUST1025,Customer_1025,North,Beauty,Perfume,5,1252.53,0.0,0.0,Net Banking,Retail Store,False,6262.65,2024-07
ORD11210,2024-02-11,CUST1277,Customer_1277,North,Home & Kitchen,Vacuum Cleaner,5,6999.51,0.05,86.91,Debit Card,Online,False,33247.6725,2024-02
ORD10916,2025-07-14,CUST1024,Customer_1024,West,Electronics,Smartwatch,3,8769.47,0.0,75.62,Debit Card,Online,False,26308.409999999996,2025-07
ORD10166,2025-05-23,CUST1222,Customer_1222,North,Electronics,Smartwatch,5,19593.47,0.0,0.0,Debit Card,Retail Store,False,97967.35,2025-05
ORD13946,2024-07-14,CUST1028,Customer_1028,South,Beauty,Sunscreen,3,732.78,0.2,0.0,Net Banking,Retail Store,False,1758.6720000000003,2024-07
ORD13253,2024-06-13,CUST1225,Customer_1225,West,Clothing,T-Shirt,5,371.25,0.2,112.63,Upi,Online,False,1485.0,2024-06
ORD14817,2025-04-03,CUST1146,Customer_1146,West,Beauty,Shampoo,5,554.88,0.0,164.6,Credit Card,Online,False,2774.4,2025-04
ORD13097,2024-04-09,CUST1196,Customer_1196,North,Electronics,Smartphone,2,31539.56,0.0,169.82,Net Banking,Online,False,63079.12,2024-04
ORD12494,2025-09-20,CUST1028,Customer_1028,South,Electronics,Laptop,1,56624.41,0.0,0.0,Debit Card,Retail Store,False,56624.41,2025-09
ORD11000,2024-02-20,CUST1302,Customer_1302,North,Beauty,Face Cream,4,1047.71,0.1,166.18,Debit Card,Online,False,3771.7560000000003,2024-02
ORD11178,2024-04-17,CUST1251,Customer_1251,North,Sports,Yoga Mat,3,3856.29,0.0,0.0,Upi,Retail Store,False,11568.869999999999,2024-04
ORD10056,2025-10-04,CUST1146,Customer_1146,North,Clothing,Dress,3,976.69,0.0,115.91,Cash On Delivery,Online,False,2930.07,2025-10
ORD10208,2025-03-20,CUST1127,Customer_1127,East,Clothing,Jacket,3,1889.41,0.15,0.0,Upi,Retail Store,False,4817.9955,2025-03
ORD12111,2024-02-03,CUST1316,Customer_1316,North,Electronics,Headphones,4,4927.07,0.0,131.36,Credit Card,Online,False,19708.28,2024-02
ORD13858,2024-05-04,CUST1037,Customer_1037,South,Clothing,T-Shirt,2,2596.38,0.0,49.51,Net Banking,Online,False,5192.76,2024-05
ORD11307,2025-02-12,CUST1381,Customer_1381,South,Clothing,Dress,1,326.58,0.25,170.58,Upi,Online,False,244.935,2025-02
ORD11440,2025-03-16,CUST1108,Customer_1108,East,Home & Kitchen,Bedsheet,2,515.46,0.15,0.0,Debit Card,Retail Store,False,876.282,2025-03
ORD10425,2025-04-04,CUST1118,Customer_1118,North,Electronics,Tablet,1,19977.23,0.15,0.0,Debit Card,Retail Store,False,16980.6455,2025-04
ORD10697,2024-06-04,CUST1147,Customer_1147,West,Sports,Running Shoes,5,2320.52,0.25,134.6,Debit Card,Online,False,8701.95,2024-06
ORD14200,2025-07-28,CUST1379,Customer_1379,East,Home & Kitchen,Bedsheet,5,2081.66,0.0,42.4,Debit Card,Online,False,10408.3,2025-07
ORD11265,2025-06-13,CUST1353,Customer_1353,West,Clothing,Jacket,-3,866.69,0.0,0.0,Net Banking,Retail Store,True,-2600.07,2025-06
ORD12987,2024-03-29,CUST1310,Customer_1310,South,Home & Kitchen,Cookware Set,5,1518.39,0.15,0.0,Credit Card,Retail Store,False,6453.1575,2024-03
ORD12850,2025-08-19,CUST1236,Customer_1236,South,Beauty,Lipstick,2,1490.3,0.0,0.0,Credit Card,Retail Store,False,2980.6,2025-08
ORD11593,2025-03-10,CUST1032,Customer_1032,West,Home & Kitchen,Bedsheet,4,3828.22,0.25,0.0,Upi,Retail Store,False,11484.66,2025-03
ORD12301,2024-11-23,CUST1248,Customer_1248,North,Home & Kitchen,Cookware Set,5,4480.37,0.0,0.0,Unknown,Retail Store,False,22401.85,2024-11
ORD10492,2025-01-03,CUST1084,Customer_1084,East,Clothing,Jeans,4,1070.45,0.0,0.0,Cash On Delivery,Retail Store,False,4281.8,2025-01
ORD10961,2025-09-16,CUST1258,Customer_1258,West,Electronics,Tablet,4,3001.07,0.0,0.0,Upi,Retail Store,False,12004.28,2025-09
ORD11860,2025-03-16,CUST1158,Customer_1158,South,Beauty,Sunscreen,3,648.05,0.25,0.0,Credit Card,Retail Store,False,1458.1125,2025-03
ORD12993,2024-01-27,CUST1356,Customer_1356,West,Home & Kitchen,Bedsheet,2,1559.15,0.25,0.0,Cash On Delivery,Retail Store,False,2338.7250000000004,2024-01
ORD14543,2025-12-04,CUST1021,Customer_1021,North,Sports,Cricket Bat,3,5230.37,0.2,12.13,Cash On Delivery,Online,False,12552.888,2025-12
ORD10978,2024-05-21,CUST1225,Customer_1225,West,Electronics,Smartphone,1,40503.15,0.15,5.62,Debit Card,Online,False,34427.6775,2024-05
ORD14700,2025-12-27,CUST1103,Customer_1103,South,Clothing,Jacket,4,767.83,0.1,149.31,Cash On Delivery,Online,False,2764.188,2025-12
ORD13307,2024-07-14,CUST1285,Customer_1285,South,Beauty,Lipstick,5,1963.82,0.0,63.43,Net Banking,Online,False,9819.1,2024-07
ORD10819,2025-04-12,CUST1000,Customer_1000,East,Electronics,Tablet,4,42622.4,0.15,0.0,Upi,Retail Store,False,144916.16,2025-04
ORD11826,2025-10-17,CUST1286,Customer_1286,East,Home & Kitchen,Blender,3,7171.6,0.05,0.0,Net Banking,Retail Store,False,20439.06,2025-10
ORD13617,2025-11-14,CUST1018,Customer_1018,West,Beauty,Face Cream,3,826.85,0.0,0.0,Debit Card,Retail Store,False,2480.55,2025-11
ORD13794,2024-10-15,CUST1285,Customer_1285,West,Clothing,Jacket,3,2031.03,0.25,0.0,Upi,Retail Store,False,4569.8175,2024-10
ORD11467,2024-05-08,CUST1386,Customer_1386,South,Beauty,Lipstick,5,1021.79,0.15,0.0,Upi,Retail Store,False,4342.6075,2024-05
ORD14313,2025-10-02,CUST1166,Customer_1166,South,Beauty,Perfume,5,1639.68,0.0,0.0,Upi,Retail Store,False,8198.4,2025-10
ORD10621,2025-08-07,CUST1396,Customer_1396,South,Beauty,Sunscreen,5,1861.47,0.05,160.32,Upi,Online,False,8841.9825,2025-08
ORD13502,2025-07-14,CUST1113,Customer_1113,North,Beauty,Lipstick,3,273.25,0.25,0.0,Upi,Retail Store,False,614.8125,2025-07
ORD14346,2024-03-26,CUST1123,Customer_1123,North,Home & Kitchen,Blender,5,7013.17,0.15,102.32,Unknown,Online,False,29805.972499999996,2024-03
ORD11778,2024-05-19,CUST1150,Customer_1150,West,Beauty,Sunscreen,2,2234.65,0.2,0.0,Credit Card,Retail Store,False,3575.4400000000005,2024-05
ORD14769,2024-11-14,CUST1074,Customer_1074,North,Sports,Dumbbells,2,3476.42,0.0,0.0,Cash On Delivery,Retail Store,False,6952.84,2024-11
ORD10336,2025-11-25,CUST1243,Customer_1243,North,Sports,Dumbbells,4,2017.24,0.1,0.0,Credit Card,Retail Store,False,7262.064,2025-11
ORD14907,2024-12-10,CUST1236,Customer_1236,West,Sports,Dumbbells,5,4663.7,0.05,0.0,Upi,Retail Store,False,22152.575,2024-12
ORD11083,2025-01-09,CUST1134,Customer_1134,South,Clothing,Jeans,5,661.74,0.0,44.98,Net Banking,Online,False,3308.7,2025-01
ORD12607,2024-03-05,CUST1042,Customer_1042,West,Beauty,Shampoo,5,1123.88,0.1,127.69,Debit Card,Online,False,5057.460000000001,2024-03
ORD10390,2024-02-08,CUST1179,Customer_1179,East,Electronics,Smartphone,2,19757.82,0.15,0.0,Net Banking,Retail Store,False,33588.294,2024-02
ORD10737,2024-05-14,CUST1380,Customer_1380,South,Electronics,Smartwatch,3,7655.85,0.1,149.59,Debit Card,Online,False,20670.795000000002,2024-05
ORD10113,2024-05-17,CUST1253,Customer_1253,West,Clothing,Jacket,-1,589.71,0.25,161.76,Upi,Online,True,-442.2825,2024-05
ORD11068,2024-03-30,CUST1003,Customer_1003,East,Home & Kitchen,Vacuum Cleaner,4,6424.66,0.0,79.05,Upi,Online,False,25698.64,2024-03
ORD10937,2025-11-07,CUST1355,Customer_1355,East,Sports,Cycling Helmet,4,2408.84,0.2,0.0,Net Banking,Retail Store,False,7708.2880000000005,2025-11
ORD12299,2025-10-11,CUST1133,Customer_1133,South,Home & Kitchen,Lamp,4,6289.61,0.2,46.79,Debit Card,Online,False,20126.752,2025-10
ORD11873,2024-09-25,CUST1015,Customer_1015,East,Beauty,Face Cream,5,1328.53,0.25,136.85,Net Banking,Online,False,4981.987499999999,2024-09
ORD14704,2025-05-05,CUST1277,Customer_1277,North,Clothing,Shoes,2,1527.36,0.0,0.0,Credit Card,Retail Store,False,3054.72,2025-05
ORD11015,2025-10-03,CUST1282,Customer_1282,North,Clothing,T-Shirt,3,1695.82,0.2,0.0,Net Banking,Retail Store,False,4069.9680000000003,2025-10
ORD10257,2025-11-24,CUST1394,Customer_1394,South,Clothing,Jacket,4,2627.46,0.05,0.0,Cash On Delivery,Retail Store,False,9984.348,2025-11
ORD13193,2024-12-25,CUST1141,Customer_1141,South,Sports,Running Shoes,3,3596.15,0.05,0.0,Net Banking,Retail Store,False,10249.0275,2024-12
ORD11339,2025-12-06,CUST1121,Customer_1121,South,Sports,Dumbbells,2,1421.22,0.1,45.59,Cash On Delivery,Online,False,2558.196,2025-12
ORD11152,2024-12-17,CUST1192,Customer_1192,North,Home & Kitchen,Lamp,5,4810.6,0.0,152.8,Cash On Delivery,Online,False,24053.0,2024-12
ORD12264,2024-01-24,CUST1020,Customer_1020,East,Sports,Running Shoes,2,1129.03,0.05,0.0,Upi,Retail Store,False,2145.1569999999997,2024-01
ORD10992,2024-01-28,CUST1245,Customer_1245,East,Electronics,Smartphone,3,1659.82,0.05,20.08,Net Banking,Online,False,4730.487,2024-01
ORD12968,2025-11-23,CUST1250,Customer_1250,East,Clothing,T-Shirt,2,2470.4,0.25,0.0,Upi,Retail Store,False,3705.6000000000004,2025-11
ORD12558,2025-10-14,CUST1221,Customer_1221,East,Beauty,Shampoo,1,1342.1,0.2,139.21,Net Banking,Online,False,1073.68,2025-10
ORD11009,2025-03-30,CUST1359,Customer_1359,South,Home & Kitchen,Bedsheet,4,5088.53,0.0,0.0,Credit Card,Retail Store,False,20354.12,2025-03
ORD13124,2024-01-23,CUST1393,Customer_1393,West,Beauty,Shampoo,1,1342.1,0.0,164.48,Upi,Online,False,1342.1,2024-01
ORD14917,2025-07-19,CUST1212,Customer_1212,North,Beauty,Face Cream,2,208.67,0.25,30.07,Cash On Delivery,Online,False,313.005,2025-07
ORD10526,2025-06-11,CUST1029,Customer_1029,South,Electronics,Laptop,5,48788.29,0.25,123.26,Cash On Delivery,Online,False,182956.08750000002,2025-06
ORD13513,2024-01-16,CUST1242,Customer_1242,West,Sports,Cycling Helmet,4,3974.91,0.25,0.0,Net Banking,Retail Store,False,11924.73,2024-01
ORD10132,2024-04-05,CUST1203,Customer_1203,East,Electronics,Laptop,4,15727.66,0.0,0.0,Net Banking,Retail Store,False,62910.64,2024-04
ORD12462,2024-09-21,CUST1309,Customer_1309,West,Beauty,Face Cream,2,1853.47,0.15,188.82,Net Banking,Online,False,3150.899,2024-09
ORD10035,2024-12-10,CUST1374,Customer_1374,South,Sports,Cricket Bat,3,3002.37,0.2,0.0,Unknown,Retail Store,False,7205.688000000001,2024-12
ORD10441,2025-05-31,CUST1034,Customer_1034,West,Electronics,Smartwatch,4,34597.19,0.0,173.27,Cash On Delivery,Online,False,138388.76,2025-05
ORD10064,2025-04-14,CUST1243,Customer_1243,North,Beauty,Perfume,5,1859.02,0.1,0.0,Credit Card,Retail Store,False,8365.59,2025-04
ORD12029,2025-04-19,CUST1393,Customer_1393,South,Home & Kitchen,Cookware Set,2,5670.05,0.0,4.31,Cash On Delivery,Online,False,11340.1,2025-04
ORD11668,2024-10-06,CUST1014,Customer_1014,North,Beauty,Face Cream,3,1531.23,0.0,0.0,Upi,Retail Store,False,4593.6900000000005,2024-10
ORD14467,2024-12-04,CUST1399,Customer_1399,North,Clothing,Dress,4,2880.29,0.0,70.6,Credit Card,Online,False,11521.16,2024-12
ORD11282,2024-08-05,CUST1218,Customer_1218,East,Electronics,Laptop,4,38652.82,0.1,108.45,Cash On Delivery,Online,False,139150.152,2024-08
ORD12175,2025-12-28,CUST1276,Customer_1276,East,Electronics,Smartwatch,5,40472.5,0.0,93.33,Net Banking,Online,False,202362.5,2025-12
ORD10638,2024-06-13,CUST1144,Customer_1144,North,Clothing,T-Shirt,3,2932.77,0.0,21.25,Debit Card,Online,False,8798.31,2024-06
ORD13068,2025-10-02,CUST1042,Customer_1042,East,Beauty,Perfume,3,2082.94,0.15,3.83,Net Banking,Online,False,5311.496999999999,2025-10
ORD11224,2024-07-19,CUST1131,Customer_1131,South,Sports,Dumbbells,1,4691.92,0.25,92.72,Net Banking,Online,False,3518.94,2024-07
ORD13338,2024-01-08,CUST1307,Customer_1307,East,Sports,Yoga Mat,3,5444.81,0.05,0.0,Upi,Retail Store,False,15517.708499999999,2024-01
ORD14739,2025-04-05,CUST1160,Customer_1160,North,Clothing,Dress,2,2586.72,0.0,158.82,Cash On Delivery,Online,False,5173.44,2025-04
ORD11218,2024-11-15,CUST1272,Customer_1272,North,Home & Kitchen,Blender,4,7667.9,0.1,178.77,Upi,Online,False,27604.44,2024-11
ORD11598,2024-05-19,CUST1299,Customer_1299,South,Clothing,Shoes,1,2610.64,0.25,0.0,Debit Card,Retail Store,False,1957.98,2024-05
ORD12725,2024-05-01,CUST1158,Customer_1158,East,Sports,Cycling Helmet,2,924.58,0.0,0.0,Cash On Delivery,Retail Store,False,1849.16,2024-05
ORD12836,2024-05-01,CUST1276,Customer_1276,East,Clothing,Dress,5,2385.74,0.25,151.31,Net Banking,Online,False,8946.525,2024-05
ORD13743,2024-08-18,CUST1346,Customer_1346,North,Electronics,Smartwatch,2,11459.82,0.15,122.29,Debit Card,Online,False,19481.694,2024-08
ORD13928,2024-08-26,CUST1076,Customer_1076,North,Electronics,Tablet,5,2582.17,0.15,87.09,Credit Card,Online,False,10974.2225,2024-08
ORD10767,2025-05-18,CUST1387,Customer_1387,West,Sports,Dumbbells,3,2836.78,0.0,0.0,Net Banking,Retail Store,False,8510.34,2025-05
ORD12572,2025-04-28,CUST1026,Customer_1026,North,Clothing,Jeans,5,1578.61,0.0,0.76,Net Banking,Online,False,7893.049999999999,2025-04
ORD14279,2025-07-05,CUST1230,Customer_1230,South,Home & Kitchen,Cookware Set,4,5000.07,0.0,156.7,Net Banking,Online,False,20000.28,2025-07
ORD11294,2025-10-22,CUST1275,Customer_1275,North,Electronics,Smartwatch,4,55754.25,0.15,0.0,Credit Card,Retail Store,False,189564.44999999998,2025-10
ORD13274,2024-11-16,CUST1292,Customer_1292,East,Electronics,Laptop,1,6750.06,0.0,0.0,Unknown,Retail Store,False,6750.06,2024-11
ORD13309,2025-09-14,CUST1365,Customer_1365,South,Sports,Yoga Mat,3,4372.54,0.0,159.4,Cash On Delivery,Online,False,13117.619999999999,2025-09
ORD11108,2024-07-05,CUST1350,Customer_1350,East,Sports,Cricket Bat,2,5741.35,0.15,24.21,Credit Card,Online,False,9760.295,2024-07
ORD11659,2025-04-22,CUST1306,Customer_1306,South,Clothing,T-Shirt,5,1024.76,0.0,163.92,Cash On Delivery,Online,False,5123.8,2025-04
ORD11744,2024-07-11,CUST1100,Customer_1100,Unknown,Clothing,Shoes,2,1193.74,0.0,0.0,Debit Card,Retail Store,False,2387.48,2024-07
ORD11278,2024-06-25,CUST1219,Customer_1219,East,Electronics,Smartwatch,3,7355.08,0.05,57.41,Credit Card,Online,False,20961.977999999996,2024-06
ORD13525,2024-06-09,CUST1081,Customer_1081,South,Beauty,Shampoo,1,1116.16,0.0,192.14,Credit Card,Online,False,1116.16,2024-06
ORD14329,2024-04-16,CUST1106,Customer_1106,West,Home & Kitchen,Bedsheet,4,7716.86,0.25,84.12,Net Banking,Online,False,23150.579999999998,2024-04
ORD10129,2025-11-15,CUST1086,Customer_1086,North,Home & Kitchen,Cookware Set,2,4566.03,0.0,168.51,Cash On Delivery,Online,False,9132.06,2025-11
ORD12700,2025-02-07,CUST1066,Customer_1066,North,Clothing,Jeans,-2,1810.81,0.1,0.0,Unknown,Retail Store,True,-3259.458,2025-02
ORD12255,2025-11-16,CUST1301,Customer_1301,West,Home & Kitchen,Cookware Set,1,2503.39,0.0,22.4,Cash On Delivery,Online,False,2503.39,2025-11
ORD10027,2024-08-28,CUST1081,Customer_1081,South,Beauty,Lipstick,3,1288.8,0.1,27.67,Net Banking,Online,False,3479.7599999999998,2024-08
ORD12941,2024-07-25,CUST1343,Customer_1343,West,Home & Kitchen,Vacuum Cleaner,5,6404.18,0.0,158.47,Cash On Delivery,Online,False,32020.9,2024-07
ORD14294,2024-12-05,CUST1357,Customer_1357,South,Clothing,Jacket,2,1270.82,0.0,0.0,Debit Card,Retail Store,False,2541.64,2024-12
ORD14223,2024-10-08,CUST1145,Customer_1145,West,Clothing,Dress,2,2687.84,0.0,0.0,Cash On Delivery,Retail Store,False,5375.68,2024-10
ORD10452,2024-07-15,CUST1198,Customer_1198,North,Clothing,T-Shirt,1,1500.36,0.15,196.02,Debit Card,Online,False,1275.3059999999998,2024-07
ORD11234,2025-02-11,CUST1202,Customer_1202,North,Clothing,Jeans,1,2981.95,0.1,0.0,Cash On Delivery,Retail Store,False,2683.755,2025-02
ORD14593,2025-06-21,CUST1057,Customer_1057,North,Clothing,Shoes,2,2457.65,0.0,0.0,Net Banking,Retail Store,False,4915.3,2025-06
ORD11719,2024-04-15,CUST1345,Customer_1345,North,Clothing,Shoes,-4,1449.38,0.1,41.6,Debit Card,Online,True,-5217.768000000001,2024-04
ORD14863,2025-07-30,CUST1014,Customer_1014,North,Electronics,Tablet,5,10675.39,0.25,0.0,Cash On Delivery,Retail Store,False,40032.712499999994,2025-07
ORD13113,2024-10-04,CUST1230,Customer_1230,East,Sports,Running Shoes,1,1200.91,0.0,155.55,Net Banking,Online,False,1200.91,2024-10
ORD10459,2025-03-14,CUST1286,Customer_1286,South,Electronics,Laptop,4,37612.17,0.25,90.82,Upi,Online,False,112836.51,2025-03
ORD12391,2025-04-02,CUST1385,Customer_1385,East,Beauty,Sunscreen,3,2492.63,0.0,0.0,Credit Card,Retail Store,False,7477.89,2025-04
ORD10680,2024-04-02,CUST1079,Customer_1079,West,Sports,Cycling Helmet,2,2316.21,0.1,93.54,Upi,Online,False,4169.178,2024-04
ORD12009,2024-12-27,CUST1020,Customer_1020,North,Clothing,Jeans,2,677.8,0.05,0.0,Cash On Delivery,Retail Store,False,1287.82,2024-12
ORD12466,2024-09-15,CUST1102,Customer_1102,South,Electronics,Laptop,2,31539.56,0.1,89.92,Cash On Delivery,Online,False,56771.208000000006,2024-09
ORD11747,2025-11-02,CUST1075,Customer_1075,North,Beauty,Face Cream,4,546.82,0.05,0.0,Upi,Retail Store,False,2077.916,2025-11
ORD14511,2025-11-22,CUST1227,Customer_1227,East,Beauty,Face Cream,4,1342.1,0.25,53.4,Net Banking,Online,False,4026.2999999999997,2025-11
ORD11954,2025-05-17,CUST1343,Customer_1343,South,Sports,Yoga Mat,3,4566.32,0.0,120.63,Debit Card,Online,False,13698.96,2025-05
ORD10361,2025-04-26,CUST1389,Customer_1389,North,Clothing,Jacket,3,1441.91,0.0,0.0,Cash On Delivery,Retail Store,False,4325.7300000000005,2025-04
ORD11804,2024-07-15,CUST1346,Customer_1346,West,Beauty,Perfume,3,2191.82,0.05,0.0,Credit Card,Retail Store,False,6246.687000000001,2024-07
ORD13808,2024-03-24,CUST1072,Customer_1072,West,Electronics,Laptop,5,27072.7,0.0,0.0,Credit Card,Retail Store,False,135363.5,2024-03
ORD14861,2024-07-13,CUST1339,Customer_1339,South,Electronics,Headphones,1,57470.12,0.25,0.0,Net Banking,Retail Store,False,43102.590000000004,2024-07
ORD10202,2024-01-27,CUST1133,Customer_1133,North,Home & Kitchen,Cookware Set,2,6929.87,0.0,0.0,Upi,Retail Store,False,13859.74,2024-01
ORD10934,2024-06-28,CUST1296,Customer_1296,South,Beauty,Sunscreen,2,2235.25,0.05,58.89,Debit Card,Online,False,4246.974999999999,2024-06
ORD14508,2025-04-03,CUST1333,Customer_1333,East,Electronics,Smartphone,2,17077.19,0.0,124.87,Unknown,Online,False,34154.38,2025-04
ORD14808,2025-02-23,CUST1076,Customer_1076,North,Home & Kitchen,Lamp,3,3544.58,0.1,0.0,Upi,Retail Store,False,9570.366,2025-02
ORD10964,2024-10-17,CUST1243,Customer_1243,Unknown,Sports,Yoga Mat,2,5735.29,0.0,0.0,Credit Card,Retail Store,False,11470.58,2024-10
ORD10124,2024-02-29,CUST1356,Customer_1356,East,Beauty,Lipstick,2,679.56,0.25,77.68,Net Banking,Online,False,1019.3399999999999,2024-02
ORD14600,2025-11-17,CUST1206,Customer_1206,South,Electronics,Laptop,5,34613.34,0.25,0.0,Upi,Retail Store,False,129800.025,2025-11
ORD14834,2025-11-18,CUST1168,Customer_1168,West,Beauty,Face Cream,2,969.68,0.25,0.0,Upi,Retail Store,False,1454.52,2025-11
ORD11965,2025-10-17,CUST1099,Customer_1099,South,Beauty,Face Cream,1,2478.51,0.0,165.69,Cash On Delivery,Online,False,2478.51,2025-10
ORD12515,2024-04-04,CUST1248,Customer_1248,Unknown,Sports,Cricket Bat,4,761.2,0.2,137.25,Debit Card,Online,False,2435.84,2024-04
ORD14197,2024-01-14,CUST1372,Customer_1372,East,Beauty,Sunscreen,3,702.18,0.05,33.76,Cash On Delivery,Online,False,2001.213,2024-01
ORD10446,2025-04-20,CUST1192,Customer_1192,South,Electronics,Headphones,2,36424.77,0.15,81.5,Cash On Delivery,Online,False,61922.10899999999,2025-04
ORD14807,2024-09-10,CUST1239,Customer_1239,East,Sports,Running Shoes,1,870.41,0.0,176.49,Net Banking,Online,False,870.41,2024-09
ORD10647,2024-06-22,CUST1376,Customer_1376,North,Clothing,Shoes,5,1148.79,0.05,184.9,Unknown,Online,False,5456.7525,2024-06
ORD14100,2025-01-25,CUST1072,Customer_1072,West,Electronics,Smartphone,3,53835.38,0.2,91.16,Debit Card,Online,False,129204.912,2025-01
ORD12452,2025-02-25,CUST1313,Customer_1313,West,Clothing,T-Shirt,5,781.05,0.05,60.33,Credit Card,Online,False,3709.9874999999997,2025-02
ORD13383,2024-11-14,CUST1015,Customer_1015,East,Sports,Yoga Mat,1,3572.51,0.0,0.0,Upi,Retail Store,False,3572.51,2024-11
ORD11757,2025-05-05,CUST1281,Customer_1281,North,Beauty,Perfume,4,2054.59,0.15,28.46,Cash On Delivery,Online,False,6985.606000000001,2025-05
ORD11588,2025-02-22,CUST1385,Customer_1385,North,Electronics,Laptop,4,44268.0,0.0,0.0,Net Banking,Retail Store,False,177072.0,2025-02
ORD10935,2025-04-13,CUST1072,Customer_1072,North,Beauty,Lipstick,5,2476.55,0.0,149.86,Cash On Delivery,Online,False,12382.75,2025-04
ORD11450,2024-06-12,CUST1127,Customer_1127,North,Beauty,Perfume,4,761.42,0.2,4.34,Upi,Online,False,2436.544,2024-06
ORD14246,2025-10-07,CUST1332,Customer_1332,South,Clothing,Jacket,5,2840.03,0.05,0.0,Credit Card,Retail Store,False,13490.1425,2025-10
ORD13403,2025-01-18,CUST1256,Customer_1256,South,Home & Kitchen,Bedsheet,3,4878.18,0.0,2.12,Net Banking,Online,False,14634.54,2025-01
ORD11353,2024-12-04,CUST1072,Customer_1072,East,Beauty,Face Cream,4,898.84,0.1,0.0,Upi,Retail Store,False,3235.824,2024-12
ORD12961,2025-01-10,CUST1148,Customer_1148,West,Electronics,Laptop,4,45274.0,0.0,7.95,Cash On Delivery,Online,False,181096.0,2025-01
ORD11188,2025-08-06,CUST1108,Customer_1108,North,Electronics,Tablet,4,4126.86,0.0,0.0,Net Banking,Retail Store,False,16507.44,2025-08
ORD10217,2024-03-17,CUST1339,Customer_1339,South,Beauty,Shampoo,5,1338.08,0.0,0.0,Debit Card,Retail Store,False,6690.4,2024-03
ORD11415,2024-11-06,CUST1246,Customer_1246,North,Electronics,Headphones,4,52798.95,0.0,57.87,Debit Card,Online,False,211195.8,2024-11
ORD14320,2024-11-04,CUST1066,Customer_1066,West,Clothing,Jeans,3,2098.39,0.0,0.0,Upi,Retail Store,False,6295.17,2024-11
ORD13857,2024-07-17,CUST1187,Customer_1187,South,Sports,Cricket Bat,1,1604.13,0.25,0.0,Cash On Delivery,Retail Store,False,1203.0975,2024-07
ORD14809,2024-04-05,CUST1139,Customer_1139,West,Home & Kitchen,Blender,1,6345.91,0.0,0.0,Credit Card,Retail Store,False,6345.91,2024-04
ORD10877,2024-02-18,CUST1153,Customer_1153,North,Electronics,Smartphone,5,17023.91,0.2,0.0,Net Banking,Retail Store,False,68095.64,2024-02
ORD13766,2024-10-24,CUST1207,Customer_1207,North,Electronics,Smartphone,1,20680.9,0.0,62.9,Net Banking,Online,False,20680.9,2024-10
ORD12022,2024-02-06,CUST1286,Customer_1286,East,Home & Kitchen,Cookware Set,1,3111.82,0.1,0.0,Cash On Delivery,Retail Store,False,2800.6380000000004,2024-02
ORD10066,2025-11-12,CUST1050,Customer_1050,East,Electronics,Tablet,2,53453.32,0.15,18.24,Cash On Delivery,Online,False,90870.644,2025-11
ORD13701,2025-04-13,CUST1189,Customer_1189,West,Sports,Cycling Helmet,1,4993.06,0.0,35.68,Net Banking,Online,False,4993.06,2025-04
ORD11481,2025-03-03,CUST1033,Customer_1033,West,Home & Kitchen,Bedsheet,5,6046.96,0.25,0.0,Cash On Delivery,Retail Store,False,22676.1,2025-03
ORD14557,2024-09-29,CUST1073,Customer_1073,North,Beauty,Lipstick,-5,812.32,0.05,183.01,Debit Card,Online,True,-3858.52,2024-09
ORD10736,2024-05-08,CUST1240,Customer_1240,East,Home & Kitchen,Cookware Set,3,5872.36,0.05,131.84,Debit Card,Online,False,16736.226,2024-05
ORD11846,2025-12-11,CUST1292,Customer_1292,West,Electronics,Smartphone,5,54745.44,0.0,118.77,Debit Card,Online,False,273727.2,2025-12
ORD10272,2024-02-20,CUST1211,Customer_1211,North,Clothing,T-Shirt,2,1529.43,0.0,56.42,Debit Card,Online,False,3058.86,2024-02
ORD11490,2025-06-19,CUST1157,Customer_1157,West,Sports,Running Shoes,1,1866.59,0.0,0.0,Upi,Retail Store,False,1866.59,2025-06
ORD14872,2024-12-23,CUST1107,Customer_1107,South,Beauty,Sunscreen,4,2491.88,0.0,96.51,Net Banking,Online,False,9967.52,2024-12
ORD13659,2025-07-27,CUST1214,Customer_1214,East,Electronics,Headphones,3,20723.68,0.25,72.38,Credit Card,Online,False,46628.28,2025-07
ORD14220,2024-05-26,CUST1364,Customer_1364,South,Electronics,Smartwatch,3,35853.77,0.05,135.49,Debit Card,Online,False,102183.24449999999,2024-05
ORD14178,2025-07-17,CUST1317,Customer_1317,West,Sports,Yoga Mat,3,404.82,0.0,0.0,Debit Card,Retail Store,False,1214.46,2025-07
ORD11944,2025-12-01,CUST1095,Customer_1095,West,Beauty,Lipstick,3,2143.33,0.05,0.0,Net Banking,Retail Store,False,6108.4905,2025-12
ORD10660,2025-12-20,CUST1234,Customer_1234,West,Clothing,T-Shirt,3,1316.77,0.1,198.63,Cash On Delivery,Online,False,3555.279,2025-12
ORD11446,2024-01-30,CUST1325,Customer_1325,West,Sports,Cricket Bat,5,3795.13,0.0,0.0,Cash On Delivery,Retail Store,False,18975.65,2024-01
ORD13051,2025-05-16,CUST1190,Customer_1190,North,Home & Kitchen,Cookware Set,1,2366.72,0.0,0.0,Cash On Delivery,Retail Store,False,2366.72,2025-05
ORD10288,2024-02-25,CUST1171,Customer_1171,North,Home & Kitchen,Lamp,4,6107.59,0.2,65.37,Upi,Online,False,19544.288,2024-02
ORD11776,2025-08-18,CUST1240,Customer_1240,West,Home & Kitchen,Vacuum Cleaner,3,2711.83,0.0,138.25,Cash On Delivery,Online,False,8135.49,2025-08
ORD11357,2024-03-11,CUST1262,Customer_1262,North,Beauty,Face Cream,2,1879.33,0.1,0.0,Net Banking,Retail Store,False,3382.794,2024-03
ORD13875,2024-01-28,CUST1189,Customer_1189,East,Clothing,Jeans,5,384.1,0.0,81.5,Net Banking,Online,False,1920.5,2024-01
ORD14082,2025-06-19,CUST1045,Customer_1045,South,Beauty,Perfume,2,1407.7,0.0,0.0,Cash On Delivery,Retail Store,False,2815.4,2025-06
ORD13315,2024-12-10,CUST1362,Customer_1362,South,Sports,Cycling Helmet,4,4358.3,0.0,191.75,Debit Card,Online,False,17433.2,2024-12
ORD14081,2024-06-13,CUST1124,Customer_1124,North,Sports,Running Shoes,2,1051.4,0.25,79.2,Upi,Online,False,1577.1000000000001,2024-06
ORD13555,2024-01-11,CUST1329,Customer_1329,North,Beauty,Perfume,3,2420.35,0.05,0.0,Upi,Retail Store,False,6897.997499999999,2024-01
ORD10226,2024-04-14,CUST1102,Customer_1102,West,Home & Kitchen,Cookware Set,3,6382.68,0.25,0.0,Net Banking,Retail Store,False,14361.03,2024-04
ORD10760,2025-10-26,CUST1036,Customer_1036,South,Sports,Yoga Mat,5,5941.71,0.0,18.83,Upi,Online,False,29708.55,2025-10
ORD10514,2025-10-30,CUST1263,Customer_1263,South,Home & Kitchen,Bedsheet,4,4480.37,0.0,0.0,Cash On Delivery,Retail Store,False,17921.48,2025-10
ORD14050,2025-07-10,CUST1006,Customer_1006,South,Electronics,Smartwatch,1,13277.08,0.05,55.41,Upi,Online,False,12613.225999999999,2025-07
ORD11605,2025-10-20,CUST1355,Customer_1355,West,Clothing,Jacket,1,1552.29,0.15,0.0,Debit Card,Retail Store,False,1319.4465,2025-10
ORD14969,2024-03-20,CUST1066,Customer_1066,West,Home & Kitchen,Vacuum Cleaner,1,7561.02,0.05,0.0,Net Banking,Retail Store,False,7182.969,2024-03
ORD14973,2025-07-24,CUST1116,Customer_1116,West,Beauty,Shampoo,1,325.36,0.0,0.0,Debit Card,Retail Store,False,325.36,2025-07
ORD12891,2025-05-24,CUST1346,Customer_1346,West,Home & Kitchen,Cookware Set,3,6797.21,0.0,46.53,Upi,Online,False,20391.63,2025-05
ORD13594,2025-07-14,CUST1353,Customer_1353,South,Home & Kitchen,Vacuum Cleaner,2,2880.34,0.0,5.58,Upi,Online,False,5760.68,2025-07
ORD10908,2024-02-24,CUST1046,Customer_1046,West,Sports,Yoga Mat,2,3084.2,0.0,181.6,Debit Card,Online,False,6168.4,2024-02
ORD10800,2025-03-02,CUST1081,Customer_1081,North,Beauty,Face Cream,3,829.91,0.05,0.0,Debit Card,Retail Store,False,2365.2435,2025-03
ORD10768,2024-02-19,CUST1156,Customer_1156,North,Beauty,Perfume,1,1530.55,0.15,0.0,Upi,Retail Store,False,1300.9675,2024-02
ORD10193,2024-10-09,CUST1040,Customer_1040,North,Beauty,Shampoo,2,307.48,0.15,0.0,Net Banking,Retail Store,False,522.716,2024-10
ORD13664,2024-05-21,CUST1221,Customer_1221,East,Electronics,Laptop,3,18482.88,0.0,0.0,Cash On Delivery,Retail Store,False,55448.64,2024-05
ORD10742,2024-10-30,CUST1051,Customer_1051,Unknown,Clothing,Dress,2,710.54,0.2,0.0,Cash On Delivery,Retail Store,False,1136.864,2024-10
ORD14143,2024-06-03,CUST1168,Customer_1168,East,Beauty,Sunscreen,4,804.62,0.2,0.0,Credit Card,Retail Store,False,2574.784,2024-06
ORD11454,2025-07-22,CUST1070,Customer_1070,East,Home & Kitchen,Blender,5,2027.09,0.25,88.94,Debit Card,Online,False,7601.5875,2025-07
ORD10612,2025-09-10,CUST1069,Customer_1069,South,Clothing,Jeans,3,2828.63,0.0,20.72,Debit Card,Online,False,8485.89,2025-09
ORD13416,2025-08-31,CUST1004,Customer_1004,West,Sports,Yoga Mat,3,3628.7,0.25,0.0,Debit Card,Retail Store,False,8164.574999999999,2025-08
ORD11870,2024-01-21,CUST1297,Customer_1297,East,Clothing,T-Shirt,4,2434.92,0.0,0.0,Credit Card,Retail Store,False,9739.68,2024-01
ORD13822,2025-12-04,CUST1351,Customer_1351,South,Beauty,Perfume,4,2083.99,0.0,0.0,Cash On Delivery,Retail Store,False,8335.96,2025-12
ORD10401,2024-04-02,CUST1196,Customer_1196,West,Home & Kitchen,Vacuum Cleaner,1,559.0,0.1,171.88,Upi,Online,False,503.1,2024-04
ORD14057,2024-08-09,CUST1232,Customer_1232,North,Beauty,Face Cream,3,1477.88,0.25,0.0,Debit Card,Retail Store,False,3325.2300000000005,2024-08
ORD10849,2024-08-22,CUST1033,Customer_1033,North,Beauty,Face Cream,4,1196.52,0.15,33.71,Cash On Delivery,Online,False,4068.1679999999997,2024-08
ORD13969,2024-11-05,CUST1252,Customer_1252,North,Sports,Cycling Helmet,2,4579.25,0.0,0.0,Net Banking,Retail Store,False,9158.5,2024-11
ORD11728,2024-06-15,CUST1003,Customer_1003,South,Home & Kitchen,Blender,5,5788.09,0.15,139.26,Debit Card,Online,False,24599.3825,2024-06
ORD10374,2024-02-19,CUST1083,Customer_1083,South,Sports,Yoga Mat,2,2749.28,0.15,153.29,Net Banking,Online,False,4673.776,2024-02
ORD12935,2025-03-23,CUST1099,Customer_1099,East,Sports,Yoga Mat,1,5521.21,0.25,189.46,Credit Card,Online,False,4140.9075,2025-03
ORD10537,2025-11-16,CUST1026,Customer_1026,East,Home & Kitchen,Cookware Set,3,1886.3,0.0,0.0,Upi,Retail Store,False,5658.9,2025-11
ORD14112,2024-04-06,CUST1018,Customer_1018,North,Beauty,Shampoo,3,1864.84,0.0,0.0,Net Banking,Retail Store,False,5594.5199999999995,2024-04
ORD13159,2025-03-13,CUST1243,Customer_1243,East,Clothing,Dress,2,1177.82,0.25,144.14,Debit Card,Online,False,1766.73,2025-03
ORD11007,2024-02-15,CUST1340,Customer_1340,West,Electronics,Laptop,1,14916.23,0.2,0.0,Debit Card,Retail Store,False,11932.984,2024-02
ORD14882,2024-12-14,CUST1327,Customer_1327,East,Electronics,Smartphone,5,7642.95,0.1,0.0,Net Banking,Retail Store,False,34393.275,2024-12
ORD14396,2025-07-12,CUST1336,Customer_1336,East,Beauty,Face Cream,5,262.06,0.15,50.04,Credit Card,Online,False,1113.7549999999999,2025-07
ORD14610,2025-02-14,CUST1320,Customer_1320,East,Electronics,Laptop,1,33990.86,0.1,0.0,Debit Card,Retail Store,False,30591.774,2025-02
ORD10578,2025-07-20,CUST1264,Customer_1264,South,Clothing,Shoes,2,1661.49,0.1,18.65,Debit Card,Online,False,2990.6820000000002,2025-07
ORD10692,2025-03-03,CUST1235,Customer_1235,South,Home & Kitchen,Blender,5,2721.08,0.15,119.16,Upi,Online,False,11564.59,2025-03
ORD11611,2025-08-09,CUST1051,Customer_1051,North,Electronics,Headphones,4,41151.56,0.25,97.78,Net Banking,Online,False,123454.68,2025-08
ORD12734,2025-06-25,CUST1394,Customer_1394,North,Electronics,Tablet,1,27143.86,0.0,2.61,Debit Card,Online,False,27143.86,2025-06
ORD14986,2025-01-05,CUST1372,Customer_1372,South,Beauty,Face Cream,5,1818.8,0.05,84.26,Upi,Online,False,8639.3,2025-01
ORD14248,2024-11-29,CUST1155,Customer_1155,West,Home & Kitchen,Blender,3,6463.8,0.15,121.11,Net Banking,Online,False,16482.690000000002,2024-11
ORD10655,2024-11-11,CUST1133,Customer_1133,Unknown,Home & Kitchen,Lamp,4,909.75,0.0,107.2,Net Banking,Online,False,3639.0,2024-11
ORD10444,2025-01-26,CUST1043,Customer_1043,South,Sports,Cycling Helmet,3,2723.64,0.15,57.07,Credit Card,Online,False,6945.282,2025-01
ORD14981,2025-07-11,CUST1064,Customer_1064,East,Home & Kitchen,Cookware Set,3,7098.72,0.1,16.41,Net Banking,Online,False,19166.544,2025-07
ORD11829,2024-11-06,CUST1205,Customer_1205,North,Home & Kitchen,Vacuum Cleaner,4,4868.93,0.15,191.92,Cash On Delivery,Online,False,16554.362,2024-11
ORD13207,2025-10-18,CUST1265,Customer_1265,North,Clothing,T-Shirt,3,2265.98,0.25,34.21,Net Banking,Online,False,5098.455,2025-10
ORD11228,2024-08-02,CUST1103,Customer_1103,West,Electronics,Tablet,4,36145.26,0.0,21.39,Credit Card,Online,False,144581.04,2024-08
ORD13616,2025-05-18,CUST1146,Customer_1146,South,Clothing,Dress,4,1627.21,0.0,0.0,Net Banking,Retail Store,False,6508.84,2025-05
ORD13677,2024-06-29,CUST1303,Customer_1303,West,Beauty,Lipstick,2,220.74,0.0,0.0,Debit Card,Retail Store,False,441.48,2024-06
ORD13044,2025-10-10,CUST1288,Customer_1288,North,Beauty,Shampoo,3,1594.25,0.0,0.0,Credit Card,Retail Store,False,4782.75,2025-10
ORD10590,2025-09-19,CUST1008,Customer_1008,North,Electronics,Smartwatch,1,25782.11,0.25,0.0,Cash On Delivery,Retail Store,False,19336.5825,2025-09
ORD12906,2024-04-24,CUST1060,Customer_1060,East,Clothing,T-Shirt,2,1757.16,0.1,199.28,Cash On Delivery,Online,False,3162.8880000000004,2024-04
ORD11575,2024-06-07,CUST1311,Customer_1311,West,Home & Kitchen,Bedsheet,4,890.17,0.15,198.03,Upi,Online,False,3026.578,2024-06
ORD10478,2024-10-09,CUST1105,Customer_1105,East,Clothing,Jeans,3,1668.54,0.25,164.92,Cash On Delivery,Online,False,3754.215,2024-10
ORD14413,2025-11-27,CUST1195,Customer_1195,East,Sports,Dumbbells,3,3159.36,0.0,107.76,Upi,Online,False,9478.08,2025-11
ORD14496,2025-06-17,CUST1354,Customer_1354,West,Clothing,T-Shirt,3,1168.36,0.1,183.08,Upi,Online,False,3154.572,2025-06
ORD12656,2024-06-07,CUST1356,Customer_1356,East,Electronics,Tablet,5,1652.59,0.1,0.0,Debit Card,Retail Store,False,7436.654999999999,2024-06
ORD12396,2025-11-28,CUST1356,Customer_1356,North,Beauty,Sunscreen,3,2247.26,0.0,73.63,Net Banking,Online,False,6741.780000000001,2025-11
ORD14052,2024-11-08,CUST1280,Customer_1280,South,Beauty,Shampoo,2,271.87,0.05,188.76,Net Banking,Online,False,516.553,2024-11
ORD14749,2024-06-07,CUST1346,Customer_1346,Unknown,Sports,Yoga Mat,2,3676.85,0.25,0.0,Net Banking,Retail Store,False,5515.275,2024-06
ORD12660,2024-09-26,CUST1239,Customer_1239,South,Sports,Cricket Bat,2,4491.33,0.15,94.64,Credit Card,Online,False,7635.2609999999995,2024-09
ORD13531,2024-07-04,CUST1035,Customer_1035,North,Beauty,Shampoo,1,1851.34,0.25,146.12,Debit Card,Online,False,1388.5049999999999,2024-07
ORD12620,2024-09-22,CUST1339,Customer_1339,North,Clothing,T-Shirt,3,2760.27,0.2,0.0,Cash On Delivery,Retail Store,False,6624.648,2024-09
ORD10465,2025-11-24,CUST1145,Customer_1145,Unknown,Clothing,Jeans,3,1797.16,0.0,61.01,Upi,Online,False,5391.4800000000005,2025-11
ORD10743,2024-05-23,CUST1164,Customer_1164,East,Clothing,Jacket,1,2103.92,0.2,0.0,Debit Card,Retail Store,False,1683.1360000000002,2024-05
ORD12751,2024-01-26,CUST1370,Customer_1370,West,Clothing,Dress,4,2377.14,0.05,0.0,Debit Card,Retail Store,False,9033.132,2024-01
ORD13731,2024-07-05,CUST1296,Customer_1296,South,Clothing,Shoes,-3,1331.68,0.0,148.99,Debit Card,Online,True,-3995.04,2024-07
ORD10182,2024-03-01,CUST1308,Customer_1308,East,Clothing,T-Shirt,5,1958.16,0.15,0.0,Credit Card,Retail Store,False,8322.18,2024-03
ORD10242,2024-02-17,CUST1020,Customer_1020,South,Clothing,Shoes,2,415.58,0.25,0.0,Credit Card,Retail Store,False,623.37,2024-02
ORD12716,2025-10-22,CUST1363,Customer_1363,West,Sports,Cricket Bat,5,646.13,0.1,0.0,Net Banking,Retail Store,False,2907.585,2025-10
ORD11394,2024-05-26,CUST1049,Customer_1049,West,Electronics,Tablet,4,20224.88,0.0,74.46,Debit Card,Online,False,80899.52,2024-05
ORD11053,2024-08-15,CUST1103,Customer_1103,South,Home & Kitchen,Bedsheet,1,766.41,0.2,0.0,Cash On Delivery,Retail Store,False,613.128,2024-08
ORD13259,2025-12-14,CUST1084,Customer_1084,East,Home & Kitchen,Blender,4,842.21,0.05,0.0,Cash On Delivery,Retail Store,False,3200.398,2025-12
ORD10653,2025-04-02,CUST1342,Customer_1342,East,Beauty,Lipstick,4,2412.86,0.2,92.95,Credit Card,Online,False,7721.152000000001,2025-04
ORD10148,2025-04-13,CUST1100,Customer_1100,North,Beauty,Face Cream,3,1063.3,0.15,134.42,Net Banking,Online,False,2711.4149999999995,2025-04
ORD10708,2025-05-01,CUST1304,Customer_1304,North,Electronics,Smartphone,2,3017.52,0.1,29.31,Debit Card,Online,False,5431.536,2025-05
ORD13586,2024-07-19,CUST1120,Customer_1120,West,Sports,Dumbbells,4,417.85,0.05,170.98,Credit Card,Online,False,1587.83,2024-07
ORD10023,2025-09-22,CUST1339,Customer_1339,Unknown,Electronics,Laptop,5,25390.99,0.0,60.77,Net Banking,Online,False,126954.95000000001,2025-09
ORD11285,2025-08-29,CUST1010,Customer_1010,West,Home & Kitchen,Cookware Set,3,7245.69,0.2,0.0,Credit Card,Retail Store,False,17389.656,2025-08
ORD11957,2024-04-22,CUST1039,Customer_1039,West,Electronics,Tablet,2,58733.94,0.25,8.75,Debit Card,Online,False,88100.91,2024-04
ORD12260,2025-03-16,CUST1054,Customer_1054,East,Clothing,T-Shirt,1,1119.34,0.1,101.14,Upi,Online,False,1007.406,2025-03
ORD11532,2025-02-02,CUST1085,Customer_1085,West,Electronics,Headphones,2,2258.63,0.0,160.47,Cash On Delivery,Online,False,4517.26,2025-02
ORD11436,2025-10-17,CUST1031,Customer_1031,East,Clothing,Jeans,2,1212.43,0.15,0.0,Net Banking,Retail Store,False,2061.131,2025-10
ORD10919,2024-10-13,CUST1117,Customer_1117,North,Home & Kitchen,Vacuum Cleaner,5,7335.75,0.2,73.67,Debit Card,Online,False,29343.0,2024-10
ORD11199,2025-02-21,CUST1289,Customer_1289,West,Electronics,Tablet,4,39822.53,0.1,109.43,Credit Card,Online,False,143361.108,2025-02
ORD12216,2024-05-17,CUST1003,Customer_1003,North,Home & Kitchen,Lamp,-5,5450.92,0.2,83.28,Credit Card,Online,True,-21803.68,2024-05
ORD14625,2024-10-30,CUST1222,Customer_1222,South,Beauty,Perfume,4,1658.24,0.15,0.0,Credit Card,Retail Store,False,5638.016,2024-10
ORD10469,2025-01-18,CUST1297,Customer_1297,South,Beauty,Sunscreen,1,663.7,0.0,59.01,Debit Card,Online,False,663.7,2025-01
ORD14915,2024-01-27,CUST1318,Customer_1318,East,Home & Kitchen,Bedsheet,4,5409.26,0.15,107.08,Cash On Delivery,Online,False,18391.484,2024-01
ORD13506,2025-11-14,CUST1160,Customer_1160,North,Sports,Cycling Helmet,5,5118.4,0.0,0.0,Credit Card,Retail Store,False,25592.0,2025-11
ORD10106,2024-05-31,CUST1371,Customer_1371,Unknown,Electronics,Tablet,4,39852.07,0.2,38.16,Credit Card,Online,False,127526.62400000001,2024-05
ORD11484,2025-10-25,CUST1071,Customer_1071,South,Electronics,Tablet,5,45199.27,0.15,0.0,Cash On Delivery,Retail Store,False,192096.89749999996,2025-10
ORD14644,2024-03-27,CUST1113,Customer_1113,South,Sports,Yoga Mat,4,1363.75,0.0,0.0,Credit Card,Retail Store,False,5455.0,2024-03
ORD10350,2025-09-18,CUST1354,Customer_1354,North,Clothing,Jeans,2,1412.48,0.25,0.0,Upi,Retail Store,False,2118.7200000000003,2025-09
ORD11509,2025-01-14,CUST1124,Customer_1124,West,Beauty,Perfume,3,708.23,0.15,22.04,Debit Card,Online,False,1805.9865,2025-01
ORD11260,2024-05-05,CUST1125,Customer_1125,North,Clothing,Jeans,3,740.67,0.05,32.34,Upi,Online,False,2110.9094999999998,2024-05
ORD10048,2025-04-28,CUST1047,Customer_1047,East,Clothing,T-Shirt,4,715.72,0.25,184.37,Cash On Delivery,Online,False,2147.16,2025-04
ORD10238,2024-06-21,CUST1317,Customer_1317,West,Electronics,Smartphone,3,20708.25,0.2,0.0,Debit Card,Retail Store,False,49699.8,2024-06
ORD10712,2024-09-19,CUST1259,Customer_1259,East,Electronics,Laptop,5,51026.43,0.05,137.93,Debit Card,Online,False,242375.54249999998,2024-09
ORD11443,2024-02-29,CUST1387,Customer_1387,West,Home & Kitchen,Cookware Set,5,3885.2,0.15,25.0,Cash On Delivery,Online,False,16512.1,2024-02
ORD14742,2025-08-15,CUST1156,Customer_1156,West,Electronics,Tablet,4,14674.01,0.1,90.49,Credit Card,Online,False,52826.436,2025-08
ORD10158,2024-02-23,CUST1000,Customer_1000,North,Beauty,Shampoo,2,369.35,0.0,0.0,Debit Card,Retail Store,False,738.7,2024-02
ORD13582,2025-07-13,CUST1397,Customer_1397,South,Clothing,Shoes,2,1339.23,0.1,5.04,Net Banking,Online,False,2410.614,2025-07
ORD13992,2025-07-08,CUST1253,Customer_1253,East,Electronics,Smartwatch,2,37775.03,0.2,0.0,Debit Card,Retail Store,False,60440.048,2025-07
ORD13943,2024-05-23,CUST1291,Customer_1291,South,Home & Kitchen,Blender,1,5179.05,0.05,1.22,Credit Card,Online,False,4920.0975,2024-05
ORD12663,2025-03-10,CUST1351,Customer_1351,North,Clothing,Dress,2,2742.53,0.1,67.89,Credit Card,Online,False,4936.554,2025-03
ORD12613,2025-07-14,CUST1122,Customer_1122,South,Electronics,Smartphone,1,17462.99,0.0,12.24,Upi,Online,False,17462.99,2025-07
ORD14245,2025-01-05,CUST1123,Customer_1123,North,Sports,Cricket Bat,5,1443.87,0.1,0.0,Debit Card,Retail Store,False,6497.415,2025-01
ORD12511,2024-11-07,CUST1312,Customer_1312,North,Electronics,Laptop,1,5861.81,0.0,0.0,Upi,Retail Store,False,5861.81,2024-11
ORD10900,2025-03-17,CUST1049,Customer_1049,North,Beauty,Lipstick,5,1257.75,0.05,113.03,Credit Card,Online,False,5974.3125,2025-03
ORD13522,2025-01-28,CUST1095,Customer_1095,West,Electronics,Smartphone,2,15295.96,0.1,78.41,Debit Card,Online,False,27532.728,2025-01
ORD14335,2025-05-01,CUST1070,Customer_1070,East,Sports,Cycling Helmet,2,4913.9,0.0,174.38,Net Banking,Online,False,9827.8,2025-05
ORD11931,2024-10-22,CUST1390,Customer_1390,North,Home & Kitchen,Bedsheet,5,6839.8,0.1,183.49,Credit Card,Online,False,30779.100000000002,2024-10
ORD14786,2025-03-09,CUST1022,Customer_1022,North,Clothing,Dress,5,2069.5,0.0,0.0,Cash On Delivery,Retail Store,False,10347.5,2025-03
ORD14366,2024-01-09,CUST1169,Customer_1169,East,Electronics,Smartphone,5,26320.1,0.05,157.11,Net Banking,Online,False,125020.47499999999,2024-01
ORD13033,2024-01-29,CUST1338,Customer_1338,West,Clothing,T-Shirt,2,2179.79,0.1,0.0,Net Banking,Retail Store,False,3923.622,2024-01
ORD12771,2025-01-02,CUST1311,Customer_1311,South,Beauty,Shampoo,2,1023.29,0.0,185.41,Cash On Delivery,Online,False,2046.58,2025-01
ORD13600,2024-01-25,CUST1164,Customer_1164,South,Electronics,Laptop,5,52066.14,0.1,0.0,Debit Card,Retail Store,False,234297.63,2024-01
ORD14897,2025-06-05,CUST1174,Customer_1174,West,Sports,Cricket Bat,3,4772.2,0.25,0.0,Net Banking,Retail Store,False,10737.449999999999,2025-06
ORD13684,2025-04-18,CUST1259,Customer_1259,East,Sports,Yoga Mat,4,5784.84,0.25,0.0,Net Banking,Retail Store,False,17354.52,2025-04
ORD13248,2024-12-16,CUST1109,Customer_1109,North,Sports,Cricket Bat,5,1330.67,0.1,0.0,Cash On Delivery,Retail Store,False,5988.015,2024-12
ORD12254,2024-03-18,CUST1012,Customer_1012,West,Electronics,Smartwatch,2,21731.55,0.15,0.0,Cash On Delivery,Retail Store,False,36943.634999999995,2024-03
ORD12125,2024-08-29,CUST1336,Customer_1336,West,Clothing,Jacket,2,2777.0,0.25,0.0,Debit Card,Retail Store,False,4165.5,2024-08
ORD10030,2025-01-23,CUST1065,Customer_1065,West,Sports,Cycling Helmet,1,5254.37,0.1,0.0,Upi,Retail Store,False,4728.933,2025-01
ORD12306,2025-08-31,CUST1317,Customer_1317,North,Electronics,Tablet,5,28940.88,0.0,0.0,Credit Card,Retail Store,False,144704.4,2025-08
ORD11226,2024-03-25,CUST1132,Customer_1132,East,Electronics,Laptop,1,59588.35,0.1,23.69,Debit Card,Online,False,53629.515,2024-03
ORD13385,2024-11-25,CUST1222,Customer_1222,North,Beauty,Lipstick,1,2089.89,0.05,0.0,Cash On Delivery,Retail Store,False,1985.3954999999999,2024-11
ORD12329,2025-10-29,CUST1255,Customer_1255,South,Sports,Cricket Bat,4,4788.41,0.05,186.57,Cash On Delivery,Online,False,18195.958,2025-10
ORD10173,2024-05-19,CUST1066,Customer_1066,South,Clothing,Jacket,3,1360.97,0.05,32.87,Unknown,Online,False,3878.7644999999998,2024-05
ORD12676,2024-12-10,CUST1099,Customer_1099,West,Electronics,Smartphone,-4,20135.48,0.1,0.0,Cash On Delivery,Retail Store,True,-72487.728,2024-12
ORD13301,2025-10-31,CUST1034,Customer_1034,North,Beauty,Lipstick,2,1519.43,0.0,70.51,Cash On Delivery,Online,False,3038.86,2025-10
ORD14690,2025-03-29,CUST1309,Customer_1309,North,Clothing,Jacket,3,1319.7,0.05,0.0,Upi,Retail Store,False,3761.145,2025-03
ORD10859,2025-09-28,CUST1051,Customer_1051,South,Clothing,Dress,3,2002.82,0.1,176.71,Credit Card,Online,False,5407.6140000000005,2025-09
ORD11972,2024-12-18,CUST1292,Customer_1292,West,Electronics,Tablet,1,4364.08,0.0,0.0,Cash On Delivery,Retail Store,False,4364.08,2024-12
ORD11917,2025-11-02,CUST1243,Customer_1243,West,Sports,Running Shoes,2,1809.02,0.25,171.0,Net Banking,Online,False,2713.5299999999997,2025-11
ORD13349,2024-11-15,CUST1079,Customer_1079,East,Clothing,Jacket,2,1710.94,0.1,0.0,Cash On Delivery,Retail Store,False,3079.692,2024-11
ORD14103,2024-10-20,CUST1036,Customer_1036,West,Clothing,T-Shirt,5,1267.47,0.0,198.84,Credit Card,Online,False,6337.35,2024-10
ORD14087,2025-12-20,CUST1269,Customer_1269,East,Home & Kitchen,Cookware Set,2,685.28,0.0,0.0,Cash On Delivery,Retail Store,False,1370.56,2025-12
ORD12491,2025-07-10,CUST1075,Customer_1075,West,Sports,Yoga Mat,1,1329.3,0.25,0.0,Credit Card,Retail Store,False,996.9749999999999,2025-07
ORD14980,2024-09-30,CUST1356,Customer_1356,South,Beauty,Lipstick,1,172.91,0.25,0.0,Net Banking,Retail Store,False,129.6825,2024-09
ORD10807,2025-10-21,CUST1167,Customer_1167,North,Sports,Running Shoes,3,2213.75,0.0,144.56,Net Banking,Online,False,6641.25,2025-10
ORD11469,2024-07-22,CUST1243,Customer_1243,North,Beauty,Lipstick,1,1779.24,0.2,0.0,Credit Card,Retail Store,False,1423.392,2024-07
ORD12006,2025-12-25,CUST1037,Customer_1037,South,Sports,Cricket Bat,5,2263.74,0.05,70.2,Net Banking,Online,False,10752.764999999998,2025-12
ORD14222,2025-08-29,CUST1028,Customer_1028,East,Sports,Running Shoes,5,1806.67,0.15,56.54,Net Banking,Online,False,7678.3475,2025-08
ORD14211,2025-08-15,CUST1176,Customer_1176,North,Electronics,Smartwatch,2,57139.59,0.15,89.96,Cash On Delivery,Online,False,97137.30299999999,2025-08
ORD14843,2024-05-21,CUST1004,Customer_1004,West,Sports,Dumbbells,3,4986.7,0.2,27.58,Cash On Delivery,Online,False,11968.08,2024-05
ORD13609,2024-04-20,CUST1206,Customer_1206,South,Beauty,Perfume,1,1716.35,0.05,47.44,Net Banking,Online,False,1630.5324999999998,2024-04
ORD10493,2025-09-01,CUST1216,Customer_1216,East,Sports,Cycling Helmet,4,5182.64,0.1,0.0,Upi,Retail Store,False,18657.504,2025-09
ORD11623,2024-04-15,CUST1215,Customer_1215,West,Beauty,Face Cream,4,1380.35,0.1,177.21,Credit Card,Online,False,4969.26,2024-04
ORD12651,2024-06-19,CUST1138,Customer_1138,North,Beauty,Sunscreen,-3,2034.97,0.0,0.0,Cash On Delivery,Retail Store,True,-6104.91,2024-06
ORD14493,2024-01-26,CUST1110,Customer_1110,East,Electronics,Headphones,5,14287.15,0.25,13.38,Cash On Delivery,Online,False,53576.8125,2024-01
ORD11001,2024-01-16,CUST1390,Customer_1390,Unknown,Home & Kitchen,Lamp,2,4932.31,0.25,0.0,Debit Card,Retail Store,False,7398.465,2024-01
ORD12317,2025-06-12,CUST1218,Customer_1218,East,Clothing,Dress,1,1732.88,0.2,39.79,Cash On Delivery,Online,False,1386.304,2025-06
ORD13686,2024-05-26,CUST1388,Customer_1388,South,Home & Kitchen,Bedsheet,1,3775.07,0.0,0.0,Debit Card,Retail Store,False,3775.07,2024-05
ORD11951,2024-10-25,CUST1114,Customer_1114,East,Clothing,Shoes,1,2897.75,0.0,0.0,Cash On Delivery,Retail Store,False,2897.75,2024-10
ORD12746,2025-04-01,CUST1301,Customer_1301,West,Clothing,Jacket,4,2743.3,0.0,0.0,Cash On Delivery,Retail Store,False,10973.2,2025-04
ORD13485,2025-08-07,CUST1353,Customer_1353,North,Beauty,Perfume,2,708.72,0.2,0.0,Cash On Delivery,Retail Store,False,1133.952,2025-08
ORD10972,2025-02-17,CUST1378,Customer_1378,South,Electronics,Headphones,5,16849.84,0.25,157.38,Cash On Delivery,Online,False,63186.899999999994,2025-02
ORD11308,2024-05-15,CUST1145,Customer_1145,East,Sports,Yoga Mat,2,5446.35,0.25,0.0,Upi,Retail Store,False,8169.525000000001,2024-05
ORD12489,2025-05-21,CUST1253,Customer_1253,East,Sports,Cycling Helmet,1,5147.19,0.25,0.0,Debit Card,Retail Store,False,3860.3925,2025-05
ORD13417,2024-02-11,CUST1202,Customer_1202,West,Home & Kitchen,Blender,5,1245.58,0.1,1.11,Upi,Online,False,5605.11,2024-02
ORD14681,2025-10-04,CUST1042,Customer_1042,North,Beauty,Perfume,4,417.83,0.15,146.89,Net Banking,Online,False,1420.6219999999998,2025-10
ORD14006,2025-09-29,CUST1018,Customer_1018,East,Home & Kitchen,Cookware Set,5,3568.22,0.05,175.21,Debit Card,Online,False,16949.045,2025-09
ORD14422,2025-01-14,CUST1314,Customer_1314,North,Clothing,Jacket,1,1667.8,0.0,140.15,Net Banking,Online,False,1667.8,2025-01
ORD12811,2025-05-20,CUST1105,Customer_1105,North,Electronics,Laptop,2,35461.29,0.25,79.51,Upi,Online,False,53191.935,2025-05
ORD13905,2025-11-12,CUST1381,Customer_1381,East,Sports,Yoga Mat,4,3963.71,0.0,79.81,Upi,Online,False,15854.84,2025-11
ORD13240,2025-08-30,CUST1051,Customer_1051,North,Clothing,T-Shirt,5,2169.48,0.0,0.0,Upi,Retail Store,False,10847.4,2025-08
ORD14675,2025-10-26,CUST1382,Customer_1382,West,Beauty,Sunscreen,1,1342.1,0.2,0.0,Upi,Retail Store,False,1073.68,2025-10
ORD14599,2025-08-04,CUST1338,Customer_1338,East,Beauty,Sunscreen,1,865.34,0.0,151.26,Credit Card,Online,False,865.34,2025-08
ORD12642,2025-06-19,CUST1274,Customer_1274,East,Beauty,Perfume,2,1654.66,0.1,0.0,Net Banking,Retail Store,False,2978.3880000000004,2025-06
ORD11663,2024-11-21,CUST1360,Customer_1360,North,Electronics,Smartwatch,3,25284.89,0.15,128.26,Upi,Online,False,64476.4695,2024-11
ORD11701,2024-08-04,CUST1338,Customer_1338,South,Sports,Cricket Bat,5,3578.26,0.0,175.29,Debit Card,Online,False,17891.300000000003,2024-08
ORD10016,2025-07-10,CUST1318,Customer_1318,North,Sports,Yoga Mat,1,1767.99,0.25,0.0,Net Banking,Retail Store,False,1325.9925,2025-07
ORD13392,2025-04-12,CUST1378,Customer_1378,East,Clothing,Shoes,5,323.09,0.0,7.86,Credit Card,Online,False,1615.4499999999998,2025-04
ORD11058,2024-01-01,CUST1027,Customer_1027,East,Clothing,Jeans,1,2782.32,0.0,0.0,Debit Card,Retail Store,False,2782.32,2024-01
ORD10640,2024-09-05,CUST1275,Customer_1275,South,Electronics,Tablet,1,40063.07,0.15,0.0,Debit Card,Retail Store,False,34053.6095,2024-09
ORD12659,2025-11-23,CUST1013,Customer_1013,Unknown,Home & Kitchen,Vacuum Cleaner,5,1621.9,0.0,0.0,Credit Card,Retail Store,False,8109.5,2025-11
ORD13010,2024-06-07,CUST1354,Customer_1354,North,Electronics,Laptop,1,15558.73,0.0,0.0,Cash On Delivery,Retail Store,False,15558.73,2024-06
ORD12169,2024-03-28,CUST1378,Customer_1378,West,Home & Kitchen,Bedsheet,4,4783.01,0.05,0.0,Credit Card,Retail Store,False,18175.438,2024-03
ORD12813,2025-09-19,CUST1066,Customer_1066,North,Beauty,Sunscreen,2,2236.66,0.2,0.0,Upi,Retail Store,False,3578.656,2025-09
ORD14260,2025-10-02,CUST1007,Customer_1007,North,Clothing,Jacket,1,1935.3,0.0,187.58,Debit Card,Online,False,1935.3,2025-10
ORD14795,2025-11-06,CUST1095,Customer_1095,North,Electronics,Headphones,2,36833.68,0.25,102.69,Debit Card,Online,False,55250.520000000004,2025-11
ORD11186,2025-11-16,CUST1165,Customer_1165,North,Clothing,Jacket,5,1108.96,0.05,0.0,Debit Card,Retail Store,False,5267.5599999999995,2025-11
ORD13884,2024-07-25,CUST1256,Customer_1256,East,Beauty,Shampoo,2,1926.28,0.05,165.11,Net Banking,Online,False,3659.932,2024-07
ORD12662,2025-11-04,CUST1252,Customer_1252,South,Clothing,T-Shirt,1,1668.54,0.05,0.0,Cash On Delivery,Retail Store,False,1585.1129999999998,2025-11
ORD14244,2024-12-01,CUST1356,Customer_1356,North,Clothing,Jacket,2,2353.27,0.0,13.79,Upi,Online,False,4706.54,2024-12
ORD13752,2025-12-07,CUST1341,Customer_1341,Unknown,Home & Kitchen,Vacuum Cleaner,4,3424.25,0.1,0.0,Debit Card,Retail Store,False,12327.300000000001,2025-12
ORD11716,2025-12-31,CUST1304,Customer_1304,East,Electronics,Smartwatch,2,32542.83,0.0,0.0,Debit Card,Retail Store,False,65085.66,2025-12
ORD12960,2024-12-11,CUST1263,Customer_1263,West,Beauty,Face Cream,3,2193.92,0.1,0.0,Cash On Delivery,Retail Store,False,5923.584000000001,2024-12
ORD12469,2025-09-22,CUST1171,Customer_1171,East,Sports,Running Shoes,4,1157.52,0.25,62.89,Credit Card,Online,False,3472.56,2025-09
ORD11966,2024-08-05,CUST1382,Customer_1382,West,Home & Kitchen,Lamp,1,7053.68,0.05,0.0,Credit Card,Retail Store,False,6700.996,2024-08
ORD11920,2025-10-18,CUST1210,Customer_1210,North,Sports,Running Shoes,1,3148.65,0.2,0.0,Cash On Delivery,Retail Store,False,2518.92,2025-10
ORD13143,2024-07-29,CUST1342,Customer_1342,East,Home & Kitchen,Cookware Set,2,7295.32,0.0,0.0,Unknown,Retail Store,False,14590.64,2024-07
ORD14552,2024-12-04,CUST1163,Customer_1163,North,Beauty,Lipstick,2,393.04,0.15,55.93,Net Banking,Online,False,668.168,2024-12
ORD14066,2024-06-15,CUST1046,Customer_1046,Unknown,Home & Kitchen,Vacuum Cleaner,3,4157.32,0.0,135.72,Credit Card,Online,False,12471.96,2024-06
ORD12965,2025-05-03,CUST1034,Customer_1034,South,Sports,Dumbbells,1,1081.81,0.0,111.81,Net Banking,Online,False,1081.81,2025-05
ORD10585,2025-09-13,CUST1392,Customer_1392,West,Sports,Cricket Bat,2,4583.64,0.0,0.0,Net Banking,Retail Store,False,9167.28,2025-09
ORD13263,2024-11-20,CUST1163,Customer_1163,East,Clothing,Jeans,1,2287.3,0.15,0.0,Net Banking,Retail Store,False,1944.2050000000002,2024-11
ORD10036,2025-05-15,CUST1108,Customer_1108,West,Home & Kitchen,Vacuum Cleaner,3,4668.43,0.2,0.0,Cash On Delivery,Retail Store,False,11204.232000000002,2025-05
ORD11072,2025-06-04,CUST1264,Customer_1264,West,Electronics,Headphones,3,29506.89,0.0,0.0,Debit Card,Retail Store,False,88520.67,2025-06
ORD10076,2025-09-21,CUST1240,Customer_1240,East,Beauty,Perfume,3,238.38,0.0,89.95,Cash On Delivery,Online,False,715.14,2025-09
ORD12238,2025-12-24,CUST1013,Customer_1013,West,Sports,Cricket Bat,1,1482.49,0.0,0.0,Cash On Delivery,Retail Store,False,1482.49,2025-12
ORD14941,2024-09-04,CUST1132,Customer_1132,South,Sports,Running Shoes,5,3778.55,0.0,0.0,Net Banking,Retail Store,False,18892.75,2024-09
ORD14097,2024-07-16,CUST1237,Customer_1237,West,Sports,Running Shoes,2,902.77,0.0,0.0,Net Banking,Retail Store,False,1805.54,2024-07
ORD10997,2024-04-29,CUST1358,Customer_1358,West,Beauty,Face Cream,1,2417.94,0.0,182.79,Cash On Delivery,Online,False,2417.94,2024-04
ORD13541,2025-09-05,CUST1286,Customer_1286,North,Electronics,Laptop,1,37529.06,0.0,47.75,Net Banking,Online,False,37529.06,2025-09
ORD12368,2024-09-11,CUST1054,Customer_1054,West,Home & Kitchen,Vacuum Cleaner,3,2505.99,0.25,132.97,Credit Card,Online,False,5638.477499999999,2024-09
ORD13784,2025-10-29,CUST1187,Customer_1187,North,Clothing,Shoes,2,2002.35,0.25,0.0,Upi,Retail Store,False,3003.5249999999996,2025-10
ORD14589,2025-07-22,CUST1114,Customer_1114,North,Home & Kitchen,Blender,1,753.23,0.05,1.31,Cash On Delivery,Online,False,715.5685,2025-07
ORD12049,2025-09-29,CUST1182,Customer_1182,West,Clothing,T-Shirt,5,1801.51,0.25,0.0,Cash On Delivery,Retail Store,False,6755.662499999999,2025-09
ORD11407,2025-02-10,CUST1071,Customer_1071,North,Beauty,Perfume,5,1342.1,0.25,77.72,Debit Card,Online,False,5032.875,2025-02
ORD11905,2025-04-14,CUST1313,Customer_1313,North,Sports,Running Shoes,4,1061.76,0.05,11.43,Debit Card,Online,False,4034.6879999999996,2025-04
ORD10639,2024-03-20,CUST1108,Customer_1108,West,Home & Kitchen,Bedsheet,5,3341.3,0.0,0.0,Net Banking,Retail Store,False,16706.5,2024-03
ORD10375,2025-07-01,CUST1093,Customer_1093,East,Electronics,Tablet,2,52537.92,0.0,103.63,Credit Card,Online,False,105075.84,2025-07
ORD13792,2025-11-16,CUST1068,Customer_1068,West,Home & Kitchen,Bedsheet,4,7924.13,0.1,0.0,Cash On Delivery,Retail Store,False,28526.868000000002,2025-11
ORD12170,2025-03-08,CUST1082,Customer_1082,West,Beauty,Face Cream,3,574.01,0.0,26.83,Credit Card,Online,False,1722.03,2025-03
ORD14154,2025-07-13,CUST1278,Customer_1278,South,Sports,Running Shoes,2,2540.98,0.15,85.52,Debit Card,Online,False,4319.666,2025-07
ORD11327,2024-09-29,CUST1121,Customer_1121,South,Electronics,Smartwatch,4,50010.25,0.2,117.33,Credit Card,Online,False,160032.80000000002,2024-09
ORD12786,2024-09-27,CUST1303,Customer_1303,West,Home & Kitchen,Vacuum Cleaner,2,1554.21,0.0,132.63,Debit Card,Online,False,3108.42,2024-09
ORD12793,2024-11-07,CUST1004,Customer_1004,South,Home & Kitchen,Cookware Set,2,2175.5,0.0,86.28,Cash On Delivery,Online,False,4351.0,2024-11
ORD14350,2024-08-17,CUST1361,Customer_1361,West,Electronics,Headphones,1,38420.15,0.1,0.0,Upi,Retail Store,False,34578.135,2024-08
ORD14935,2024-05-20,CUST1064,Customer_1064,West,Electronics,Headphones,2,24388.26,0.0,26.66,Credit Card,Online,False,48776.52,2024-05
ORD11384,2024-05-06,CUST1324,Customer_1324,East,Home & Kitchen,Blender,5,1903.73,0.25,0.0,Cash On Delivery,Retail Store,False,7138.987499999999,2024-05
ORD10189,2025-10-15,CUST1281,Customer_1281,South,Beauty,Shampoo,1,1560.51,0.0,61.67,Cash On Delivery,Online,False,1560.51,2025-10
ORD11515,2025-02-21,CUST1161,Customer_1161,West,Sports,Running Shoes,4,4772.88,0.1,0.0,Upi,Retail Store,False,17182.368000000002,2025-02
ORD14899,2024-01-14,CUST1094,Customer_1094,West,Electronics,Headphones,4,31539.56,0.0,20.81,Debit Card,Online,False,126158.24,2024-01
ORD14725,2025-01-01,CUST1359,Customer_1359,North,Clothing,T-Shirt,2,2033.59,0.0,0.0,Net Banking,Retail Store,False,4067.18,2025-01
ORD13935,2024-02-28,CUST1139,Customer_1139,South,Sports,Running Shoes,1,547.05,0.0,187.45,Debit Card,Online,False,547.05,2024-02
ORD13568,2025-05-09,CUST1266,Customer_1266,North,Home & Kitchen,Vacuum Cleaner,3,5452.44,0.05,0.0,Cash On Delivery,Retail Store,False,15539.454,2025-05
ORD12059,2024-09-21,CUST1242,Customer_1242,West,Electronics,Headphones,2,13946.52,0.0,54.08,Net Banking,Online,False,27893.04,2024-09
ORD10353,2024-08-30,CUST1059,Customer_1059,West,Electronics,Smartphone,4,20569.38,0.0,14.71,Cash On Delivery,Online,False,82277.52,2024-08
ORD12398,2025-04-28,CUST1392,Customer_1392,South,Beauty,Shampoo,1,517.33,0.2,0.0,Upi,Retail Store,False,413.86400000000003,2025-04
ORD13081,2024-01-02,CUST1045,Customer_1045,East,Clothing,Jeans,2,1814.54,0.25,120.61,Cash On Delivery,Online,False,2721.81,2024-01
ORD14567,2025-07-15,CUST1349,Customer_1349,West,Electronics,Smartwatch,4,22909.13,0.2,156.19,Cash On Delivery,Online,False,73309.216,2025-07
ORD12248,2025-11-10,CUST1239,Customer_1239,East,Sports,Dumbbells,1,4376.16,0.0,51.47,Credit Card,Online,False,4376.16,2025-11
ORD13999,2025-12-03,CUST1129,Customer_1129,South,Clothing,T-Shirt,2,1427.16,0.1,100.73,Credit Card,Online,False,2568.8880000000004,2025-12
ORD11383,2024-07-25,CUST1287,Customer_1287,North,Clothing,Shoes,4,646.85,0.05,0.0,Debit Card,Retail Store,False,2458.0299999999997,2024-07
ORD11628,2025-05-06,CUST1279,Customer_1279,North,Clothing,Dress,3,2024.7,0.0,154.3,Cash On Delivery,Online,False,6074.1,2025-05
ORD13954,2025-09-13,CUST1056,Customer_1056,East,Clothing,Shoes,1,530.03,0.0,21.85,Cash On Delivery,Online,False,530.03,2025-09
ORD13953,2025-08-17,CUST1268,Customer_1268,North,Electronics,Smartwatch,2,30145.54,0.15,186.38,Unknown,Online,False,51247.418,2025-08
ORD12495,2025-11-22,CUST1196,Customer_1196,East,Sports,Dumbbells,2,5277.56,0.1,79.04,Debit Card,Online,False,9499.608,2025-11
ORD14187,2024-07-11,CUST1350,Customer_1350,North,Electronics,Smartwatch,4,22296.53,0.0,0.0,Credit Card,Retail Store,False,89186.12,2024-07
ORD12326,2025-08-27,CUST1053,Customer_1053,South,Home & Kitchen,Blender,5,4846.62,0.0,0.0,Cash On Delivery,Retail Store,False,24233.1,2025-08
ORD13408,2025-11-04,CUST1158,Customer_1158,West,Sports,Running Shoes,1,2083.19,0.15,0.0,Credit Card,Retail Store,False,1770.7115,2025-11
ORD14175,2024-02-23,CUST1208,Customer_1208,South,Electronics,Tablet,4,29807.24,0.1,85.84,Debit Card,Online,False,107306.06400000001,2024-02
ORD12929,2024-10-15,CUST1371,Customer_1371,South,Sports,Yoga Mat,1,762.75,0.0,0.0,Credit Card,Retail Store,False,762.75,2024-10
ORD14451,2024-09-21,CUST1385,Customer_1385,South,Sports,Dumbbells,4,4162.66,0.0,183.64,Upi,Online,False,16650.64,2024-09
ORD13106,2025-07-22,CUST1014,Customer_1014,South,Electronics,Smartwatch,1,24336.56,0.15,0.0,Net Banking,Retail Store,False,20686.076,2025-07
ORD11470,2024-12-23,CUST1042,Customer_1042,West,Clothing,T-Shirt,1,1052.38,0.0,0.0,Cash On Delivery,Retail Store,False,1052.38,2024-12
ORD11839,2024-03-04,CUST1075,Customer_1075,South,Clothing,Jacket,4,629.86,0.0,0.0,Debit Card,Retail Store,False,2519.44,2024-03
ORD10240,2025-01-09,CUST1009,Customer_1009,Unknown,Sports,Yoga Mat,5,5406.32,0.0,0.0,Debit Card,Retail Store,False,27031.6,2025-01
ORD11517,2025-07-17,CUST1192,Customer_1192,South,Electronics,Headphones,5,10210.49,0.0,144.73,Cash On Delivery,Online,False,51052.45,2025-07
ORD12163,2024-02-15,CUST1391,Customer_1391,North,Electronics,Headphones,3,56424.83,0.15,0.0,Credit Card,Retail Store,False,143883.3165,2024-02
ORD10676,2024-06-26,CUST1206,Customer_1206,North,Beauty,Face Cream,1,555.58,0.2,0.0,Upi,Retail Store,False,444.46400000000006,2024-06
ORD14150,2025-02-22,CUST1212,Customer_1212,West,Sports,Cycling Helmet,4,4055.93,0.15,0.0,Unknown,Retail Store,False,13790.161999999998,2025-02
ORD14770,2025-01-15,CUST1138,Customer_1138,East,Electronics,Smartwatch,2,9591.51,0.0,0.0,Debit Card,Retail Store,False,19183.02,2025-01
ORD14007,2024-01-16,CUST1123,Customer_1123,South,Clothing,Dress,2,1847.13,0.0,0.0,Credit Card,Retail Store,False,3694.26,2024-01
ORD14688,2024-08-13,CUST1051,Customer_1051,South,Electronics,Tablet,5,42113.84,0.0,25.71,Unknown,Online,False,210569.19999999998,2024-08
ORD11382,2025-11-14,CUST1340,Customer_1340,North,Electronics,Smartwatch,5,39263.53,0.1,0.0,Net Banking,Retail Store,False,176685.885,2025-11
ORD11205,2024-03-28,CUST1012,Customer_1012,North,Sports,Dumbbells,4,3147.9,0.0,0.0,Credit Card,Retail Store,False,12591.6,2024-03
ORD12454,2025-07-19,CUST1106,Customer_1106,South,Beauty,Perfume,2,2427.27,0.2,0.0,Credit Card,Retail Store,False,3883.632,2025-07
ORD12919,2025-12-10,CUST1155,Customer_1155,West,Clothing,Shoes,5,1389.68,0.0,0.0,Net Banking,Retail Store,False,6948.400000000001,2025-12
ORD14171,2024-12-10,CUST1367,Customer_1367,East,Home & Kitchen,Bedsheet,2,7064.65,0.25,91.14,Debit Card,Online,False,10596.974999999999,2024-12
ORD11027,2024-03-19,CUST1129,Customer_1129,West,Home & Kitchen,Vacuum Cleaner,1,5396.16,0.05,0.0,Debit Card,Retail Store,False,5126.352,2024-03
ORD11019,2025-07-24,CUST1335,Customer_1335,East,Sports,Cricket Bat,2,5992.38,0.1,0.0,Cash On Delivery,Retail Store,False,10786.284,2025-07
ORD11816,2024-07-22,CUST1091,Customer_1091,South,Sports,Yoga Mat,3,1062.27,0.0,79.93,Credit Card,Online,False,3186.81,2024-07
ORD13105,2025-05-03,CUST1100,Customer_1100,East,Beauty,Shampoo,1,2426.1,0.0,178.86,Debit Card,Online,False,2426.1,2025-05
ORD14278,2024-09-21,CUST1207,Customer_1207,South,Beauty,Sunscreen,3,513.26,0.1,0.0,Cash On Delivery,Retail Store,False,1385.802,2024-09
ORD13730,2024-01-01,CUST1362,Customer_1362,South,Sports,Dumbbells,2,621.28,0.0,55.88,Cash On Delivery,Online,False,1242.56,2024-01
ORD14487,2024-12-19,CUST1366,Customer_1366,Unknown,Beauty,Perfume,4,479.06,0.25,0.0,Upi,Retail Store,False,1437.18,2024-12
ORD12830,2025-12-03,CUST1305,Customer_1305,North,Beauty,Lipstick,5,795.64,0.15,0.0,Debit Card,Retail Store,False,3381.47,2025-12
ORD13399,2025-10-22,CUST1255,Customer_1255,East,Beauty,Face Cream,5,1723.6,0.0,0.0,Net Banking,Retail Store,False,8618.0,2025-10
ORD13055,2025-11-26,CUST1330,Customer_1330,South,Electronics,Laptop,3,37645.32,0.0,41.61,Net Banking,Online,False,112935.95999999999,2025-11
ORD11483,2025-05-24,CUST1367,Customer_1367,West,Clothing,T-Shirt,1,1780.9,0.2,0.0,Net Banking,Retail Store,False,1424.7200000000003,2025-05
ORD13318,2025-05-26,CUST1386,Customer_1386,North,Beauty,Sunscreen,-3,1228.62,0.0,0.0,Debit Card,Retail Store,True,-3685.8599999999997,2025-05
ORD12373,2024-12-03,CUST1341,Customer_1341,West,Electronics,Smartwatch,5,9663.34,0.0,0.0,Debit Card,Retail Store,False,48316.7,2024-12
ORD14276,2024-07-10,CUST1108,Customer_1108,South,Home & Kitchen,Blender,3,2994.85,0.0,32.58,Net Banking,Online,False,8984.55,2024-07
ORD14047,2025-02-21,CUST1119,Customer_1119,South,Sports,Dumbbells,3,2887.04,0.25,167.64,Credit Card,Online,False,6495.839999999999,2025-02
ORD12367,2024-02-24,CUST1387,Customer_1387,West,Electronics,Smartwatch,5,41510.57,0.2,0.0,Credit Card,Retail Store,False,166042.28000000003,2024-02
ORD13142,2025-06-05,CUST1073,Customer_1073,South,Clothing,T-Shirt,2,2070.73,0.2,143.02,Upi,Online,False,3313.168,2025-06
ORD13982,2024-12-11,CUST1169,Customer_1169,South,Beauty,Shampoo,2,2141.55,0.1,115.91,Net Banking,Online,False,3854.7900000000004,2024-12
ORD12623,2025-07-10,CUST1140,Customer_1140,West,Beauty,Face Cream,1,1137.71,0.0,15.05,Credit Card,Online,False,1137.71,2025-07
ORD11292,2024-01-28,CUST1044,Customer_1044,East,Clothing,Jacket,3,2169.29,0.25,0.0,Credit Card,Retail Store,False,4880.9025,2024-01
ORD10852,2025-04-18,CUST1216,Customer_1216,South,Clothing,Jeans,1,2223.83,0.0,106.73,Debit Card,Online,False,2223.83,2025-04
ORD12814,2024-09-28,CUST1342,Customer_1342,West,Beauty,Face Cream,1,1675.61,0.0,123.59,Unknown,Online,False,1675.61,2024-09
ORD13150,2025-02-02,CUST1257,Customer_1257,Unknown,Beauty,Shampoo,4,2120.34,0.0,47.07,Credit Card,Online,False,8481.36,2025-02
ORD13343,2025-07-29,CUST1004,Customer_1004,South,Beauty,Perfume,5,2413.48,0.05,0.0,Credit Card,Retail Store,False,11464.029999999999,2025-07
ORD11617,2024-06-19,CUST1362,Customer_1362,East,Electronics,Smartphone,5,32100.76,0.05,161.02,Upi,Online,False,152478.61,2024-06
ORD12826,2025-03-08,CUST1296,Customer_1296,East,Clothing,Jeans,5,1276.03,0.0,0.0,Debit Card,Retail Store,False,6380.15,2025-03
ORD13177,2025-09-09,CUST1203,Customer_1203,North,Home & Kitchen,Bedsheet,4,5221.5,0.0,44.56,Net Banking,Online,False,20886.0,2025-09
ORD12614,2025-08-18,CUST1084,Customer_1084,North,Clothing,T-Shirt,5,2880.76,0.05,0.0,Debit Card,Retail Store,False,13683.61,2025-08
ORD14731,2025-12-11,CUST1246,Customer_1246,North,Electronics,Smartwatch,1,45142.27,0.25,167.98,Upi,Online,False,33856.7025,2025-12
ORD14661,2025-01-04,CUST1260,Customer_1260,East,Home & Kitchen,Lamp,4,6906.82,0.25,106.57,Net Banking,Online,False,20720.46,2025-01
ORD12867,2024-06-11,CUST1109,Customer_1109,West,Beauty,Face Cream,1,1899.98,0.0,0.0,Cash On Delivery,Retail Store,False,1899.98,2024-06
ORD14648,2025-07-14,CUST1282,Customer_1282,North,Clothing,Shoes,2,321.58,0.1,0.0,Credit Card,Retail Store,False,578.8439999999999,2025-07
ORD13369,2024-02-16,CUST1004,Customer_1004,North,Home & Kitchen,Bedsheet,4,1552.88,0.0,42.96,Credit Card,Online,False,6211.52,2024-02
ORD10140,2025-09-09,CUST1202,Customer_1202,West,Home & Kitchen,Bedsheet,4,6616.07,0.15,0.0,Cash On Delivery,Retail Store,False,22494.638,2025-09
ORD11589,2024-12-05,CUST1373,Customer_1373,East,Clothing,Jeans,4,990.79,0.2,73.51,Net Banking,Online,False,3170.5280000000002,2024-12
ORD14295,2025-05-28,CUST1093,Customer_1093,East,Beauty,Shampoo,3,303.13,0.1,69.39,Cash On Delivery,Online,False,818.451,2025-05
ORD14560,2025-07-30,CUST1181,Customer_1181,North,Clothing,Jeans,3,2389.22,0.1,55.29,Debit Card,Online,False,6450.894,2025-07
ORD12437,2024-05-14,CUST1091,Customer_1091,East,Sports,Cricket Bat,3,3148.65,0.25,59.88,Debit Card,Online,False,7084.462500000001,2024-05
ORD13279,2025-09-24,CUST1285,Customer_1285,South,Home & Kitchen,Vacuum Cleaner,1,3649.24,0.1,0.0,Unknown,Retail Store,False,3284.316,2025-09
ORD10820,2025-11-19,CUST1371,Customer_1371,West,Sports,Cycling Helmet,2,5907.67,0.0,0.0,Net Banking,Retail Store,False,11815.34,2025-11
ORD14344,2024-03-22,CUST1261,Customer_1261,West,Home & Kitchen,Lamp,2,5458.81,0.25,128.98,Debit Card,Online,False,8188.215,2024-03
ORD12745,2025-09-01,CUST1381,Customer_1381,North,Beauty,Lipstick,2,219.28,0.0,165.04,Credit Card,Online,False,438.56,2025-09
ORD14563,2025-05-06,CUST1137,Customer_1137,North,Clothing,T-Shirt,5,1361.43,0.0,0.0,Net Banking,Retail Store,False,6807.150000000001,2025-05
ORD13362,2025-04-05,CUST1226,Customer_1226,East,Electronics,Tablet,5,16470.74,0.0,0.0,Upi,Retail Store,False,82353.70000000001,2025-04
ORD12532,2025-12-28,CUST1170,Customer_1170,West,Sports,Cycling Helmet,3,1032.4,0.2,172.8,Cash On Delivery,Online,False,2477.76,2025-12
ORD11136,2025-02-12,CUST1212,Customer_1212,South,Clothing,Jacket,2,1161.05,0.0,5.56,Debit Card,Online,False,2322.1,2025-02
ORD11817,2025-01-23,CUST1383,Customer_1383,North,Electronics,Laptop,3,38389.66,0.05,0.0,Debit Card,Retail Store,False,109410.531,2025-01
ORD10229,2025-05-17,CUST1066,Customer_1066,South,Clothing,Dress,-3,2831.24,0.1,0.0,Credit Card,Retail Store,True,-7644.348,2025-05
ORD10999,2025-10-16,CUST1088,Customer_1088,South,Electronics,Laptop,5,3717.02,0.25,0.0,Debit Card,Retail Store,False,13938.824999999999,2025-10
ORD12715,2025-06-12,CUST1304,Customer_1304,North,Sports,Cycling Helmet,1,4831.48,0.0,0.0,Credit Card,Retail Store,False,4831.48,2025-06
ORD13785,2025-08-08,CUST1128,Customer_1128,West,Home & Kitchen,Cookware Set,5,4852.54,0.15,69.31,Credit Card,Online,False,20623.295000000002,2025-08
ORD13461,2024-12-06,CUST1275,Customer_1275,South,Electronics,Smartphone,5,39200.55,0.25,0.0,Debit Card,Retail Store,False,147002.0625,2024-12
ORD14639,2025-01-06,CUST1093,Customer_1093,South,Sports,Cricket Bat,5,3555.09,0.05,0.0,Debit Card,Retail Store,False,16886.6775,2025-01
ORD12580,2025-03-26,CUST1231,Customer_1231,East,Beauty,Lipstick,5,1336.99,0.05,0.0,Debit Card,Retail Store,False,6350.702499999999,2025-03
ORD14683,2025-09-21,CUST1230,Customer_1230,East,Clothing,Dress,2,1021.73,0.0,94.93,Credit Card,Online,False,2043.46,2025-09
ORD10024,2025-11-05,CUST1107,Customer_1107,South,Beauty,Sunscreen,5,1261.99,0.0,134.56,Credit Card,Online,False,6309.95,2025-11
ORD10628,2024-03-19,CUST1224,Customer_1224,West,Clothing,Jacket,1,2704.15,0.0,0.0,Cash On Delivery,Retail Store,False,2704.15,2024-03
ORD10261,2024-07-10,CUST1201,Customer_1201,West,Clothing,Shoes,1,2160.87,0.1,0.0,Upi,Retail Store,False,1944.783,2024-07
ORD11388,2024-12-30,CUST1126,Customer_1126,East,Beauty,Shampoo,4,2275.8,0.15,0.0,Debit Card,Retail Store,False,7737.72,2024-12
ORD13040,2025-08-31,CUST1123,Customer_1123,West,Sports,Cycling Helmet,1,5882.6,0.0,0.0,Credit Card,Retail Store,False,5882.6,2025-08
ORD14071,2024-06-27,CUST1058,Customer_1058,North,Beauty,Sunscreen,4,1505.67,0.05,0.0,Cash On Delivery,Retail Store,False,5721.546,2024-06
ORD12553,2024-01-27,CUST1281,Customer_1281,East,Home & Kitchen,Bedsheet,2,2084.65,0.0,0.0,Net Banking,Retail Store,False,4169.3,2024-01
ORD12422,2024-05-17,CUST1248,Customer_1248,North,Clothing,T-Shirt,5,354.51,0.0,91.28,Debit Card,Online,False,1772.55,2024-05
ORD11695,2024-04-01,CUST1132,Customer_1132,East,Sports,Cycling Helmet,5,996.64,0.1,0.86,Upi,Online,False,4484.88,2024-04
ORD10008,2024-03-11,CUST1250,Customer_1250,East,Electronics,Headphones,3,50152.43,0.25,0.0,Debit Card,Retail Store,False,112842.9675,2024-03
ORD11606,2025-02-14,CUST1314,Customer_1314,West,Home & Kitchen,Cookware Set,1,4128.17,0.15,0.0,Upi,Retail Store,False,3508.9445,2025-02
ORD11066,2024-12-04,CUST1054,Customer_1054,South,Beauty,Sunscreen,3,1800.77,0.1,114.26,Credit Card,Online,False,4862.079,2024-12
ORD11902,2024-03-24,CUST1251,Customer_1251,South,Clothing,Jeans,2,2490.81,0.0,0.0,Upi,Retail Store,False,4981.62,2024-03
ORD12411,2024-05-22,CUST1023,Customer_1023,South,Electronics,Smartwatch,5,48415.12,0.1,0.0,Cash On Delivery,Retail Store,False,217868.04,2024-05
ORD14997,2025-11-29,CUST1267,Customer_1267,East,Home & Kitchen,Bedsheet,2,7801.36,0.0,0.0,Upi,Retail Store,False,15602.72,2025-11
ORD11713,2025-01-24,CUST1375,Customer_1375,West,Clothing,Jeans,3,702.8,0.0,0.0,Cash On Delivery,Retail Store,False,2108.3999999999996,2025-01
ORD13061,2025-07-06,CUST1103,Customer_1103,North,Clothing,Shoes,1,1901.48,0.15,17.78,Debit Card,Online,False,1616.258,2025-07
ORD10400,2024-01-22,CUST1358,Customer_1358,North,Electronics,Laptop,5,41440.2,0.1,50.6,Credit Card,Online,False,186480.9,2024-01
ORD14529,2024-05-21,CUST1025,Customer_1025,West,Sports,Running Shoes,5,4568.41,0.05,139.31,Cash On Delivery,Online,False,21699.9475,2024-05
ORD14577,2025-07-19,CUST1108,Customer_1108,South,Home & Kitchen,Blender,4,4414.0,0.2,0.0,Net Banking,Retail Store,False,14124.800000000001,2025-07
ORD11994,2025-02-26,CUST1145,Customer_1145,North,Electronics,Headphones,2,57746.43,0.0,164.16,Credit Card,Online,False,115492.86,2025-02
ORD11539,2024-11-08,CUST1240,Customer_1240,East,Clothing,Shoes,4,626.76,0.0,0.0,Debit Card,Retail Store,False,2507.04,2024-11
ORD13789,2025-07-11,CUST1287,Customer_1287,South,Beauty,Face Cream,3,2234.82,0.0,0.0,Net Banking,Retail Store,False,6704.460000000001,2025-07
ORD14968,2024-07-19,CUST1166,Customer_1166,North,Clothing,Dress,1,804.53,0.2,138.57,Upi,Online,False,643.624,2024-07
ORD13811,2025-12-06,CUST1234,Customer_1234,South,Home & Kitchen,Vacuum Cleaner,1,3293.39,0.15,36.58,Upi,Online,False,2799.3815,2025-12
ORD14507,2024-10-16,CUST1237,Customer_1237,North,Home & Kitchen,Lamp,4,5531.17,0.2,0.0,Cash On Delivery,Retail Store,False,17699.744000000002,2024-10
ORD13281,2025-10-08,CUST1349,Customer_1349,North,Electronics,Headphones,2,32875.56,0.15,29.85,Net Banking,Online,False,55888.452,2025-10
ORD10038,2024-04-12,CUST1118,Customer_1118,North,Electronics,Smartphone,3,32848.04,0.1,0.0,Debit Card,Retail Store,False,88689.708,2024-04
ORD12292,2024-11-29,CUST1152,Customer_1152,East,Sports,Cycling Helmet,5,3788.87,0.0,9.93,Cash On Delivery,Online,False,18944.35,2024-11
ORD13388,2025-03-18,CUST1364,Customer_1364,North,Clothing,Shoes,1,2963.28,0.0,0.0,Cash On Delivery,Retail Store,False,2963.28,2025-03
ORD10864,2024-08-12,CUST1168,Customer_1168,West,Sports,Cricket Bat,4,1842.8,0.05,185.21,Cash On Delivery,Online,False,7002.639999999999,2024-08
ORD14905,2025-12-03,CUST1211,Customer_1211,North,Beauty,Face Cream,5,1957.64,0.05,0.0,Cash On Delivery,Retail Store,False,9298.79,2025-12
ORD14566,2025-12-09,CUST1000,Customer_1000,East,Beauty,Shampoo,2,1342.1,0.25,0.0,Credit Card,Retail Store,False,2013.1499999999999,2025-12
ORD13829,2024-01-24,CUST1321,Customer_1321,North,Beauty,Face Cream,3,2433.41,0.15,165.26,Credit Card,Online,False,6205.1955,2024-01
ORD11434,2024-04-23,CUST1345,Customer_1345,South,Clothing,Jeans,2,1114.0,0.1,0.0,Debit Card,Retail Store,False,2005.2,2024-04
ORD12440,2024-03-12,CUST1084,Customer_1084,East,Home & Kitchen,Lamp,2,609.18,0.0,0.0,Credit Card,Retail Store,False,1218.36,2024-03
ORD12433,2024-06-30,CUST1252,Customer_1252,North,Electronics,Tablet,5,21773.09,0.2,0.0,Net Banking,Retail Store,False,87092.36,2024-06
ORD12375,2024-01-13,CUST1096,Customer_1096,East,Clothing,Jeans,3,1623.2,0.0,0.0,Credit Card,Retail Store,False,4869.6,2024-01
ORD14324,2024-10-12,CUST1108,Customer_1108,West,Sports,Running Shoes,2,4293.62,0.0,181.89,Credit Card,Online,False,8587.24,2024-10
ORD14721,2025-09-29,CUST1367,Customer_1367,North,Electronics,Smartphone,5,44691.51,0.1,0.0,Cash On Delivery,Retail Store,False,201111.795,2025-09
ORD10207,2024-11-25,CUST1390,Customer_1390,West,Electronics,Smartphone,5,26620.47,0.1,125.34,Credit Card,Online,False,119792.115,2024-11
ORD13328,2025-12-12,CUST1389,Customer_1389,West,Home & Kitchen,Lamp,1,4730.95,0.15,145.14,Net Banking,Online,False,4021.3075,2025-12
ORD13101,2024-01-22,CUST1389,Customer_1389,West,Home & Kitchen,Vacuum Cleaner,4,1600.13,0.0,49.35,Cash On Delivery,Online,False,6400.52,2024-01
ORD12568,2024-08-10,CUST1145,Customer_1145,East,Beauty,Shampoo,5,1777.33,0.25,52.38,Debit Card,Online,False,6664.987499999999,2024-08
ORD11069,2024-01-26,CUST1118,Customer_1118,East,Clothing,Shoes,2,681.96,0.25,0.0,Credit Card,Retail Store,False,1022.94,2024-01
ORD13527,2025-07-07,CUST1014,Customer_1014,West,Beauty,Lipstick,1,273.8,0.1,69.69,Net Banking,Online,False,246.42000000000002,2025-07
ORD12096,2024-11-29,CUST1380,Customer_1380,North,Home & Kitchen,Cookware Set,2,2422.15,0.0,0.0,Upi,Retail Store,False,4844.3,2024-11
ORD10890,2025-02-21,CUST1086,Customer_1086,North,Clothing,Dress,1,889.73,0.05,98.53,Net Banking,Online,False,845.2434999999999,2025-02
ORD10669,2024-04-03,CUST1169,Customer_1169,East,Sports,Cycling Helmet,5,1341.36,0.05,95.09,Debit Card,Online,False,6371.459999999999,2024-04
ORD10851,2025-09-27,CUST1130,Customer_1130,East,Beauty,Shampoo,3,1112.24,0.0,0.0,Upi,Retail Store,False,3336.7200000000003,2025-09
ORD14804,2025-11-03,CUST1054,Customer_1054,East,Beauty,Perfume,5,1117.75,0.0,0.0,Unknown,Retail Store,False,5588.75,2025-11
ORD11654,2025-08-19,CUST1238,Customer_1238,East,Home & Kitchen,Lamp,3,2823.3,0.05,0.0,Debit Card,Retail Store,False,8046.405000000001,2025-08
ORD10698,2024-11-18,CUST1130,Customer_1130,West,Beauty,Face Cream,5,637.75,0.1,124.97,Credit Card,Online,False,2869.875,2024-11
ORD14339,2025-04-15,CUST1352,Customer_1352,East,Beauty,Sunscreen,3,205.66,0.1,0.0,Upi,Retail Store,False,555.282,2025-04
ORD10293,2024-06-23,CUST1267,Customer_1267,West,Home & Kitchen,Bedsheet,4,5511.95,0.1,0.0,Net Banking,Retail Store,False,19843.02,2024-06
ORD14849,2024-09-24,CUST1017,Customer_1017,South,Sports,Cricket Bat,1,3148.65,0.15,16.41,Cash On Delivery,Online,False,2676.3525,2024-09
ORD10894,2025-11-12,CUST1063,Customer_1063,West,Home & Kitchen,Vacuum Cleaner,4,5473.4,0.05,0.0,Cash On Delivery,Retail Store,False,20798.92,2025-11
ORD12724,2025-03-26,CUST1396,Customer_1396,South,Electronics,Smartphone,3,5351.19,0.0,148.4,Net Banking,Online,False,16053.57,2025-03
ORD11325,2024-07-03,CUST1381,Customer_1381,East,Electronics,Tablet,5,15767.03,0.2,0.0,Credit Card,Retail Store,False,63068.12000000001,2024-07
ORD12297,2025-07-17,CUST1377,Customer_1377,North,Beauty,Perfume,4,2257.64,0.0,186.93,Net Banking,Online,False,9030.56,2025-07
ORD10983,2024-04-27,CUST1024,Customer_1024,South,Clothing,Jeans,1,2154.32,0.0,76.52,Credit Card,Online,False,2154.32,2024-04
ORD11112,2025-04-18,CUST1070,Customer_1070,West,Sports,Running Shoes,2,2460.84,0.0,0.0,Cash On Delivery,Retail Store,False,4921.68,2025-04
ORD10631,2024-07-07,CUST1301,Customer_1301,North,Beauty,Perfume,1,1049.08,0.2,108.31,Upi,Online,False,839.264,2024-07
ORD11967,2025-12-06,CUST1328,Customer_1328,West,Sports,Cricket Bat,4,928.6,0.05,196.21,Credit Card,Online,False,3528.68,2025-12
ORD13782,2024-01-10,CUST1239,Customer_1239,North,Home & Kitchen,Cookware Set,5,7030.61,0.2,0.0,Debit Card,Retail Store,False,28122.44,2024-01
ORD10212,2024-06-01,CUST1151,Customer_1151,South,Clothing,T-Shirt,5,2819.44,0.25,0.0,Credit Card,Retail Store,False,10572.900000000001,2024-06
ORD14669,2025-11-10,CUST1263,Customer_1263,West,Home & Kitchen,Bedsheet,3,564.71,0.0,0.0,Upi,Retail Store,False,1694.13,2025-11
ORD11609,2025-05-19,CUST1379,Customer_1379,West,Home & Kitchen,Lamp,1,6551.48,0.1,0.0,Debit Card,Retail Store,False,5896.331999999999,2025-05
ORD14983,2025-03-25,CUST1185,Customer_1185,East,Beauty,Face Cream,5,528.34,0.25,0.0,Upi,Retail Store,False,1981.275,2025-03
ORD13004,2025-09-20,CUST1060,Customer_1060,East,Electronics,Smartphone,2,59059.39,0.0,42.29,Cash On Delivery,Online,False,118118.78,2025-09
ORD11287,2025-01-31,CUST1397,Customer_1397,West,Electronics,Tablet,1,27949.13,0.0,0.0,Net Banking,Retail Store,False,27949.13,2025-01
ORD12990,2025-05-19,CUST1356,Customer_1356,West,Beauty,Lipstick,1,1538.22,0.0,0.0,Credit Card,Retail Store,False,1538.22,2025-05
ORD13512,2024-11-07,CUST1258,Customer_1258,South,Clothing,Jeans,2,2790.58,0.0,8.94,Debit Card,Online,False,5581.16,2024-11
ORD12376,2025-08-03,CUST1304,Customer_1304,South,Clothing,Shoes,3,1529.43,0.15,172.7,Debit Card,Online,False,3900.0465,2025-08
ORD10198,2025-04-30,CUST1360,Customer_1360,South,Clothing,Jacket,3,2015.61,0.0,167.53,Upi,Online,False,6046.83,2025-04
ORD13696,2024-05-31,CUST1148,Customer_1148,South,Sports,Cricket Bat,2,1716.29,0.05,0.0,Net Banking,Retail Store,False,3260.9509999999996,2024-05
ORD14608,2025-02-26,CUST1041,Customer_1041,North,Sports,Yoga Mat,3,2749.19,0.05,0.0,Upi,Retail Store,False,7835.191499999999,2025-02
ORD14049,2025-07-25,CUST1080,Customer_1080,East,Beauty,Face Cream,4,1605.15,0.05,108.95,Debit Card,Online,False,6099.57,2025-07
ORD14502,2025-08-30,CUST1173,Customer_1173,North,Electronics,Tablet,2,52112.43,0.0,0.0,Cash On Delivery,Retail Store,False,104224.86,2025-08
ORD12666,2024-02-07,CUST1197,Customer_1197,East,Clothing,T-Shirt,5,2107.28,0.0,0.0,Debit Card,Retail Store,False,10536.400000000001,2024-02
ORD10379,2024-05-29,CUST1022,Customer_1022,North,Electronics,Laptop,1,47268.69,0.0,0.0,Net Banking,Retail Store,False,47268.69,2024-05
ORD11442,2024-01-14,CUST1042,Customer_1042,South,Beauty,Lipstick,4,830.62,0.25,0.0,Net Banking,Retail Store,False,2491.86,2024-01
ORD14512,2025-06-08,CUST1044,Customer_1044,East,Electronics,Laptop,3,46225.84,0.1,152.37,Cash On Delivery,Online,False,124809.768,2025-06
ORD12271,2025-07-18,CUST1327,Customer_1327,North,Beauty,Perfume,4,379.34,0.0,0.0,Debit Card,Retail Store,False,1517.36,2025-07
ORD13464,2025-10-22,CUST1089,Customer_1089,West,Clothing,Jeans,3,1668.54,0.25,0.0,Upi,Retail Store,False,3754.215,2025-10
ORD10523,2025-11-25,CUST1048,Customer_1048,East,Sports,Cricket Bat,5,5700.46,0.15,51.81,Cash On Delivery,Online,False,24226.954999999998,2025-11
ORD14902,2024-06-11,CUST1009,Customer_1009,West,Home & Kitchen,Lamp,5,7006.49,0.15,0.0,Debit Card,Retail Store,False,29777.582499999997,2024-06
ORD14381,2025-02-10,CUST1111,Customer_1111,North,Beauty,Perfume,4,1497.44,0.0,0.0,Cash On Delivery,Retail Store,False,5989.76,2025-02
ORD11934,2025-07-14,CUST1377,Customer_1377,East,Sports,Dumbbells,4,2253.23,0.1,0.0,Cash On Delivery,Retail Store,False,8111.628000000001,2025-07
ORD10570,2024-01-11,CUST1219,Customer_1219,West,Home & Kitchen,Vacuum Cleaner,2,4516.3,0.2,64.75,Credit Card,Online,False,7226.080000000001,2024-01
ORD14881,2025-07-02,CUST1273,Customer_1273,North,Home & Kitchen,Vacuum Cleaner,1,5248.86,0.0,198.69,Upi,Online,False,5248.86,2025-07
ORD14750,2025-10-31,CUST1223,Customer_1223,North,Home & Kitchen,Blender,4,5638.26,0.15,55.36,Upi,Online,False,19170.084,2025-10
ORD13983,2025-02-19,CUST1061,Customer_1061,East,Sports,Cycling Helmet,1,5176.59,0.2,10.95,Upi,Online,False,4141.272,2025-02
ORD14282,2025-09-05,CUST1050,Customer_1050,South,Clothing,Dress,3,654.76,0.0,135.83,Debit Card,Online,False,1964.28,2025-09
ORD13945,2025-07-21,CUST1073,Customer_1073,East,Sports,Running Shoes,3,2986.13,0.25,142.83,Cash On Delivery,Online,False,6718.7925,2025-07
ORD12631,2025-05-01,CUST1174,Customer_1174,East,Electronics,Headphones,4,9752.23,0.0,137.03,Cash On Delivery,Online,False,39008.92,2025-05
ORD14092,2024-06-04,CUST1180,Customer_1180,West,Home & Kitchen,Blender,2,1075.91,0.0,0.0,Cash On Delivery,Retail Store,False,2151.82,2024-06
ORD13171,2025-03-27,CUST1315,Customer_1315,East,Electronics,Headphones,5,50804.55,0.0,0.0,Cash On Delivery,Retail Store,False,254022.75,2025-03
ORD12876,2025-08-07,CUST1385,Customer_1385,South,Sports,Cycling Helmet,2,3148.65,0.1,0.0,Cash On Delivery,Retail Store,False,5667.570000000001,2025-08
ORD14782,2025-06-14,CUST1292,Customer_1292,East,Sports,Cycling Helmet,2,2357.01,0.1,30.42,Debit Card,Online,False,4242.618,2025-06
ORD13576,2025-06-11,CUST1137,Customer_1137,West,Electronics,Laptop,3,36361.65,0.05,0.0,Net Banking,Retail Store,False,103630.7025,2025-06
ORD13626,2024-04-24,CUST1025,Customer_1025,East,Beauty,Perfume,1,647.41,0.15,25.16,Upi,Online,False,550.2985,2024-04
ORD14256,2025-02-13,CUST1040,Customer_1040,Unknown,Beauty,Lipstick,5,2415.57,0.0,187.44,Credit Card,Online,False,12077.85,2025-02
ORD10821,2024-12-17,CUST1184,Customer_1184,East,Beauty,Face Cream,5,1342.1,0.0,0.0,Net Banking,Retail Store,False,6710.5,2024-12
ORD13488,2024-07-08,CUST1219,Customer_1219,East,Sports,Yoga Mat,2,4683.19,0.0,119.91,Debit Card,Online,False,9366.38,2024-07
ORD13297,2025-08-08,CUST1091,Customer_1091,East,Electronics,Laptop,4,34364.95,0.0,93.54,Cash On Delivery,Online,False,137459.8,2025-08
ORD11204,2025-05-27,CUST1130,Customer_1130,North,Beauty,Sunscreen,4,652.65,0.0,0.0,Cash On Delivery,Retail Store,False,2610.6,2025-05
ORD14053,2024-11-30,CUST1283,Customer_1283,East,Sports,Cycling Helmet,2,4086.48,0.0,0.0,Net Banking,Retail Store,False,8172.96,2024-11
ORD14944,2025-07-27,CUST1292,Customer_1292,East,Clothing,Shoes,3,2005.33,0.15,103.6,Net Banking,Online,False,5113.5914999999995,2025-07
ORD12446,2025-04-11,CUST1239,Customer_1239,South,Sports,Yoga Mat,3,4067.18,0.0,0.88,Credit Card,Online,False,12201.539999999999,2025-04
ORD13000,2025-01-20,CUST1019,Customer_1019,North,Beauty,Sunscreen,5,995.79,0.0,0.0,Unknown,Retail Store,False,4978.95,2025-01
ORD11664,2025-09-28,CUST1063,Customer_1063,West,Beauty,Sunscreen,4,1190.76,0.05,0.0,Net Banking,Retail Store,False,4524.888,2025-09
ORD12439,2025-08-28,CUST1352,Customer_1352,North,Electronics,Tablet,5,41687.98,0.2,134.23,Credit Card,Online,False,166751.92000000004,2025-08
ORD12939,2025-03-01,CUST1219,Customer_1219,North,Home & Kitchen,Vacuum Cleaner,3,5900.6,0.2,110.83,Upi,Online,False,14161.440000000002,2025-03
ORD13682,2025-03-27,CUST1110,Customer_1110,Unknown,Electronics,Smartwatch,4,18338.51,0.1,149.71,Credit Card,Online,False,66018.636,2025-03
ORD14137,2024-06-03,CUST1098,Customer_1098,South,Beauty,Face Cream,3,2193.2,0.05,0.0,Cash On Delivery,Retail Store,False,6250.619999999999,2024-06
ORD12085,2024-10-22,CUST1181,Customer_1181,South,Home & Kitchen,Vacuum Cleaner,4,4068.61,0.0,0.0,Debit Card,Retail Store,False,16274.44,2024-10
ORD12509,2024-10-27,CUST1231,Customer_1231,East,Clothing,T-Shirt,1,2364.74,0.0,128.14,Upi,Online,False,2364.74,2024-10
ORD12307,2025-08-08,CUST1301,Customer_1301,North,Electronics,Laptop,3,8128.63,0.0,0.0,Debit Card,Retail Store,False,24385.89,2025-08
ORD13823,2024-06-17,CUST1332,Customer_1332,North,Electronics,Smartwatch,3,16251.78,0.0,4.3,Cash On Delivery,Online,False,48755.340000000004,2024-06
ORD11645,2025-12-17,CUST1212,Customer_1212,East,Clothing,Dress,5,1574.33,0.05,0.0,Upi,Retail Store,False,7478.067499999999,2025-12
ORD14285,2024-07-13,CUST1273,Customer_1273,South,Home & Kitchen,Vacuum Cleaner,2,7668.77,0.25,0.0,Debit Card,Retail Store,False,11503.155,2024-07
ORD14436,2025-09-12,CUST1269,Customer_1269,South,Sports,Running Shoes,5,4270.32,0.0,0.0,Upi,Retail Store,False,21351.6,2025-09
ORD14939,2024-05-20,CUST1078,Customer_1078,North,Beauty,Shampoo,4,991.35,0.1,173.99,Debit Card,Online,False,3568.86,2024-05
ORD10750,2024-06-13,CUST1211,Customer_1211,South,Electronics,Smartwatch,3,41456.18,0.1,0.0,Cash On Delivery,Retail Store,False,111931.68600000002,2024-06
ORD12420,2025-03-29,CUST1390,Customer_1390,West,Beauty,Sunscreen,2,2172.44,0.2,0.0,Cash On Delivery,Retail Store,False,3475.9040000000005,2025-03
ORD11161,2025-11-12,CUST1352,Customer_1352,East,Electronics,Headphones,2,18794.14,0.1,0.0,Net Banking,Retail Store,False,33829.452,2025-11
ORD12596,2025-09-16,CUST1245,Customer_1245,North,Sports,Running Shoes,2,2211.89,0.1,0.0,Upi,Retail Store,False,3981.402,2025-09
ORD12885,2025-08-29,CUST1399,Customer_1399,West,Beauty,Shampoo,3,1702.05,0.1,0.0,Net Banking,Retail Store,False,4595.535,2025-08
ORD12570,2024-07-27,CUST1057,Customer_1057,Unknown,Electronics,Smartwatch,3,16421.7,0.0,127.13,Debit Card,Online,False,49265.100000000006,2024-07
ORD14714,2024-01-30,CUST1288,Customer_1288,South,Clothing,Jacket,3,2202.39,0.1,0.0,Upi,Retail Store,False,5946.453,2024-01
ORD12074,2024-11-23,CUST1010,Customer_1010,North,Electronics,Headphones,1,31236.15,0.25,113.9,Upi,Online,False,23427.112500000003,2024-11
ORD10277,2024-05-08,CUST1045,Customer_1045,South,Clothing,Jeans,4,2813.29,0.0,0.0,Net Banking,Retail Store,False,11253.16,2024-05
ORD14287,2024-04-18,CUST1364,Customer_1364,West,Home & Kitchen,Cookware Set,5,6879.54,0.0,0.0,Credit Card,Retail Store,False,34397.7,2024-04
ORD11146,2024-03-02,CUST1271,Customer_1271,East,Clothing,Dress,1,736.96,0.0,0.0,Debit Card,Retail Store,False,736.96,2024-03
ORD10294,2024-08-24,CUST1027,Customer_1027,South,Beauty,Face Cream,1,2181.06,0.2,0.0,Upi,Retail Store,False,1744.848,2024-08
ORD14016,2025-02-23,CUST1164,Customer_1164,East,Clothing,Jacket,1,819.63,0.25,0.0,Cash On Delivery,Retail Store,False,614.7225,2025-02
ORD10977,2024-07-03,CUST1112,Customer_1112,West,Clothing,Shoes,3,1198.09,0.0,114.21,Credit Card,Online,False,3594.2699999999995,2024-07
ORD10259,2025-09-20,CUST1102,Customer_1102,North,Clothing,Jeans,3,974.18,0.25,0.0,Cash On Delivery,Retail Store,False,2191.9049999999997,2025-09
ORD12206,2025-09-17,CUST1284,Customer_1284,North,Home & Kitchen,Vacuum Cleaner,4,1890.66,0.0,186.63,Credit Card,Online,False,7562.64,2025-09
ORD13200,2024-10-24,CUST1053,Customer_1053,East,Home & Kitchen,Lamp,4,4488.94,0.0,0.0,Credit Card,Retail Store,False,17955.76,2024-10
ORD11761,2024-01-03,CUST1344,Customer_1344,South,Home & Kitchen,Blender,4,4480.37,0.25,138.43,Cash On Delivery,Online,False,13441.11,2024-01
ORD13018,2024-02-07,CUST1235,Customer_1235,East,Electronics,Tablet,2,39025.79,0.25,5.49,Debit Card,Online,False,58538.685,2024-02
ORD12639,2025-07-14,CUST1258,Customer_1258,South,Home & Kitchen,Blender,4,4847.48,0.0,0.0,Upi,Retail Store,False,19389.92,2025-07
ORD11168,2024-07-23,CUST1072,Customer_1072,West,Home & Kitchen,Lamp,5,6749.5,0.25,0.0,Credit Card,Retail Store,False,25310.625,2024-07
ORD12314,2025-03-23,CUST1003,Customer_1003,South,Beauty,Perfume,3,1892.89,0.0,0.0,Credit Card,Retail Store,False,5678.67,2025-03
ORD12893,2025-03-19,CUST1231,Customer_1231,South,Electronics,Headphones,4,31578.16,0.2,0.0,Debit Card,Retail Store,False,101050.11200000001,2025-03
ORD13324,2025-12-23,CUST1214,Customer_1214,East,Sports,Yoga Mat,5,3500.65,0.1,0.0,Credit Card,Retail Store,False,15752.925000000001,2025-12
ORD10413,2024-09-09,CUST1092,Customer_1092,South,Clothing,Dress,3,873.47,0.0,56.86,Upi,Online,False,2620.41,2024-09
ORD13774,2024-11-09,CUST1025,Customer_1025,South,Beauty,Lipstick,5,1506.31,0.25,55.55,Net Banking,Online,False,5648.662499999999,2024-11
ORD13070,2024-12-15,CUST1239,Customer_1239,West,Sports,Yoga Mat,5,2181.67,0.25,0.0,Credit Card,Retail Store,False,8181.262500000001,2024-12
ORD14765,2025-11-19,CUST1187,Customer_1187,South,Sports,Cycling Helmet,5,5109.47,0.0,53.63,Net Banking,Online,False,25547.350000000002,2025-11
ORD11369,2024-06-03,CUST1281,Customer_1281,East,Clothing,Dress,3,854.48,0.0,22.9,Credit Card,Online,False,2563.44,2024-06
ORD14079,2024-03-01,CUST1063,Customer_1063,East,Clothing,Jeans,4,920.27,0.25,127.01,Credit Card,Online,False,2760.81,2024-03
ORD10904,2024-06-25,CUST1000,Customer_1000,West,Beauty,Perfume,3,2454.66,0.05,39.17,Credit Card,Online,False,6995.780999999999,2024-06
ORD12530,2025-07-14,CUST1192,Customer_1192,North,Sports,Cricket Bat,4,810.58,0.0,0.0,Unknown,Retail Store,False,3242.32,2025-07
ORD10513,2024-02-27,CUST1383,Customer_1383,West,Clothing,T-Shirt,3,2131.46,0.0,23.47,Debit Card,Online,False,6394.38,2024-02
ORD10067,2024-12-28,CUST1043,Customer_1043,East,Electronics,Smartwatch,1,23299.84,0.2,0.0,Credit Card,Retail Store,False,18639.872,2024-12
ORD12585,2025-02-07,CUST1154,Customer_1154,South,Sports,Running Shoes,2,4149.97,0.15,0.0,Upi,Retail Store,False,7054.9490000000005,2025-02
ORD14273,2024-09-10,CUST1210,Customer_1210,East,Beauty,Face Cream,5,269.37,0.0,0.0,Credit Card,Retail Store,False,1346.85,2024-09
ORD12081,2025-06-18,CUST1352,Customer_1352,West,Clothing,Jeans,1,1401.69,0.0,0.0,Debit Card,Retail Store,False,1401.69,2025-06
ORD11314,2024-10-04,CUST1099,Customer_1099,North,Clothing,Shoes,1,2487.99,0.0,0.0,Cash On Delivery,Retail Store,False,2487.99,2024-10
ORD13620,2024-06-15,CUST1065,Customer_1065,North,Home & Kitchen,Lamp,1,712.11,0.15,0.0,Debit Card,Retail Store,False,605.2935,2024-06
ORD11726,2025-02-04,CUST1285,Customer_1285,West,Beauty,Perfume,1,743.89,0.2,137.15,Credit Card,Online,False,595.112,2025-02
ORD12357,2024-06-16,CUST1043,Customer_1043,South,Beauty,Perfume,2,1602.62,0.15,0.0,Upi,Retail Store,False,2724.4539999999997,2024-06
ORD14113,2025-12-04,CUST1223,Customer_1223,North,Electronics,Smartwatch,5,43898.11,0.15,0.0,Credit Card,Retail Store,False,186566.9675,2025-12
ORD14530,2024-02-29,CUST1271,Customer_1271,East,Beauty,Perfume,3,503.77,0.2,0.0,Net Banking,Retail Store,False,1209.048,2024-02
ORD13310,2024-06-20,CUST1395,Customer_1395,East,Sports,Cricket Bat,3,1823.19,0.0,53.08,Credit Card,Online,False,5469.57,2024-06
ORD11790,2024-10-12,CUST1298,Customer_1298,North,Beauty,Perfume,4,2468.26,0.1,0.0,Cash On Delivery,Retail Store,False,8885.736,2024-10
ORD14776,2024-06-21,CUST1178,Customer_1178,East,Home & Kitchen,Bedsheet,5,4012.49,0.05,41.02,Cash On Delivery,Online,False,19059.327499999996,2024-06
ORD13951,2025-10-19,CUST1122,Customer_1122,West,Clothing,T-Shirt,3,1373.91,0.0,159.93,Net Banking,Online,False,4121.7300000000005,2025-10
ORD14305,2025-01-23,CUST1239,Customer_1239,East,Electronics,Smartwatch,5,41890.96,0.05,178.5,Upi,Online,False,198982.05999999997,2025-01
ORD14077,2024-08-31,CUST1175,Customer_1175,West,Home & Kitchen,Lamp,3,5050.38,0.15,87.12,Upi,Online,False,12878.469,2024-08
ORD14262,2024-05-31,CUST1256,Customer_1256,East,Beauty,Face Cream,4,596.75,0.0,159.61,Net Banking,Online,False,2387.0,2024-05
ORD14687,2024-02-13,CUST1303,Customer_1303,West,Clothing,T-Shirt,3,2151.81,0.15,101.62,Debit Card,Online,False,5487.1155,2024-02
ORD12173,2025-04-25,CUST1085,Customer_1085,West,Sports,Cycling Helmet,3,597.87,0.0,0.0,Debit Card,Retail Store,False,1793.6100000000001,2025-04
ORD11936,2024-07-21,CUST1228,Customer_1228,North,Home & Kitchen,Bedsheet,1,6318.56,0.15,138.69,Upi,Online,False,5370.776,2024-07
ORD12116,2024-03-20,CUST1293,Customer_1293,North,Home & Kitchen,Blender,4,5305.37,0.05,132.95,Credit Card,Online,False,20160.406,2024-03
ORD13768,2024-12-16,CUST1306,Customer_1306,West,Clothing,Shoes,5,1059.45,0.0,192.31,Debit Card,Online,False,5297.25,2024-12
ORD11397,2024-02-18,CUST1378,Customer_1378,East,Sports,Dumbbells,2,5872.96,0.0,192.18,Credit Card,Online,False,11745.92,2024-02
ORD11244,2024-05-19,CUST1394,Customer_1394,East,Beauty,Sunscreen,4,855.6,0.1,95.65,Debit Card,Online,False,3080.1600000000003,2024-05
ORD14033,2024-07-15,CUST1225,Customer_1225,South,Electronics,Tablet,5,23181.35,0.0,135.67,Net Banking,Online,False,115906.75,2024-07
ORD10149,2025-10-12,CUST1160,Customer_1160,East,Electronics,Smartphone,3,23338.41,0.25,97.93,Net Banking,Online,False,52511.4225,2025-10
ORD11172,2025-01-20,CUST1226,Customer_1226,East,Beauty,Shampoo,5,643.27,0.1,0.0,Upi,Retail Store,False,2894.715,2025-01
ORD12348,2024-09-19,CUST1116,Customer_1116,North,Sports,Yoga Mat,3,2939.68,0.15,110.13,Net Banking,Online,False,7496.183999999999,2024-09
ORD11192,2024-02-10,CUST1057,Customer_1057,South,Home & Kitchen,Cookware Set,5,1897.17,0.0,178.89,Debit Card,Online,False,9485.85,2024-02
ORD10184,2025-09-18,CUST1375,Customer_1375,South,Home & Kitchen,Cookware Set,2,3437.01,0.15,66.23,Cash On Delivery,Online,False,5842.917,2025-09
ORD10887,2025-08-19,CUST1070,Customer_1070,West,Sports,Cycling Helmet,5,5375.09,0.05,0.0,Credit Card,Retail Store,False,25531.677499999998,2025-08
ORD10920,2024-02-08,CUST1284,Customer_1284,North,Sports,Cycling Helmet,2,4304.27,0.15,40.93,Upi,Online,False,7317.259000000001,2024-02
ORD11818,2025-11-21,CUST1231,Customer_1231,East,Electronics,Laptop,1,52821.17,0.15,46.17,Credit Card,Online,False,44897.9945,2025-11
ORD11487,2024-05-18,CUST1086,Customer_1086,West,Clothing,Dress,5,2912.13,0.0,0.0,Cash On Delivery,Retail Store,False,14560.650000000001,2024-05
ORD14284,2025-09-29,CUST1168,Customer_1168,South,Sports,Dumbbells,1,1519.01,0.0,53.54,Net Banking,Online,False,1519.01,2025-09
ORD13593,2024-11-07,CUST1325,Customer_1325,East,Electronics,Smartwatch,2,24133.11,0.0,121.47,Debit Card,Online,False,48266.22,2024-11
ORD11872,2025-03-11,CUST1382,Customer_1382,North,Beauty,Face Cream,5,239.63,0.1,0.0,Upi,Retail Store,False,1078.335,2025-03
ORD14526,2024-03-01,CUST1052,Customer_1052,North,Clothing,Shoes,1,2221.18,0.0,168.29,Debit Card,Online,False,2221.18,2024-03
ORD14391,2024-07-31,CUST1077,Customer_1077,West,Clothing,Dress,1,2884.43,0.0,52.05,Upi,Online,False,2884.43,2024-07
ORD10667,2024-12-19,CUST1034,Customer_1034,West,Electronics,Laptop,2,6990.1,0.05,0.0,Upi,Retail Store,False,13281.19,2024-12
ORD12899,2024-07-27,CUST1247,Customer_1247,West,Clothing,Shoes,1,709.35,0.0,37.21,Upi,Online,False,709.35,2024-07
ORD13426,2024-08-27,CUST1191,Customer_1191,South,Sports,Running Shoes,5,2111.68,0.1,0.0,Debit Card,Retail Store,False,9502.56,2024-08
ORD10672,2025-01-26,CUST1333,Customer_1333,North,Home & Kitchen,Cookware Set,1,3094.94,0.05,0.0,Debit Card,Retail Store,False,2940.1929999999998,2025-01
ORD11908,2024-07-24,CUST1208,Customer_1208,East,Sports,Cycling Helmet,5,3332.97,0.25,0.0,Cash On Delivery,Retail Store,False,12498.637499999999,2024-07
ORD12108,2025-05-10,CUST1202,Customer_1202,South,Clothing,T-Shirt,3,779.07,0.2,0.0,Debit Card,Retail Store,False,1869.768,2025-05
ORD11646,2025-04-27,CUST1209,Customer_1209,South,Clothing,Dress,1,1359.21,0.0,35.76,Credit Card,Online,False,1359.21,2025-04
ORD12035,2024-12-10,CUST1189,Customer_1189,West,Sports,Dumbbells,3,5305.01,0.0,174.57,Upi,Online,False,15915.03,2024-12
ORD11681,2024-05-27,CUST1352,Customer_1352,North,Sports,Running Shoes,1,4170.47,0.0,0.0,Debit Card,Retail Store,False,4170.47,2024-05
ORD12231,2025-09-06,CUST1319,Customer_1319,West,Home & Kitchen,Cookware Set,5,3478.49,0.0,0.0,Debit Card,Retail Store,False,17392.449999999997,2025-09
ORD10264,2024-01-21,CUST1030,Customer_1030,South,Clothing,Jacket,4,2310.4,0.15,115.37,Net Banking,Online,False,7855.36,2024-01
ORD13299,2024-06-14,CUST1235,Customer_1235,West,Clothing,T-Shirt,1,1718.66,0.0,0.0,Debit Card,Retail Store,False,1718.66,2024-06
ORD11323,2025-11-25,CUST1061,Customer_1061,West,Electronics,Tablet,4,59660.41,0.25,0.0,Upi,Retail Store,False,178981.23,2025-11
ORD12504,2024-02-21,CUST1363,Customer_1363,South,Sports,Yoga Mat,4,2369.05,0.0,44.05,Cash On Delivery,Online,False,9476.2,2024-02
ORD10596,2024-12-28,CUST1054,Customer_1054,East,Electronics,Smartphone,1,12441.24,0.0,0.0,Cash On Delivery,Retail Store,False,12441.24,2024-12
ORD10092,2025-01-05,CUST1207,Customer_1207,North,Home & Kitchen,Bedsheet,2,6359.84,0.15,135.81,Net Banking,Online,False,10811.728,2025-01
ORD11411,2024-03-04,CUST1340,Customer_1340,East,Beauty,Lipstick,2,2089.98,0.0,7.54,Cash On Delivery,Online,False,4179.96,2024-03
ORD13470,2024-04-07,CUST1020,Customer_1020,North,Clothing,Shoes,5,2235.39,0.2,0.0,Cash On Delivery,Retail Store,False,8941.56,2024-04
ORD14766,2025-04-10,CUST1162,Customer_1162,South,Home & Kitchen,Blender,2,832.42,0.15,174.01,Credit Card,Online,False,1415.1139999999998,2025-04
ORD13030,2025-07-04,CUST1261,Customer_1261,South,Home & Kitchen,Bedsheet,1,7148.72,0.15,17.34,Debit Card,Online,False,6076.412,2025-07
ORD10409,2025-02-08,CUST1120,Customer_1120,East,Beauty,Perfume,5,256.95,0.1,116.1,Net Banking,Online,False,1156.275,2025-02
ORD11691,2024-10-14,CUST1193,Customer_1193,South,Sports,Dumbbells,3,5825.41,0.0,22.17,Net Banking,Online,False,17476.23,2024-10
ORD10209,2025-01-19,CUST1183,Customer_1183,North,Clothing,Jeans,-4,2959.17,0.0,118.78,Net Banking,Online,True,-11836.68,2025-01
ORD14040,2025-05-01,CUST1122,Customer_1122,West,Clothing,Jeans,3,2082.05,0.2,37.99,Unknown,Online,False,4996.920000000001,2025-05
ORD12696,2024-10-11,CUST1307,Customer_1307,East,Electronics,Smartwatch,2,3103.28,0.0,0.0,Upi,Retail Store,False,6206.56,2024-10
ORD12250,2025-05-27,CUST1119,Customer_1119,South,Clothing,Jacket,2,2167.34,0.0,73.14,Cash On Delivery,Online,False,4334.68,2025-05
ORD12395,2024-11-19,CUST1274,Customer_1274,North,Beauty,Perfume,2,1571.78,0.0,106.07,Credit Card,Online,False,3143.56,2024-11
ORD13966,2024-04-11,CUST1230,Customer_1230,South,Home & Kitchen,Blender,3,1483.28,0.1,0.0,Credit Card,Retail Store,False,4004.856,2024-04
ORD12291,2025-03-27,CUST1352,Customer_1352,North,Beauty,Shampoo,5,533.49,0.2,0.0,Upi,Retail Store,False,2133.96,2025-03
ORD14061,2024-02-21,CUST1004,Customer_1004,West,Home & Kitchen,Cookware Set,3,6676.91,0.0,0.0,Upi,Retail Store,False,20030.73,2024-02
ORD11084,2025-01-13,CUST1133,Customer_1133,Unknown,Clothing,T-Shirt,2,1287.78,0.1,0.0,Net Banking,Retail Store,False,2318.004,2025-01
ORD11267,2025-08-26,CUST1376,Customer_1376,East,Electronics,Laptop,5,3924.67,0.0,71.59,Upi,Online,False,19623.35,2025-08
ORD11109,2024-01-02,CUST1035,Customer_1035,West,Home & Kitchen,Blender,3,4722.8,0.0,0.0,Cash On Delivery,Retail Store,False,14168.400000000001,2024-01
ORD12749,2024-12-05,CUST1184,Customer_1184,North,Sports,Cricket Bat,3,5193.81,0.0,0.0,Cash On Delivery,Retail Store,False,15581.43,2024-12
ORD12978,2025-09-26,CUST1243,Customer_1243,South,Sports,Cycling Helmet,4,2358.08,0.25,0.0,Cash On Delivery,Retail Store,False,7074.24,2025-09
ORD13454,2025-12-19,CUST1198,Customer_1198,North,Home & Kitchen,Cookware Set,5,2384.07,0.0,175.94,Cash On Delivery,Online,False,11920.35,2025-12
ORD13933,2025-10-26,CUST1035,Customer_1035,West,Clothing,Dress,4,1338.83,0.05,0.0,Debit Card,Retail Store,False,5087.553999999999,2025-10
ORD10634,2024-05-07,CUST1394,Customer_1394,South,Sports,Cricket Bat,3,4056.97,0.0,88.76,Upi,Online,False,12170.91,2024-05
ORD13667,2024-06-21,CUST1131,Customer_1131,West,Sports,Cricket Bat,5,5052.43,0.0,0.0,Credit Card,Retail Store,False,25262.15,2024-06
ORD12882,2025-07-23,CUST1336,Customer_1336,South,Electronics,Smartwatch,1,26290.27,0.1,0.0,Upi,Retail Store,False,23661.243000000002,2025-07
ORD13437,2025-01-02,CUST1271,Customer_1271,West,Clothing,T-Shirt,3,1756.11,0.2,0.0,Upi,Retail Store,False,4214.664,2025-01
ORD13679,2025-10-07,CUST1135,Customer_1135,East,Clothing,Dress,5,1016.97,0.0,0.0,Net Banking,Retail Store,False,5084.85,2025-10
ORD12315,2025-02-01,CUST1379,Customer_1379,West,Electronics,Laptop,1,51345.24,0.15,96.7,Credit Card,Online,False,43643.454,2025-02
ORD13322,2025-10-22,CUST1310,Customer_1310,North,Clothing,T-Shirt,4,476.66,0.05,0.0,Cash On Delivery,Retail Store,False,1811.308,2025-10
ORD12232,2025-11-19,CUST1360,Customer_1360,West,Electronics,Headphones,1,48866.28,0.05,55.09,Cash On Delivery,Online,False,46422.966,2025-11
ORD12162,2024-01-10,CUST1037,Customer_1037,West,Home & Kitchen,Cookware Set,3,6030.6,0.25,0.0,Cash On Delivery,Retail Store,False,13568.850000000002,2024-01
ORD13107,2025-02-01,CUST1372,Customer_1372,Unknown,Electronics,Laptop,4,52069.44,0.15,136.12,Upi,Online,False,177036.096,2025-02
ORD10809,2024-08-20,CUST1205,Customer_1205,North,Sports,Yoga Mat,5,1560.63,0.1,95.74,Credit Card,Online,False,7022.835000000001,2024-08
ORD13170,2025-01-12,CUST1393,Customer_1393,West,Sports,Cycling Helmet,2,5065.34,0.25,0.0,Upi,Retail Store,False,7598.01,2025-01
ORD13028,2024-08-13,CUST1208,Customer_1208,West,Home & Kitchen,Lamp,2,3215.27,0.2,0.0,Cash On Delivery,Retail Store,False,5144.432000000001,2024-08
ORD12875,2025-11-20,CUST1193,Customer_1193,South,Clothing,Jacket,1,1552.9,0.0,0.0,Upi,Retail Store,False,1552.9,2025-11
ORD13254,2024-01-14,CUST1306,Customer_1306,North,Electronics,Tablet,2,10754.78,0.15,0.0,Net Banking,Retail Store,False,18283.126,2024-01
ORD13332,2025-08-10,CUST1398,Customer_1398,West,Beauty,Perfume,1,530.24,0.0,91.3,Upi,Online,False,530.24,2025-08
ORD13029,2025-03-14,CUST1184,Customer_1184,East,Sports,Cycling Helmet,3,4866.16,0.0,0.0,Cash On Delivery,Retail Store,False,14598.48,2025-03
ORD14970,2024-12-30,CUST1005,Customer_1005,North,Electronics,Headphones,3,8828.1,0.25,80.58,Upi,Online,False,19863.225000000002,2024-12
ORD14718,2025-09-20,CUST1364,Customer_1364,North,Sports,Cricket Bat,5,2137.68,0.15,173.34,Upi,Online,False,9085.14,2025-09
ORD10051,2024-03-17,CUST1018,Customer_1018,North,Clothing,Dress,5,2581.61,0.0,0.0,Upi,Retail Store,False,12908.050000000001,2024-03
ORD12353,2024-04-06,CUST1196,Customer_1196,East,Electronics,Tablet,2,31539.56,0.2,1.56,Debit Card,Online,False,50463.296,2024-04
ORD14833,2024-11-02,CUST1362,Customer_1362,East,Sports,Yoga Mat,2,4571.92,0.0,170.58,Credit Card,Online,False,9143.84,2024-11
ORD13618,2025-11-10,CUST1357,Customer_1357,North,Clothing,T-Shirt,3,1051.77,0.2,165.18,Net Banking,Online,False,2524.248,2025-11
ORD12128,2025-02-03,CUST1338,Customer_1338,North,Beauty,Lipstick,2,2186.32,0.0,0.0,Credit Card,Retail Store,False,4372.64,2025-02
ORD14288,2024-01-04,CUST1010,Customer_1010,West,Home & Kitchen,Lamp,5,4070.45,0.25,0.0,Debit Card,Retail Store,False,15264.1875,2024-01
ORD11037,2024-08-28,CUST1323,Customer_1323,North,Sports,Cycling Helmet,4,2548.81,0.0,128.23,Upi,Online,False,10195.24,2024-08
ORD14793,2025-11-01,CUST1177,Customer_1177,West,Sports,Cycling Helmet,2,2301.96,0.05,0.0,Upi,Retail Store,False,4373.724,2025-11
ORD12774,2024-06-07,CUST1320,Customer_1320,South,Electronics,Smartphone,5,35380.88,0.15,0.0,Net Banking,Retail Store,False,150368.74,2024-06
ORD10369,2024-01-13,CUST1099,Customer_1099,South,Beauty,Perfume,5,497.67,0.1,0.0,Unknown,Retail Store,False,2239.515,2024-01
ORD13154,2024-10-19,CUST1183,Customer_1183,East,Beauty,Face Cream,5,1200.41,0.0,0.0,Upi,Retail Store,False,6002.05,2024-10
ORD11969,2025-08-07,CUST1370,Customer_1370,South,Home & Kitchen,Blender,4,7460.57,0.15,132.79,Cash On Delivery,Online,False,25365.938,2025-08
ORD12713,2024-11-24,CUST1178,Customer_1178,East,Clothing,T-Shirt,1,500.83,0.1,109.76,Upi,Online,False,450.747,2024-11
ORD11482,2025-04-14,CUST1087,Customer_1087,North,Sports,Yoga Mat,5,773.97,0.1,174.36,Cash On Delivery,Online,False,3482.8650000000002,2025-04
ORD11362,2024-07-25,CUST1235,Customer_1235,East,Home & Kitchen,Bedsheet,3,4351.14,0.0,0.0,Net Banking,Retail Store,False,13053.420000000002,2024-07
ORD11514,2024-08-06,CUST1140,Customer_1140,North,Home & Kitchen,Blender,1,5346.51,0.0,34.02,Upi,Online,False,5346.51,2024-08
ORD13535,2025-01-17,CUST1345,Customer_1345,South,Beauty,Sunscreen,4,1574.85,0.0,0.0,Debit Card,Retail Store,False,6299.4,2025-01
ORD14462,2025-11-05,CUST1038,Customer_1038,South,Sports,Running Shoes,1,692.79,0.0,105.99,Cash On Delivery,Online,False,692.79,2025-11
ORD10112,2025-03-03,CUST1147,Customer_1147,East,Home & Kitchen,Vacuum Cleaner,1,4513.64,0.0,0.0,Credit Card,Retail Store,False,4513.64,2025-03
ORD14331,2024-08-12,CUST1004,Customer_1004,South,Beauty,Perfume,4,493.05,0.15,127.23,Debit Card,Online,False,1676.37,2024-08
ORD10168,2024-02-06,CUST1052,Customer_1052,Unknown,Sports,Yoga Mat,2,2438.27,0.0,0.0,Debit Card,Retail Store,False,4876.54,2024-02
ORD12322,2024-05-13,CUST1008,Customer_1008,North,Home & Kitchen,Lamp,3,3017.86,0.1,185.37,Cash On Delivery,Online,False,8148.222,2024-05
ORD14060,2025-10-02,CUST1045,Customer_1045,South,Beauty,Sunscreen,3,2019.02,0.0,0.0,Debit Card,Retail Store,False,6057.0599999999995,2025-10
ORD11599,2025-05-28,CUST1356,Customer_1356,North,Home & Kitchen,Bedsheet,5,4480.37,0.0,175.9,Debit Card,Online,False,22401.85,2025-05
ORD10575,2025-04-20,CUST1257,Customer_1257,East,Sports,Yoga Mat,3,5195.52,0.15,0.0,Credit Card,Retail Store,False,13248.576000000001,2025-04
ORD14588,2024-11-10,CUST1386,Customer_1386,South,Beauty,Sunscreen,4,1096.35,0.0,8.35,Net Banking,Online,False,4385.4,2024-11
ORD14446,2025-12-06,CUST1086,Customer_1086,North,Electronics,Laptop,1,32684.72,0.1,123.0,Credit Card,Online,False,29416.248000000003,2025-12
ORD14393,2024-07-24,CUST1145,Customer_1145,East,Sports,Running Shoes,4,2595.58,0.1,96.13,Upi,Online,False,9344.088,2024-07
ORD12879,2024-09-25,CUST1325,Customer_1325,North,Electronics,Tablet,4,57785.57,0.05,0.0,Upi,Retail Store,False,219585.166,2024-09
ORD12602,2024-02-01,CUST1209,Customer_1209,West,Clothing,Jacket,5,1947.11,0.25,0.0,Cash On Delivery,Retail Store,False,7301.662499999999,2024-02
ORD14118,2025-11-14,CUST1033,Customer_1033,West,Beauty,Shampoo,2,363.7,0.1,137.66,Upi,Online,False,654.66,2025-11
ORD10160,2025-06-27,CUST1374,Customer_1374,East,Electronics,Headphones,3,19006.44,0.0,0.0,Cash On Delivery,Retail Store,False,57019.31999999999,2025-06
ORD11245,2025-05-31,CUST1034,Customer_1034,North,Clothing,Jacket,2,1382.39,0.2,159.47,Cash On Delivery,Online,False,2211.824,2025-05
ORD11354,2025-06-17,CUST1384,Customer_1384,East,Home & Kitchen,Lamp,3,3732.15,0.15,58.23,Net Banking,Online,False,9516.9825,2025-06
ORD11289,2025-02-20,CUST1060,Customer_1060,East,Beauty,Face Cream,3,1430.9,0.0,80.44,Credit Card,Online,False,4292.700000000001,2025-02
ORD13141,2024-11-09,CUST1137,Customer_1137,North,Home & Kitchen,Lamp,2,6475.18,0.25,137.09,Net Banking,Online,False,9712.77,2024-11
ORD10139,2025-08-31,CUST1137,Customer_1137,West,Beauty,Shampoo,1,1342.1,0.25,60.93,Credit Card,Online,False,1006.5749999999999,2025-08
ORD11157,2024-12-03,CUST1278,Customer_1278,West,Clothing,Jacket,5,581.81,0.0,0.0,Net Banking,Retail Store,False,2909.0499999999997,2024-12
ORD13450,2025-11-26,CUST1361,Customer_1361,East,Electronics,Smartwatch,4,53421.58,0.0,194.49,Cash On Delivery,Online,False,213686.32,2025-11
ORD13537,2025-03-30,CUST1021,Customer_1021,North,Clothing,Jacket,5,2440.73,0.0,0.0,Net Banking,Retail Store,False,12203.65,2025-03
ORD14358,2025-03-25,CUST1046,Customer_1046,West,Sports,Dumbbells,2,5812.94,0.0,47.83,Debit Card,Online,False,11625.88,2025-03
ORD13542,2024-06-16,CUST1012,Customer_1012,East,Beauty,Lipstick,1,788.43,0.1,0.0,Upi,Retail Store,False,709.587,2024-06
ORD13326,2025-04-29,CUST1212,Customer_1212,South,Home & Kitchen,Cookware Set,2,7805.85,0.0,0.0,Upi,Retail Store,False,15611.7,2025-04
ORD10798,2025-02-13,CUST1166,Customer_1166,East,Beauty,Lipstick,4,207.53,0.0,118.59,Debit Card,Online,False,830.12,2025-02
ORD11115,2025-08-30,CUST1145,Customer_1145,East,Clothing,Dress,3,1719.73,0.0,0.0,Debit Card,Retail Store,False,5159.1900000000005,2025-08
ORD12483,2024-07-03,CUST1126,Customer_1126,South,Electronics,Smartwatch,3,9027.59,0.0,0.0,Unknown,Retail Store,False,27082.77,2024-07
ORD10853,2025-04-25,CUST1095,Customer_1095,East,Clothing,T-Shirt,3,1685.76,0.0,0.0,Debit Card,Retail Store,False,5057.28,2025-04
ORD14778,2024-05-17,CUST1347,Customer_1347,East,Sports,Dumbbells,4,1036.52,0.25,0.0,Debit Card,Retail Store,False,3109.56,2024-05
ORD12435,2025-11-30,CUST1039,Customer_1039,North,Home & Kitchen,Cookware Set,4,2192.23,0.0,0.0,Credit Card,Retail Store,False,8768.92,2025-11
ORD14653,2024-10-13,CUST1297,Customer_1297,South,Home & Kitchen,Lamp,4,3609.83,0.0,146.05,Credit Card,Online,False,14439.32,2024-10
ORD14403,2025-03-27,CUST1259,Customer_1259,South,Clothing,Jacket,5,1847.11,0.0,0.0,Net Banking,Retail Store,False,9235.55,2025-03
ORD12258,2024-12-03,CUST1205,Customer_1205,North,Sports,Yoga Mat,4,2212.33,0.0,53.55,Net Banking,Online,False,8849.32,2024-12
ORD10053,2024-06-23,CUST1355,Customer_1355,East,Home & Kitchen,Blender,1,3730.15,0.1,99.53,Net Banking,Online,False,3357.135,2024-06
ORD12827,2025-10-18,CUST1303,Customer_1303,East,Home & Kitchen,Blender,2,534.9,0.0,0.0,Upi,Retail Store,False,1069.8,2025-10
ORD11493,2024-01-26,CUST1069,Customer_1069,South,Home & Kitchen,Cookware Set,4,6536.98,0.1,161.35,Cash On Delivery,Online,False,23533.128,2024-01
ORD12705,2024-03-20,CUST1022,Customer_1022,East,Sports,Yoga Mat,3,5516.63,0.05,0.0,Debit Card,Retail Store,False,15722.395499999999,2024-03
ORD14581,2024-07-22,CUST1234,Customer_1234,West,Electronics,Tablet,2,53585.3,0.05,137.03,Net Banking,Online,False,101812.07,2024-07
ORD12177,2025-05-17,CUST1172,Customer_1172,South,Electronics,Smartphone,2,30243.13,0.05,132.03,Debit Card,Online,False,57461.947,2025-05
ORD12194,2024-07-25,CUST1347,Customer_1347,North,Beauty,Lipstick,4,2127.63,0.0,112.84,Credit Card,Online,False,8510.52,2024-07
ORD10619,2024-04-20,CUST1032,Customer_1032,East,Electronics,Tablet,3,51037.91,0.15,39.14,Debit Card,Online,False,130146.67050000001,2024-04
ORD10995,2025-05-23,CUST1089,Customer_1089,South,Electronics,Smartphone,-1,26953.12,0.1,66.75,Net Banking,Online,True,-24257.808,2025-05
ORD13737,2025-09-16,CUST1015,Customer_1015,South,Electronics,Tablet,5,11821.37,0.05,148.66,Debit Card,Online,False,56151.5075,2025-09
ORD14123,2025-05-11,CUST1286,Customer_1286,North,Electronics,Smartwatch,1,24637.66,0.2,0.0,Credit Card,Retail Store,False,19710.128,2025-05
ORD11601,2025-11-13,CUST1203,Customer_1203,South,Beauty,Sunscreen,3,2105.66,0.0,91.22,Net Banking,Online,False,6316.98,2025-11
ORD12841,2024-05-03,CUST1160,Customer_1160,South,Sports,Running Shoes,3,1205.39,0.05,52.1,Upi,Online,False,3435.3615,2024-05
ORD12557,2025-09-11,CUST1172,Customer_1172,North,Sports,Yoga Mat,5,4762.13,0.05,3.02,Upi,Online,False,22620.1175,2025-09
ORD11212,2024-10-17,CUST1133,Customer_1133,North,Electronics,Headphones,3,46114.39,0.1,0.0,Cash On Delivery,Retail Store,False,124508.85299999999,2024-10
ORD14119,2025-04-12,CUST1348,Customer_1348,West,Home & Kitchen,Cookware Set,2,3795.44,0.2,173.41,Debit Card,Online,False,6072.704000000001,2025-04
ORD10167,2024-02-26,CUST1064,Customer_1064,East,Home & Kitchen,Blender,1,2472.12,0.15,51.02,Upi,Online,False,2101.3019999999997,2024-02
ORD13145,2025-09-27,CUST1278,Customer_1278,North,Home & Kitchen,Vacuum Cleaner,2,2270.9,0.0,0.0,Upi,Retail Store,False,4541.8,2025-09
ORD12001,2025-11-13,CUST1344,Customer_1344,West,Sports,Running Shoes,2,2339.59,0.2,97.08,Net Banking,Online,False,3743.3440000000005,2025-11
ORD14975,2025-07-04,CUST1296,Customer_1296,West,Sports,Running Shoes,5,2961.17,0.05,183.38,Unknown,Online,False,14065.557499999999,2025-07
ORD14500,2024-08-02,CUST1334,Customer_1334,East,Clothing,T-Shirt,2,2993.01,0.25,0.0,Cash On Delivery,Retail Store,False,4489.515,2024-08
ORD14830,2024-11-16,CUST1084,Customer_1084,South,Home & Kitchen,Bedsheet,4,2180.9,0.0,19.27,Upi,Online,False,8723.6,2024-11
ORD14032,2025-10-02,CUST1208,Customer_1208,West,Home & Kitchen,Cookware Set,-4,5513.64,0.0,0.0,Cash On Delivery,Retail Store,True,-22054.56,2025-10
ORD14991,2025-09-14,CUST1270,Customer_1270,East,Home & Kitchen,Bedsheet,3,7980.83,0.0,0.0,Net Banking,Retail Store,False,23942.489999999998,2025-09
ORD13591,2025-11-27,CUST1027,Customer_1027,South,Beauty,Shampoo,1,1181.5,0.15,0.0,Credit Card,Retail Store,False,1004.275,2025-11
ORD14811,2025-12-30,CUST1396,Customer_1396,West,Home & Kitchen,Vacuum Cleaner,5,6952.51,0.25,0.0,Net Banking,Retail Store,False,26071.912500000002,2025-12
ORD12765,2025-06-07,CUST1339,Customer_1339,West,Beauty,Sunscreen,2,2205.9,0.05,20.97,Net Banking,Online,False,4191.21,2025-06
ORD12828,2025-07-04,CUST1033,Customer_1033,East,Electronics,Tablet,1,53945.91,0.0,0.0,Upi,Retail Store,False,53945.91,2025-07
ORD10663,2025-12-26,CUST1289,Customer_1289,South,Sports,Running Shoes,1,5773.06,0.25,0.0,Credit Card,Retail Store,False,4329.795,2025-12
ORD10515,2024-10-07,CUST1140,Customer_1140,South,Beauty,Perfume,1,1347.91,0.25,76.79,Net Banking,Online,False,1010.9325000000001,2024-10
ORD14657,2025-08-13,CUST1031,Customer_1031,North,Sports,Running Shoes,4,567.35,0.2,0.0,Debit Card,Retail Store,False,1815.5200000000002,2025-08
ORD12709,2025-12-02,CUST1145,Customer_1145,South,Sports,Cycling Helmet,-2,810.95,0.1,0.0,Credit Card,Retail Store,True,-1459.71,2025-12
ORD10356,2025-08-28,CUST1267,Customer_1267,North,Beauty,Shampoo,5,2200.61,0.05,8.01,Cash On Delivery,Online,False,10452.897500000001,2025-08
ORD12866,2024-12-31,CUST1249,Customer_1249,South,Clothing,Dress,1,2331.44,0.15,0.0,Debit Card,Retail Store,False,1981.724,2024-12
ORD11431,2024-10-06,CUST1183,Customer_1183,North,Clothing,Dress,5,1318.61,0.25,0.0,Credit Card,Retail Store,False,4944.787499999999,2024-10
ORD14647,2024-10-19,CUST1024,Customer_1024,West,Clothing,Jacket,3,2052.29,0.05,198.58,Debit Card,Online,False,5849.0265,2024-10
ORD13341,2025-12-25,CUST1277,Customer_1277,East,Beauty,Sunscreen,4,1445.39,0.15,33.08,Debit Card,Online,False,4914.326,2025-12
ORD12710,2025-10-25,CUST1189,Customer_1189,South,Electronics,Smartphone,1,32048.34,0.15,69.11,Upi,Online,False,27241.089,2025-10
ORD14195,2025-11-26,CUST1173,Customer_1173,North,Clothing,Jeans,3,954.5,0.0,148.31,Debit Card,Online,False,2863.5,2025-11
ORD10529,2024-02-28,CUST1323,Customer_1323,West,Sports,Running Shoes,2,5638.32,0.25,0.0,Upi,Retail Store,False,8457.48,2024-02
ORD13320,2024-03-24,CUST1292,Customer_1292,North,Clothing,Jeans,5,1384.17,0.0,0.0,Net Banking,Retail Store,False,6920.85,2024-03
ORD12286,2024-11-29,CUST1216,Customer_1216,East,Sports,Dumbbells,1,3607.8,0.15,64.04,Cash On Delivery,Online,False,3066.63,2024-11
ORD10059,2025-10-25,CUST1344,Customer_1344,West,Home & Kitchen,Bedsheet,4,2253.66,0.05,0.0,Upi,Retail Store,False,8563.908,2025-10
ORD10948,2024-08-27,CUST1301,Customer_1301,West,Sports,Dumbbells,1,2304.77,0.25,175.33,Net Banking,Online,False,1728.5774999999999,2024-08
ORD13904,2025-01-28,CUST1278,Customer_1278,South,Home & Kitchen,Blender,5,6511.69,0.0,0.0,Upi,Retail Store,False,32558.449999999997,2025-01
ORD13815,2024-05-27,CUST1193,Customer_1193,South,Sports,Cricket Bat,1,3148.65,0.0,0.0,Debit Card,Retail Store,False,3148.65,2024-05
ORD10281,2024-01-14,CUST1248,Customer_1248,West,Clothing,T-Shirt,1,2076.39,0.0,93.61,Cash On Delivery,Online,False,2076.39,2024-01
ORD11183,2024-03-29,CUST1320,Customer_1320,East,Home & Kitchen,Bedsheet,3,3726.51,0.05,116.96,Unknown,Online,False,10620.5535,2024-03
ORD13348,2025-11-13,CUST1300,Customer_1300,South,Clothing,Jacket,1,2181.56,0.1,0.0,Upi,Retail Store,False,1963.404,2025-11
ORD11629,2024-03-29,CUST1361,Customer_1361,South,Home & Kitchen,Blender,1,7305.1,0.05,0.0,Net Banking,Retail Store,False,6939.845,2024-03
ORD12782,2024-07-10,CUST1084,Customer_1084,West,Clothing,Jeans,1,2529.1,0.05,0.0,Cash On Delivery,Retail Store,False,2402.645,2024-07
ORD14410,2025-02-14,CUST1093,Customer_1093,South,Beauty,Sunscreen,1,2375.92,0.15,117.97,Credit Card,Online,False,2019.532,2025-02
ORD14812,2025-07-24,CUST1297,Customer_1297,West,Electronics,Smartwatch,5,44944.43,0.1,0.0,Debit Card,Retail Store,False,202249.935,2025-07
ORD13769,2025-10-17,CUST1302,Customer_1302,West,Sports,Cricket Bat,2,3298.62,0.15,9.4,Cash On Delivery,Online,False,5607.6539999999995,2025-10
ORD14931,2024-07-04,CUST1251,Customer_1251,East,Beauty,Lipstick,2,1105.14,0.0,44.92,Net Banking,Online,False,2210.28,2024-07
ORD14354,2024-08-31,CUST1294,Customer_1294,North,Sports,Cricket Bat,1,3855.46,0.1,0.0,Net Banking,Retail Store,False,3469.914,2024-08
ORD10451,2024-12-27,CUST1284,Customer_1284,East,Beauty,Lipstick,5,2247.54,0.0,0.0,Net Banking,Retail Store,False,11237.7,2024-12
ORD13575,2025-11-10,CUST1197,Customer_1197,East,Beauty,Sunscreen,5,903.04,0.0,21.62,Upi,Online,False,4515.2,2025-11
ORD13229,2025-08-04,CUST1337,Customer_1337,South,Clothing,Jacket,5,1668.54,0.25,0.0,Credit Card,Retail Store,False,6257.025000000001,2025-08
ORD12732,2024-07-15,CUST1299,Customer_1299,West,Clothing,T-Shirt,5,1669.28,0.05,0.0,Upi,Retail Store,False,7929.079999999999,2024-07
ORD12901,2025-10-17,CUST1305,Customer_1305,South,Sports,Cycling Helmet,5,5956.5,0.05,193.87,Net Banking,Online,False,28293.375,2025-10
ORD13888,2024-05-31,CUST1004,Customer_1004,West,Home & Kitchen,Vacuum Cleaner,2,6032.26,0.25,13.71,Net Banking,Online,False,9048.39,2024-05
ORD11276,2024-04-11,CUST1105,Customer_1105,North,Clothing,Shoes,-1,1966.49,0.05,183.08,Upi,Online,True,-1868.1654999999998,2024-04
ORD11283,2025-01-11,CUST1231,Customer_1231,South,Home & Kitchen,Lamp,3,7076.29,0.0,0.0,Net Banking,Retail Store,False,21228.87,2025-01
ORD13676,2025-01-12,CUST1395,Customer_1395,West,Electronics,Laptop,5,53683.46,0.0,0.0,Cash On Delivery,Retail Store,False,268417.3,2025-01
ORD14780,2024-03-02,CUST1109,Customer_1109,South,Electronics,Headphones,4,14656.08,0.1,0.0,Debit Card,Retail Store,False,52761.888,2024-03
ORD11530,2025-02-21,CUST1273,Customer_1273,South,Electronics,Headphones,4,13858.67,0.1,0.0,Debit Card,Retail Store,False,49891.212,2025-02
ORD13758,2025-03-15,CUST1159,Customer_1159,North,Beauty,Perfume,5,2399.05,0.1,0.0,Debit Card,Retail Store,False,10795.725,2025-03
ORD10805,2024-01-30,CUST1031,Customer_1031,East,Clothing,Dress,5,1442.08,0.0,0.0,Credit Card,Retail Store,False,7210.4,2024-01
ORD14825,2024-01-25,CUST1062,Customer_1062,East,Sports,Running Shoes,2,3451.89,0.2,33.3,Debit Card,Online,False,5523.024,2024-01
ORD11529,2024-12-09,CUST1145,Customer_1145,South,Sports,Cycling Helmet,4,1095.74,0.1,110.58,Net Banking,Online,False,3944.664,2024-12
ORD12554,2025-01-20,CUST1333,Customer_1333,South,Home & Kitchen,Lamp,1,3370.76,0.25,66.18,Cash On Delivery,Online,False,2528.07,2025-01
ORD14497,2024-09-02,CUST1349,Customer_1349,East,Clothing,T-Shirt,5,2111.74,0.25,140.39,Credit Card,Online,False,7919.025,2024-09
ORD13991,2025-03-19,CUST1251,Customer_1251,West,Clothing,T-Shirt,4,2421.08,0.0,115.56,Cash On Delivery,Online,False,9684.32,2025-03
ORD10049,2024-06-01,CUST1260,Customer_1260,West,Clothing,T-Shirt,3,1217.66,0.25,0.0,Unknown,Retail Store,False,2739.7350000000006,2024-06
ORD11570,2025-05-31,CUST1233,Customer_1233,West,Home & Kitchen,Vacuum Cleaner,-2,1273.34,0.05,107.45,Upi,Online,True,-2419.3459999999995,2025-05
ORD12691,2025-09-10,CUST1344,Customer_1344,East,Clothing,Jacket,2,2557.67,0.0,0.0,Credit Card,Retail Store,False,5115.34,2025-09
ORD11558,2025-07-04,CUST1110,Customer_1110,East,Home & Kitchen,Vacuum Cleaner,3,6356.62,0.0,74.16,Debit Card,Online,False,19069.86,2025-07
ORD13054,2024-11-23,CUST1132,Customer_1132,West,Electronics,Laptop,2,25443.12,0.1,0.0,Credit Card,Retail Store,False,45797.616,2024-11
ORD11746,2024-06-12,CUST1240,Customer_1240,West,Home & Kitchen,Blender,2,6447.25,0.1,191.31,Net Banking,Online,False,11605.050000000001,2024-06
ORD10801,2024-03-05,CUST1322,Customer_1322,South,Home & Kitchen,Bedsheet,4,3058.23,0.25,41.89,Cash On Delivery,Online,False,9174.69,2024-03
ORD14475,2024-12-15,CUST1292,Customer_1292,East,Home & Kitchen,Lamp,3,3673.16,0.0,130.84,Debit Card,Online,False,11019.48,2024-12
ORD11367,2025-03-06,CUST1365,Customer_1365,South,Sports,Running Shoes,1,4338.29,0.25,197.77,Debit Card,Online,False,3253.7174999999997,2025-03
ORD11310,2025-10-26,CUST1311,Customer_1311,South,Electronics,Tablet,3,37795.81,0.0,175.87,Cash On Delivery,Online,False,113387.43,2025-10
ORD14069,2024-11-26,CUST1070,Customer_1070,West,Home & Kitchen,Vacuum Cleaner,1,4480.37,0.25,0.0,Debit Card,Retail Store,False,3360.2775,2024-11
ORD12897,2024-11-01,CUST1248,Customer_1248,North,Home & Kitchen,Bedsheet,1,1509.73,0.2,179.01,Net Banking,Online,False,1207.784,2024-11
ORD10424,2024-02-07,CUST1026,Customer_1026,West,Home & Kitchen,Blender,1,6864.62,0.1,0.0,Net Banking,Retail Store,False,6178.158,2024-02
ORD13660,2025-10-12,CUST1032,Customer_1032,South,Electronics,Smartphone,1,58500.37,0.15,29.38,Upi,Online,False,49725.3145,2025-10
ORD10000,2024-08-11,CUST1327,Customer_1327,North,Electronics,Headphones,3,9662.97,0.0,143.2,Net Banking,Online,False,28988.909999999996,2024-08
ORD14301,2025-09-27,CUST1302,Customer_1302,West,Sports,Cricket Bat,1,3841.39,0.1,59.4,Cash On Delivery,Online,False,3457.2509999999997,2025-09
ORD13529,2024-09-28,CUST1058,Customer_1058,North,Beauty,Sunscreen,1,1367.93,0.0,0.0,Upi,Retail Store,False,1367.93,2024-09
ORD13457,2025-03-31,CUST1132,Customer_1132,South,Electronics,Tablet,3,53215.56,0.0,84.36,Cash On Delivery,Online,False,159646.68,2025-03
ORD14441,2025-11-12,CUST1358,Customer_1358,South,Home & Kitchen,Bedsheet,4,6355.18,0.1,59.42,Unknown,Online,False,22878.648,2025-11
ORD14492,2024-05-09,CUST1163,Customer_1163,East,Electronics,Laptop,5,4947.86,0.2,188.76,Net Banking,Online,False,19791.440000000002,2024-05
ORD10976,2024-09-30,CUST1073,Customer_1073,West,Clothing,Jeans,3,960.21,0.1,0.0,Cash On Delivery,Retail Store,False,2592.567,2024-09
ORD12034,2024-02-02,CUST1396,Customer_1396,West,Home & Kitchen,Bedsheet,2,3265.58,0.1,69.47,Debit Card,Online,False,5878.044,2024-02
ORD11269,2024-08-09,CUST1363,Customer_1363,South,Beauty,Shampoo,4,444.52,0.1,157.15,Upi,Online,False,1600.272,2024-08
ORD10176,2024-03-07,CUST1399,Customer_1399,West,Clothing,Jeans,2,2001.8,0.0,181.02,Debit Card,Online,False,4003.6,2024-03
ORD14559,2024-12-11,CUST1045,Customer_1045,South,Sports,Yoga Mat,4,523.19,0.2,0.0,Debit Card,Retail Store,False,1674.2080000000003,2024-12
ORD13803,2024-05-22,CUST1279,Customer_1279,West,Electronics,Tablet,5,20747.84,0.2,0.0,Cash On Delivery,Retail Store,False,82991.36,2024-05
ORD10512,2025-08-14,CUST1144,Customer_1144,West,Clothing,Dress,4,2436.45,0.0,41.95,Upi,Online,False,9745.8,2025-08
ORD12584,2025-01-17,CUST1120,Customer_1120,South,Clothing,Dress,3,2444.72,0.2,0.0,Upi,Retail Store,False,5867.328,2025-01
ORD11286,2025-02-24,CUST1247,Customer_1247,West,Beauty,Shampoo,1,1437.79,0.2,0.0,Net Banking,Retail Store,False,1150.232,2025-02
ORD12967,2025-02-17,CUST1220,Customer_1220,South,Beauty,Perfume,2,452.44,0.0,0.0,Credit Card,Retail Store,False,904.88,2025-02
ORD11462,2025-04-18,CUST1264,Customer_1264,South,Home & Kitchen,Lamp,3,4616.86,0.0,96.75,Cash On Delivery,Online,False,13850.579999999998,2025-04
ORD12409,2025-11-19,CUST1110,Customer_1110,West,Electronics,Smartwatch,2,44423.24,0.15,0.0,Credit Card,Retail Store,False,75519.508,2025-11
ORD11812,2024-08-04,CUST1095,Customer_1095,South,Clothing,Dress,3,681.71,0.0,0.0,Net Banking,Retail Store,False,2045.13,2024-08
ORD13291,2024-06-03,CUST1314,Customer_1314,West,Home & Kitchen,Cookware Set,2,3700.19,0.25,22.47,Credit Card,Online,False,5550.285,2024-06
ORD11139,2024-06-04,CUST1054,Customer_1054,East,Clothing,Dress,1,2599.5,0.0,0.0,Credit Card,Retail Store,False,2599.5,2024-06
ORD14258,2024-03-13,CUST1009,Customer_1009,East,Beauty,Face Cream,4,904.83,0.05,27.85,Upi,Online,False,3438.354,2024-03
ORD11855,2025-05-20,CUST1326,Customer_1326,West,Sports,Yoga Mat,1,5783.65,0.1,0.0,Net Banking,Retail Store,False,5205.285,2025-05
ORD14701,2024-03-30,CUST1239,Customer_1239,North,Beauty,Shampoo,5,1532.66,0.2,0.0,Cash On Delivery,Retail Store,False,6130.64,2024-03
ORD12384,2025-08-01,CUST1119,Customer_1119,West,Home & Kitchen,Vacuum Cleaner,5,4638.27,0.0,0.0,Net Banking,Retail Store,False,23191.350000000002,2025-08
ORD10766,2025-06-16,CUST1122,Customer_1122,South,Beauty,Shampoo,4,2132.46,0.0,0.0,Net Banking,Retail Store,False,8529.84,2025-06
ORD11348,2024-12-03,CUST1195,Customer_1195,South,Electronics,Smartphone,1,33561.08,0.0,0.0,Debit Card,Retail Store,False,33561.08,2024-12
ORD12482,2025-07-26,CUST1076,Customer_1076,East,Sports,Dumbbells,3,5273.67,0.25,115.79,Net Banking,Online,False,11865.7575,2025-07
ORD14165,2024-10-22,CUST1074,Customer_1074,South,Beauty,Shampoo,5,999.37,0.15,0.0,Debit Card,Retail Store,False,4247.3225,2024-10
ORD11054,2025-07-12,CUST1109,Customer_1109,East,Home & Kitchen,Lamp,3,7035.18,0.1,117.66,Cash On Delivery,Online,False,18994.986,2025-07
ORD11317,2025-04-29,CUST1048,Customer_1048,North,Home & Kitchen,Lamp,3,3243.09,0.25,178.45,Credit Card,Online,False,7296.9525,2025-04
ORD10179,2024-10-14,CUST1365,Customer_1365,Unknown,Home & Kitchen,Lamp,5,2912.03,0.1,0.0,Net Banking,Retail Store,False,13104.135000000002,2024-10
ORD13781,2024-01-07,CUST1297,Customer_1297,East,Home & Kitchen,Cookware Set,5,3914.33,0.05,154.31,Credit Card,Online,False,18593.0675,2024-01
ORD12578,2025-03-12,CUST1208,Customer_1208,West,Electronics,Smartwatch,2,39534.37,0.0,139.61,Upi,Online,False,79068.74,2025-03
ORD12455,2024-09-02,CUST1055,Customer_1055,North,Home & Kitchen,Lamp,2,3858.1,0.05,1.57,Debit Card,Online,False,7330.389999999999,2024-09
ORD11262,2024-12-16,CUST1158,Customer_1158,South,Sports,Cricket Bat,3,3989.14,0.25,36.16,Net Banking,Online,False,8975.565,2024-12
ORD12356,2025-03-26,CUST1269,Customer_1269,South,Beauty,Lipstick,1,842.9,0.25,73.44,Unknown,Online,False,632.175,2025-03
ORD12344,2025-10-29,CUST1218,Customer_1218,East,Electronics,Smartphone,3,25824.95,0.25,7.43,Net Banking,Online,False,58106.137500000004,2025-10
ORD10532,2024-05-01,CUST1363,Customer_1363,West,Clothing,T-Shirt,2,1436.85,0.1,0.0,Unknown,Retail Store,False,2586.33,2024-05
ORD14494,2025-07-05,CUST1085,Customer_1085,North,Home & Kitchen,Lamp,1,1422.46,0.25,0.0,Debit Card,Retail Store,False,1066.845,2025-07
ORD14633,2024-11-25,CUST1303,Customer_1303,South,Sports,Cricket Bat,4,5751.89,0.05,7.39,Upi,Online,False,21857.182,2024-11
ORD14531,2024-03-10,CUST1261,Customer_1261,North,Home & Kitchen,Cookware Set,2,1298.9,0.0,0.0,Net Banking,Retail Store,False,2597.8,2024-03
ORD14590,2024-02-29,CUST1214,Customer_1214,South,Sports,Cycling Helmet,4,5182.71,0.0,0.0,Credit Card,Retail Store,False,20730.84,2024-02
ORD10380,2024-06-24,CUST1180,Customer_1180,North,Clothing,Dress,5,567.59,0.1,184.1,Credit Card,Online,False,2554.155,2024-06
ORD11866,2024-06-16,CUST1008,Customer_1008,North,Beauty,Face Cream,5,480.17,0.15,0.0,Net Banking,Retail Store,False,2040.7224999999999,2024-06
ORD13346,2024-10-29,CUST1118,Customer_1118,South,Electronics,Headphones,3,25534.23,0.15,0.0,Net Banking,Retail Store,False,65112.2865,2024-10
ORD13037,2024-07-11,CUST1184,Customer_1184,North,Beauty,Sunscreen,1,852.16,0.05,40.32,Credit Card,Online,False,809.5519999999999,2024-07
ORD12681,2024-03-31,CUST1203,Customer_1203,West,Home & Kitchen,Blender,4,7569.55,0.15,94.97,Upi,Online,False,25736.47,2024-03
ORD14326,2024-04-20,CUST1314,Customer_1314,East,Beauty,Lipstick,2,1342.1,0.0,33.92,Credit Card,Online,False,2684.2,2024-04
ORD10930,2024-04-28,CUST1055,Customer_1055,North,Beauty,Lipstick,4,1342.1,0.0,0.0,Net Banking,Retail Store,False,5368.4,2024-04
ORD12626,2025-04-15,CUST1031,Customer_1031,North,Beauty,Lipstick,2,320.14,0.0,0.0,Net Banking,Retail Store,False,640.28,2025-04
ORD12526,2024-10-03,CUST1397,Customer_1397,South,Clothing,Dress,4,2157.42,0.2,125.25,Credit Card,Online,False,6903.744000000001,2024-10
ORD13787,2024-07-03,CUST1390,Customer_1390,South,Home & Kitchen,Blender,1,3586.73,0.0,0.0,Cash On Delivery,Retail Store,False,3586.73,2024-07
ORD13867,2025-02-13,CUST1015,Customer_1015,North,Beauty,Shampoo,4,1024.44,0.0,0.0,Upi,Retail Store,False,4097.76,2025-02
ORD10419,2024-12-29,CUST1151,Customer_1151,South,Sports,Yoga Mat,5,4100.79,0.1,22.79,Net Banking,Online,False,18453.555,2024-12
ORD10625,2024-11-06,CUST1306,Customer_1306,West,Sports,Yoga Mat,5,1661.37,0.25,5.27,Credit Card,Online,False,6230.137499999999,2024-11
ORD13714,2024-02-17,CUST1190,Customer_1190,South,Home & Kitchen,Cookware Set,1,3444.18,0.1,0.0,Upi,Retail Store,False,3099.7619999999997,2024-02
ORD12087,2025-05-31,CUST1030,Customer_1030,North,Electronics,Smartphone,3,14521.13,0.15,0.0,Cash On Delivery,Retail Store,False,37028.881499999996,2025-05
ORD13215,2024-02-22,CUST1374,Customer_1374,South,Sports,Cricket Bat,5,3656.54,0.25,148.34,Net Banking,Online,False,13712.025000000001,2024-02
ORD11480,2024-06-26,CUST1269,Customer_1269,West,Sports,Cycling Helmet,2,5180.2,0.0,0.0,Upi,Retail Store,False,10360.4,2024-06
ORD14694,2025-09-27,CUST1190,Customer_1190,North,Sports,Cricket Bat,5,2109.79,0.15,0.0,Cash On Delivery,Retail Store,False,8966.6075,2025-09
ORD11059,2024-12-21,CUST1160,Customer_1160,North,Sports,Cricket Bat,-1,2189.24,0.0,0.0,Cash On Delivery,Retail Store,True,-2189.24,2024-12
ORD11970,2025-04-05,CUST1195,Customer_1195,East,Home & Kitchen,Blender,5,4534.89,0.0,152.02,Cash On Delivery,Online,False,22674.45,2025-04
ORD10080,2025-11-08,CUST1158,Customer_1158,East,Clothing,Jeans,3,911.67,0.0,0.0,Unknown,Retail Store,False,2735.0099999999998,2025-11
ORD14730,2025-12-08,CUST1210,Customer_1210,North,Beauty,Perfume,4,2015.09,0.05,0.0,Cash On Delivery,Retail Store,False,7657.342,2025-12
ORD10073,2025-12-07,CUST1039,Customer_1039,South,Home & Kitchen,Bedsheet,4,1363.8,0.25,48.66,Cash On Delivery,Online,False,4091.3999999999996,2025-12
ORD13842,2025-01-13,CUST1209,Customer_1209,West,Beauty,Lipstick,1,211.82,0.15,0.0,Debit Card,Retail Store,False,180.047,2025-01
ORD13173,2025-04-10,CUST1340,Customer_1340,North,Electronics,Headphones,1,4042.4,0.15,0.0,Credit Card,Retail Store,False,3436.04,2025-04
ORD12604,2024-02-09,CUST1012,Customer_1012,East,Sports,Dumbbells,1,3337.96,0.0,17.89,Debit Card,Online,False,3337.96,2024-02
ORD13140,2025-05-29,CUST1014,Customer_1014,West,Sports,Cricket Bat,4,2029.68,0.15,0.0,Debit Card,Retail Store,False,6900.912,2025-05
ORD12880,2024-11-24,CUST1086,Customer_1086,North,Electronics,Headphones,3,41040.56,0.2,0.0,Cash On Delivery,Retail Store,False,98497.344,2024-11
ORD11252,2024-08-01,CUST1388,Customer_1388,West,Electronics,Smartphone,1,12850.06,0.05,0.0,Debit Card,Retail Store,False,12207.556999999999,2024-08
ORD13994,2025-07-08,CUST1106,Customer_1106,North,Sports,Cricket Bat,1,854.71,0.05,0.0,Upi,Retail Store,False,811.9745,2025-07
ORD13830,2025-04-23,CUST1371,Customer_1371,West,Home & Kitchen,Blender,1,6330.23,0.2,117.81,Net Banking,Online,False,5064.184,2025-04
ORD13837,2024-03-03,CUST1239,Customer_1239,North,Sports,Running Shoes,1,1859.44,0.15,51.7,Net Banking,Online,False,1580.5240000000001,2024-03
ORD11894,2024-01-04,CUST1158,Customer_1158,West,Beauty,Lipstick,4,2170.13,0.0,32.41,Cash On Delivery,Online,False,8680.52,2024-01
ORD12598,2025-07-26,CUST1141,Customer_1141,North,Electronics,Smartwatch,3,52516.91,0.0,0.0,Debit Card,Retail Store,False,157550.73,2025-07
ORD12589,2024-11-09,CUST1193,Customer_1193,North,Electronics,Tablet,1,45831.21,0.05,27.62,Upi,Online,False,43539.6495,2024-11
ORD11864,2024-12-10,CUST1334,Customer_1334,South,Electronics,Tablet,3,46587.43,0.15,166.66,Net Banking,Online,False,118797.9465,2024-12
ORD11461,2024-07-20,CUST1038,Customer_1038,North,Clothing,Jacket,2,1040.99,0.0,0.0,Credit Card,Retail Store,False,2081.98,2024-07
ORD10507,2024-08-26,CUST1046,Customer_1046,South,Home & Kitchen,Cookware Set,5,3327.58,0.2,22.28,Upi,Online,False,13310.320000000002,2024-08
ORD11181,2024-05-18,CUST1218,Customer_1218,West,Electronics,Tablet,1,20693.27,0.0,0.0,Debit Card,Retail Store,False,20693.27,2024-05
ORD10214,2024-10-05,CUST1087,Customer_1087,West,Home & Kitchen,Vacuum Cleaner,4,3294.67,0.25,22.61,Cash On Delivery,Online,False,9884.01,2024-10
ORD10488,2024-08-26,CUST1325,Customer_1325,South,Home & Kitchen,Lamp,1,3367.79,0.0,147.58,Upi,Online,False,3367.79,2024-08
ORD11124,2024-08-08,CUST1373,Customer_1373,North,Clothing,Jeans,2,1983.74,0.1,43.89,Debit Card,Online,False,3570.732,2024-08
ORD11257,2024-07-09,CUST1385,Customer_1385,South,Beauty,Face Cream,2,2405.6,0.0,123.94,Upi,Online,False,4811.2,2024-07
ORD11541,2024-01-08,CUST1137,Customer_1137,North,Clothing,Jacket,5,2107.39,0.15,0.0,Cash On Delivery,Retail Store,False,8956.4075,2024-01
ORD10388,2025-06-02,CUST1220,Customer_1220,North,Clothing,Jacket,4,2122.57,0.0,0.0,Cash On Delivery,Retail Store,False,8490.28,2025-06
ORD12265,2024-11-24,CUST1197,Customer_1197,South,Home & Kitchen,Blender,2,4763.83,0.1,137.57,Net Banking,Online,False,8574.894,2024-11
ORD13065,2024-11-20,CUST1023,Customer_1023,North,Beauty,Shampoo,1,790.46,0.0,0.0,Credit Card,Retail Store,False,790.46,2024-11
ORD13293,2024-01-10,CUST1249,Customer_1249,West,Beauty,Sunscreen,5,1915.44,0.0,179.66,Upi,Online,False,9577.2,2024-01
ORD13987,2024-08-01,CUST1273,Customer_1273,East,Clothing,Jeans,3,959.67,0.15,0.0,Net Banking,Retail Store,False,2447.1584999999995,2024-08
ORD12211,2025-02-08,CUST1197,Customer_1197,West,Electronics,Tablet,5,2686.66,0.1,15.61,Cash On Delivery,Online,False,12089.97,2025-02
ORD11290,2025-05-17,CUST1083,Customer_1083,East,Sports,Yoga Mat,4,3847.97,0.0,0.0,Cash On Delivery,Retail Store,False,15391.88,2025-05
ORD12510,2025-10-16,CUST1230,Customer_1230,South,Electronics,Smartwatch,3,17795.46,0.2,176.4,Debit Card,Online,False,42709.104,2025-10
ORD12450,2024-09-21,CUST1325,Customer_1325,North,Home & Kitchen,Blender,5,1263.71,0.25,0.0,Upi,Retail Store,False,4738.9125,2024-09
ORD12995,2025-12-09,CUST1258,Customer_1258,North,Electronics,Smartphone,2,21741.68,0.05,0.0,Net Banking,Retail Store,False,41309.191999999995,2025-12
ORD10861,2025-03-13,CUST1100,Customer_1100,North,Electronics,Tablet,4,14383.9,0.0,198.21,Debit Card,Online,False,57535.6,2025-03
ORD14865,2025-06-11,CUST1108,Customer_1108,North,Beauty,Perfume,4,1335.58,0.0,62.3,Upi,Online,False,5342.32,2025-06
ORD14001,2025-02-03,CUST1388,Customer_1388,South,Beauty,Face Cream,4,994.52,0.0,0.0,Debit Card,Retail Store,False,3978.08,2025-02
ORD12552,2024-04-08,CUST1380,Customer_1380,West,Electronics,Smartwatch,4,12422.5,0.0,70.2,Net Banking,Online,False,49690.0,2024-04
ORD10455,2024-02-18,CUST1328,Customer_1328,East,Electronics,Laptop,4,25302.24,0.05,0.0,Net Banking,Retail Store,False,96148.512,2024-02
ORD12331,2024-08-12,CUST1145,Customer_1145,West,Home & Kitchen,Bedsheet,2,2643.55,0.0,50.86,Net Banking,Online,False,5287.1,2024-08
ORD13518,2025-11-21,CUST1247,Customer_1247,South,Electronics,Smartphone,2,24290.18,0.0,0.0,Cash On Delivery,Retail Store,False,48580.36,2025-11
ORD11086,2025-01-13,CUST1138,Customer_1138,North,Beauty,Lipstick,5,2278.97,0.1,0.0,Net Banking,Retail Store,False,10255.365,2025-01
ORD12920,2025-01-17,CUST1246,Customer_1246,West,Clothing,Jacket,2,1200.59,0.1,0.0,Debit Card,Retail Store,False,2161.062,2025-01
ORD12638,2025-10-15,CUST1372,Customer_1372,South,Clothing,Jeans,2,2759.39,0.15,160.87,Debit Card,Online,False,4690.963,2025-10
ORD11358,2025-07-22,CUST1326,Customer_1326,West,Electronics,Tablet,4,52278.38,0.0,0.0,Upi,Retail Store,False,209113.52,2025-07
ORD11576,2024-07-13,CUST1151,Customer_1151,North,Beauty,Face Cream,2,2145.09,0.0,89.96,Upi,Online,False,4290.18,2024-07
ORD12112,2025-11-13,CUST1375,Customer_1375,North,Sports,Yoga Mat,5,5089.3,0.2,35.59,Upi,Online,False,20357.2,2025-11
ORD13130,2024-07-16,CUST1286,Customer_1286,West,Beauty,Lipstick,4,1698.5,0.0,0.0,Debit Card,Retail Store,False,6794.0,2024-07
ORD14971,2025-05-26,CUST1106,Customer_1106,West,Clothing,Jeans,3,2164.84,0.1,162.58,Unknown,Online,False,5845.068,2025-05
ORD10611,2025-12-19,CUST1332,Customer_1332,East,Electronics,Laptop,5,18498.75,0.1,0.0,Net Banking,Retail Store,False,83244.375,2025-12
ORD11279,2025-08-09,CUST1112,Customer_1112,North,Beauty,Perfume,3,961.57,0.2,0.0,Debit Card,Retail Store,False,2307.768,2025-08
ORD10604,2025-09-19,CUST1269,Customer_1269,West,Clothing,Jacket,3,1426.69,0.1,0.0,Net Banking,Retail Store,False,3852.0629999999996,2025-09
ORD14080,2025-04-30,CUST1071,Customer_1071,West,Electronics,Smartwatch,1,50445.7,0.25,178.75,Upi,Online,False,37834.274999999994,2025-04
ORD12777,2024-10-07,CUST1105,Customer_1105,North,Electronics,Smartwatch,3,56920.5,0.0,48.55,Credit Card,Online,False,170761.5,2024-10
ORD12222,2025-05-13,CUST1069,Customer_1069,East,Home & Kitchen,Bedsheet,1,2352.99,0.0,112.23,Debit Card,Online,False,2352.99,2025-05
ORD10352,2024-02-23,CUST1254,Customer_1254,East,Clothing,Jeans,1,865.89,0.0,97.01,Debit Card,Online,False,865.89,2024-02
ORD13001,2025-02-22,CUST1015,Customer_1015,East,Clothing,Jeans,3,2405.96,0.0,179.65,Debit Card,Online,False,7217.88,2025-02
ORD13448,2025-06-06,CUST1065,Customer_1065,North,Beauty,Shampoo,-4,753.56,0.05,91.89,Credit Card,Online,True,-2863.528,2025-06
ORD10323,2025-01-28,CUST1365,Customer_1365,West,Electronics,Laptop,5,47857.21,0.25,0.0,Net Banking,Retail Store,False,179464.53749999998,2025-01
ORD14728,2025-11-25,CUST1040,Customer_1040,South,Beauty,Face Cream,5,1465.45,0.0,0.0,Debit Card,Retail Store,False,7327.25,2025-11
ORD14353,2025-02-26,CUST1298,Customer_1298,South,Clothing,Dress,-1,1668.54,0.0,0.0,Debit Card,Retail Store,True,-1668.54,2025-02
ORD13719,2025-02-12,CUST1052,Customer_1052,West,Home & Kitchen,Vacuum Cleaner,5,2525.15,0.0,0.0,Cash On Delivery,Retail Store,False,12625.75,2025-02
ORD11998,2024-09-16,CUST1371,Customer_1371,East,Home & Kitchen,Lamp,2,2320.22,0.05,162.71,Cash On Delivery,Online,False,4408.418,2024-09
ORD13389,2025-06-08,CUST1154,Customer_1154,South,Sports,Running Shoes,1,3610.73,0.05,24.48,Cash On Delivery,Online,False,3430.1935,2025-06
ORD13427,2024-03-23,CUST1133,Customer_1133,West,Beauty,Perfume,3,1391.37,0.2,0.0,Credit Card,Retail Store,False,3339.288,2024-03
ORD11655,2024-08-29,CUST1307,Customer_1307,East,Electronics,Tablet,5,5600.26,0.25,0.0,Cash On Delivery,Retail Store,False,21000.975000000002,2024-08
ORD12082,2024-03-08,CUST1065,Customer_1065,East,Home & Kitchen,Cookware Set,5,5324.04,0.1,176.83,Credit Card,Online,False,23958.18,2024-03
ORD14026,2024-07-12,CUST1399,Customer_1399,South,Beauty,Face Cream,2,1408.26,0.0,165.2,Unknown,Online,False,2816.52,2024-07
ORD11405,2025-03-01,CUST1256,Customer_1256,West,Beauty,Shampoo,5,845.68,0.0,20.3,Net Banking,Online,False,4228.4,2025-03
ORD10025,2025-05-21,CUST1115,Customer_1115,East,Clothing,Jeans,1,1950.44,0.1,155.68,Credit Card,Online,False,1755.3960000000002,2025-05
ORD11699,2024-04-23,CUST1227,Customer_1227,South,Beauty,Shampoo,4,2067.3,0.0,114.75,Cash On Delivery,Online,False,8269.2,2024-04
ORD11705,2025-01-14,CUST1286,Customer_1286,East,Electronics,Smartwatch,2,28556.69,0.05,0.0,Upi,Retail Store,False,54257.710999999996,2025-01
ORD12913,2024-06-11,CUST1113,Customer_1113,West,Electronics,Smartwatch,5,23179.11,0.1,197.63,Cash On Delivery,Online,False,104305.99500000001,2024-06
ORD13727,2024-05-20,CUST1162,Customer_1162,South,Beauty,Shampoo,5,2358.26,0.25,65.99,Net Banking,Online,False,8843.475,2024-05
ORD12067,2025-10-10,CUST1119,Customer_1119,West,Electronics,Laptop,1,36855.18,0.0,24.53,Debit Card,Online,False,36855.18,2025-10
ORD13853,2024-06-14,CUST1160,Customer_1160,West,Beauty,Lipstick,2,1342.75,0.05,0.0,Debit Card,Retail Store,False,2551.225,2024-06
ORD10622,2024-08-17,CUST1224,Customer_1224,North,Beauty,Lipstick,1,1321.97,0.0,0.0,Upi,Retail Store,False,1321.97,2024-08
ORD12992,2025-07-09,CUST1256,Customer_1256,North,Electronics,Smartwatch,3,57161.03,0.2,0.0,Net Banking,Retail Store,False,137186.472,2025-07
ORD14252,2025-04-19,CUST1277,Customer_1277,South,Home & Kitchen,Vacuum Cleaner,1,3065.6,0.15,35.84,Debit Card,Online,False,2605.7599999999998,2025-04
ORD14213,2025-06-04,CUST1015,Customer_1015,East,Clothing,Dress,4,2259.58,0.1,189.38,Debit Card,Online,False,8134.488,2025-06
ORD11831,2025-02-19,CUST1174,Customer_1174,North,Clothing,Jeans,3,2327.6,0.0,0.0,Net Banking,Retail Store,False,6982.799999999999,2025-02
ORD11274,2025-12-02,CUST1113,Customer_1113,North,Beauty,Face Cream,1,1698.83,0.0,0.0,Cash On Delivery,Retail Store,False,1698.83,2025-12
ORD12207,2024-04-07,CUST1359,Customer_1359,South,Clothing,Jeans,5,2835.4,0.1,0.0,Upi,Retail Store,False,12759.300000000001,2024-04
ORD13129,2024-09-03,CUST1046,Customer_1046,South,Beauty,Perfume,2,403.48,0.2,0.0,Upi,Retail Store,False,645.5680000000001,2024-09
ORD10163,2024-05-15,CUST1330,Customer_1330,East,Electronics,Smartphone,4,15603.28,0.15,152.55,Upi,Online,False,53051.152,2024-05
ORD11753,2025-07-26,CUST1080,Customer_1080,East,Sports,Running Shoes,5,1370.68,0.0,130.47,Net Banking,Online,False,6853.400000000001,2025-07
ORD12047,2024-01-02,CUST1068,Customer_1068,East,Beauty,Sunscreen,2,2402.51,0.2,0.0,Credit Card,Retail Store,False,3844.0160000000005,2024-01
ORD14126,2024-12-27,CUST1068,Customer_1068,North,Electronics,Laptop,4,2844.37,0.2,130.01,Upi,Online,False,9101.984,2024-12
ORD13224,2025-09-11,CUST1010,Customer_1010,North,Sports,Yoga Mat,1,948.53,0.15,0.0,Net Banking,Retail Store,False,806.2505,2025-09
ORD12870,2024-11-15,CUST1218,Customer_1218,East,Clothing,Shoes,5,773.51,0.2,0.0,Cash On Delivery,Retail Store,False,3094.0400000000004,2024-11
ORD12246,2025-04-17,CUST1389,Customer_1389,East,Home & Kitchen,Cookware Set,4,5656.66,0.2,28.77,Cash On Delivery,Online,False,18101.312,2025-04
ORD13280,2024-01-22,CUST1306,Customer_1306,East,Electronics,Laptop,3,6293.81,0.2,2.28,Debit Card,Online,False,15105.144,2024-01
ORD13360,2024-03-13,CUST1364,Customer_1364,East,Home & Kitchen,Cookware Set,1,930.62,0.0,130.39,Cash On Delivery,Online,False,930.62,2024-03
ORD13688,2024-08-21,CUST1132,Customer_1132,North,Beauty,Face Cream,2,1805.88,0.0,176.78,Upi,Online,False,3611.76,2024-08
ORD13563,2025-04-19,CUST1069,Customer_1069,West,Clothing,T-Shirt,5,806.06,0.15,0.0,Debit Card,Retail Store,False,3425.7549999999997,2025-04
ORD14712,2024-04-14,CUST1143,Customer_1143,East,Beauty,Lipstick,4,1000.09,0.2,0.0,Upi,Retail Store,False,3200.2880000000005,2024-04
ORD11198,2024-06-24,CUST1124,Customer_1124,South,Clothing,Jacket,5,1545.77,0.25,0.0,Debit Card,Retail Store,False,5796.637500000001,2024-06
ORD10408,2025-09-03,CUST1127,Customer_1127,South,Home & Kitchen,Bedsheet,4,7807.99,0.2,10.42,Net Banking,Online,False,24985.568,2025-09
ORD10142,2024-09-04,CUST1281,Customer_1281,East,Electronics,Smartwatch,2,18542.88,0.1,0.0,Cash On Delivery,Retail Store,False,33377.184,2024-09
ORD10022,2025-01-07,CUST1176,Customer_1176,South,Home & Kitchen,Lamp,5,1925.59,0.05,0.0,Net Banking,Retail Store,False,9146.552499999998,2025-01
ORD12252,2024-02-06,CUST1056,Customer_1056,West,Home & Kitchen,Blender,1,3240.47,0.15,0.0,Upi,Retail Store,False,2754.3994999999995,2024-02
ORD13260,2024-07-08,CUST1229,Customer_1229,South,Home & Kitchen,Blender,1,4480.37,0.2,146.14,Net Banking,Online,False,3584.2960000000003,2024-07
ORD11770,2025-12-18,CUST1107,Customer_1107,South,Clothing,Jacket,3,2929.84,0.0,0.0,Net Banking,Retail Store,False,8789.52,2025-12
ORD14347,2025-07-19,CUST1133,Customer_1133,North,Home & Kitchen,Bedsheet,5,1133.33,0.0,0.0,Net Banking,Retail Store,False,5666.65,2025-07
ORD11005,2024-07-12,CUST1259,Customer_1259,South,Home & Kitchen,Lamp,1,4550.71,0.0,0.0,Upi,Retail Store,False,4550.71,2024-07
ORD10641,2025-04-04,CUST1161,Customer_1161,West,Electronics,Smartphone,4,52993.27,0.05,185.14,Net Banking,Online,False,201374.42599999998,2025-04
ORD14605,2024-05-10,CUST1350,Customer_1350,North,Beauty,Sunscreen,2,1353.16,0.2,0.0,Debit Card,Retail Store,False,2165.056,2024-05
ORD12654,2024-02-22,CUST1170,Customer_1170,West,Clothing,Shoes,5,2636.22,0.0,0.0,Credit Card,Retail Store,False,13181.099999999999,2024-02
ORD11343,2025-10-07,CUST1226,Customer_1226,North,Electronics,Smartphone,5,15425.35,0.0,0.0,Cash On Delivery,Retail Store,False,77126.75,2025-10
ORD10384,2024-10-12,CUST1355,Customer_1355,North,Sports,Yoga Mat,2,1087.47,0.25,0.0,Cash On Delivery,Retail Store,False,1631.205,2024-10
ORD10888,2024-02-11,CUST1159,Customer_1159,East,Sports,Cycling Helmet,1,3493.25,0.2,0.0,Credit Card,Retail Store,False,2794.6000000000004,2024-02
ORD11557,2024-12-01,CUST1329,Customer_1329,North,Sports,Cricket Bat,2,3059.15,0.2,0.0,Debit Card,Retail Store,False,4894.64,2024-12
ORD11085,2025-01-04,CUST1255,Customer_1255,East,Home & Kitchen,Lamp,4,2511.88,0.05,0.0,Upi,Retail Store,False,9545.144,2025-01
ORD14419,2025-01-21,CUST1049,Customer_1049,West,Home & Kitchen,Blender,2,2725.7,0.0,108.65,Cash On Delivery,Online,False,5451.4,2025-01
ORD10531,2024-06-14,CUST1128,Customer_1128,East,Clothing,Shoes,4,2708.92,0.1,0.0,Credit Card,Retail Store,False,9752.112000000001,2024-06
ORD13979,2025-12-28,CUST1390,Customer_1390,South,Beauty,Face Cream,1,2402.2,0.0,0.0,Credit Card,Retail Store,False,2402.2,2025-12
ORD11853,2024-11-07,CUST1005,Customer_1005,West,Home & Kitchen,Bedsheet,5,6108.42,0.1,132.89,Net Banking,Online,False,27487.89,2024-11
ORD11935,2024-12-17,CUST1368,Customer_1368,East,Electronics,Smartwatch,4,41148.05,0.05,0.0,Cash On Delivery,Retail Store,False,156362.59,2024-12
ORD13906,2024-05-02,CUST1043,Customer_1043,Unknown,Clothing,Shoes,3,1586.4,0.1,0.0,Net Banking,Retail Store,False,4283.280000000001,2024-05
ORD13387,2024-05-29,CUST1038,Customer_1038,West,Clothing,T-Shirt,2,1668.54,0.2,78.27,Upi,Online,False,2669.664,2024-05
ORD13153,2024-05-14,CUST1039,Customer_1039,North,Electronics,Tablet,-4,4082.94,0.05,115.17,Net Banking,Online,True,-15515.171999999999,2024-05
ORD13779,2024-10-24,CUST1271,Customer_1271,North,Clothing,Dress,2,1618.28,0.25,0.0,Debit Card,Retail Store,False,2427.42,2024-10
ORD12447,2025-07-09,CUST1393,Customer_1393,North,Electronics,Laptop,1,8418.7,0.05,0.0,Net Banking,Retail Store,False,7997.765,2025-07
ORD11075,2025-05-24,CUST1376,Customer_1376,East,Electronics,Smartphone,1,58752.52,0.25,74.59,Credit Card,Online,False,44064.39,2025-05
ORD13024,2025-06-11,CUST1134,Customer_1134,Unknown,Home & Kitchen,Cookware Set,2,2054.64,0.1,0.0,Upi,Retail Store,False,3698.352,2025-06
ORD12688,2025-01-25,CUST1009,Customer_1009,South,Electronics,Smartwatch,2,35088.0,0.05,152.35,Net Banking,Online,False,66667.2,2025-01
ORD12931,2024-02-06,CUST1074,Customer_1074,North,Electronics,Headphones,-4,47291.81,0.15,168.9,Debit Card,Online,True,-160792.15399999998,2024-02
ORD11932,2024-03-04,CUST1013,Customer_1013,East,Beauty,Lipstick,5,1967.94,0.0,0.0,Debit Card,Retail Store,False,9839.7,2024-03
ORD12767,2024-08-04,CUST1372,Customer_1372,East,Electronics,Headphones,3,42273.56,0.1,0.0,Credit Card,Retail Store,False,114138.612,2024-08
ORD11671,2025-11-18,CUST1118,Customer_1118,South,Clothing,Dress,2,347.11,0.0,63.19,Cash On Delivery,Online,False,694.22,2025-11
ORD12438,2025-07-01,CUST1060,Customer_1060,East,Home & Kitchen,Cookware Set,1,3217.85,0.25,0.0,Unknown,Retail Store,False,2413.3875,2025-07
ORD12983,2024-06-04,CUST1027,Customer_1027,West,Home & Kitchen,Vacuum Cleaner,2,1023.95,0.2,0.0,Upi,Retail Store,False,1638.3200000000002,2024-06
ORD12186,2024-12-21,CUST1114,Customer_1114,South,Home & Kitchen,Vacuum Cleaner,5,4122.6,0.0,0.0,Cash On Delivery,Retail Store,False,20613.0,2024-12
ORD11148,2024-06-07,CUST1325,Customer_1325,East,Electronics,Tablet,4,28110.23,0.05,143.38,Debit Card,Online,False,106818.874,2024-06
ORD10786,2025-03-27,CUST1339,Customer_1339,East,Clothing,Shoes,1,1328.56,0.15,194.06,Cash On Delivery,Online,False,1129.2759999999998,2025-03
ORD11585,2025-03-11,CUST1199,Customer_1199,West,Home & Kitchen,Vacuum Cleaner,4,4481.32,0.15,77.87,Unknown,Online,False,15236.488,2025-03
ORD13166,2025-03-20,CUST1119,Customer_1119,North,Electronics,Headphones,5,24201.97,0.0,0.0,Credit Card,Retail Store,False,121009.85,2025-03
ORD10266,2025-08-24,CUST1036,Customer_1036,West,Electronics,Smartphone,3,20037.38,0.15,36.78,Cash On Delivery,Online,False,51095.318999999996,2025-08
ORD13763,2024-12-25,CUST1330,Customer_1330,East,Beauty,Sunscreen,1,1304.1,0.0,68.04,Cash On Delivery,Online,False,1304.1,2024-12
ORD14962,2024-08-06,CUST1301,Customer_1301,West,Sports,Cricket Bat,1,5666.78,0.15,0.0,Upi,Retail Store,False,4816.763,2024-08
ORD13736,2024-01-29,CUST1353,Customer_1353,South,Beauty,Face Cream,1,2410.8,0.0,129.53,Cash On Delivery,Online,False,2410.8,2024-01
ORD10360,2024-12-08,CUST1026,Customer_1026,South,Electronics,Smartwatch,3,3891.15,0.0,150.63,Cash On Delivery,Online,False,11673.45,2024-12
ORD11460,2024-03-06,CUST1024,Customer_1024,East,Clothing,Dress,5,2285.3,0.05,0.0,Net Banking,Retail Store,False,10855.175,2024-03
ORD13421,2025-12-25,CUST1271,Customer_1271,East,Sports,Running Shoes,3,5525.57,0.0,22.11,Upi,Online,False,16576.71,2025-12
ORD13680,2024-10-31,CUST1259,Customer_1259,West,Sports,Cycling Helmet,2,1456.25,0.1,0.0,Net Banking,Retail Store,False,2621.25,2024-10
ORD10952,2025-09-30,CUST1292,Customer_1292,North,Clothing,Jacket,5,1904.26,0.2,190.62,Unknown,Online,False,7617.04,2025-09
ORD12160,2025-09-09,CUST1393,Customer_1393,South,Electronics,Smartphone,3,32915.26,0.1,0.0,Cash On Delivery,Retail Store,False,88871.202,2025-09
ORD14062,2024-09-12,CUST1207,Customer_1207,Unknown,Home & Kitchen,Blender,2,5505.78,0.15,0.0,Debit Card,Retail Store,False,9359.826,2024-09
ORD13243,2025-10-03,CUST1046,Customer_1046,South,Beauty,Lipstick,3,2153.44,0.25,63.35,Credit Card,Online,False,4845.24,2025-10
ORD13372,2025-08-18,CUST1355,Customer_1355,East,Electronics,Smartphone,3,19938.85,0.15,17.75,Net Banking,Online,False,50844.0675,2025-08
ORD12699,2025-06-04,CUST1319,Customer_1319,East,Electronics,Tablet,1,46103.0,0.0,0.0,Upi,Retail Store,False,46103.0,2025-06
ORD11574,2024-07-12,CUST1390,Customer_1390,East,Sports,Yoga Mat,5,764.17,0.2,20.56,Upi,Online,False,3056.6800000000003,2024-07
ORD14308,2024-12-13,CUST1361,Customer_1361,West,Home & Kitchen,Blender,4,3364.99,0.15,0.0,Debit Card,Retail Store,False,11440.965999999999,2024-12
ORD11955,2024-12-07,CUST1270,Customer_1270,West,Home & Kitchen,Vacuum Cleaner,4,2716.04,0.0,70.27,Credit Card,Online,False,10864.16,2024-12
ORD13337,2025-11-02,CUST1270,Customer_1270,North,Beauty,Face Cream,2,2465.25,0.15,13.28,Credit Card,Online,False,4190.925,2025-11
ORD12176,2024-06-11,CUST1308,Customer_1308,South,Electronics,Smartphone,4,24504.77,0.05,0.0,Net Banking,Retail Store,False,93118.126,2024-06
ORD11313,2025-12-12,CUST1100,Customer_1100,South,Clothing,T-Shirt,4,909.54,0.0,103.13,Net Banking,Online,False,3638.16,2025-12
ORD14400,2025-06-10,CUST1173,Customer_1173,South,Clothing,T-Shirt,5,2012.31,0.1,189.69,Cash On Delivery,Online,False,9055.395,2025-06
ORD11331,2025-01-24,CUST1390,Customer_1390,East,Home & Kitchen,Lamp,4,3282.46,0.2,0.0,Credit Card,Retail Store,False,10503.872000000001,2025-01
ORD11842,2025-06-30,CUST1017,Customer_1017,East,Clothing,Shoes,1,2694.6,0.05,72.01,Credit Card,Online,False,2559.87,2025-06
ORD12208,2024-08-25,CUST1188,Customer_1188,West,Home & Kitchen,Blender,5,7158.63,0.0,180.92,Credit Card,Online,False,35793.15,2024-08
ORD12979,2025-08-26,CUST1043,Customer_1043,East,Electronics,Laptop,5,55166.83,0.2,0.0,Debit Card,Retail Store,False,220667.32000000004,2025-08
ORD13436,2024-09-06,CUST1097,Customer_1097,North,Clothing,Shoes,2,843.24,0.2,0.0,Credit Card,Retail Store,False,1349.1840000000002,2024-09
ORD14239,2025-06-08,CUST1205,Customer_1205,West,Home & Kitchen,Lamp,4,3988.98,0.0,0.0,Net Banking,Retail Store,False,15955.92,2025-06
ORD10754,2025-03-26,CUST1115,Customer_1115,West,Beauty,Face Cream,2,2108.13,0.05,59.36,Debit Card,Online,False,4005.447,2025-03
ORD14106,2025-07-09,CUST1054,Customer_1054,South,Sports,Cricket Bat,3,1792.47,0.0,0.0,Cash On Delivery,Retail Store,False,5377.41,2025-07
ORD11378,2025-09-07,CUST1313,Customer_1313,East,Home & Kitchen,Lamp,2,1392.69,0.0,20.89,Cash On Delivery,Online,False,2785.38,2025-09
ORD14955,2024-02-11,CUST1166,Customer_1166,North,Clothing,T-Shirt,1,1286.66,0.1,35.69,Cash On Delivery,Online,False,1157.9940000000001,2024-02
ORD10980,2024-07-25,CUST1178,Customer_1178,North,Clothing,Jacket,5,1744.47,0.0,0.0,Unknown,Retail Store,False,8722.35,2024-07
ORD12100,2025-01-21,CUST1336,Customer_1336,West,Home & Kitchen,Lamp,4,7827.42,0.2,136.0,Cash On Delivery,Online,False,25047.744000000002,2025-01
ORD10286,2024-08-26,CUST1011,Customer_1011,North,Home & Kitchen,Bedsheet,5,783.02,0.05,0.0,Credit Card,Retail Store,False,3719.345,2024-08
ORD14556,2025-01-11,CUST1075,Customer_1075,West,Home & Kitchen,Lamp,1,2310.67,0.0,0.0,Cash On Delivery,Retail Store,False,2310.67,2025-01
ORD13533,2024-08-23,CUST1130,Customer_1130,East,Electronics,Laptop,2,41123.19,0.0,0.0,Net Banking,Retail Store,False,82246.38,2024-08
ORD13088,2024-12-02,CUST1239,Customer_1239,North,Beauty,Lipstick,5,838.67,0.2,0.0,Upi,Retail Store,False,3354.68,2024-12
ORD14580,2025-04-20,CUST1184,Customer_1184,North,Sports,Running Shoes,2,1174.02,0.0,0.0,Credit Card,Retail Store,False,2348.04,2025-04
ORD13571,2025-02-08,CUST1052,Customer_1052,North,Electronics,Headphones,3,45512.3,0.0,4.12,Net Banking,Online,False,136536.90000000002,2025-02
ORD14348,2024-07-04,CUST1154,Customer_1154,South,Electronics,Smartphone,1,31539.56,0.25,0.62,Cash On Delivery,Online,False,23654.670000000002,2024-07
ORD11154,2025-09-14,CUST1283,Customer_1283,North,Sports,Running Shoes,3,1991.67,0.05,0.0,Credit Card,Retail Store,False,5676.2595,2025-09
ORD11079,2025-01-05,CUST1285,Customer_1285,North,Home & Kitchen,Lamp,4,3373.74,0.2,0.0,Net Banking,Retail Store,False,10795.968,2025-01
ORD13008,2024-05-24,CUST1150,Customer_1150,North,Sports,Cycling Helmet,4,2889.93,0.0,151.24,Cash On Delivery,Online,False,11559.72,2024-05
ORD11511,2025-02-03,CUST1299,Customer_1299,South,Beauty,Lipstick,1,1523.68,0.0,0.0,Credit Card,Retail Store,False,1523.68,2025-02
ORD10892,2025-11-18,CUST1331,Customer_1331,North,Sports,Running Shoes,1,1432.4,0.0,148.98,Debit Card,Online,False,1432.4,2025-11
ORD10135,2024-08-25,CUST1346,Customer_1346,South,Sports,Cricket Bat,4,5856.21,0.2,0.0,Net Banking,Retail Store,False,18739.872,2024-08
ORD13261,2025-02-02,CUST1072,Customer_1072,West,Electronics,Smartphone,3,31539.56,0.1,85.24,Cash On Delivery,Online,False,85156.812,2025-02
ORD14078,2025-08-05,CUST1176,Customer_1176,North,Home & Kitchen,Blender,2,4480.37,0.25,187.16,Debit Card,Online,False,6720.555,2025-08
ORD12191,2025-08-12,CUST1144,Customer_1144,South,Clothing,Shoes,5,2917.43,0.15,28.69,Net Banking,Online,False,12399.0775,2025-08
ORD10211,2024-09-26,CUST1318,Customer_1318,West,Sports,Dumbbells,4,995.08,0.05,0.0,Upi,Retail Store,False,3781.304,2024-09
ORD10433,2024-11-17,CUST1018,Customer_1018,North,Clothing,Dress,1,2457.49,0.1,140.06,Upi,Online,False,2211.741,2024-11
ORD13164,2024-06-13,CUST1323,Customer_1323,North,Sports,Yoga Mat,2,5669.56,0.05,0.0,Upi,Retail Store,False,10772.164,2024-06
ORD10274,2025-01-29,CUST1397,Customer_1397,West,Beauty,Face Cream,5,2096.39,0.05,39.84,Debit Card,Online,False,9957.852499999999,2025-01
ORD13012,2024-07-13,CUST1131,Customer_1131,South,Home & Kitchen,Vacuum Cleaner,4,2777.8,0.0,0.0,Credit Card,Retail Store,False,11111.2,2024-07
ORD10088,2024-05-18,CUST1376,Customer_1376,West,Home & Kitchen,Cookware Set,1,4480.37,0.0,0.0,Credit Card,Retail Store,False,4480.37,2024-05
ORD12798,2025-05-16,CUST1219,Customer_1219,West,Electronics,Laptop,3,24738.55,0.0,0.0,Upi,Retail Store,False,74215.65,2025-05
ORD12324,2024-10-30,CUST1249,Customer_1249,East,Clothing,Jeans,3,2774.02,0.0,0.0,Upi,Retail Store,False,8322.06,2024-10
ORD10298,2024-07-07,CUST1352,Customer_1352,East,Sports,Dumbbells,4,3148.65,0.0,0.0,Credit Card,Retail Store,False,12594.6,2024-07
ORD12545,2024-01-17,CUST1054,Customer_1054,South,Sports,Yoga Mat,2,3466.26,0.2,0.0,Cash On Delivery,Retail Store,False,5546.0160000000005,2024-01
ORD10567,2024-08-05,CUST1055,Customer_1055,West,Electronics,Smartphone,1,55465.71,0.25,0.0,Credit Card,Retail Store,False,41599.2825,2024-08
ORD13916,2025-11-21,CUST1281,Customer_1281,East,Sports,Running Shoes,1,2244.29,0.0,0.0,Credit Card,Retail Store,False,2244.29,2025-11
ORD13674,2025-12-12,CUST1004,Customer_1004,South,Clothing,Jacket,2,1159.69,0.0,0.0,Upi,Retail Store,False,2319.38,2025-12
ORD14645,2025-03-03,CUST1187,Customer_1187,West,Beauty,Lipstick,2,474.01,0.25,58.16,Debit Card,Online,False,711.015,2025-03
ORD13776,2025-07-09,CUST1350,Customer_1350,North,Clothing,Jeans,1,2704.22,0.0,0.0,Debit Card,Retail Store,False,2704.22,2025-07
ORD13754,2025-09-22,CUST1124,Customer_1124,East,Beauty,Perfume,3,1490.34,0.05,0.0,Upi,Retail Store,False,4247.468999999999,2025-09
ORD14253,2024-04-08,CUST1015,Customer_1015,West,Clothing,Shoes,2,413.83,0.0,0.0,Net Banking,Retail Store,False,827.66,2024-04
ORD10315,2025-02-27,CUST1192,Customer_1192,West,Sports,Dumbbells,5,5203.79,0.1,0.0,Upi,Retail Store,False,23417.055,2025-02
ORD14554,2024-08-28,CUST1163,Customer_1163,North,Home & Kitchen,Lamp,4,4673.22,0.1,61.59,Cash On Delivery,Online,False,16823.592,2024-08
ORD12151,2024-09-26,CUST1213,Customer_1213,South,Electronics,Laptop,2,45248.47,0.05,0.0,Credit Card,Retail Store,False,85972.093,2024-09
ORD13662,2024-03-31,CUST1006,Customer_1006,East,Sports,Yoga Mat,4,2750.75,0.0,0.0,Net Banking,Retail Store,False,11003.0,2024-03
ORD13288,2025-04-24,CUST1249,Customer_1249,West,Clothing,Shoes,4,1670.93,0.15,0.0,Debit Card,Retail Store,False,5681.162,2025-04
ORD13117,2025-03-28,CUST1019,Customer_1019,South,Sports,Running Shoes,3,3391.94,0.2,45.15,Credit Card,Online,False,8140.656,2025-03
ORD10522,2024-05-06,CUST1327,Customer_1327,North,Electronics,Laptop,3,31539.56,0.0,0.0,Net Banking,Retail Store,False,94618.68000000001,2024-05
ORD12020,2025-09-07,CUST1317,Customer_1317,West,Clothing,Dress,1,1178.28,0.1,89.61,Net Banking,Online,False,1060.452,2025-09
ORD14421,2024-02-21,CUST1178,Customer_1178,South,Clothing,Jeans,1,2169.1,0.0,0.0,Debit Card,Retail Store,False,2169.1,2024-02
ORD12974,2025-03-07,CUST1122,Customer_1122,Unknown,Sports,Dumbbells,3,1157.91,0.25,189.85,Cash On Delivery,Online,False,2605.2975000000006,2025-03
ORD11275,2024-04-02,CUST1066,Customer_1066,East,Beauty,Perfume,2,915.08,0.2,134.66,Debit Card,Online,False,1464.1280000000002,2024-04
ORD13181,2025-04-04,CUST1114,Customer_1114,Unknown,Sports,Dumbbells,3,3193.04,0.15,0.0,Net Banking,Retail Store,False,8142.251999999999,2025-04
ORD12413,2024-07-20,CUST1310,Customer_1310,Unknown,Electronics,Laptop,4,32514.5,0.0,28.28,Net Banking,Online,False,130058.0,2024-07
ORD12752,2025-06-11,CUST1159,Customer_1159,North,Home & Kitchen,Cookware Set,3,2446.5,0.2,0.0,Net Banking,Retail Store,False,5871.6,2025-06
ORD10528,2024-10-24,CUST1187,Customer_1187,North,Clothing,Dress,3,1323.56,0.0,0.45,Upi,Online,False,3970.68,2024-10
ORD14921,2025-10-30,CUST1127,Customer_1127,West,Home & Kitchen,Vacuum Cleaner,1,7076.95,0.1,154.53,Net Banking,Online,False,6369.255,2025-10
ORD10308,2024-03-30,CUST1317,Customer_1317,East,Sports,Dumbbells,1,3637.32,0.15,134.42,Debit Card,Online,False,3091.722,2024-03
ORD11505,2025-03-11,CUST1102,Customer_1102,South,Clothing,Shoes,3,679.07,0.0,0.0,Debit Card,Retail Store,False,2037.21,2025-03
ORD13598,2024-03-08,CUST1281,Customer_1281,South,Clothing,T-Shirt,2,1668.54,0.0,133.3,Upi,Online,False,3337.08,2024-03
ORD12496,2025-11-03,CUST1263,Customer_1263,South,Sports,Running Shoes,3,4841.97,0.0,146.58,Cash On Delivery,Online,False,14525.91,2025-11
ORD11374,2025-06-05,CUST1329,Customer_1329,South,Electronics,Tablet,4,41016.86,0.15,0.0,Credit Card,Retail Store,False,139457.324,2025-06
ORD12619,2024-12-02,CUST1347,Customer_1347,North,Beauty,Lipstick,1,2047.0,0.25,97.13,Debit Card,Online,False,1535.25,2024-12
ORD11134,2024-01-13,CUST1000,Customer_1000,North,Sports,Dumbbells,2,3212.34,0.15,172.04,Debit Card,Online,False,5460.978,2024-01
ORD11203,2025-07-07,CUST1057,Customer_1057,North,Beauty,Face Cream,2,1412.01,0.2,0.0,Net Banking,Retail Store,False,2259.216,2025-07
ORD13681,2025-12-02,CUST1107,Customer_1107,North,Home & Kitchen,Bedsheet,3,2624.11,0.1,0.0,Credit Card,Retail Store,False,7085.097,2025-12
ORD13220,2024-03-23,CUST1126,Customer_1126,South,Sports,Dumbbells,2,5550.28,0.15,0.0,Net Banking,Retail Store,False,9435.475999999999,2024-03
ORD11318,2024-03-24,CUST1006,Customer_1006,North,Home & Kitchen,Vacuum Cleaner,3,6208.55,0.0,0.0,Debit Card,Retail Store,False,18625.65,2024-03
ORD12647,2025-07-07,CUST1265,Customer_1265,East,Home & Kitchen,Blender,2,3767.81,0.1,0.0,Upi,Retail Store,False,6782.058,2025-07
ORD12332,2024-11-15,CUST1259,Customer_1259,West,Beauty,Lipstick,2,729.35,0.0,141.01,Cash On Delivery,Online,False,1458.7,2024-11
ORD13380,2025-02-07,CUST1269,Customer_1269,West,Beauty,Shampoo,-2,1600.28,0.0,0.0,Credit Card,Retail Store,True,-3200.56,2025-02
ORD10833,2025-08-22,CUST1059,Customer_1059,North,Sports,Yoga Mat,2,3257.1,0.1,0.0,Debit Card,Retail Store,False,5862.78,2025-08
ORD12989,2024-06-15,CUST1200,Customer_1200,West,Clothing,Shoes,1,2970.51,0.2,0.0,Cash On Delivery,Retail Store,False,2376.4080000000004,2024-06
ORD12110,2024-03-15,CUST1175,Customer_1175,West,Clothing,Jeans,3,994.38,0.15,0.0,Upi,Retail Store,False,2535.669,2024-03
ORD11682,2025-08-04,CUST1148,Customer_1148,East,Home & Kitchen,Vacuum Cleaner,1,7944.14,0.05,104.09,Cash On Delivery,Online,False,7546.933,2025-08
ORD13034,2024-10-23,CUST1077,Customer_1077,South,Sports,Running Shoes,1,5152.12,0.05,101.21,Credit Card,Online,False,4894.513999999999,2024-10
ORD12287,2024-10-01,CUST1005,Customer_1005,East,Beauty,Sunscreen,1,1683.28,0.2,135.97,Credit Card,Online,False,1346.624,2024-10
ORD12380,2024-07-31,CUST1017,Customer_1017,South,Sports,Running Shoes,2,4701.56,0.1,0.0,Debit Card,Retail Store,False,8462.808,2024-07
ORD14787,2024-04-16,CUST1327,Customer_1327,East,Electronics,Smartphone,2,52948.59,0.0,0.0,Debit Card,Retail Store,False,105897.18,2024-04
ORD12004,2025-05-05,CUST1333,Customer_1333,North,Clothing,Jacket,2,453.98,0.25,0.0,Net Banking,Retail Store,False,680.97,2025-05
ORD14448,2024-05-08,CUST1205,Customer_1205,South,Home & Kitchen,Vacuum Cleaner,1,4090.38,0.0,0.0,Debit Card,Retail Store,False,4090.38,2024-05
ORD14136,2025-09-22,CUST1373,Customer_1373,North,Home & Kitchen,Vacuum Cleaner,5,1004.95,0.1,0.0,Credit Card,Retail Store,False,4522.275000000001,2025-09
ORD12616,2024-01-31,CUST1190,Customer_1190,South,Beauty,Perfume,4,720.93,0.0,0.0,Credit Card,Retail Store,False,2883.72,2024-01
ORD11166,2025-02-19,CUST1284,Customer_1284,South,Home & Kitchen,Vacuum Cleaner,5,1777.33,0.0,0.0,Cash On Delivery,Retail Store,False,8886.65,2025-02
ORD13471,2025-04-28,CUST1162,Customer_1162,South,Clothing,T-Shirt,1,2351.1,0.2,0.0,Net Banking,Retail Store,False,1880.88,2025-04
ORD14300,2025-07-14,CUST1284,Customer_1284,South,Home & Kitchen,Lamp,3,2331.83,0.2,0.0,Debit Card,Retail Store,False,5596.392,2025-07
ORD14562,2025-10-01,CUST1389,Customer_1389,West,Beauty,Face Cream,4,2344.88,0.15,0.0,Credit Card,Retail Store,False,7972.592000000001,2025-10
ORD10727,2025-08-21,CUST1232,Customer_1232,South,Sports,Running Shoes,1,2205.35,0.05,0.0,Net Banking,Retail Store,False,2095.0825,2025-08
ORD10354,2024-07-26,CUST1299,Customer_1299,North,Beauty,Face Cream,4,470.55,0.1,56.12,Net Banking,Online,False,1693.98,2024-07
ORD12140,2024-03-10,CUST1146,Customer_1146,South,Electronics,Laptop,3,24447.01,0.2,0.0,Net Banking,Retail Store,False,58672.824,2024-03
ORD12871,2024-10-13,CUST1339,Customer_1339,South,Home & Kitchen,Lamp,4,6961.78,0.2,0.0,Credit Card,Retail Store,False,22277.696,2024-10
ORD11861,2025-07-18,CUST1041,Customer_1041,South,Clothing,Jeans,1,2337.31,0.15,8.48,Net Banking,Online,False,1986.7134999999998,2025-07
ORD11222,2024-11-04,CUST1242,Customer_1242,East,Beauty,Face Cream,2,2441.17,0.25,0.0,Debit Card,Retail Store,False,3661.755,2024-11
ORD14946,2024-03-16,CUST1007,Customer_1007,East,Home & Kitchen,Lamp,5,4480.37,0.0,106.34,Upi,Online,False,22401.85,2024-03
ORD14352,2025-09-03,CUST1095,Customer_1095,East,Clothing,Jeans,5,2163.31,0.0,0.0,Credit Card,Retail Store,False,10816.55,2025-09
ORD12508,2024-01-17,CUST1257,Customer_1257,West,Clothing,Jeans,1,1838.68,0.15,0.0,Debit Card,Retail Store,False,1562.878,2024-01
ORD10847,2025-06-03,CUST1196,Customer_1196,West,Sports,Running Shoes,1,3334.04,0.25,74.59,Net Banking,Online,False,2500.5299999999997,2025-06
ORD10159,2025-03-08,CUST1335,Customer_1335,West,Electronics,Headphones,1,6059.42,0.0,76.61,Credit Card,Online,False,6059.42,2025-03
ORD12787,2024-02-03,CUST1011,Customer_1011,South,Clothing,Dress,1,765.31,0.0,197.51,Cash On Delivery,Online,False,765.31,2024-02
ORD11982,2024-09-10,CUST1246,Customer_1246,South,Beauty,Lipstick,5,857.98,0.15,0.0,Credit Card,Retail Store,False,3646.4149999999995,2024-09
ORD14356,2024-07-24,CUST1301,Customer_1301,East,Sports,Dumbbells,2,1354.33,0.2,20.66,Net Banking,Online,False,2166.928,2024-07
ORD12103,2024-02-17,CUST1028,Customer_1028,North,Home & Kitchen,Lamp,2,5285.25,0.0,0.0,Net Banking,Retail Store,False,10570.5,2024-02
ORD14020,2025-07-05,CUST1062,Customer_1062,North,Home & Kitchen,Cookware Set,5,3850.52,0.05,12.16,Cash On Delivery,Online,False,18289.969999999998,2025-07
ORD10371,2024-07-23,CUST1268,Customer_1268,East,Home & Kitchen,Blender,5,7358.08,0.0,0.0,Upi,Retail Store,False,36790.4,2024-07
ORD13482,2025-03-25,CUST1186,Customer_1186,North,Electronics,Headphones,2,16198.82,0.25,76.56,Cash On Delivery,Online,False,24298.23,2025-03
ORD12970,2024-01-25,CUST1392,Customer_1392,North,Home & Kitchen,Vacuum Cleaner,5,7013.36,0.15,142.72,Cash On Delivery,Online,False,29806.779999999995,2024-01
ORD12131,2025-10-08,CUST1075,Customer_1075,Unknown,Electronics,Headphones,1,17010.56,0.0,0.0,Debit Card,Retail Store,False,17010.56,2025-10
ORD13418,2024-11-12,CUST1227,Customer_1227,East,Electronics,Smartwatch,1,3323.69,0.1,19.07,Debit Card,Online,False,2991.321,2024-11
ORD13424,2024-08-13,CUST1128,Customer_1128,West,Sports,Cricket Bat,5,2579.28,0.1,194.93,Debit Card,Online,False,11606.760000000002,2024-08
ORD11538,2025-02-14,CUST1383,Customer_1383,South,Sports,Cycling Helmet,2,5695.97,0.2,192.6,Debit Card,Online,False,9113.552000000001,2025-02
ORD13554,2025-02-17,CUST1320,Customer_1320,South,Sports,Running Shoes,1,1831.27,0.25,52.22,Unknown,Online,False,1373.4524999999999,2025-02
ORD14937,2025-02-09,CUST1252,Customer_1252,East,Electronics,Laptop,1,30455.28,0.0,0.0,Credit Card,Retail Store,False,30455.28,2025-02
ORD12475,2025-02-25,CUST1066,Customer_1066,South,Home & Kitchen,Bedsheet,5,6683.98,0.0,9.17,Cash On Delivery,Online,False,33419.899999999994,2025-02
ORD12337,2025-01-29,CUST1064,Customer_1064,West,Beauty,Lipstick,4,2014.71,0.1,0.0,Cash On Delivery,Retail Store,False,7252.956,2025-01
ORD12744,2024-03-17,CUST1362,Customer_1362,East,Electronics,Laptop,5,47988.2,0.15,0.0,Cash On Delivery,Retail Store,False,203949.85,2024-03
ORD11553,2025-05-11,CUST1294,Customer_1294,Unknown,Sports,Cricket Bat,1,2276.69,0.05,0.0,Debit Card,Retail Store,False,2162.8555,2025-05
ORD10239,2024-05-23,CUST1141,Customer_1141,West,Home & Kitchen,Cookware Set,3,2791.04,0.1,145.49,Upi,Online,False,7535.807999999999,2024-05
ORD11429,2025-02-16,CUST1116,Customer_1116,North,Beauty,Sunscreen,5,1608.33,0.05,0.0,Upi,Retail Store,False,7639.567499999999,2025-02
ORD11978,2025-07-22,CUST1251,Customer_1251,West,Electronics,Tablet,1,57786.62,0.05,0.0,Credit Card,Retail Store,False,54897.289,2025-07
ORD13245,2024-07-09,CUST1388,Customer_1388,North,Clothing,T-Shirt,1,609.76,0.15,0.0,Upi,Retail Store,False,518.2959999999999,2024-07
ORD12817,2024-05-29,CUST1260,Customer_1260,East,Home & Kitchen,Blender,2,1839.1,0.0,109.26,Upi,Online,False,3678.2,2024-05
ORD13671,2025-06-29,CUST1181,Customer_1181,West,Sports,Dumbbells,1,5252.65,0.0,0.0,Cash On Delivery,Retail Store,False,5252.65,2025-06
ORD12449,2024-01-14,CUST1189,Customer_1189,South,Electronics,Headphones,2,16294.18,0.15,175.45,Debit Card,Online,False,27700.106,2024-01
ORD14307,2024-10-12,CUST1274,Customer_1274,North,Home & Kitchen,Blender,3,7791.14,0.15,0.0,Cash On Delivery,Retail Store,False,19867.407000000003,2024-10
ORD14914,2025-07-17,CUST1241,Customer_1241,South,Beauty,Shampoo,4,707.77,0.1,0.0,Upi,Retail Store,False,2547.972,2025-07
ORD12202,2024-06-30,CUST1384,Customer_1384,South,Sports,Yoga Mat,5,1851.39,0.0,0.0,Net Banking,Retail Store,False,9256.95,2024-06
ORD10618,2024-04-17,CUST1034,Customer_1034,East,Electronics,Headphones,2,40417.77,0.05,0.0,Cash On Delivery,Retail Store,False,76793.76299999999,2024-04
ORD12381,2024-05-23,CUST1006,Customer_1006,North,Sports,Cricket Bat,5,5719.23,0.0,123.45,Net Banking,Online,False,28596.149999999998,2024-05
ORD11090,2024-06-29,CUST1085,Customer_1085,Unknown,Clothing,T-Shirt,1,549.42,0.1,0.0,Upi,Retail Store,False,494.47799999999995,2024-06
ORD10295,2025-02-06,CUST1305,Customer_1305,North,Sports,Yoga Mat,2,5564.71,0.25,0.0,Upi,Retail Store,False,8347.065,2025-02
ORD10430,2024-05-21,CUST1085,Customer_1085,West,Electronics,Smartphone,3,18589.19,0.15,0.0,Cash On Delivery,Retail Store,False,47402.434499999996,2024-05
ORD10279,2024-07-08,CUST1140,Customer_1140,South,Sports,Cycling Helmet,2,404.03,0.2,64.14,Net Banking,Online,False,646.448,2024-07
ORD13524,2024-03-30,CUST1320,Customer_1320,South,Sports,Yoga Mat,4,1761.22,0.0,154.37,Net Banking,Online,False,7044.88,2024-03
ORD12629,2024-09-27,CUST1247,Customer_1247,North,Sports,Cricket Bat,5,2018.47,0.05,5.21,Upi,Online,False,9587.7325,2024-09
ORD12766,2025-06-09,CUST1001,Customer_1001,West,Home & Kitchen,Bedsheet,3,3759.32,0.2,0.0,Credit Card,Retail Store,False,9022.368,2025-06
ORD13895,2024-05-27,CUST1344,Customer_1344,South,Clothing,Jeans,3,1038.63,0.0,51.71,Credit Card,Online,False,3115.8900000000003,2024-05
ORD11656,2025-01-05,CUST1087,Customer_1087,South,Home & Kitchen,Vacuum Cleaner,2,6949.46,0.2,0.0,Cash On Delivery,Retail Store,False,11119.136,2025-01
ORD10969,2024-10-17,CUST1059,Customer_1059,East,Home & Kitchen,Vacuum Cleaner,1,4413.4,0.0,0.0,Cash On Delivery,Retail Store,False,4413.4,2024-10
ORD11843,2025-05-03,CUST1249,Customer_1249,East,Sports,Yoga Mat,3,2481.43,0.0,178.73,Net Banking,Online,False,7444.289999999999,2025-05
ORD13151,2025-08-05,CUST1399,Customer_1399,North,Beauty,Shampoo,5,1123.33,0.1,0.0,Cash On Delivery,Retail Store,False,5054.985,2025-08
ORD13386,2025-07-04,CUST1076,Customer_1076,East,Sports,Dumbbells,2,3117.29,0.0,0.0,Upi,Retail Store,False,6234.58,2025-07
ORD14546,2024-04-14,CUST1325,Customer_1325,South,Home & Kitchen,Vacuum Cleaner,5,7127.74,0.0,178.2,Upi,Online,False,35638.7,2024-04
ORD11211,2025-05-28,CUST1049,Customer_1049,North,Clothing,Shoes,1,529.94,0.15,37.82,Debit Card,Online,False,450.449,2025-05
ORD14390,2025-09-08,CUST1275,Customer_1275,North,Home & Kitchen,Bedsheet,1,3080.84,0.0,0.0,Cash On Delivery,Retail Store,False,3080.84,2025-09
ORD11428,2024-01-24,CUST1240,Customer_1240,South,Sports,Running Shoes,4,3255.66,0.05,134.74,Cash On Delivery,Online,False,12371.507999999998,2024-01
ORD14716,2024-11-20,CUST1240,Customer_1240,West,Electronics,Smartphone,4,48745.78,0.0,81.16,Unknown,Online,False,194983.12,2024-11
ORD10426,2024-05-14,CUST1371,Customer_1371,East,Clothing,Shoes,3,1886.68,0.25,0.0,Cash On Delivery,Retail Store,False,4245.03,2024-05
ORD14094,2025-05-23,CUST1208,Customer_1208,West,Clothing,Shoes,5,790.83,0.25,50.51,Upi,Online,False,2965.6125,2025-05
ORD11923,2025-08-24,CUST1381,Customer_1381,West,Sports,Cricket Bat,5,3547.02,0.15,92.23,Debit Card,Online,False,15074.835,2025-08
ORD13395,2025-09-03,CUST1047,Customer_1047,East,Clothing,Jeans,2,2194.32,0.15,117.93,Net Banking,Online,False,3730.344,2025-09
ORD14815,2024-05-13,CUST1016,Customer_1016,East,Electronics,Smartwatch,2,18881.02,0.0,162.73,Upi,Online,False,37762.04,2024-05
ORD10404,2025-04-07,CUST1160,Customer_1160,East,Sports,Yoga Mat,1,5142.98,0.1,137.49,Upi,Online,False,4628.682,2025-04
ORD10491,2024-08-29,CUST1322,Customer_1322,East,Electronics,Headphones,4,12759.23,0.05,0.0,Cash On Delivery,Retail Store,False,48485.07399999999,2024-08
ORD14671,2025-01-26,CUST1199,Customer_1199,East,Beauty,Lipstick,2,1355.35,0.25,0.0,Upi,Retail Store,False,2033.0249999999999,2025-01
ORD13494,2024-03-17,CUST1241,Customer_1241,East,Clothing,Jeans,3,1658.94,0.1,0.0,Upi,Retail Store,False,4479.138,2024-03
ORD10824,2025-07-08,CUST1079,Customer_1079,West,Clothing,T-Shirt,5,2772.78,0.05,6.22,Credit Card,Online,False,13170.705,2025-07
ORD12542,2025-05-07,CUST1103,Customer_1103,West,Home & Kitchen,Bedsheet,4,2167.22,0.15,117.61,Net Banking,Online,False,7368.547999999999,2025-05
ORD13673,2024-08-30,CUST1274,Customer_1274,West,Sports,Yoga Mat,1,4384.32,0.0,17.68,Cash On Delivery,Online,False,4384.32,2024-08
ORD12790,2025-12-13,CUST1242,Customer_1242,East,Electronics,Smartphone,4,19387.88,0.25,0.0,Net Banking,Retail Store,False,58163.64,2025-12
ORD14226,2024-05-05,CUST1008,Customer_1008,East,Clothing,Shoes,1,830.0,0.25,0.0,Debit Card,Retail Store,False,622.5,2024-05
ORD13515,2024-01-19,CUST1167,Customer_1167,South,Home & Kitchen,Lamp,5,5139.19,0.0,0.0,Net Banking,Retail Store,False,25695.949999999997,2024-01
ORD14461,2024-11-04,CUST1190,Customer_1190,South,Beauty,Perfume,5,1432.44,0.25,58.66,Unknown,Online,False,5371.650000000001,2024-11
ORD14947,2025-10-12,CUST1357,Customer_1357,East,Electronics,Headphones,5,41560.88,0.2,0.0,Cash On Delivery,Retail Store,False,166243.52000000002,2025-10
ORD11788,2024-02-12,CUST1397,Customer_1397,East,Beauty,Shampoo,2,1342.1,0.1,0.0,Upi,Retail Store,False,2415.7799999999997,2024-02
ORD12187,2025-08-27,CUST1099,Customer_1099,South,Sports,Running Shoes,4,825.01,0.0,0.0,Upi,Retail Store,False,3300.04,2025-08
ORD12145,2024-03-03,CUST1084,Customer_1084,West,Clothing,Shoes,3,580.21,0.1,0.0,Upi,Retail Store,False,1566.5670000000002,2024-03
ORD13246,2025-04-15,CUST1198,Customer_1198,West,Beauty,Sunscreen,4,992.05,0.0,147.56,Net Banking,Online,False,3968.2,2025-04
ORD11841,2024-01-08,CUST1112,Customer_1112,North,Beauty,Shampoo,2,689.16,0.0,50.2,Debit Card,Online,False,1378.32,2024-01
ORD11209,2024-07-25,CUST1060,Customer_1060,West,Beauty,Face Cream,1,1892.25,0.25,77.64,Net Banking,Online,False,1419.1875,2024-07
ORD10974,2024-07-22,CUST1195,Customer_1195,West,Sports,Dumbbells,1,3025.13,0.05,191.34,Net Banking,Online,False,2873.8735,2024-07
ORD13311,2025-11-07,CUST1095,Customer_1095,West,Electronics,Tablet,1,30769.4,0.2,194.3,Credit Card,Online,False,24615.520000000004,2025-11
ORD10215,2025-12-01,CUST1356,Customer_1356,East,Electronics,Smartphone,1,36058.89,0.0,0.0,Cash On Delivery,Retail Store,False,36058.89,2025-12
ORD10656,2025-07-20,CUST1399,Customer_1399,North,Electronics,Tablet,5,36890.23,0.15,72.42,Net Banking,Online,False,156783.4775,2025-07
ORD12519,2025-04-26,CUST1398,Customer_1398,West,Electronics,Laptop,1,33421.5,0.05,0.0,Net Banking,Retail Store,False,31750.425,2025-04
ORD11583,2024-09-25,CUST1346,Customer_1346,South,Sports,Yoga Mat,2,3493.54,0.0,0.0,Upi,Retail Store,False,6987.08,2024-09
ORD11130,2024-07-09,CUST1197,Customer_1197,South,Beauty,Sunscreen,3,731.4,0.0,23.85,Credit Card,Online,False,2194.2,2024-07
ORD13038,2024-04-14,CUST1036,Customer_1036,South,Beauty,Sunscreen,-1,1659.53,0.15,0.0,Credit Card,Retail Store,True,-1410.6005,2024-04
ORD12063,2025-03-20,CUST1105,Customer_1105,North,Electronics,Smartphone,3,54747.59,0.15,0.0,Net Banking,Retail Store,False,139606.3545,2025-03
ORD10131,2024-07-15,CUST1140,Customer_1140,North,Sports,Cricket Bat,1,5541.07,0.05,0.0,Upi,Retail Store,False,5264.0165,2024-07
ORD13566,2024-11-01,CUST1280,Customer_1280,East,Beauty,Shampoo,3,1100.3,0.0,113.56,Upi,Online,False,3300.8999999999996,2024-11
ORD11341,2024-05-07,CUST1353,Customer_1353,East,Home & Kitchen,Cookware Set,4,4762.96,0.05,42.69,Upi,Online,False,18099.248,2024-05
ORD12184,2025-03-24,CUST1044,Customer_1044,East,Clothing,Shoes,1,2392.5,0.0,185.28,Credit Card,Online,False,2392.5,2025-03
ORD14382,2024-10-11,CUST1002,Customer_1002,West,Home & Kitchen,Vacuum Cleaner,1,7319.53,0.0,46.43,Credit Card,Online,False,7319.53,2024-10
ORD10594,2025-08-27,CUST1376,Customer_1376,South,Clothing,T-Shirt,1,335.45,0.05,0.0,Upi,Retail Store,False,318.67749999999995,2025-08
ORD14634,2024-12-28,CUST1326,Customer_1326,North,Sports,Cricket Bat,2,2225.81,0.0,4.6,Upi,Online,False,4451.62,2024-12
ORD10810,2025-05-19,CUST1021,Customer_1021,East,Clothing,Jeans,2,1162.54,0.1,8.03,Net Banking,Online,False,2092.572,2025-05
ORD10247,2024-01-17,CUST1392,Customer_1392,East,Clothing,Dress,5,1225.21,0.0,35.48,Debit Card,Online,False,6126.05,2024-01
ORD10029,2025-11-15,CUST1385,Customer_1385,Unknown,Beauty,Lipstick,5,665.64,0.15,0.0,Debit Card,Retail Store,False,2828.97,2025-11
ORD13363,2025-09-22,CUST1056,Customer_1056,North,Sports,Running Shoes,2,2055.24,0.05,156.21,Cash On Delivery,Online,False,3904.955999999999,2025-09
ORD12792,2024-05-11,CUST1259,Customer_1259,South,Electronics,Headphones,4,7698.64,0.0,0.0,Debit Card,Retail Store,False,30794.56,2024-05
ORD14379,2024-11-30,CUST1326,Customer_1326,East,Sports,Dumbbells,4,2384.42,0.1,94.36,Debit Card,Online,False,8583.912,2024-11
ORD11974,2024-06-01,CUST1014,Customer_1014,South,Beauty,Lipstick,2,1472.89,0.0,0.0,Unknown,Retail Store,False,2945.78,2024-06
ORD10633,2024-05-15,CUST1369,Customer_1369,North,Home & Kitchen,Bedsheet,4,2450.76,0.05,199.76,Upi,Online,False,9312.888,2024-05
ORD14569,2025-06-06,CUST1028,Customer_1028,East,Home & Kitchen,Bedsheet,3,6597.73,0.05,0.0,Net Banking,Retail Store,False,18803.530499999997,2025-06
ORD14392,2025-02-22,CUST1126,Customer_1126,East,Home & Kitchen,Vacuum Cleaner,4,5938.27,0.25,141.4,Net Banking,Online,False,17814.81,2025-02
ORD10868,2024-02-09,CUST1016,Customer_1016,South,Clothing,Jacket,3,2189.96,0.0,164.29,Credit Card,Online,False,6569.88,2024-02
ORD11320,2025-03-03,CUST1164,Customer_1164,North,Clothing,Dress,3,1062.71,0.15,0.0,Debit Card,Retail Store,False,2709.9105,2025-03
ORD14499,2025-04-28,CUST1127,Customer_1127,East,Beauty,Shampoo,5,1657.83,0.2,128.83,Upi,Online,False,6631.32,2025-04
ORD11543,2025-11-14,CUST1019,Customer_1019,South,Home & Kitchen,Vacuum Cleaner,2,5250.78,0.0,63.66,Credit Card,Online,False,10501.56,2025-11
ORD14129,2025-10-01,CUST1040,Customer_1040,South,Home & Kitchen,Lamp,2,6462.25,0.0,0.0,Net Banking,Retail Store,False,12924.5,2025-10
ORD13559,2024-11-10,CUST1179,Customer_1179,North,Home & Kitchen,Lamp,2,2753.93,0.25,129.29,Net Banking,Online,False,4130.8949999999995,2024-11
ORD12503,2024-11-25,CUST1359,Customer_1359,North,Beauty,Face Cream,4,2146.95,0.0,190.19,Debit Card,Online,False,8587.8,2024-11
ORD13567,2025-06-25,CUST1346,Customer_1346,East,Beauty,Sunscreen,2,264.58,0.1,0.0,Debit Card,Retail Store,False,476.24399999999997,2025-06
ORD13058,2025-09-06,CUST1110,Customer_1110,North,Home & Kitchen,Lamp,3,5169.0,0.0,0.0,Cash On Delivery,Retail Store,False,15507.0,2025-09
ORD10860,2024-12-04,CUST1388,Customer_1388,West,Beauty,Lipstick,5,308.13,0.2,28.44,Upi,Online,False,1232.5200000000002,2024-12
ORD14105,2024-03-28,CUST1175,Customer_1175,East,Clothing,Shoes,5,1182.44,0.1,0.0,Debit Card,Retail Store,False,5320.9800000000005,2024-03
ORD12138,2025-10-16,CUST1022,Customer_1022,Unknown,Electronics,Laptop,1,58996.42,0.05,0.0,Credit Card,Retail Store,False,56046.598999999995,2025-10
ORD11984,2025-02-13,CUST1100,Customer_1100,North,Clothing,Dress,1,2532.32,0.0,0.0,Debit Card,Retail Store,False,2532.32,2025-02
ORD12310,2025-01-29,CUST1243,Customer_1243,West,Clothing,Shoes,4,1565.93,0.2,0.0,Net Banking,Retail Store,False,5010.976000000001,2025-01
ORD12759,2024-08-02,CUST1043,Customer_1043,East,Beauty,Face Cream,5,1684.92,0.0,0.0,Upi,Retail Store,False,8424.6,2024-08
ORD12531,2024-01-27,CUST1390,Customer_1390,East,Electronics,Tablet,1,53908.37,0.2,101.52,Net Banking,Online,False,43126.696,2024-01
ORD10848,2025-09-06,CUST1360,Customer_1360,North,Electronics,Tablet,4,25134.37,0.2,129.1,Net Banking,Online,False,80429.984,2025-09
ORD11243,2025-01-27,CUST1157,Customer_1157,East,Clothing,Dress,1,1100.57,0.0,0.0,Upi,Retail Store,False,1100.57,2025-01
ORD14174,2025-02-06,CUST1282,Customer_1282,West,Electronics,Tablet,3,43840.73,0.0,0.0,Credit Card,Retail Store,False,131522.19,2025-02
ORD13045,2025-09-14,CUST1080,Customer_1080,South,Beauty,Perfume,1,2304.63,0.0,0.0,Debit Card,Retail Store,False,2304.63,2025-09
ORD11180,2024-11-10,CUST1202,Customer_1202,South,Electronics,Headphones,1,31539.56,0.25,48.67,Upi,Online,False,23654.670000000002,2024-11
ORD13460,2025-01-29,CUST1065,Customer_1065,West,Clothing,Shoes,1,458.87,0.0,0.0,Net Banking,Retail Store,False,458.87,2025-01
ORD12371,2024-03-19,CUST1271,Customer_1271,South,Home & Kitchen,Lamp,2,2041.17,0.1,0.0,Credit Card,Retail Store,False,3674.106,2024-03
ORD10002,2025-08-14,CUST1176,Customer_1176,South,Sports,Cricket Bat,1,5044.67,0.15,154.61,Credit Card,Online,False,4287.9695,2025-08
ORD14964,2025-02-19,CUST1091,Customer_1091,West,Electronics,Headphones,5,37723.11,0.15,83.96,Debit Card,Online,False,160323.2175,2025-02
ORD11755,2025-05-30,CUST1354,Customer_1354,Unknown,Sports,Yoga Mat,1,1848.64,0.15,0.0,Upi,Retail Store,False,1571.344,2025-05
ORD14011,2024-05-24,CUST1245,Customer_1245,North,Beauty,Lipstick,4,2072.21,0.25,0.0,Debit Card,Retail Store,False,6216.63,2024-05
ORD11048,2024-10-13,CUST1209,Customer_1209,South,Home & Kitchen,Blender,4,6983.88,0.15,32.18,Cash On Delivery,Online,False,23745.192,2024-10
ORD11418,2025-02-01,CUST1060,Customer_1060,North,Home & Kitchen,Vacuum Cleaner,1,2133.46,0.0,0.0,Upi,Retail Store,False,2133.46,2025-02
ORD14820,2024-03-31,CUST1054,Customer_1054,East,Beauty,Sunscreen,5,2465.39,0.15,0.0,Net Banking,Retail Store,False,10477.9075,2024-03
ORD10862,2025-09-23,CUST1083,Customer_1083,South,Electronics,Laptop,4,14317.03,0.15,0.0,Cash On Delivery,Retail Store,False,48677.902,2025-09
ORD13863,2025-04-25,CUST1109,Customer_1109,East,Clothing,Jacket,4,752.37,0.1,88.2,Credit Card,Online,False,2708.532,2025-04
ORD12551,2025-01-06,CUST1340,Customer_1340,South,Home & Kitchen,Lamp,1,2717.01,0.0,37.64,Debit Card,Online,False,2717.01,2025-01
ORD12431,2025-11-18,CUST1255,Customer_1255,South,Electronics,Headphones,3,49899.23,0.25,0.0,Upi,Retail Store,False,112273.2675,2025-11
ORD13797,2024-05-29,CUST1104,Customer_1104,North,Clothing,Jeans,4,1705.22,0.0,0.0,Debit Card,Retail Store,False,6820.88,2024-05
ORD10310,2025-05-10,CUST1068,Customer_1068,North,Electronics,Laptop,3,32191.8,0.0,0.0,Cash On Delivery,Retail Store,False,96575.4,2025-05
ORD11618,2025-04-07,CUST1042,Customer_1042,North,Electronics,Tablet,4,33473.42,0.1,0.0,Cash On Delivery,Retail Store,False,120504.31199999999,2025-04
ORD11092,2024-06-05,CUST1067,Customer_1067,South,Sports,Running Shoes,4,746.89,0.15,0.0,Credit Card,Retail Store,False,2539.426,2024-06
ORD11940,2024-02-06,CUST1298,Customer_1298,South,Clothing,Jeans,4,2401.78,0.2,6.68,Credit Card,Online,False,7685.696000000001,2024-02
ORD13825,2024-12-20,CUST1103,Customer_1103,East,Sports,Yoga Mat,2,4689.35,0.0,0.0,Debit Card,Retail Store,False,9378.7,2024-12
ORD11229,2024-12-29,CUST1353,Customer_1353,North,Beauty,Face Cream,5,1910.66,0.0,0.0,Net Banking,Retail Store,False,9553.300000000001,2024-12
ORD14818,2024-12-29,CUST1047,Customer_1047,South,Sports,Yoga Mat,5,2074.49,0.0,0.0,Net Banking,Retail Store,False,10372.449999999999,2024-12
ORD11733,2024-01-19,CUST1288,Customer_1288,South,Beauty,Lipstick,3,1749.46,0.05,0.0,Cash On Delivery,Retail Store,False,4985.961,2024-01
ORD13750,2024-04-17,CUST1369,Customer_1369,East,Home & Kitchen,Bedsheet,2,7324.32,0.05,0.0,Cash On Delivery,Retail Store,False,13916.207999999999,2024-04
ORD13063,2025-07-24,CUST1181,Customer_1181,South,Beauty,Lipstick,1,1965.47,0.0,0.0,Net Banking,Retail Store,False,1965.47,2025-07
ORD12622,2025-03-19,CUST1387,Customer_1387,East,Clothing,Shoes,4,2920.07,0.0,0.0,Cash On Delivery,Retail Store,False,11680.28,2025-03
ORD11393,2024-01-16,CUST1124,Customer_1124,South,Electronics,Laptop,2,20487.49,0.0,0.0,Net Banking,Retail Store,False,40974.98,2024-01
ORD12834,2025-01-24,CUST1044,Customer_1044,West,Clothing,Jacket,4,2214.21,0.0,0.0,Upi,Retail Store,False,8856.84,2025-01
ORD12405,2025-05-11,CUST1163,Customer_1163,North,Sports,Yoga Mat,1,4508.64,0.2,0.0,Upi,Retail Store,False,3606.9120000000003,2025-05
ORD13009,2025-09-18,CUST1165,Customer_1165,East,Clothing,Jeans,-1,666.69,0.2,171.28,Net Banking,Online,True,-533.3520000000001,2025-09
ORD14122,2025-10-30,CUST1170,Customer_1170,West,Sports,Yoga Mat,2,5665.65,0.0,0.0,Upi,Retail Store,False,11331.3,2025-10
ORD10762,2024-01-02,CUST1331,Customer_1331,North,Electronics,Laptop,4,32146.24,0.0,0.0,Credit Card,Retail Store,False,128584.96,2024-01
ORD13890,2024-03-19,CUST1297,Customer_1297,North,Beauty,Lipstick,4,227.92,0.05,182.96,Debit Card,Online,False,866.0959999999999,2024-03
ORD14481,2024-05-31,CUST1260,Customer_1260,South,Home & Kitchen,Bedsheet,3,1942.84,0.0,0.0,Upi,Retail Store,False,5828.5199999999995,2024-05
ORD10966,2025-04-05,CUST1205,Customer_1205,North,Clothing,Jeans,3,2394.82,0.2,27.64,Upi,Online,False,5747.568000000001,2025-04
ORD13314,2024-02-18,CUST1020,Customer_1020,South,Home & Kitchen,Lamp,5,7350.22,0.0,0.0,Debit Card,Retail Store,False,36751.1,2024-02
ORD13441,2025-08-26,CUST1298,Customer_1298,South,Electronics,Smartwatch,4,12403.06,0.1,0.0,Upi,Retail Store,False,44651.015999999996,2025-08
ORD10682,2025-02-12,CUST1243,Customer_1243,West,Home & Kitchen,Vacuum Cleaner,1,4600.84,0.2,0.0,Upi,Retail Store,False,3680.6720000000005,2025-02
ORD12546,2024-10-14,CUST1016,Customer_1016,East,Beauty,Perfume,1,2273.48,0.0,134.73,Debit Card,Online,False,2273.48,2024-10
ORD10991,2024-10-18,CUST1207,Customer_1207,East,Beauty,Sunscreen,4,1190.61,0.15,0.0,Debit Card,Retail Store,False,4048.0739999999996,2024-10
ORD10914,2025-11-08,CUST1370,Customer_1370,North,Sports,Cricket Bat,5,3265.42,0.15,0.0,Debit Card,Retail Store,False,13878.035,2025-11
ORD14236,2024-01-24,CUST1029,Customer_1029,North,Sports,Dumbbells,1,1055.23,0.15,122.78,Cash On Delivery,Online,False,896.9455,2024-01
ORD14272,2024-07-15,CUST1319,Customer_1319,West,Electronics,Laptop,2,3479.73,0.1,0.0,Credit Card,Retail Store,False,6263.514,2024-07
ORD10185,2024-08-02,CUST1039,Customer_1039,South,Clothing,Jacket,3,539.56,0.1,0.0,Upi,Retail Store,False,1456.812,2024-08
ORD10922,2024-08-19,CUST1369,Customer_1369,East,Electronics,Tablet,1,13119.2,0.15,191.24,Credit Card,Online,False,11151.32,2024-08
ORD14459,2025-08-18,CUST1192,Customer_1192,West,Sports,Yoga Mat,4,1010.23,0.0,0.0,Debit Card,Retail Store,False,4040.92,2025-08
ORD14170,2025-10-08,CUST1089,Customer_1089,West,Clothing,Jacket,4,2922.14,0.1,180.48,Credit Card,Online,False,10519.704,2025-10
ORD13556,2025-10-10,CUST1050,Customer_1050,South,Beauty,Lipstick,2,1666.89,0.0,0.0,Net Banking,Retail Store,False,3333.78,2025-10
ORD11619,2024-03-28,CUST1358,Customer_1358,West,Clothing,Jeans,3,1073.31,0.15,137.43,Debit Card,Online,False,2736.9404999999997,2024-03
ORD11830,2025-04-14,CUST1394,Customer_1394,West,Sports,Cycling Helmet,3,2037.39,0.25,126.5,Unknown,Online,False,4584.1275000000005,2025-04
ORD12484,2025-01-22,CUST1329,Customer_1329,South,Home & Kitchen,Lamp,5,6717.85,0.15,57.36,Debit Card,Online,False,28550.8625,2025-01
ORD13148,2024-04-29,CUST1166,Customer_1166,East,Sports,Running Shoes,1,4882.32,0.05,77.44,Upi,Online,False,4638.204,2024-04
ORD10740,2024-11-10,CUST1032,Customer_1032,South,Home & Kitchen,Lamp,1,3930.75,0.15,79.51,Net Banking,Online,False,3341.1375,2024-11
ORD14495,2025-08-23,CUST1059,Customer_1059,South,Sports,Cricket Bat,2,1454.06,0.0,2.05,Cash On Delivery,Online,False,2908.12,2025-08
ORD10971,2025-09-13,CUST1107,Customer_1107,North,Electronics,Tablet,2,11613.12,0.05,11.8,Upi,Online,False,22064.928,2025-09
ORD12564,2024-05-02,CUST1128,Customer_1128,East,Clothing,Shoes,2,2918.97,0.25,13.08,Cash On Delivery,Online,False,4378.455,2024-05
ORD13962,2025-09-07,CUST1201,Customer_1201,South,Electronics,Smartphone,5,30516.62,0.0,80.45,Upi,Online,False,152583.1,2025-09
ORD11116,2024-05-12,CUST1370,Customer_1370,East,Clothing,Dress,5,1873.12,0.25,0.0,Credit Card,Retail Store,False,7024.199999999999,2024-05
ORD10156,2024-08-04,CUST1167,Customer_1167,South,Sports,Yoga Mat,1,3392.78,0.2,0.0,Upi,Retail Store,False,2714.224,2024-08
ORD12467,2024-09-16,CUST1369,Customer_1369,South,Electronics,Laptop,5,26929.97,0.2,0.0,Upi,Retail Store,False,107719.88,2024-09
ORD13860,2025-03-12,CUST1187,Customer_1187,North,Electronics,Smartphone,2,31882.1,0.05,0.0,Upi,Retail Store,False,60575.99,2025-03
ORD10831,2024-03-07,CUST1187,Customer_1187,South,Beauty,Face Cream,5,228.81,0.0,0.0,Cash On Delivery,Retail Store,False,1144.05,2024-03
ORD10835,2024-02-13,CUST1262,Customer_1262,East,Electronics,Tablet,2,45574.7,0.2,134.33,Credit Card,Online,False,72919.52,2024-02
ORD12825,2024-12-22,CUST1308,Customer_1308,South,Home & Kitchen,Cookware Set,4,5831.56,0.15,78.47,Credit Card,Online,False,19827.304,2024-12
ORD10502,2025-09-17,CUST1248,Customer_1248,South,Beauty,Perfume,5,2069.59,0.2,0.62,Upi,Online,False,8278.36,2025-09
ORD10989,2025-03-17,CUST1063,Customer_1063,North,Home & Kitchen,Bedsheet,2,1747.64,0.0,26.0,Cash On Delivery,Online,False,3495.28,2025-03
ORD13937,2024-02-06,CUST1196,Customer_1196,South,Clothing,Jeans,-1,929.3,0.25,188.1,Credit Card,Online,True,-696.9749999999999,2024-02
ORD10923,2024-01-11,CUST1384,Customer_1384,West,Sports,Cycling Helmet,4,2680.31,0.0,117.22,Credit Card,Online,False,10721.24,2024-01
ORD12044,2025-02-02,CUST1106,Customer_1106,South,Beauty,Shampoo,4,221.44,0.1,32.67,Credit Card,Online,False,797.184,2025-02
ORD11980,2024-08-24,CUST1129,Customer_1129,East,Beauty,Sunscreen,1,1534.7,0.25,115.8,Debit Card,Online,False,1151.025,2024-08
ORD10249,2024-03-26,CUST1117,Customer_1117,East,Beauty,Lipstick,3,379.63,0.05,1.09,Upi,Online,False,1081.9454999999998,2024-03
ORD13911,2024-12-19,CUST1312,Customer_1312,North,Sports,Dumbbells,4,2106.01,0.1,86.77,Net Banking,Online,False,7581.636000000001,2024-12
ORD12683,2025-04-29,CUST1163,Customer_1163,East,Home & Kitchen,Cookware Set,1,7950.59,0.0,0.0,Debit Card,Retail Store,False,7950.59,2025-04
ORD11346,2025-09-04,CUST1136,Customer_1136,North,Home & Kitchen,Bedsheet,4,2131.92,0.1,0.0,Net Banking,Retail Store,False,7674.912,2025-09
ORD14866,2025-05-21,CUST1188,Customer_1188,Unknown,Clothing,Jeans,-4,1790.07,0.15,0.0,Debit Card,Retail Store,True,-6086.237999999999,2025-05
ORD14367,2025-04-15,CUST1151,Customer_1151,West,Beauty,Shampoo,3,1342.1,0.25,0.0,Upi,Retail Store,False,3019.725,2025-04
ORD13653,2025-05-03,CUST1014,Customer_1014,West,Beauty,Shampoo,2,2441.43,0.15,0.0,Debit Card,Retail Store,False,4150.431,2025-05
ORD10355,2025-08-14,CUST1056,Customer_1056,West,Beauty,Lipstick,4,2005.44,0.0,0.0,Credit Card,Retail Store,False,8021.76,2025-08
ORD10744,2024-07-29,CUST1081,Customer_1081,North,Beauty,Lipstick,5,799.11,0.0,127.35,Upi,Online,False,3995.55,2024-07
ORD10844,2025-07-19,CUST1290,Customer_1290,West,Electronics,Headphones,1,38025.06,0.1,110.74,Debit Card,Online,False,34222.554,2025-07
ORD10723,2025-04-01,CUST1279,Customer_1279,West,Home & Kitchen,Bedsheet,5,6274.29,0.15,0.0,Debit Card,Retail Store,False,26665.7325,2025-04
ORD11976,2025-11-01,CUST1061,Customer_1061,West,Sports,Dumbbells,1,2926.31,0.15,74.57,Unknown,Online,False,2487.3635,2025-11
ORD12955,2025-03-16,CUST1142,Customer_1142,East,Sports,Dumbbells,3,1515.0,0.0,186.67,Credit Card,Online,False,4545.0,2025-03
ORD12214,2025-06-30,CUST1210,Customer_1210,West,Clothing,Shoes,4,687.93,0.0,0.0,Net Banking,Retail Store,False,2751.72,2025-06
ORD13648,2024-05-06,CUST1216,Customer_1216,East,Clothing,Shoes,3,2415.6,0.25,75.36,Upi,Online,False,5435.099999999999,2024-05
ORD13870,2024-10-11,CUST1122,Customer_1122,North,Sports,Dumbbells,5,849.87,0.25,0.0,Credit Card,Retail Store,False,3187.0125000000003,2024-10
ORD13292,2024-09-23,CUST1164,Customer_1164,North,Home & Kitchen,Vacuum Cleaner,4,3262.8,0.1,140.2,Cash On Delivery,Online,False,11746.080000000002,2024-09
ORD14691,2024-03-02,CUST1206,Customer_1206,West,Electronics,Headphones,4,53652.39,0.0,0.0,Credit Card,Retail Store,False,214609.56,2024-03
ORD11258,2024-09-07,CUST1143,Customer_1143,North,Home & Kitchen,Bedsheet,5,1676.58,0.0,0.0,Debit Card,Retail Store,False,8382.9,2024-09
ORD12988,2025-09-29,CUST1350,Customer_1350,South,Sports,Running Shoes,2,1936.87,0.0,0.0,Credit Card,Retail Store,False,3873.74,2025-09
ORD10085,2024-11-04,CUST1229,Customer_1229,West,Sports,Yoga Mat,-1,2770.23,0.05,0.0,Cash On Delivery,Retail Store,True,-2631.7185,2024-11
ORD10746,2024-09-04,CUST1130,Customer_1130,West,Electronics,Smartwatch,4,52760.18,0.15,0.0,Cash On Delivery,Retail Store,False,179384.612,2024-09
ORD11867,2024-09-18,CUST1021,Customer_1021,East,Electronics,Smartphone,4,5772.94,0.25,13.66,Cash On Delivery,Online,False,17318.82,2024-09
ORD11315,2025-10-06,CUST1065,Customer_1065,South,Clothing,Jacket,1,2167.94,0.25,0.0,Credit Card,Retail Store,False,1625.955,2025-10
ORD13898,2024-04-23,CUST1133,Customer_1133,South,Beauty,Lipstick,-5,2182.22,0.15,0.0,Cash On Delivery,Retail Store,True,-9274.434999999998,2024-04
ORD10962,2025-09-05,CUST1114,Customer_1114,North,Electronics,Smartphone,3,8518.7,0.25,0.0,Debit Card,Retail Store,False,19167.075,2025-09
ORD10265,2024-06-20,CUST1332,Customer_1332,South,Sports,Dumbbells,3,2534.0,0.0,0.0,Cash On Delivery,Retail Store,False,7602.0,2024-06
ORD12428,2025-08-08,CUST1042,Customer_1042,East,Electronics,Tablet,1,3403.79,0.0,96.38,Credit Card,Online,False,3403.79,2025-08
ORD14116,2024-10-10,CUST1071,Customer_1071,East,Home & Kitchen,Cookware Set,5,7833.22,0.25,42.17,Cash On Delivery,Online,False,29374.574999999997,2024-10
ORD13086,2024-09-05,CUST1326,Customer_1326,East,Sports,Cricket Bat,1,1253.72,0.05,115.27,Debit Card,Online,False,1191.0339999999999,2024-09
ORD13139,2024-12-22,CUST1387,Customer_1387,North,Home & Kitchen,Lamp,2,899.99,0.1,75.92,Net Banking,Online,False,1619.982,2024-12
ORD12069,2025-02-15,CUST1341,Customer_1341,North,Home & Kitchen,Blender,4,2867.38,0.0,0.0,Upi,Retail Store,False,11469.52,2025-02
ORD14202,2025-12-12,CUST1305,Customer_1305,South,Clothing,T-Shirt,5,2034.3,0.0,16.76,Cash On Delivery,Online,False,10171.5,2025-12
ORD11800,2025-05-04,CUST1329,Customer_1329,North,Electronics,Tablet,3,48137.19,0.15,0.0,Credit Card,Retail Store,False,122749.8345,2025-05
ORD12235,2024-03-10,CUST1319,Customer_1319,East,Home & Kitchen,Cookware Set,1,1280.56,0.1,77.44,Net Banking,Online,False,1152.504,2024-03
ORD13543,2025-06-25,CUST1237,Customer_1237,Unknown,Electronics,Tablet,2,43315.24,0.1,32.38,Upi,Online,False,77967.432,2025-06
ORD13062,2025-01-07,CUST1082,Customer_1082,North,Electronics,Headphones,4,31539.56,0.2,3.64,Debit Card,Online,False,100926.592,2025-01
ORD12212,2024-07-31,CUST1103,Customer_1103,East,Clothing,T-Shirt,5,1566.54,0.05,103.11,Upi,Online,False,7441.065,2024-07
ORD14987,2025-11-15,CUST1158,Customer_1158,East,Clothing,Jacket,5,2824.05,0.0,20.77,Net Banking,Online,False,14120.25,2025-11
ORD14266,2025-05-11,CUST1193,Customer_1193,North,Clothing,T-Shirt,3,2721.23,0.15,50.18,Credit Card,Online,False,6939.1365000000005,2025-05
ORD14803,2024-07-23,CUST1060,Customer_1060,West,Electronics,Smartphone,1,28109.24,0.1,0.0,Debit Card,Retail Store,False,25298.316000000003,2024-07
ORD11985,2024-04-27,CUST1136,Customer_1136,North,Electronics,Headphones,-1,31539.56,0.0,100.99,Credit Card,Online,True,-31539.56,2024-04
ORD11371,2024-05-30,CUST1013,Customer_1013,East,Beauty,Face Cream,4,428.29,0.25,44.78,Cash On Delivery,Online,False,1284.8700000000001,2024-05
ORD12122,2024-05-07,CUST1130,Customer_1130,North,Electronics,Smartwatch,5,38631.12,0.0,0.0,Upi,Retail Store,False,193155.6,2024-05
ORD13907,2025-10-02,CUST1224,Customer_1224,West,Sports,Running Shoes,1,2678.32,0.15,37.24,Debit Card,Online,False,2276.572,2025-10
ORD14892,2025-11-13,CUST1272,Customer_1272,North,Beauty,Sunscreen,5,1938.8,0.1,88.76,Net Banking,Online,False,8724.6,2025-11
ORD12057,2025-06-29,CUST1054,Customer_1054,North,Beauty,Lipstick,4,1729.24,0.15,191.55,Net Banking,Online,False,5879.416,2025-06
ORD14890,2024-09-18,CUST1047,Customer_1047,West,Electronics,Smartphone,5,49916.07,0.1,0.0,Cash On Delivery,Retail Store,False,224622.315,2024-09
ORD13947,2024-11-15,CUST1098,Customer_1098,South,Electronics,Headphones,1,22899.69,0.1,181.8,Debit Card,Online,False,20609.720999999998,2024-11
ORD12058,2025-07-04,CUST1044,Customer_1044,South,Electronics,Smartwatch,4,10347.32,0.25,0.0,Debit Card,Retail Store,False,31041.96,2025-07
ORD13711,2024-08-20,CUST1027,Customer_1027,West,Home & Kitchen,Vacuum Cleaner,3,6663.2,0.1,0.0,Debit Card,Retail Store,False,17990.64,2024-08
ORD12904,2024-05-31,CUST1346,Customer_1346,West,Beauty,Face Cream,5,2198.47,0.1,122.58,Credit Card,Online,False,9893.115,2024-05
ORD13838,2025-08-22,CUST1156,Customer_1156,South,Clothing,Dress,3,753.99,0.0,37.72,Debit Card,Online,False,2261.9700000000003,2025-08
ORD14573,2024-05-24,CUST1189,Customer_1189,North,Electronics,Laptop,2,32455.58,0.25,0.0,Cash On Delivery,Retail Store,False,48683.37,2024-05
ORD10284,2025-02-26,CUST1281,Customer_1281,East,Beauty,Sunscreen,3,2270.84,0.15,112.63,Upi,Online,False,5790.642,2025-02
ORD10095,2025-04-23,CUST1148,Customer_1148,East,Home & Kitchen,Cookware Set,2,2007.35,0.15,13.15,Net Banking,Online,False,3412.495,2025-04
ORD14868,2025-05-25,CUST1078,Customer_1078,East,Beauty,Shampoo,3,1477.93,0.0,0.0,Cash On Delivery,Retail Store,False,4433.79,2025-05
ORD12664,2025-11-25,CUST1334,Customer_1334,East,Sports,Yoga Mat,2,4014.92,0.25,114.43,Upi,Online,False,6022.38,2025-11
ORD13955,2025-05-27,CUST1219,Customer_1219,North,Beauty,Shampoo,3,1163.62,0.25,0.0,Upi,Retail Store,False,2618.1449999999995,2025-05
ORD13442,2025-09-04,CUST1249,Customer_1249,East,Beauty,Shampoo,1,1189.69,0.25,0.0,Debit Card,Retail Store,False,892.2675,2025-09
ORD12077,2024-05-12,CUST1273,Customer_1273,East,Clothing,Jacket,4,1920.02,0.1,0.0,Net Banking,Retail Store,False,6912.072,2024-05
ORD12649,2024-11-16,CUST1296,Customer_1296,North,Electronics,Headphones,1,46888.73,0.05,134.84,Net Banking,Online,False,44544.2935,2024-11
ORD12280,2025-08-19,CUST1130,Customer_1130,Unknown,Clothing,Dress,4,1366.8,0.1,0.0,Net Banking,Retail Store,False,4920.48,2025-08
ORD12521,2025-06-19,CUST1166,Customer_1166,North,Beauty,Shampoo,-5,1137.74,0.15,122.62,Net Banking,Online,True,-4835.3949999999995,2025-06
ORD13613,2025-12-21,CUST1027,Customer_1027,South,Beauty,Lipstick,1,1720.8,0.1,20.25,Net Banking,Online,False,1548.72,2025-12
ORD11284,2024-12-08,CUST1264,Customer_1264,West,Sports,Cycling Helmet,1,1015.98,0.1,0.0,Net Banking,Retail Store,False,914.3820000000001,2024-12
ORD14022,2025-06-28,CUST1150,Customer_1150,West,Sports,Yoga Mat,3,1115.98,0.05,0.0,Credit Card,Retail Store,False,3180.543,2025-06
ORD12003,2025-08-15,CUST1264,Customer_1264,South,Electronics,Smartwatch,1,39566.74,0.15,134.89,Cash On Delivery,Online,False,33631.729,2025-08
ORD12153,2024-09-12,CUST1196,Customer_1196,East,Electronics,Smartphone,2,44672.13,0.1,135.4,Credit Card,Online,False,80409.834,2024-09
ORD13764,2025-03-02,CUST1127,Customer_1127,South,Electronics,Tablet,3,32830.39,0.15,168.49,Credit Card,Online,False,83717.4945,2025-03
ORD12239,2025-07-14,CUST1104,Customer_1104,South,Electronics,Tablet,3,25108.23,0.1,0.0,Upi,Retail Store,False,67792.221,2025-07
ORD13932,2025-05-09,CUST1243,Customer_1243,North,Clothing,Shoes,5,1168.35,0.15,0.0,Debit Card,Retail Store,False,4965.4875,2025-05
ORD14371,2024-01-13,CUST1027,Customer_1027,South,Electronics,Headphones,5,26132.83,0.25,0.0,Upi,Retail Store,False,97998.1125,2024-01
ORD14151,2025-02-24,CUST1024,Customer_1024,North,Sports,Running Shoes,4,4580.72,0.0,0.0,Net Banking,Retail Store,False,18322.88,2025-02
ORD10043,2025-03-25,CUST1320,Customer_1320,North,Sports,Dumbbells,4,733.97,0.1,0.0,Cash On Delivery,Retail Store,False,2642.2920000000004,2025-03
ORD13956,2024-09-29,CUST1277,Customer_1277,West,Home & Kitchen,Blender,-2,4342.82,0.1,181.53,Cash On Delivery,Online,True,-7817.076,2024-09
ORD12802,2024-04-17,CUST1093,Customer_1093,North,Sports,Cycling Helmet,3,4016.12,0.15,0.0,Net Banking,Retail Store,False,10241.106,2024-04
ORD13089,2025-08-02,CUST1173,Customer_1173,South,Beauty,Perfume,2,301.78,0.1,0.0,Net Banking,Retail Store,False,543.204,2025-08
ORD14927,2024-04-12,CUST1183,Customer_1183,South,Home & Kitchen,Vacuum Cleaner,4,2482.38,0.1,43.19,Cash On Delivery,Online,False,8936.568000000001,2024-04
ORD14333,2025-01-22,CUST1344,Customer_1344,South,Sports,Dumbbells,3,3723.49,0.0,186.4,Net Banking,Online,False,11170.47,2025-01
ORD11809,2025-02-10,CUST1293,Customer_1293,West,Sports,Running Shoes,2,1973.24,0.2,43.64,Debit Card,Online,False,3157.184,2025-02
ORD11003,2024-04-24,CUST1279,Customer_1279,West,Electronics,Smartphone,3,45429.15,0.0,0.0,Credit Card,Retail Store,False,136287.45,2024-04
ORD13859,2024-07-01,CUST1193,Customer_1193,West,Sports,Dumbbells,5,2926.7,0.0,43.07,Credit Card,Online,False,14633.5,2024-07
ORD12393,2025-01-31,CUST1307,Customer_1307,North,Sports,Dumbbells,1,2098.04,0.0,168.58,Net Banking,Online,False,2098.04,2025-01
ORD11076,2025-09-01,CUST1099,Customer_1099,West,Electronics,Smartphone,5,21124.71,0.15,0.0,Cash On Delivery,Retail Store,False,89780.01749999999,2025-09
ORD14535,2025-10-10,CUST1331,Customer_1331,South,Electronics,Tablet,1,43856.43,0.05,92.63,Net Banking,Online,False,41663.608499999995,2025-10
ORD13855,2024-05-14,CUST1399,Customer_1399,West,Clothing,Jacket,5,1330.25,0.2,182.79,Credit Card,Online,False,5321.0,2024-05
ORD13412,2024-11-10,CUST1049,Customer_1049,South,Beauty,Face Cream,3,1524.52,0.0,0.0,Cash On Delivery,Retail Store,False,4573.5599999999995,2024-11
ORD14357,2024-10-21,CUST1363,Customer_1363,North,Beauty,Lipstick,5,1198.26,0.0,168.07,Debit Card,Online,False,5991.3,2024-10
ORD10300,2024-07-16,CUST1013,Customer_1013,East,Home & Kitchen,Blender,4,5371.76,0.0,0.0,Credit Card,Retail Store,False,21487.04,2024-07
ORD12898,2024-12-14,CUST1128,Customer_1128,West,Clothing,T-Shirt,4,506.39,0.25,97.54,Unknown,Online,False,1519.17,2024-12
ORD12507,2025-07-04,CUST1364,Customer_1364,East,Beauty,Lipstick,5,1219.88,0.2,0.0,Cash On Delivery,Retail Store,False,4879.52,2025-07
ORD10942,2025-02-25,CUST1112,Customer_1112,East,Home & Kitchen,Vacuum Cleaner,1,3430.53,0.2,111.09,Upi,Online,False,2744.4240000000004,2025-02
ORD14428,2025-10-01,CUST1004,Customer_1004,East,Sports,Cricket Bat,1,4385.3,0.2,0.0,Credit Card,Retail Store,False,3508.2400000000002,2025-10
ORD12370,2024-02-03,CUST1318,Customer_1318,West,Beauty,Sunscreen,5,547.51,0.15,100.44,Unknown,Online,False,2326.9175,2024-02
ORD11259,2025-02-18,CUST1333,Customer_1333,North,Home & Kitchen,Vacuum Cleaner,1,3032.33,0.05,151.01,Debit Card,Online,False,2880.7135,2025-02
ORD14431,2024-03-06,CUST1278,Customer_1278,South,Beauty,Perfume,1,932.11,0.05,63.37,Cash On Delivery,Online,False,885.5045,2024-03
ORD12522,2024-01-24,CUST1149,Customer_1149,East,Electronics,Smartwatch,5,23673.99,0.25,0.0,Upi,Retail Store,False,88777.46250000001,2024-01
ORD13156,2024-05-09,CUST1100,Customer_1100,North,Electronics,Smartwatch,1,59259.47,0.05,168.86,Upi,Online,False,56296.4965,2024-05
ORD14101,2025-10-22,CUST1104,Customer_1104,West,Electronics,Headphones,4,49888.19,0.05,0.0,Net Banking,Retail Store,False,189575.122,2025-10
ORD10841,2024-09-15,CUST1324,Customer_1324,East,Home & Kitchen,Cookware Set,4,7493.63,0.0,0.0,Net Banking,Retail Store,False,29974.52,2024-09
ORD11868,2025-11-20,CUST1092,Customer_1092,South,Beauty,Shampoo,1,2100.89,0.25,0.0,Credit Card,Retail Store,False,1575.6675,2025-11
ORD10326,2024-12-18,CUST1149,Customer_1149,North,Beauty,Sunscreen,5,2016.71,0.2,0.0,Net Banking,Retail Store,False,8066.84,2024-12
ORD12436,2024-01-06,CUST1042,Customer_1042,West,Home & Kitchen,Blender,1,6737.85,0.0,0.0,Net Banking,Retail Store,False,6737.85,2024-01
ORD13208,2025-05-17,CUST1018,Customer_1018,West,Sports,Dumbbells,3,1207.5,0.1,97.98,Credit Card,Online,False,3260.25,2025-05
ORD14736,2024-09-21,CUST1323,Customer_1323,East,Electronics,Tablet,3,42622.53,0.0,109.58,Net Banking,Online,False,127867.59,2024-09
ORD11464,2024-12-01,CUST1243,Customer_1243,East,Electronics,Laptop,1,58773.89,0.2,0.0,Net Banking,Retail Store,False,47019.112,2024-12
ORD13131,2024-01-10,CUST1249,Customer_1249,North,Sports,Running Shoes,1,4138.66,0.0,0.0,Upi,Retail Store,False,4138.66,2024-01
ORD12061,2024-09-12,CUST1371,Customer_1371,South,Clothing,Shoes,2,618.09,0.0,0.0,Cash On Delivery,Retail Store,False,1236.18,2024-09
ORD12571,2024-03-31,CUST1356,Customer_1356,West,Sports,Yoga Mat,5,3221.58,0.0,0.0,Credit Card,Retail Store,False,16107.9,2024-03
ORD13103,2024-05-09,CUST1350,Customer_1350,South,Beauty,Sunscreen,3,468.39,0.25,106.91,Net Banking,Online,False,1053.8775,2024-05
ORD13333,2024-08-05,CUST1299,Customer_1299,South,Clothing,Shoes,1,1366.86,0.05,0.0,Credit Card,Retail Store,False,1298.5169999999998,2024-08
ORD10603,2025-10-16,CUST1112,Customer_1112,North,Clothing,Jacket,4,1668.54,0.2,0.0,Net Banking,Retail Store,False,5339.328,2025-10
ORD10865,2024-11-17,CUST1357,Customer_1357,North,Sports,Cycling Helmet,3,3889.13,0.0,0.0,Cash On Delivery,Retail Store,False,11667.39,2024-11
ORD11890,2025-09-22,CUST1313,Customer_1313,South,Beauty,Face Cream,1,800.07,0.2,149.26,Credit Card,Online,False,640.056,2025-09
ORD14042,2024-12-13,CUST1348,Customer_1348,West,Sports,Cricket Bat,4,3287.79,0.25,196.79,Credit Card,Online,False,9863.369999999999,2024-12
ORD14684,2024-06-25,CUST1289,Customer_1289,Unknown,Electronics,Laptop,3,47288.41,0.25,0.0,Net Banking,Retail Store,False,106398.92250000002,2024-06
ORD14624,2025-08-03,CUST1056,Customer_1056,East,Sports,Running Shoes,3,877.16,0.1,89.53,Cash On Delivery,Online,False,2368.332,2025-08
ORD13367,2025-06-18,CUST1227,Customer_1227,West,Home & Kitchen,Vacuum Cleaner,2,2080.65,0.1,179.57,Debit Card,Online,False,3745.17,2025-06
ORD11280,2025-12-24,CUST1150,Customer_1150,North,Sports,Cricket Bat,2,3018.62,0.2,0.0,Credit Card,Retail Store,False,4829.792,2025-12
ORD10830,2024-04-13,CUST1397,Customer_1397,East,Clothing,Shoes,1,2637.03,0.0,87.62,Net Banking,Online,False,2637.03,2024-04
ORD13149,2025-08-09,CUST1151,Customer_1151,South,Home & Kitchen,Bedsheet,4,3705.68,0.0,0.0,Net Banking,Retail Store,False,14822.72,2025-08
ORD13799,2025-01-16,CUST1040,Customer_1040,South,Clothing,T-Shirt,3,1507.86,0.2,70.55,Unknown,Online,False,3618.864,2025-01
ORD11904,2024-08-17,CUST1397,Customer_1397,North,Home & Kitchen,Lamp,-5,5440.05,0.25,0.0,Cash On Delivery,Retail Store,True,-20400.1875,2024-08
ORD12050,2025-12-01,CUST1116,Customer_1116,South,Electronics,Smartphone,5,12777.05,0.0,105.1,Net Banking,Online,False,63885.25,2025-12
ORD11302,2025-08-06,CUST1225,Customer_1225,West,Home & Kitchen,Vacuum Cleaner,1,2539.83,0.15,0.0,Debit Card,Retail Store,False,2158.8554999999997,2025-08
ORD10328,2025-11-17,CUST1207,Customer_1207,North,Beauty,Lipstick,5,2131.82,0.1,28.8,Credit Card,Online,False,9593.19,2025-11
ORD11704,2025-09-15,CUST1337,Customer_1337,North,Beauty,Sunscreen,4,717.35,0.25,73.06,Cash On Delivery,Online,False,2152.05,2025-09
ORD12493,2024-11-11,CUST1383,Customer_1383,South,Electronics,Smartwatch,4,4459.37,0.2,0.0,Net Banking,Retail Store,False,14269.984,2024-11
ORD14025,2025-10-19,CUST1067,Customer_1067,North,Clothing,Shoes,2,2915.03,0.0,0.0,Debit Card,Retail Store,False,5830.06,2025-10
ORD10479,2024-12-21,CUST1309,Customer_1309,North,Clothing,Dress,3,1542.55,0.25,83.01,Cash On Delivery,Online,False,3470.7374999999997,2024-12
ORD13629,2024-09-30,CUST1044,Customer_1044,South,Electronics,Smartwatch,1,33554.22,0.1,164.64,Cash On Delivery,Online,False,30198.798000000003,2024-09
ORD11175,2025-08-20,CUST1396,Customer_1396,South,Beauty,Perfume,5,2130.08,0.25,0.0,Debit Card,Retail Store,False,7987.799999999999,2025-08
ORD14667,2025-06-12,CUST1160,Customer_1160,East,Electronics,Tablet,2,3325.21,0.0,25.58,Cash On Delivery,Online,False,6650.42,2025-06
ORD12957,2024-10-25,CUST1192,Customer_1192,North,Sports,Cycling Helmet,1,4534.1,0.1,41.09,Net Banking,Online,False,4080.6900000000005,2024-10
ORD14010,2024-07-29,CUST1245,Customer_1245,South,Clothing,Jacket,5,2681.78,0.25,0.0,Debit Card,Retail Store,False,10056.675000000001,2024-07
ORD10117,2024-06-17,CUST1348,Customer_1348,West,Sports,Yoga Mat,5,3466.84,0.0,143.38,Credit Card,Online,False,17334.2,2024-06
ORD12862,2025-08-13,CUST1266,Customer_1266,East,Clothing,Shoes,4,884.28,0.1,0.0,Debit Card,Retail Store,False,3183.408,2025-08
ORD10879,2024-06-14,CUST1219,Customer_1219,West,Electronics,Laptop,2,2710.42,0.2,0.0,Debit Card,Retail Store,False,4336.6720000000005,2024-06
ORD11029,2024-09-09,CUST1284,Customer_1284,North,Sports,Running Shoes,2,4886.7,0.2,6.64,Upi,Online,False,7818.72,2024-09
ORD10466,2024-07-13,CUST1122,Customer_1122,East,Home & Kitchen,Vacuum Cleaner,2,7112.48,0.0,0.0,Upi,Retail Store,False,14224.96,2024-07
ORD13083,2024-11-10,CUST1353,Customer_1353,North,Clothing,Shoes,1,796.6,0.0,0.0,Net Banking,Retail Store,False,796.6,2024-11
ORD11901,2025-07-14,CUST1286,Customer_1286,North,Beauty,Face Cream,2,321.49,0.0,0.0,Debit Card,Retail Store,False,642.98,2025-07
ORD11975,2025-04-23,CUST1205,Customer_1205,East,Clothing,Dress,4,2412.58,0.2,72.62,Cash On Delivery,Online,False,7720.256,2025-04
ORD10776,2025-07-24,CUST1078,Customer_1078,South,Home & Kitchen,Bedsheet,1,5908.86,0.1,136.95,Credit Card,Online,False,5317.974,2025-07
ORD11786,2025-10-13,CUST1229,Customer_1229,West,Sports,Dumbbells,3,1674.31,0.15,0.0,Debit Card,Retail Store,False,4269.4905,2025-10
ORD14886,2025-03-03,CUST1187,Customer_1187,West,Beauty,Shampoo,4,1475.18,0.15,0.0,Credit Card,Retail Store,False,5015.612,2025-03
ORD10084,2024-02-09,CUST1257,Customer_1257,Unknown,Home & Kitchen,Cookware Set,4,7481.19,0.0,0.0,Debit Card,Retail Store,False,29924.76,2024-02
ORD11665,2025-07-25,CUST1300,Customer_1300,South,Electronics,Laptop,3,44751.49,0.25,49.62,Cash On Delivery,Online,False,100690.85250000001,2025-07
ORD13487,2025-12-20,CUST1350,Customer_1350,South,Sports,Cricket Bat,4,5567.99,0.15,76.47,Net Banking,Online,False,18931.165999999997,2025-12
ORD12789,2025-11-10,CUST1217,Customer_1217,East,Home & Kitchen,Vacuum Cleaner,2,4266.3,0.15,0.0,Debit Card,Retail Store,False,7252.71,2025-11
ORD12143,2024-05-16,CUST1373,Customer_1373,East,Sports,Yoga Mat,-3,2309.6,0.0,0.0,Net Banking,Retail Store,True,-6928.799999999999,2024-05
ORD12199,2025-12-15,CUST1305,Customer_1305,North,Beauty,Shampoo,4,1101.46,0.1,90.52,Unknown,Online,False,3965.2560000000003,2025-12
ORD10511,2024-12-22,CUST1397,Customer_1397,East,Clothing,Shoes,4,1668.54,0.25,0.0,Credit Card,Retail Store,False,5005.62,2024-12
ORD13209,2025-09-04,CUST1398,Customer_1398,East,Sports,Dumbbells,5,4166.37,0.25,0.0,Upi,Retail Store,False,15623.887499999999,2025-09
ORD10731,2025-03-06,CUST1383,Customer_1383,South,Home & Kitchen,Lamp,2,4084.84,0.1,0.0,Upi,Retail Store,False,7352.712,2025-03
ORD12783,2024-11-17,CUST1050,Customer_1050,North,Home & Kitchen,Cookware Set,3,4480.37,0.0,0.0,Upi,Retail Store,False,13441.11,2024-11
ORD12002,2025-01-25,CUST1222,Customer_1222,East,Clothing,Dress,5,1799.99,0.05,0.0,Cash On Delivery,Retail Store,False,8549.9525,2025-01
ORD14949,2024-02-29,CUST1278,Customer_1278,North,Electronics,Smartwatch,1,9018.47,0.15,0.0,Net Banking,Retail Store,False,7665.699499999999,2024-02
ORD13666,2024-12-04,CUST1166,Customer_1166,East,Beauty,Sunscreen,3,1605.85,0.2,0.0,Debit Card,Retail Store,False,3854.0399999999995,2024-12
ORD14649,2025-05-27,CUST1181,Customer_1181,East,Clothing,Jacket,3,799.47,0.0,55.21,Cash On Delivery,Online,False,2398.41,2025-05
ORD11633,2024-09-27,CUST1241,Customer_1241,South,Clothing,T-Shirt,2,2436.36,0.25,60.44,Credit Card,Online,False,3654.54,2024-09
ORD12757,2025-09-27,CUST1235,Customer_1235,South,Sports,Dumbbells,3,3746.87,0.0,0.0,Debit Card,Retail Store,False,11240.61,2025-09
ORD12859,2024-09-11,CUST1216,Customer_1216,East,Home & Kitchen,Vacuum Cleaner,1,3115.1,0.2,0.0,Debit Card,Retail Store,False,2492.08,2024-09
ORD11184,2025-04-27,CUST1290,Customer_1290,West,Clothing,Jacket,3,1325.54,0.05,108.94,Credit Card,Online,False,3777.7889999999998,2025-04
ORD13122,2024-11-22,CUST1214,Customer_1214,East,Electronics,Smartwatch,1,23275.17,0.0,11.35,Debit Card,Online,False,23275.17,2024-11
ORD13184,2025-07-30,CUST1344,Customer_1344,North,Sports,Yoga Mat,4,4728.41,0.0,127.63,Cash On Delivery,Online,False,18913.64,2025-07
ORD12055,2024-10-21,CUST1224,Customer_1224,East,Clothing,Jeans,4,1362.03,0.0,0.0,Unknown,Retail Store,False,5448.12,2024-10
ORD14334,2025-05-12,CUST1146,Customer_1146,East,Sports,Cricket Bat,1,2465.31,0.0,2.53,Debit Card,Online,False,2465.31,2025-05
ORD14083,2024-07-24,CUST1163,Customer_1163,East,Home & Kitchen,Cookware Set,4,573.24,0.0,0.0,Debit Card,Retail Store,False,2292.96,2024-07
ORD10127,2025-01-14,CUST1238,Customer_1238,North,Sports,Cricket Bat,3,3148.65,0.05,148.25,Net Banking,Online,False,8973.6525,2025-01
ORD10164,2025-03-09,CUST1394,Customer_1394,South,Electronics,Headphones,5,16837.84,0.2,55.49,Net Banking,Online,False,67351.36,2025-03
ORD14832,2024-12-22,CUST1077,Customer_1077,East,Electronics,Headphones,1,51299.07,0.0,174.91,Upi,Online,False,51299.07,2024-12
ORD11510,2025-09-21,CUST1169,Customer_1169,South,Home & Kitchen,Bedsheet,1,1138.11,0.2,132.89,Credit Card,Online,False,910.4879999999999,2025-09
ORD13199,2024-10-06,CUST1042,Customer_1042,North,Home & Kitchen,Cookware Set,3,3953.05,0.0,0.0,Net Banking,Retail Store,False,11859.150000000001,2024-10
ORD11319,2025-11-06,CUST1201,Customer_1201,North,Clothing,T-Shirt,2,1768.77,0.0,0.0,Debit Card,Retail Store,False,3537.54,2025-11
ORD12540,2025-01-21,CUST1105,Customer_1105,West,Home & Kitchen,Blender,1,2940.94,0.1,175.7,Debit Card,Online,False,2646.846,2025-01
ORD13952,2025-08-26,CUST1042,Customer_1042,East,Clothing,T-Shirt,4,543.15,0.25,0.0,Net Banking,Retail Store,False,1629.4499999999998,2025-08
ORD12956,2024-02-18,CUST1215,Customer_1215,West,Sports,Running Shoes,5,2623.3,0.0,165.38,Upi,Online,False,13116.5,2024-02
ORD12042,2025-04-12,CUST1255,Customer_1255,South,Sports,Cricket Bat,5,5416.77,0.15,0.0,Debit Card,Retail Store,False,23021.272500000003,2025-04
ORD12137,2024-11-22,CUST1251,Customer_1251,West,Sports,Yoga Mat,4,3655.33,0.0,0.0,Credit Card,Retail Store,False,14621.32,2024-11
ORD11025,2025-06-25,CUST1139,Customer_1139,West,Beauty,Shampoo,4,496.1,0.05,86.02,Upi,Online,False,1885.18,2025-06
ORD10097,2024-09-13,CUST1257,Customer_1257,North,Electronics,Headphones,5,11132.44,0.0,0.0,Debit Card,Retail Store,False,55662.200000000004,2024-09
ORD14574,2025-04-27,CUST1045,Customer_1045,North,Clothing,Jacket,2,505.01,0.1,0.0,Unknown,Retail Store,False,909.018,2025-04
ORD12835,2025-02-24,CUST1228,Customer_1228,East,Electronics,Laptop,3,13853.85,0.25,79.61,Debit Card,Online,False,31171.162500000002,2025-02
ORD13161,2024-11-04,CUST1306,Customer_1306,Unknown,Electronics,Headphones,5,11016.71,0.05,25.68,Upi,Online,False,52329.37249999999,2024-11
ORD10449,2025-03-18,CUST1261,Customer_1261,South,Home & Kitchen,Blender,2,3464.79,0.1,0.0,Upi,Retail Store,False,6236.622,2025-03
ORD10550,2025-09-06,CUST1144,Customer_1144,East,Home & Kitchen,Blender,5,1136.03,0.15,0.0,Debit Card,Retail Store,False,4828.1275,2025-09
ORD14372,2024-11-18,CUST1182,Customer_1182,North,Beauty,Perfume,1,668.5,0.1,127.59,Credit Card,Online,False,601.65,2024-11
ORD13744,2025-12-05,CUST1070,Customer_1070,South,Beauty,Sunscreen,4,1823.61,0.15,0.0,Cash On Delivery,Retail Store,False,6200.273999999999,2025-12
ORD10178,2024-07-23,CUST1076,Customer_1076,West,Electronics,Tablet,5,39365.79,0.2,197.88,Net Banking,Online,False,157463.16000000003,2024-07
ORD13654,2024-07-29,CUST1332,Customer_1332,West,Electronics,Smartwatch,4,52722.83,0.2,128.59,Credit Card,Online,False,168713.056,2024-07
ORD11340,2024-12-05,CUST1089,Customer_1089,South,Sports,Cricket Bat,3,1236.36,0.25,0.0,Upi,Retail Store,False,2781.81,2024-12
ORD14952,2024-12-03,CUST1153,Customer_1153,East,Electronics,Smartphone,2,31177.82,0.15,0.0,Cash On Delivery,Retail Store,False,53002.294,2024-12
ORD13548,2024-06-28,CUST1110,Customer_1110,West,Clothing,Dress,2,2644.54,0.25,145.77,Net Banking,Online,False,3966.81,2024-06
ORD13520,2025-12-12,CUST1363,Customer_1363,North,Home & Kitchen,Blender,5,2451.78,0.0,52.01,Net Banking,Online,False,12258.900000000001,2025-12
ORD11591,2024-10-14,CUST1348,Customer_1348,West,Beauty,Lipstick,4,911.28,0.1,15.87,Upi,Online,False,3280.608,2024-10
ORD11516,2024-06-25,CUST1320,Customer_1320,South,Electronics,Tablet,2,26301.9,0.25,48.91,Credit Card,Online,False,39452.850000000006,2024-06
ORD10741,2025-06-29,CUST1261,Customer_1261,West,Clothing,Jeans,2,2310.41,0.0,74.89,Net Banking,Online,False,4620.82,2025-06
ORD11769,2024-09-18,CUST1301,Customer_1301,North,Sports,Yoga Mat,5,4513.04,0.25,0.0,Net Banking,Retail Store,False,16923.9,2024-09
ORD14726,2024-06-26,CUST1343,Customer_1343,East,Clothing,Shoes,3,2497.92,0.0,0.0,Credit Card,Retail Store,False,7493.76,2024-06
ORD10483,2024-06-06,CUST1142,Customer_1142,East,Clothing,Jeans,1,635.21,0.1,178.54,Unknown,Online,False,571.6890000000001,2024-06
ORD14901,2025-08-14,CUST1172,Customer_1172,East,Home & Kitchen,Lamp,5,2004.57,0.15,10.96,Credit Card,Online,False,8519.4225,2025-08
ORD12810,2025-05-29,CUST1084,Customer_1084,North,Sports,Running Shoes,1,5252.17,0.05,12.75,Credit Card,Online,False,4989.5615,2025-05
ORD12021,2025-10-12,CUST1345,Customer_1345,South,Sports,Cricket Bat,3,3148.65,0.25,0.0,Debit Card,Retail Store,False,7084.462500000001,2025-10
ORD10412,2024-05-31,CUST1133,Customer_1133,South,Clothing,Shoes,4,1636.26,0.0,0.0,Debit Card,Retail Store,False,6545.04,2024-05
ORD11910,2024-10-08,CUST1335,Customer_1335,North,Beauty,Lipstick,5,334.02,0.05,143.38,Upi,Online,False,1586.5949999999998,2024-10
ORD12485,2025-09-16,CUST1135,Customer_1135,West,Home & Kitchen,Blender,4,6899.89,0.15,0.0,Upi,Retail Store,False,23459.626,2025-09
ORD10780,2025-04-19,CUST1210,Customer_1210,South,Sports,Dumbbells,4,2979.26,0.2,144.66,Cash On Delivery,Online,False,9533.632000000001,2025-04
ORD10077,2024-02-10,CUST1292,Customer_1292,West,Clothing,Jacket,5,467.06,0.0,72.78,Cash On Delivery,Online,False,2335.3,2024-02
ORD11889,2024-11-15,CUST1062,Customer_1062,West,Electronics,Smartwatch,1,31539.56,0.25,119.03,Debit Card,Online,False,23654.670000000002,2024-11
ORD14705,2025-01-17,CUST1334,Customer_1334,East,Home & Kitchen,Lamp,3,7447.98,0.0,0.0,Credit Card,Retail Store,False,22343.94,2025-01
ORD10673,2025-10-19,CUST1184,Customer_1184,North,Sports,Dumbbells,1,472.77,0.1,0.0,Upi,Retail Store,False,425.493,2025-10
ORD12203,2024-05-21,CUST1026,Customer_1026,South,Clothing,Jacket,3,2606.1,0.15,67.8,Cash On Delivery,Online,False,6645.554999999999,2024-05
ORD10458,2024-11-04,CUST1296,Customer_1296,East,Electronics,Headphones,1,23577.62,0.0,135.51,Credit Card,Online,False,23577.62,2024-11
ORD12865,2024-08-01,CUST1168,Customer_1168,North,Sports,Cycling Helmet,1,3365.86,0.0,45.91,Credit Card,Online,False,3365.86,2024-08
ORD10752,2025-06-02,CUST1103,Customer_1103,North,Home & Kitchen,Lamp,3,1694.13,0.1,79.59,Net Banking,Online,False,4574.151000000001,2025-06
ORD10121,2024-09-03,CUST1272,Customer_1272,South,Beauty,Shampoo,2,1948.9,0.0,89.29,Net Banking,Online,False,3897.8,2024-09
ORD13637,2024-09-09,CUST1197,Customer_1197,West,Clothing,Shoes,4,2764.45,0.2,0.0,Upi,Retail Store,False,8846.24,2024-09
ORD10699,2025-01-22,CUST1085,Customer_1085,South,Sports,Cricket Bat,5,3148.24,0.0,0.0,Credit Card,Retail Store,False,15741.199999999999,2025-01
ORD12924,2024-01-29,CUST1373,Customer_1373,South,Sports,Cycling Helmet,3,4602.36,0.25,0.0,Net Banking,Retail Store,False,10355.309999999998,2024-01
ORD14516,2024-06-27,CUST1012,Customer_1012,West,Sports,Dumbbells,2,5622.37,0.25,112.96,Debit Card,Online,False,8433.555,2024-06
ORD11492,2024-06-21,CUST1329,Customer_1329,North,Sports,Cricket Bat,2,1066.77,0.2,3.96,Cash On Delivery,Online,False,1706.832,2024-06
ORD11948,2024-02-24,CUST1395,Customer_1395,South,Clothing,Jacket,4,2738.95,0.1,0.0,Debit Card,Retail Store,False,9860.22,2024-02
ORD12086,2025-12-25,CUST1208,Customer_1208,East,Beauty,Face Cream,3,1900.69,0.25,0.0,Credit Card,Retail Store,False,4276.5525,2025-12
ORD13365,2025-12-30,CUST1222,Customer_1222,North,Beauty,Shampoo,3,816.75,0.0,0.0,Cash On Delivery,Retail Store,False,2450.25,2025-12
ORD10031,2024-02-01,CUST1389,Customer_1389,West,Beauty,Perfume,4,2499.78,0.0,47.71,Credit Card,Online,False,9999.12,2024-02
ORD12154,2025-05-12,CUST1322,Customer_1322,East,Sports,Dumbbells,1,774.16,0.2,0.0,Cash On Delivery,Retail Store,False,619.328,2025-05
ORD12758,2024-07-04,CUST1122,Customer_1122,South,Home & Kitchen,Vacuum Cleaner,3,6637.16,0.0,0.0,Net Banking,Retail Store,False,19911.48,2024-07
ORD10069,2024-05-25,CUST1336,Customer_1336,North,Home & Kitchen,Blender,2,3132.68,0.0,75.24,Credit Card,Online,False,6265.36,2024-05
ORD11449,2024-07-06,CUST1180,Customer_1180,South,Clothing,Shoes,4,2637.66,0.25,192.45,Upi,Online,False,7912.98,2024-07
ORD13175,2024-12-29,CUST1280,Customer_1280,South,Sports,Yoga Mat,3,4716.49,0.0,93.21,Net Banking,Online,False,14149.47,2024-12
ORD13877,2025-05-19,CUST1118,Customer_1118,South,Clothing,Jacket,5,1253.08,0.05,195.66,Debit Card,Online,False,5952.129999999999,2025-05
ORD13959,2025-03-07,CUST1161,Customer_1161,North,Beauty,Perfume,2,1155.48,0.0,0.0,Debit Card,Retail Store,False,2310.96,2025-03
ORD14841,2025-05-09,CUST1230,Customer_1230,East,Home & Kitchen,Bedsheet,3,7512.82,0.1,0.0,Upi,Retail Store,False,20284.614,2025-05
ORD13221,2024-10-03,CUST1256,Customer_1256,North,Home & Kitchen,Vacuum Cleaner,1,7043.86,0.05,5.72,Net Banking,Online,False,6691.6669999999995,2024-10
ORD13146,2025-09-23,CUST1279,Customer_1279,West,Clothing,Jeans,3,2136.95,0.05,0.0,Credit Card,Retail Store,False,6090.307499999999,2025-09
ORD11531,2024-03-31,CUST1187,Customer_1187,West,Home & Kitchen,Lamp,2,4975.13,0.0,78.39,Unknown,Online,False,9950.26,2024-03
ORD14501,2025-11-03,CUST1091,Customer_1091,East,Sports,Yoga Mat,5,1570.34,0.0,150.37,Cash On Delivery,Online,False,7851.7,2025-11
ORD12432,2024-10-12,CUST1021,Customer_1021,North,Sports,Dumbbells,4,1916.66,0.1,0.0,Debit Card,Retail Store,False,6899.976000000001,2024-10
ORD14361,2024-01-15,CUST1077,Customer_1077,South,Electronics,Tablet,4,43679.62,0.05,77.53,Debit Card,Online,False,165982.556,2024-01
ORD13574,2025-07-19,CUST1241,Customer_1241,West,Clothing,Dress,1,2299.99,0.2,0.0,Credit Card,Retail Store,False,1839.992,2025-07
ORD11912,2025-08-17,CUST1178,Customer_1178,South,Home & Kitchen,Bedsheet,1,2221.79,0.2,0.0,Debit Card,Retail Store,False,1777.432,2025-08
ORD10504,2025-11-05,CUST1008,Customer_1008,South,Home & Kitchen,Blender,3,6044.03,0.25,0.0,Cash On Delivery,Retail Store,False,13599.067500000001,2025-11
ORD10339,2025-04-23,CUST1061,Customer_1061,South,Electronics,Tablet,2,46185.68,0.1,0.0,Cash On Delivery,Retail Store,False,83134.224,2025-04
ORD13580,2025-10-08,CUST1156,Customer_1156,Unknown,Clothing,Shoes,4,2533.54,0.0,40.58,Upi,Online,False,10134.16,2025-10
ORD14779,2024-06-27,CUST1070,Customer_1070,West,Clothing,Jacket,2,1091.42,0.0,156.09,Credit Card,Online,False,2182.84,2024-06
ORD14784,2025-05-14,CUST1064,Customer_1064,West,Electronics,Headphones,2,46887.83,0.0,166.99,Credit Card,Online,False,93775.66,2025-05
ORD14903,2024-04-10,CUST1247,Customer_1247,West,Electronics,Headphones,5,20213.57,0.15,131.14,Credit Card,Online,False,85907.6725,2024-04
ORD10061,2024-03-03,CUST1315,Customer_1315,West,Beauty,Perfume,1,1002.31,0.15,0.0,Credit Card,Retail Store,False,851.9635,2024-03
ORD11775,2025-09-26,CUST1093,Customer_1093,West,Beauty,Perfume,5,2258.08,0.2,0.0,Net Banking,Retail Store,False,9032.32,2025-09
ORD12845,2025-05-14,CUST1126,Customer_1126,West,Sports,Cricket Bat,5,4024.06,0.05,0.0,Cash On Delivery,Retail Store,False,19114.285,2025-05
ORD14752,2025-01-19,CUST1383,Customer_1383,South,Clothing,Jacket,1,1417.4,0.05,0.0,Cash On Delivery,Retail Store,False,1346.53,2025-01
ORD12460,2025-05-31,CUST1235,Customer_1235,South,Sports,Dumbbells,5,477.12,0.2,0.0,Debit Card,Retail Store,False,1908.48,2025-05
ORD14237,2025-06-16,CUST1328,Customer_1328,East,Clothing,Shoes,3,1997.78,0.05,36.54,Debit Card,Online,False,5693.673,2025-06
ORD11567,2025-01-12,CUST1375,Customer_1375,South,Sports,Running Shoes,4,3839.02,0.0,55.25,Credit Card,Online,False,15356.08,2025-01
ORD14289,2025-05-05,CUST1393,Customer_1393,East,Electronics,Headphones,4,58007.08,0.25,0.0,Cash On Delivery,Retail Store,False,174021.24,2025-05
ORD14456,2024-02-04,CUST1244,Customer_1244,East,Clothing,Jacket,1,917.76,0.0,0.0,Debit Card,Retail Store,False,917.76,2024-02
ORD12848,2024-03-13,CUST1062,Customer_1062,North,Beauty,Sunscreen,2,883.74,0.0,0.0,Credit Card,Retail Store,False,1767.48,2024-03
ORD11689,2025-06-29,CUST1278,Customer_1278,East,Beauty,Shampoo,1,247.65,0.0,0.0,Cash On Delivery,Retail Store,False,247.65,2025-06
ORD14153,2025-11-25,CUST1110,Customer_1110,Unknown,Clothing,Dress,1,888.4,0.0,0.0,Debit Card,Retail Store,False,888.4,2025-11
ORD12986,2025-02-06,CUST1370,Customer_1370,South,Clothing,Jeans,1,702.58,0.25,0.0,Cash On Delivery,Retail Store,False,526.9350000000001,2025-02
ORD12419,2025-12-08,CUST1168,Customer_1168,East,Home & Kitchen,Cookware Set,2,6964.36,0.05,0.0,Net Banking,Retail Store,False,13232.284,2025-12
ORD14454,2025-10-29,CUST1070,Customer_1070,North,Home & Kitchen,Cookware Set,-4,5809.98,0.15,146.21,Credit Card,Online,True,-19753.931999999997,2025-10
ORD14816,2024-02-29,CUST1114,Customer_1114,Unknown,Electronics,Laptop,4,25907.07,0.05,136.34,Net Banking,Online,False,98446.866,2024-02
ORD11568,2025-11-27,CUST1084,Customer_1084,East,Clothing,Jeans,1,802.03,0.25,13.42,Debit Card,Online,False,601.5225,2025-11
ORD13965,2024-12-02,CUST1171,Customer_1171,North,Sports,Cricket Bat,3,3037.92,0.1,0.0,Credit Card,Retail Store,False,8202.384,2024-12
ORD12339,2025-04-05,CUST1216,Customer_1216,South,Beauty,Sunscreen,2,1825.94,0.25,0.0,Debit Card,Retail Store,False,2738.91,2025-04
ORD12094,2025-05-21,CUST1193,Customer_1193,Unknown,Home & Kitchen,Lamp,5,2725.15,0.15,0.0,Net Banking,Retail Store,False,11581.887499999999,2025-05
ORD12041,2024-06-08,CUST1332,Customer_1332,West,Clothing,Dress,3,1672.99,0.15,157.27,Cash On Delivery,Online,False,4266.1245,2024-06
ORD14373,2024-12-18,CUST1284,Customer_1284,North,Clothing,Jeans,3,2219.93,0.0,133.69,Upi,Online,False,6659.789999999999,2024-12
ORD12200,2024-05-22,CUST1391,Customer_1391,North,Clothing,Jacket,4,1102.36,0.15,0.0,Credit Card,Retail Store,False,3748.0239999999994,2024-05
ORD12272,2024-10-16,CUST1285,Customer_1285,South,Clothing,Shoes,1,1668.54,0.05,188.24,Debit Card,Online,False,1585.1129999999998,2024-10
ORD10381,2024-04-25,CUST1362,Customer_1362,South,Beauty,Perfume,5,2456.06,0.2,0.0,Credit Card,Retail Store,False,9824.24,2024-04
ORD13864,2025-02-05,CUST1045,Customer_1045,South,Beauty,Sunscreen,1,726.31,0.25,188.05,Debit Card,Online,False,544.7325,2025-02
ORD12412,2025-09-13,CUST1288,Customer_1288,North,Electronics,Tablet,1,56773.38,0.15,0.0,Credit Card,Retail Store,False,48257.373,2025-09
ORD13912,2024-05-06,CUST1012,Customer_1012,West,Clothing,Shoes,2,537.82,0.05,0.0,Debit Card,Retail Store,False,1021.8580000000001,2024-05
ORD11390,2024-08-27,CUST1106,Customer_1106,South,Home & Kitchen,Vacuum Cleaner,3,4500.84,0.05,0.0,Upi,Retail Store,False,12827.394,2024-08
ORD14598,2024-12-10,CUST1159,Customer_1159,South,Sports,Cricket Bat,5,3233.46,0.0,0.0,Debit Card,Retail Store,False,16167.3,2024-12
ORD13914,2025-10-07,CUST1212,Customer_1212,North,Electronics,Laptop,2,25491.3,0.0,87.77,Net Banking,Online,False,50982.6,2025-10
ORD11952,2024-12-14,CUST1233,Customer_1233,South,Electronics,Laptop,2,20559.13,0.0,63.32,Debit Card,Online,False,41118.26,2024-12
ORD14162,2025-08-10,CUST1327,Customer_1327,East,Clothing,Dress,4,2091.74,0.1,23.62,Upi,Online,False,7530.263999999999,2025-08
ORD12915,2024-08-22,CUST1150,Customer_1150,East,Clothing,T-Shirt,3,2919.24,0.1,58.01,Credit Card,Online,False,7881.947999999999,2024-08
ORD12342,2025-05-27,CUST1278,Customer_1278,East,Electronics,Laptop,4,48833.5,0.0,0.0,Debit Card,Retail Store,False,195334.0,2025-05
ORD14209,2025-02-25,CUST1372,Customer_1372,Unknown,Electronics,Tablet,5,17848.52,0.0,45.5,Cash On Delivery,Online,False,89242.6,2025-02
ORD10245,2025-08-09,CUST1345,Customer_1345,East,Beauty,Lipstick,2,450.53,0.0,103.33,Upi,Online,False,901.06,2025-08
ORD11022,2024-07-04,CUST1171,Customer_1171,West,Sports,Cycling Helmet,3,1445.73,0.1,0.0,Cash On Delivery,Retail Store,False,3903.4710000000005,2024-07
ORD13233,2024-04-15,CUST1067,Customer_1067,East,Home & Kitchen,Vacuum Cleaner,1,2178.04,0.0,152.8,Cash On Delivery,Online,False,2178.04,2024-04
ORD10411,2024-02-24,CUST1144,Customer_1144,North,Home & Kitchen,Bedsheet,3,4480.37,0.25,7.17,Debit Card,Online,False,10080.8325,2024-02
ORD12261,2025-08-21,CUST1076,Customer_1076,South,Home & Kitchen,Bedsheet,5,3927.78,0.1,169.45,Net Banking,Online,False,17675.010000000002,2025-08
ORD11062,2025-07-12,CUST1259,Customer_1259,West,Sports,Cricket Bat,1,4062.07,0.0,0.0,Upi,Retail Store,False,4062.07,2025-07
ORD14212,2024-01-05,CUST1161,Customer_1161,South,Clothing,Shoes,1,2849.45,0.1,0.0,Debit Card,Retail Store,False,2564.505,2024-01
ORD14343,2025-02-19,CUST1076,Customer_1076,West,Clothing,Jacket,5,2345.73,0.15,0.0,Debit Card,Retail Store,False,9969.352499999999,2025-02
ORD13561,2025-04-18,CUST1003,Customer_1003,East,Sports,Cricket Bat,4,4568.19,0.25,49.18,Credit Card,Online,False,13704.57,2025-04
ORD10665,2024-05-24,CUST1204,Customer_1204,West,Electronics,Laptop,1,18712.08,0.0,0.0,Net Banking,Retail Store,False,18712.08,2024-05
ORD14748,2025-12-11,CUST1004,Customer_1004,North,Beauty,Lipstick,2,968.42,0.0,0.0,Net Banking,Retail Store,False,1936.84,2025-12
ORD14188,2024-09-06,CUST1375,Customer_1375,South,Clothing,Dress,1,1447.65,0.0,0.0,Credit Card,Retail Store,False,1447.65,2024-09
ORD10114,2025-03-13,CUST1169,Customer_1169,South,Clothing,Shoes,3,1210.2,0.2,36.96,Cash On Delivery,Online,False,2904.4800000000005,2025-03
ORD13989,2024-10-09,CUST1025,Customer_1025,East,Beauty,Perfume,2,1915.31,0.0,91.22,Net Banking,Online,False,3830.62,2024-10
ORD12302,2024-08-29,CUST1066,Customer_1066,East,Beauty,Face Cream,5,328.68,0.25,114.43,Cash On Delivery,Online,False,1232.5500000000002,2024-08
ORD12477,2025-11-20,CUST1090,Customer_1090,South,Clothing,Shoes,4,1137.3,0.2,0.0,Credit Card,Retail Store,False,3639.36,2025-11
ORD13250,2024-03-23,CUST1142,Customer_1142,East,Beauty,Perfume,5,2008.99,0.15,0.0,Credit Card,Retail Store,False,8538.2075,2024-03
ORD10118,2025-02-09,CUST1250,Customer_1250,North,Electronics,Tablet,4,28025.79,0.1,9.06,Debit Card,Online,False,100892.84400000001,2025-02
ORD11981,2025-01-17,CUST1042,Customer_1042,North,Beauty,Lipstick,5,1679.9,0.1,0.0,Upi,Retail Store,False,7559.55,2025-01
ORD12180,2024-05-20,CUST1141,Customer_1141,East,Sports,Running Shoes,4,5199.86,0.15,0.0,Debit Card,Retail Store,False,17679.523999999998,2024-05
ORD10162,2025-06-14,CUST1330,Customer_1330,West,Electronics,Smartphone,5,43689.01,0.05,0.0,Cash On Delivery,Retail Store,False,207522.79750000002,2025-06
ORD10263,2025-05-13,CUST1195,Customer_1195,North,Clothing,Jeans,2,1438.11,0.15,138.11,Cash On Delivery,Online,False,2444.787,2025-05
ORD14342,2024-06-20,CUST1074,Customer_1074,South,Clothing,Jeans,2,1524.34,0.05,0.0,Debit Card,Retail Store,False,2896.2459999999996,2024-06
ORD10775,2024-12-24,CUST1393,Customer_1393,North,Electronics,Tablet,2,43907.24,0.0,0.0,Cash On Delivery,Retail Store,False,87814.48,2024-12
ORD14629,2025-07-13,CUST1173,Customer_1173,South,Sports,Cycling Helmet,2,2256.35,0.1,0.0,Debit Card,Retail Store,False,4061.43,2025-07
ORD14473,2025-02-08,CUST1065,Customer_1065,West,Clothing,T-Shirt,1,678.57,0.1,0.0,Upi,Retail Store,False,610.7130000000001,2025-02
ORD10651,2024-10-16,CUST1321,Customer_1321,South,Electronics,Smartphone,2,52518.72,0.25,0.64,Net Banking,Online,False,78778.08,2024-10
ORD13723,2024-09-24,CUST1055,Customer_1055,West,Clothing,Shoes,2,815.5,0.2,0.0,Upi,Retail Store,False,1304.8000000000002,2024-09
ORD14603,2025-07-20,CUST1005,Customer_1005,North,Sports,Cycling Helmet,2,3741.83,0.1,0.0,Upi,Retail Store,False,6735.294,2025-07
ORD11170,2024-05-05,CUST1285,Customer_1285,North,Electronics,Laptop,2,29300.24,0.0,0.0,Cash On Delivery,Retail Store,False,58600.48,2024-05
ORD14697,2024-10-08,CUST1193,Customer_1193,North,Beauty,Perfume,2,925.86,0.0,0.0,Debit Card,Retail Store,False,1851.72,2024-10
ORD13011,2025-08-22,CUST1003,Customer_1003,East,Electronics,Headphones,4,46562.1,0.1,0.0,Debit Card,Retail Store,False,167623.56,2025-08
ORD13874,2024-06-23,CUST1259,Customer_1259,West,Electronics,Tablet,1,31539.56,0.0,0.0,Upi,Retail Store,False,31539.56,2024-06
ORD11368,2025-01-13,CUST1278,Customer_1278,East,Sports,Cycling Helmet,1,2194.27,0.1,0.0,Debit Card,Retail Store,False,1974.843,2025-01
ORD10897,2025-01-14,CUST1112,Customer_1112,South,Beauty,Shampoo,1,1446.6,0.1,0.0,Upi,Retail Store,False,1301.94,2025-01
ORD10928,2025-06-16,CUST1202,Customer_1202,South,Beauty,Lipstick,1,2139.36,0.0,0.0,Cash On Delivery,Retail Store,False,2139.36,2025-06
ORD10014,2025-02-17,CUST1029,Customer_1029,West,Electronics,Tablet,4,51384.11,0.05,123.88,Net Banking,Online,False,195259.618,2025-02
ORD12548,2024-04-27,CUST1041,Customer_1041,West,Electronics,Smartphone,4,21352.53,0.25,0.0,Upi,Retail Store,False,64057.59,2024-04
ORD10967,2025-12-30,CUST1361,Customer_1361,North,Home & Kitchen,Bedsheet,3,5241.29,0.15,60.91,Debit Card,Online,False,13365.289499999999,2025-12
ORD11106,2024-08-08,CUST1037,Customer_1037,East,Clothing,Dress,2,2855.91,0.25,0.0,Cash On Delivery,Retail Store,False,4283.865,2024-08
ORD14680,2024-05-26,CUST1046,Customer_1046,East,Clothing,Jacket,2,1035.4,0.25,46.1,Net Banking,Online,False,1553.1000000000001,2024-05
ORD14336,2025-04-30,CUST1010,Customer_1010,West,Clothing,Shoes,5,2976.81,0.25,0.0,Cash On Delivery,Retail Store,False,11163.037499999999,2025-04
ORD13968,2025-12-26,CUST1392,Customer_1392,Unknown,Clothing,Shoes,3,1895.19,0.0,0.0,Upi,Retail Store,False,5685.57,2025-12
ORD11254,2025-04-18,CUST1133,Customer_1133,West,Electronics,Smartphone,3,37345.77,0.0,32.01,Unknown,Online,False,112037.31,2025-04
ORD12648,2024-11-14,CUST1064,Customer_1064,North,Home & Kitchen,Bedsheet,5,7099.69,0.15,128.95,Credit Card,Online,False,30173.682499999995,2024-11
ORD12923,2025-05-19,CUST1159,Customer_1159,North,Beauty,Perfume,1,1692.79,0.2,30.74,Unknown,Online,False,1354.232,2025-05
ORD14264,2025-01-15,CUST1192,Customer_1192,South,Electronics,Headphones,2,8107.91,0.0,9.38,Credit Card,Online,False,16215.82,2025-01
ORD11639,2025-02-20,CUST1388,Customer_1388,East,Beauty,Face Cream,1,455.54,0.0,32.79,Upi,Online,False,455.54,2025-02
ORD11133,2025-12-02,CUST1198,Customer_1198,East,Home & Kitchen,Cookware Set,2,6928.66,0.15,148.01,Debit Card,Online,False,11778.722,2025-12
ORD14768,2025-01-25,CUST1047,Customer_1047,North,Electronics,Headphones,3,14479.11,0.25,132.61,Net Banking,Online,False,32577.9975,2025-01
ORD13519,2024-03-05,CUST1183,Customer_1183,East,Sports,Yoga Mat,2,5892.53,0.2,171.56,Credit Card,Online,False,9428.048,2024-03
ORD11878,2024-05-31,CUST1193,Customer_1193,North,Clothing,Shoes,4,726.97,0.0,68.04,Debit Card,Online,False,2907.88,2024-05
ORD10271,2025-03-08,CUST1280,Customer_1280,North,Home & Kitchen,Cookware Set,4,5862.03,0.0,0.0,Upi,Retail Store,False,23448.12,2025-03
ORD11473,2025-05-04,CUST1319,Customer_1319,East,Clothing,Jeans,2,2352.65,0.1,66.91,Credit Card,Online,False,4234.77,2025-05
ORD11547,2025-07-29,CUST1377,Customer_1377,East,Sports,Running Shoes,4,4946.84,0.05,0.0,Net Banking,Retail Store,False,18797.992,2025-07
ORD14310,2024-06-05,CUST1352,Customer_1352,West,Sports,Cricket Bat,5,1697.76,0.0,127.36,Upi,Online,False,8488.8,2024-06
ORD14945,2024-11-14,CUST1300,Customer_1300,South,Beauty,Lipstick,4,2373.05,0.0,109.55,Net Banking,Online,False,9492.2,2024-11
ORD14440,2024-11-03,CUST1319,Customer_1319,North,Beauty,Perfume,4,1975.7,0.0,0.0,Net Banking,Retail Store,False,7902.8,2024-11
ORD10838,2024-12-16,CUST1261,Customer_1261,Unknown,Beauty,Lipstick,5,1498.87,0.25,0.0,Upi,Retail Store,False,5620.7625,2024-12
ORD12195,2025-12-08,CUST1240,Customer_1240,West,Sports,Dumbbells,5,3258.99,0.0,0.0,Unknown,Retail Store,False,16294.949999999999,2025-12
ORD11835,2024-12-14,CUST1369,Customer_1369,West,Home & Kitchen,Bedsheet,4,3573.84,0.1,0.0,Debit Card,Retail Store,False,12865.824,2024-12
ORD11712,2024-01-16,CUST1134,Customer_1134,East,Electronics,Smartwatch,5,31144.46,0.1,142.6,Unknown,Online,False,140150.07,2024-01
ORD14438,2024-04-18,CUST1184,Customer_1184,South,Sports,Cycling Helmet,5,2334.17,0.05,65.42,Debit Card,Online,False,11087.307499999999,2024-04
ORD12795,2025-02-15,CUST1279,Customer_1279,West,Beauty,Shampoo,2,1017.03,0.0,144.78,Cash On Delivery,Online,False,2034.06,2025-02
ORD12221,2024-02-16,CUST1300,Customer_1300,North,Home & Kitchen,Cookware Set,1,1401.49,0.15,197.37,Cash On Delivery,Online,False,1191.2665,2024-02
ORD10377,2024-08-15,CUST1245,Customer_1245,East,Home & Kitchen,Vacuum Cleaner,3,4423.41,0.0,0.0,Debit Card,Retail Store,False,13270.23,2024-08
ORD11491,2025-10-02,CUST1025,Customer_1025,North,Clothing,T-Shirt,2,574.52,0.2,80.3,Debit Card,Online,False,919.232,2025-10
ORD10738,2024-07-11,CUST1197,Customer_1197,East,Electronics,Smartphone,-2,38625.89,0.15,90.64,Cash On Delivery,Online,True,-65664.01299999999,2024-07
ORD13377,2024-08-23,CUST1018,Customer_1018,North,Home & Kitchen,Bedsheet,4,5524.98,0.05,62.45,Upi,Online,False,20994.924,2024-08
ORD13615,2024-10-31,CUST1080,Customer_1080,South,Electronics,Smartwatch,2,19752.3,0.15,0.0,Cash On Delivery,Retail Store,False,33578.909999999996,2024-10
ORD14696,2024-05-28,CUST1193,Customer_1193,South,Clothing,Dress,1,2581.76,0.05,16.88,Cash On Delivery,Online,False,2452.672,2024-05
ORD10052,2024-08-20,CUST1332,Customer_1332,East,Electronics,Laptop,5,20024.68,0.1,88.74,Credit Card,Online,False,90111.06,2024-08
ORD14114,2025-05-15,CUST1109,Customer_1109,South,Electronics,Headphones,1,2821.18,0.0,199.63,Net Banking,Online,False,2821.18,2025-05
ORD12269,2024-09-30,CUST1232,Customer_1232,South,Beauty,Face Cream,1,463.77,0.1,0.0,Debit Card,Retail Store,False,417.393,2024-09
ORD13094,2024-11-30,CUST1376,Customer_1376,West,Home & Kitchen,Lamp,3,1690.52,0.0,0.0,Net Banking,Retail Store,False,5071.5599999999995,2024-11
ORD11389,2024-01-03,CUST1350,Customer_1350,South,Beauty,Lipstick,3,2167.04,0.15,145.72,Upi,Online,False,5525.951999999999,2024-01
ORD13188,2024-11-16,CUST1040,Customer_1040,North,Sports,Cycling Helmet,5,3509.43,0.0,173.61,Cash On Delivery,Online,False,17547.149999999998,2024-11
ORD13478,2024-04-09,CUST1266,Customer_1266,South,Sports,Cycling Helmet,3,1367.69,0.0,0.0,Credit Card,Retail Store,False,4103.07,2024-04
ORD13433,2025-12-07,CUST1209,Customer_1209,North,Electronics,Smartphone,2,27113.38,0.15,180.27,Net Banking,Online,False,46092.746,2025-12
ORD14191,2024-05-27,CUST1167,Customer_1167,South,Home & Kitchen,Blender,1,588.65,0.1,0.0,Upi,Retail Store,False,529.785,2024-05
ORD12309,2025-07-27,CUST1160,Customer_1160,South,Sports,Cycling Helmet,1,3728.7,0.25,155.65,Cash On Delivery,Online,False,2796.5249999999996,2025-07
ORD13222,2025-09-09,CUST1145,Customer_1145,West,Sports,Cricket Bat,1,2224.88,0.0,17.15,Debit Card,Online,False,2224.88,2025-09
ORD12590,2025-09-07,CUST1380,Customer_1380,North,Beauty,Face Cream,5,521.69,0.0,188.75,Unknown,Online,False,2608.4500000000003,2025-09
ORD11632,2024-11-13,CUST1286,Customer_1286,West,Home & Kitchen,Blender,5,6992.52,0.05,127.81,Debit Card,Online,False,33214.47,2024-11
ORD14275,2025-06-20,CUST1183,Customer_1183,North,Sports,Dumbbells,4,717.12,0.05,0.0,Debit Card,Retail Store,False,2725.056,2025-06
ORD13174,2024-03-01,CUST1320,Customer_1320,East,Sports,Yoga Mat,5,5308.26,0.05,0.0,Credit Card,Retail Store,False,25214.235,2024-03
ORD12976,2024-02-06,CUST1103,Customer_1103,West,Sports,Running Shoes,1,3148.65,0.1,95.47,Upi,Online,False,2833.7850000000003,2024-02
ORD14280,2024-04-20,CUST1092,Customer_1092,North,Sports,Cricket Bat,3,2586.96,0.25,39.53,Net Banking,Online,False,5820.66,2024-04
ORD10467,2024-05-09,CUST1306,Customer_1306,West,Beauty,Shampoo,1,499.13,0.1,156.93,Debit Card,Online,False,449.217,2024-05
ORD14869,2025-04-05,CUST1322,Customer_1322,West,Beauty,Face Cream,3,1180.52,0.15,0.0,Cash On Delivery,Retail Store,False,3010.326,2025-04
ORD10903,2024-04-12,CUST1352,Customer_1352,West,Home & Kitchen,Bedsheet,2,4480.37,0.15,0.0,Net Banking,Retail Store,False,7616.629,2024-04
ORD14845,2025-10-06,CUST1322,Customer_1322,South,Home & Kitchen,Vacuum Cleaner,2,2745.46,0.1,0.0,Net Banking,Retail Store,False,4941.828,2025-10
ORD10071,2024-02-16,CUST1310,Customer_1310,North,Beauty,Lipstick,3,1743.81,0.1,60.28,Credit Card,Online,False,4708.287,2024-02
ORD13217,2024-04-22,CUST1164,Customer_1164,North,Sports,Cycling Helmet,4,1638.98,0.2,22.49,Debit Card,Online,False,5244.736000000001,2024-04
ORD11898,2024-11-10,CUST1221,Customer_1221,West,Home & Kitchen,Blender,2,3415.99,0.0,0.0,Cash On Delivery,Retail Store,False,6831.98,2024-11
ORD13995,2025-05-26,CUST1029,Customer_1029,East,Clothing,Jeans,4,988.16,0.0,0.0,Credit Card,Retail Store,False,3952.64,2025-05
ORD11207,2025-12-03,CUST1293,Customer_1293,East,Sports,Running Shoes,3,1332.4,0.25,0.0,Credit Card,Retail Store,False,2997.9,2025-12
ORD11590,2024-08-02,CUST1339,Customer_1339,South,Sports,Dumbbells,2,3350.88,0.15,0.0,Cash On Delivery,Retail Store,False,5696.496,2024-08
ORD12844,2025-09-24,CUST1107,Customer_1107,West,Clothing,Dress,5,883.7,0.15,0.0,Cash On Delivery,Retail Store,False,3755.725,2025-09
ORD12205,2024-07-03,CUST1340,Customer_1340,West,Sports,Running Shoes,2,5768.07,0.2,41.82,Cash On Delivery,Online,False,9228.912,2024-07
ORD12980,2024-05-29,CUST1049,Customer_1049,West,Electronics,Tablet,2,46072.61,0.1,0.0,Debit Card,Retail Store,False,82930.698,2024-05
ORD10658,2024-05-14,CUST1248,Customer_1248,North,Electronics,Smartphone,3,14955.31,0.2,14.78,Credit Card,Online,False,35892.744,2024-05
ORD10063,2024-06-27,CUST1074,Customer_1074,East,Clothing,Dress,3,2639.41,0.0,149.13,Cash On Delivery,Online,False,7918.23,2024-06
ORD11838,2025-01-25,CUST1190,Customer_1190,South,Beauty,Shampoo,-2,1234.4,0.0,0.0,Cash On Delivery,Retail Store,True,-2468.8,2025-01
ORD14000,2025-05-01,CUST1106,Customer_1106,East,Home & Kitchen,Lamp,4,1874.75,0.25,0.0,Debit Card,Retail Store,False,5624.25,2025-05
ORD13036,2025-05-19,CUST1395,Customer_1395,South,Electronics,Smartwatch,1,39529.9,0.05,19.27,Debit Card,Online,False,37553.405,2025-05
ORD10454,2025-11-28,CUST1065,Customer_1065,West,Home & Kitchen,Bedsheet,2,6857.5,0.1,0.0,Credit Card,Retail Store,False,12343.5,2025-11
ORD10402,2025-03-08,CUST1082,Customer_1082,South,Beauty,Perfume,4,1305.48,0.15,0.0,Debit Card,Retail Store,False,4438.632,2025-03
ORD11472,2025-11-21,CUST1268,Customer_1268,South,Clothing,Jeans,3,1960.48,0.0,0.0,Unknown,Retail Store,False,5881.4400000000005,2025-11
ORD10677,2024-07-09,CUST1287,Customer_1287,North,Home & Kitchen,Blender,3,7477.05,0.0,43.51,Debit Card,Online,False,22431.15,2024-07
ORD13356,2024-01-09,CUST1205,Customer_1205,East,Sports,Running Shoes,1,3215.66,0.25,128.35,Unknown,Online,False,2411.745,2024-01
ORD11616,2024-08-30,CUST1344,Customer_1344,West,Clothing,Jacket,4,714.09,0.2,0.0,Unknown,Retail Store,False,2285.088,2024-08
ORD11251,2025-07-13,CUST1382,Customer_1382,South,Beauty,Sunscreen,-5,1084.17,0.2,0.0,Cash On Delivery,Retail Store,True,-4336.68,2025-07
ORD13425,2024-04-28,CUST1322,Customer_1322,North,Electronics,Smartphone,5,58848.42,0.0,0.0,Cash On Delivery,Retail Store,False,294242.1,2024-04
ORD13843,2025-05-22,CUST1326,Customer_1326,East,Sports,Cricket Bat,1,1902.12,0.0,0.0,Debit Card,Retail Store,False,1902.12,2025-05
ORD11033,2024-11-09,CUST1257,Customer_1257,South,Sports,Cricket Bat,5,3281.16,0.0,167.5,Cash On Delivery,Online,False,16405.8,2024-11
ORD10174,2025-12-22,CUST1238,Customer_1238,North,Home & Kitchen,Lamp,1,2812.31,0.1,0.0,Unknown,Retail Store,False,2531.079,2025-12
ORD10939,2025-05-04,CUST1204,Customer_1204,North,Sports,Dumbbells,2,5185.97,0.0,0.0,Credit Card,Retail Store,False,10371.94,2025-05
ORD13102,2024-03-13,CUST1184,Customer_1184,East,Electronics,Headphones,3,22795.78,0.2,0.0,Credit Card,Retail Store,False,54709.872,2024-03
ORD12587,2025-09-26,CUST1207,Customer_1207,South,Electronics,Smartphone,3,23409.73,0.2,0.0,Cash On Delivery,Retail Store,False,56183.352000000006,2025-09
ORD10334,2025-06-24,CUST1007,Customer_1007,South,Electronics,Tablet,2,44729.58,0.0,119.11,Credit Card,Online,False,89459.16,2025-06
ORD10873,2024-01-08,CUST1237,Customer_1237,East,Beauty,Perfume,4,889.75,0.0,0.0,Upi,Retail Store,False,3559.0,2024-01
ORD12853,2024-11-16,CUST1164,Customer_1164,North,Clothing,Jeans,4,375.37,0.1,164.94,Upi,Online,False,1351.332,2024-11
ORD11486,2025-04-03,CUST1203,Customer_1203,South,Clothing,Shoes,4,1447.81,0.05,0.0,Cash On Delivery,Retail Store,False,5501.678,2025-04
ORD14293,2024-03-05,CUST1264,Customer_1264,South,Home & Kitchen,Blender,4,5566.43,0.25,86.86,Cash On Delivery,Online,False,16699.29,2024-03
ORD10296,2024-08-18,CUST1181,Customer_1181,Unknown,Home & Kitchen,Cookware Set,5,3403.78,0.1,145.98,Debit Card,Online,False,15317.010000000002,2024-08
ORD14950,2024-06-12,CUST1085,Customer_1085,South,Clothing,Jeans,3,1847.98,0.1,0.0,Net Banking,Retail Store,False,4989.546,2024-06
ORD14883,2024-05-02,CUST1356,Customer_1356,South,Sports,Cycling Helmet,1,863.87,0.0,0.0,Net Banking,Retail Store,False,863.87,2024-05
ORD13845,2025-12-27,CUST1010,Customer_1010,West,Home & Kitchen,Bedsheet,3,1117.86,0.1,0.0,Credit Card,Retail Store,False,3018.222,2025-12
ORD14218,2024-06-05,CUST1366,Customer_1366,West,Sports,Yoga Mat,5,5095.66,0.25,166.86,Debit Card,Online,False,19108.725,2024-06
ORD13760,2025-11-13,CUST1234,Customer_1234,South,Clothing,Dress,1,2570.28,0.0,0.0,Cash On Delivery,Retail Store,False,2570.28,2025-11
ORD13110,2024-01-11,CUST1310,Customer_1310,West,Sports,Cricket Bat,5,4270.71,0.05,32.21,Upi,Online,False,20285.872499999998,2024-01
ORD12770,2024-10-25,CUST1013,Customer_1013,North,Electronics,Smartwatch,-5,45744.86,0.2,131.04,Upi,Online,True,-182979.44,2024-10
ORD13918,2024-10-08,CUST1297,Customer_1297,East,Home & Kitchen,Blender,2,6984.76,0.0,0.0,Net Banking,Retail Store,False,13969.52,2024-10
ORD14138,2025-06-08,CUST1020,Customer_1020,South,Home & Kitchen,Bedsheet,1,7919.95,0.2,0.0,Credit Card,Retail Store,False,6335.96,2025-06
ORD12210,2025-01-30,CUST1334,Customer_1334,West,Clothing,T-Shirt,2,1290.05,0.15,0.0,Upi,Retail Store,False,2193.085,2025-01
ORD12172,2025-05-17,CUST1341,Customer_1341,East,Home & Kitchen,Cookware Set,-4,590.53,0.1,0.0,Net Banking,Retail Store,True,-2125.908,2025-05
ORD12599,2025-01-01,CUST1211,Customer_1211,West,Sports,Cycling Helmet,5,3170.92,0.25,167.61,Net Banking,Online,False,11890.95,2025-01
ORD12052,2024-12-25,CUST1329,Customer_1329,South,Home & Kitchen,Bedsheet,4,6596.45,0.25,39.54,Cash On Delivery,Online,False,19789.35,2024-12
ORD10915,2025-10-01,CUST1373,Customer_1373,Unknown,Electronics,Tablet,1,4602.65,0.0,12.14,Debit Card,Online,False,4602.65,2025-10
ORD10601,2025-04-08,CUST1056,Customer_1056,South,Electronics,Headphones,5,18503.53,0.15,0.0,Net Banking,Retail Store,False,78640.00249999999,2025-04
ORD14880,2024-10-03,CUST1241,Customer_1241,West,Electronics,Smartwatch,5,32315.01,0.0,0.0,Credit Card,Retail Store,False,161575.05,2024-10
ORD14707,2024-02-22,CUST1114,Customer_1114,West,Clothing,Dress,4,1881.71,0.2,0.0,Net Banking,Retail Store,False,6021.472000000001,2024-02
ORD12335,2025-12-14,CUST1139,Customer_1139,East,Clothing,Jacket,2,1293.04,0.0,30.26,Cash On Delivery,Online,False,2586.08,2025-12
ORD13820,2025-01-06,CUST1049,Customer_1049,North,Beauty,Lipstick,-3,1187.33,0.1,84.21,Upi,Online,True,-3205.7909999999997,2025-01
ORD10956,2025-05-20,CUST1196,Customer_1196,North,Sports,Dumbbells,5,1125.13,0.05,0.0,Net Banking,Retail Store,False,5344.3675,2025-05
ORD11887,2024-03-14,CUST1276,Customer_1276,West,Sports,Running Shoes,3,711.45,0.05,0.0,Cash On Delivery,Retail Store,False,2027.6325000000002,2024-03
ORD13717,2025-09-01,CUST1241,Customer_1241,South,Clothing,Shoes,3,2551.81,0.25,88.44,Net Banking,Online,False,5741.5725,2025-09
ORD14027,2024-06-23,CUST1026,Customer_1026,South,Sports,Cycling Helmet,5,5916.14,0.0,198.66,Debit Card,Online,False,29580.7,2024-06
ORD11182,2025-08-04,CUST1035,Customer_1035,South,Home & Kitchen,Bedsheet,4,3799.03,0.2,140.86,Debit Card,Online,False,12156.896,2025-08
ORD14602,2025-06-15,CUST1189,Customer_1189,South,Sports,Cycling Helmet,4,1223.23,0.0,0.0,Upi,Retail Store,False,4892.92,2025-06
ORD14452,2024-04-15,CUST1325,Customer_1325,East,Home & Kitchen,Vacuum Cleaner,-4,1204.22,0.0,23.93,Credit Card,Online,True,-4816.88,2024-04
ORD11423,2025-02-21,CUST1326,Customer_1326,South,Beauty,Lipstick,5,385.68,0.25,0.0,Credit Card,Retail Store,False,1446.3000000000002,2025-02
ORD12400,2025-08-15,CUST1395,Customer_1395,South,Electronics,Headphones,2,38513.83,0.0,143.52,Net Banking,Online,False,77027.66,2025-08
ORD12892,2024-10-21,CUST1256,Customer_1256,South,Clothing,Jeans,1,2613.01,0.15,0.0,Credit Card,Retail Store,False,2221.0585,2024-10
ORD13596,2025-06-15,CUST1302,Customer_1302,South,Sports,Cycling Helmet,4,3197.61,0.25,0.0,Cash On Delivery,Retail Store,False,9592.83,2025-06
ORD11722,2025-10-06,CUST1011,Customer_1011,South,Sports,Cricket Bat,2,3144.32,0.05,0.0,Debit Card,Retail Store,False,5974.208,2025-10
ORD11667,2024-03-15,CUST1388,Customer_1388,East,Beauty,Perfume,1,519.61,0.15,65.33,Debit Card,Online,False,441.6685,2024-03
ORD12884,2025-01-09,CUST1010,Customer_1010,East,Sports,Dumbbells,4,4084.92,0.1,66.87,Net Banking,Online,False,14705.712000000001,2025-01
ORD10886,2025-02-20,CUST1340,Customer_1340,North,Clothing,Jacket,4,2594.29,0.1,142.36,Upi,Online,False,9339.444,2025-02
ORD14056,2025-04-04,CUST1322,Customer_1322,South,Home & Kitchen,Lamp,4,6290.73,0.1,39.84,Debit Card,Online,False,22646.628,2025-04
ORD14876,2025-12-28,CUST1019,Customer_1019,West,Electronics,Tablet,1,42781.16,0.15,74.06,Credit Card,Online,False,36363.986000000004,2025-12
ORD10333,2024-10-11,CUST1031,Customer_1031,Unknown,Beauty,Sunscreen,2,214.15,0.0,0.0,Upi,Retail Store,False,428.3,2024-10
ORD10153,2025-06-29,CUST1121,Customer_1121,East,Clothing,Dress,3,1456.05,0.15,0.0,Upi,Retail Store,False,3712.9275,2025-06
ORD10721,2024-03-01,CUST1166,Customer_1166,South,Beauty,Sunscreen,4,2405.37,0.2,0.0,Upi,Retail Store,False,7697.184,2024-03
ORD10373,2025-10-05,CUST1352,Customer_1352,Unknown,Clothing,T-Shirt,1,2920.69,0.1,169.06,Upi,Online,False,2628.621,2025-10
ORD10312,2024-09-17,CUST1320,Customer_1320,North,Electronics,Smartphone,5,25721.41,0.1,0.0,Upi,Retail Store,False,115746.345,2024-09
ORD11849,2025-08-09,CUST1094,Customer_1094,East,Home & Kitchen,Cookware Set,4,4744.85,0.05,0.0,Debit Card,Retail Store,False,18030.43,2025-08
ORD11622,2025-04-21,CUST1260,Customer_1260,South,Beauty,Lipstick,3,1141.2,0.05,0.0,Credit Card,Retail Store,False,3252.42,2025-04
ORD10042,2025-12-20,CUST1041,Customer_1041,South,Clothing,Jeans,2,1403.0,0.1,0.0,Debit Card,Retail Store,False,2525.4,2025-12
ORD12693,2025-05-11,CUST1035,Customer_1035,South,Home & Kitchen,Blender,5,903.15,0.0,0.0,Upi,Retail Store,False,4515.75,2025-05
ORD14618,2025-03-09,CUST1212,Customer_1212,East,Beauty,Lipstick,4,1891.25,0.1,17.28,Net Banking,Online,False,6808.5,2025-03
ORD10417,2025-10-07,CUST1262,Customer_1262,North,Clothing,Shoes,4,1820.25,0.2,0.0,Net Banking,Retail Store,False,5824.8,2025-10
ORD14993,2024-01-16,CUST1319,Customer_1319,North,Beauty,Sunscreen,1,150.29,0.05,0.0,Credit Card,Retail Store,False,142.7755,2024-01
ORD14755,2024-07-29,CUST1014,Customer_1014,West,Sports,Yoga Mat,2,3054.31,0.05,174.46,Credit Card,Online,False,5803.188999999999,2024-07
ORD10704,2024-06-12,CUST1015,Customer_1015,South,Clothing,Dress,4,1497.86,0.15,136.4,Credit Card,Online,False,5092.723999999999,2024-06
ORD10732,2024-02-16,CUST1158,Customer_1158,West,Electronics,Smartwatch,3,42521.02,0.15,25.59,Debit Card,Online,False,108428.601,2024-02
ORD10944,2024-01-11,CUST1118,Customer_1118,East,Electronics,Smartphone,3,55940.75,0.25,120.59,Credit Card,Online,False,125866.6875,2024-01
ORD13614,2024-04-04,CUST1209,Customer_1209,North,Electronics,Smartwatch,4,7421.75,0.0,146.23,Cash On Delivery,Online,False,29687.0,2024-04
ORD11806,2024-10-05,CUST1390,Customer_1390,North,Beauty,Perfume,1,1987.05,0.05,0.0,Net Banking,Retail Store,False,1887.6974999999998,2024-10
ORD11018,2025-09-05,CUST1305,Customer_1305,West,Sports,Cycling Helmet,4,3282.14,0.15,4.95,Credit Card,Online,False,11159.276,2025-09
ORD10907,2024-01-21,CUST1231,Customer_1231,North,Clothing,Dress,5,1512.46,0.05,0.0,Cash On Delivery,Retail Store,False,7184.1849999999995,2024-01
ORD11693,2024-03-11,CUST1212,Customer_1212,South,Electronics,Tablet,3,48690.32,0.05,0.0,Upi,Retail Store,False,138767.41199999998,2024-03
ORD12791,2025-12-24,CUST1331,Customer_1331,West,Home & Kitchen,Blender,1,3758.46,0.25,0.0,Net Banking,Retail Store,False,2818.8450000000003,2025-12
ORD14368,2024-07-20,CUST1326,Customer_1326,South,Electronics,Tablet,3,39779.69,0.05,0.0,Credit Card,Retail Store,False,113372.1165,2024-07
ORD10519,2025-09-08,CUST1310,Customer_1310,South,Sports,Cycling Helmet,2,5194.08,0.0,145.82,Upi,Online,False,10388.16,2025-09
ORD10814,2025-09-08,CUST1111,Customer_1111,West,Sports,Yoga Mat,-3,2576.0,0.2,0.0,Cash On Delivery,Retail Store,True,-6182.400000000001,2025-09
ORD10818,2024-01-25,CUST1238,Customer_1238,West,Beauty,Shampoo,1,809.93,0.1,0.0,Debit Card,Retail Store,False,728.937,2024-01
ORD13449,2024-05-06,CUST1076,Customer_1076,East,Sports,Dumbbells,1,5174.02,0.2,0.0,Upi,Retail Store,False,4139.216,2024-05
ORD11522,2024-01-26,CUST1384,Customer_1384,West,Clothing,Shoes,2,663.07,0.05,0.0,Debit Card,Retail Store,False,1259.833,2024-01
ORD11638,2024-05-27,CUST1017,Customer_1017,West,Sports,Running Shoes,4,3589.22,0.2,175.87,Cash On Delivery,Online,False,11485.504,2024-05
ORD13557,2024-04-10,CUST1006,Customer_1006,Unknown,Electronics,Headphones,1,21621.43,0.1,0.0,Cash On Delivery,Retail Store,False,19459.287,2024-04
ORD14799,2025-12-18,CUST1197,Customer_1197,West,Clothing,Dress,2,2938.55,0.0,40.93,Debit Card,Online,False,5877.1,2025-12
ORD11700,2025-08-29,CUST1388,Customer_1388,North,Beauty,Face Cream,1,840.25,0.15,46.66,Debit Card,Online,False,714.2125,2025-08
ORD13526,2024-09-27,CUST1264,Customer_1264,North,Home & Kitchen,Blender,1,7101.55,0.0,0.0,Upi,Retail Store,False,7101.55,2024-09
ORD13734,2025-10-30,CUST1000,Customer_1000,South,Home & Kitchen,Bedsheet,4,1843.24,0.1,0.0,Credit Card,Retail Store,False,6635.664,2025-10
ORD13046,2025-02-26,CUST1187,Customer_1187,East,Beauty,Perfume,1,828.06,0.0,104.13,Debit Card,Online,False,828.06,2025-02
ORD11883,2024-02-13,CUST1218,Customer_1218,East,Sports,Dumbbells,2,3295.45,0.0,0.0,Debit Card,Retail Store,False,6590.9,2024-02
ORD12592,2024-04-21,CUST1067,Customer_1067,North,Clothing,T-Shirt,4,1240.84,0.15,47.23,Upi,Online,False,4218.856,2024-04
ORD13775,2025-02-21,CUST1335,Customer_1335,South,Beauty,Face Cream,4,1661.34,0.0,168.8,Credit Card,Online,False,6645.36,2025-02
ORD14003,2024-05-28,CUST1284,Customer_1284,South,Home & Kitchen,Cookware Set,5,6977.47,0.05,171.02,Debit Card,Online,False,33142.9825,2024-05
ORD12251,2024-10-30,CUST1034,Customer_1034,South,Clothing,Dress,1,804.34,0.2,0.0,Debit Card,Retail Store,False,643.4720000000001,2024-10
ORD14439,2024-06-26,CUST1261,Customer_1261,Unknown,Beauty,Perfume,3,1149.28,0.1,0.0,Net Banking,Retail Store,False,3103.056,2024-06
ORD12148,2024-12-01,CUST1251,Customer_1251,West,Home & Kitchen,Cookware Set,2,1813.67,0.2,0.0,Net Banking,Retail Store,False,2901.8720000000003,2024-12
ORD13726,2024-02-02,CUST1337,Customer_1337,East,Sports,Yoga Mat,1,1278.71,0.1,0.0,Net Banking,Retail Store,False,1150.8390000000002,2024-02
ORD12144,2024-03-30,CUST1217,Customer_1217,North,Electronics,Tablet,4,19474.37,0.0,0.0,Debit Card,Retail Store,False,77897.48,2024-03
ORD12566,2024-01-15,CUST1156,Customer_1156,North,Beauty,Shampoo,1,563.89,0.0,9.07,Debit Card,Online,False,563.89,2024-01
ORD11803,2025-07-27,CUST1077,Customer_1077,North,Electronics,Smartphone,5,42204.62,0.1,115.68,Net Banking,Online,False,189920.79,2025-07
ORD13621,2025-01-29,CUST1360,Customer_1360,South,Home & Kitchen,Lamp,3,1096.24,0.0,0.0,Cash On Delivery,Retail Store,False,3288.7200000000003,2025-01
ORD13967,2024-11-14,CUST1169,Customer_1169,North,Beauty,Lipstick,3,579.27,0.2,0.0,Credit Card,Retail Store,False,1390.248,2024-11
ORD11594,2024-02-21,CUST1182,Customer_1182,West,Home & Kitchen,Blender,3,5085.33,0.0,12.21,Upi,Online,False,15255.99,2024-02
ORD14328,2024-09-22,CUST1253,Customer_1253,East,Home & Kitchen,Lamp,5,2165.91,0.0,155.79,Net Banking,Online,False,10829.55,2024-09
ORD13885,2025-02-26,CUST1338,Customer_1338,East,Sports,Running Shoes,4,4593.14,0.1,0.0,Debit Card,Retail Store,False,16535.304,2025-02
ORD13790,2024-08-12,CUST1262,Customer_1262,North,Clothing,Jeans,4,2431.88,0.0,0.0,Upi,Retail Store,False,9727.52,2024-08
ORD12562,2025-04-04,CUST1020,Customer_1020,West,Home & Kitchen,Lamp,4,7429.4,0.0,0.0,Debit Card,Retail Store,False,29717.6,2025-04
ORD12559,2024-12-22,CUST1033,Customer_1033,North,Sports,Yoga Mat,1,2382.37,0.1,0.0,Credit Card,Retail Store,False,2144.133,2024-12
ORD14208,2025-06-14,CUST1283,Customer_1283,West,Home & Kitchen,Blender,3,7386.1,0.0,0.0,Net Banking,Retail Store,False,22158.300000000003,2025-06
ORD11582,2024-03-31,CUST1015,Customer_1015,East,Electronics,Smartwatch,3,37517.55,0.15,0.0,Credit Card,Retail Store,False,95669.7525,2024-03
ORD12547,2024-01-11,CUST1263,Customer_1263,North,Home & Kitchen,Cookware Set,5,6076.04,0.0,0.0,Upi,Retail Store,False,30380.2,2024-01
ORD10319,2024-06-24,CUST1058,Customer_1058,South,Electronics,Tablet,5,13584.78,0.05,0.0,Net Banking,Retail Store,False,64527.705,2024-06
ORD14321,2025-09-05,CUST1269,Customer_1269,North,Beauty,Sunscreen,2,1342.1,0.25,0.0,Net Banking,Retail Store,False,2013.1499999999999,2025-09
ORD13364,2025-12-03,CUST1225,Customer_1225,South,Sports,Cricket Bat,3,1305.05,0.2,84.71,Net Banking,Online,False,3132.12,2025-12
ORD12843,2024-08-11,CUST1301,Customer_1301,South,Electronics,Tablet,3,9077.43,0.0,37.97,Debit Card,Online,False,27232.29,2024-08
ORD14717,2024-04-02,CUST1127,Customer_1127,South,Beauty,Sunscreen,4,473.11,0.25,0.0,Cash On Delivery,Retail Store,False,1419.33,2024-04
ORD14819,2025-04-23,CUST1264,Customer_1264,South,Sports,Cycling Helmet,2,4579.42,0.0,0.0,Credit Card,Retail Store,False,9158.84,2025-04
ORD12141,2025-12-20,CUST1086,Customer_1086,East,Sports,Cricket Bat,5,2846.17,0.1,5.74,Net Banking,Online,False,12807.765000000001,2025-12
ORD10213,2024-04-28,CUST1329,Customer_1329,North,Clothing,Shoes,3,2495.58,0.2,132.67,Credit Card,Online,False,5989.392,2024-04
ORD14433,2025-05-19,CUST1260,Customer_1260,West,Electronics,Headphones,4,4606.7,0.15,0.0,Upi,Retail Store,False,15662.779999999999,2025-05
ORD13497,2025-08-25,CUST1241,Customer_1241,North,Sports,Cycling Helmet,3,2446.36,0.1,0.0,Upi,Retail Store,False,6605.1720000000005,2025-08
ORD10803,2024-03-09,CUST1288,Customer_1288,West,Beauty,Face Cream,3,1342.1,0.1,72.76,Upi,Online,False,3623.6699999999996,2024-03
ORD14132,2025-08-11,CUST1271,Customer_1271,North,Clothing,Jeans,1,2655.73,0.0,134.05,Upi,Online,False,2655.73,2025-08
ORD10105,2025-11-20,CUST1083,Customer_1083,East,Beauty,Sunscreen,3,1472.87,0.15,0.0,Net Banking,Retail Store,False,3755.8184999999994,2025-11
ORD14458,2025-07-26,CUST1396,Customer_1396,South,Sports,Cycling Helmet,3,1207.56,0.0,0.0,Net Banking,Retail Store,False,3622.68,2025-07
ORD13805,2024-03-05,CUST1022,Customer_1022,North,Beauty,Perfume,4,2267.82,0.2,117.81,Cash On Delivery,Online,False,7257.024000000001,2024-03
ORD12806,2024-05-09,CUST1021,Customer_1021,North,Beauty,Sunscreen,4,2300.89,0.15,0.0,Net Banking,Retail Store,False,7823.025999999999,2024-05
ORD11465,2025-12-18,CUST1126,Customer_1126,North,Home & Kitchen,Cookware Set,2,1723.21,0.25,0.0,Credit Card,Retail Store,False,2584.815,2025-12
ORD12953,2024-05-07,CUST1048,Customer_1048,South,Electronics,Headphones,4,30196.19,0.0,0.0,Cash On Delivery,Retail Store,False,120784.76,2024-05
ORD10565,2025-11-29,CUST1020,Customer_1020,West,Home & Kitchen,Vacuum Cleaner,4,3806.21,0.0,124.12,Upi,Online,False,15224.84,2025-11
ORD14345,2024-04-29,CUST1371,Customer_1371,North,Electronics,Tablet,2,45238.1,0.05,0.0,Cash On Delivery,Retail Store,False,85952.39,2024-04
ORD12524,2024-12-11,CUST1101,Customer_1101,East,Clothing,Shoes,1,1112.0,0.25,0.0,Debit Card,Retail Store,False,834.0,2024-12
ORD11474,2024-01-10,CUST1327,Customer_1327,North,Sports,Yoga Mat,1,4369.5,0.2,0.0,Debit Card,Retail Store,False,3495.6000000000004,2024-01
ORD13236,2024-08-13,CUST1350,Customer_1350,South,Clothing,T-Shirt,3,1377.45,0.15,0.0,Upi,Retail Store,False,3512.4975000000004,2024-08
ORD12829,2025-10-26,CUST1027,Customer_1027,South,Beauty,Shampoo,4,2001.26,0.2,188.31,Net Banking,Online,False,6404.032,2025-10
ORD12502,2025-03-12,CUST1042,Customer_1042,East,Electronics,Laptop,1,20478.91,0.1,0.0,Credit Card,Retail Store,False,18431.019,2025-03
ORD10317,2024-01-05,CUST1397,Customer_1397,North,Home & Kitchen,Cookware Set,1,1495.38,0.0,66.66,Net Banking,Online,False,1495.38,2024-01
ORD11200,2024-07-07,CUST1035,Customer_1035,South,Beauty,Face Cream,4,2088.87,0.0,28.81,Cash On Delivery,Online,False,8355.48,2024-07
ORD12278,2024-05-20,CUST1171,Customer_1171,West,Beauty,Shampoo,2,809.84,0.2,0.0,Net Banking,Retail Store,False,1295.7440000000001,2024-05
ORD10652,2025-06-27,CUST1034,Customer_1034,East,Beauty,Sunscreen,5,1043.68,0.25,175.01,Upi,Online,False,3913.8,2025-06
ORD10070,2025-11-21,CUST1232,Customer_1232,West,Home & Kitchen,Cookware Set,3,4971.68,0.0,0.0,Cash On Delivery,Retail Store,False,14915.04,2025-11
ORD12658,2025-11-01,CUST1382,Customer_1382,South,Clothing,Jeans,3,1240.78,0.2,132.52,Cash On Delivery,Online,False,2977.8720000000003,2025-11
ORD11174,2025-08-19,CUST1276,Customer_1276,East,Sports,Running Shoes,5,3281.76,0.25,0.0,Net Banking,Retail Store,False,12306.600000000002,2025-08
ORD11088,2025-10-28,CUST1141,Customer_1141,West,Clothing,Jeans,3,620.39,0.1,188.19,Debit Card,Online,False,1675.053,2025-10
ORD10410,2024-05-10,CUST1133,Customer_1133,North,Clothing,Dress,4,656.18,0.0,0.0,Upi,Retail Store,False,2624.72,2024-05
ORD14064,2025-05-19,CUST1102,Customer_1102,North,Sports,Running Shoes,1,3471.4,0.0,59.62,Upi,Online,False,3471.4,2025-05
ORD14992,2025-05-25,CUST1379,Customer_1379,West,Electronics,Smartwatch,5,42610.43,0.1,0.0,Upi,Retail Store,False,191746.935,2025-05
ORD12386,2024-08-26,CUST1120,Customer_1120,South,Clothing,T-Shirt,4,1423.45,0.05,199.78,Cash On Delivery,Online,False,5409.11,2024-08
ORD12091,2025-07-12,CUST1237,Customer_1237,West,Clothing,Jeans,4,1161.68,0.25,120.32,Credit Card,Online,False,3485.04,2025-07
ORD14635,2025-03-22,CUST1014,Customer_1014,Unknown,Home & Kitchen,Vacuum Cleaner,2,5072.96,0.25,68.98,Credit Card,Online,False,7609.4400000000005,2025-03
ORD13013,2024-12-23,CUST1205,Customer_1205,East,Sports,Cycling Helmet,2,3688.64,0.0,0.0,Net Banking,Retail Store,False,7377.28,2024-12
ORD14792,2025-09-01,CUST1005,Customer_1005,West,Clothing,Shoes,4,1748.47,0.1,14.09,Net Banking,Online,False,6294.492,2025-09
ORD12219,2024-09-17,CUST1013,Customer_1013,South,Home & Kitchen,Blender,4,2254.89,0.0,0.0,Upi,Retail Store,False,9019.56,2024-09
ORD12465,2024-11-23,CUST1328,Customer_1328,South,Home & Kitchen,Cookware Set,4,4444.13,0.15,0.0,Debit Card,Retail Store,False,15110.042,2024-11
ORD10837,2024-11-06,CUST1015,Customer_1015,South,Beauty,Face Cream,5,1018.37,0.15,0.0,Upi,Retail Store,False,4328.0725,2024-11
ORD13325,2024-12-13,CUST1327,Customer_1327,West,Beauty,Sunscreen,3,1236.05,0.15,0.0,Upi,Retail Store,False,3151.9275,2024-12
ORD10624,2024-08-29,CUST1134,Customer_1134,North,Electronics,Headphones,3,13229.91,0.0,189.98,Upi,Online,False,39689.729999999996,2024-08
ORD11627,2024-05-24,CUST1001,Customer_1001,West,Clothing,Jeans,1,2343.17,0.0,0.0,Debit Card,Retail Store,False,2343.17,2024-05
ORD10806,2024-10-18,CUST1238,Customer_1238,East,Clothing,Shoes,4,2347.85,0.25,24.78,Upi,Online,False,7043.549999999999,2024-10
ORD13115,2025-12-06,CUST1343,Customer_1343,South,Beauty,Face Cream,4,2318.9,0.0,0.0,Upi,Retail Store,False,9275.6,2025-12
ORD10637,2025-08-07,CUST1131,Customer_1131,East,Electronics,Laptop,5,36633.86,0.15,0.0,Credit Card,Retail Store,False,155693.905,2025-08
ORD10423,2025-08-22,CUST1394,Customer_1394,North,Beauty,Shampoo,4,1196.37,0.25,0.0,Net Banking,Retail Store,False,3589.1099999999997,2025-08
ORD14823,2024-10-20,CUST1117,Customer_1117,East,Sports,Dumbbells,4,4444.08,0.0,0.0,Unknown,Retail Store,False,17776.32,2024-10
ORD11996,2024-10-06,CUST1075,Customer_1075,South,Beauty,Shampoo,5,2381.15,0.1,159.18,Upi,Online,False,10715.175000000001,2024-10
ORD14472,2025-11-24,CUST1189,Customer_1189,North,Sports,Cycling Helmet,2,2171.24,0.2,0.0,Upi,Retail Store,False,3473.984,2025-11
ORD14620,2024-09-24,CUST1210,Customer_1210,West,Sports,Running Shoes,5,4912.34,0.0,0.0,Cash On Delivery,Retail Store,False,24561.7,2024-09
ORD12486,2024-03-14,CUST1276,Customer_1276,North,Home & Kitchen,Vacuum Cleaner,5,5961.76,0.0,194.42,Debit Card,Online,False,29808.800000000003,2024-03
ORD10150,2025-02-22,CUST1071,Customer_1071,East,Clothing,Jacket,4,1668.54,0.25,0.0,Cash On Delivery,Retail Store,False,5005.62,2025-02
ORD13109,2024-03-21,CUST1291,Customer_1291,West,Beauty,Lipstick,5,1845.38,0.2,0.0,Debit Card,Retail Store,False,7381.520000000001,2024-03
ORD11580,2024-05-29,CUST1257,Customer_1257,West,Clothing,Jeans,1,2805.25,0.2,0.0,Upi,Retail Store,False,2244.2000000000003,2024-05
ORD10626,2025-07-16,CUST1100,Customer_1100,West,Sports,Cycling Helmet,4,4294.47,0.2,0.0,Credit Card,Retail Store,False,13742.304000000002,2025-07
ORD13002,2024-03-18,CUST1230,Customer_1230,South,Beauty,Lipstick,4,2410.29,0.25,71.78,Net Banking,Online,False,7230.87,2024-03
ORD14601,2025-04-10,CUST1102,Customer_1102,North,Home & Kitchen,Blender,3,7352.48,0.15,44.01,Upi,Online,False,18748.823999999997,2025-04
ORD13796,2024-03-30,CUST1161,Customer_1161,West,Clothing,Dress,4,1142.07,0.1,0.0,Debit Card,Retail Store,False,4111.452,2024-03
ORD13481,2025-11-02,CUST1124,Customer_1124,West,Clothing,Jacket,1,577.0,0.05,54.78,Cash On Delivery,Online,False,548.15,2025-11
ORD10143,2024-04-21,CUST1037,Customer_1037,South,Beauty,Sunscreen,4,1133.01,0.0,112.64,Debit Card,Online,False,4532.04,2024-04
ORD14813,2025-12-28,CUST1372,Customer_1372,East,Electronics,Tablet,4,31539.56,0.05,0.0,Cash On Delivery,Retail Store,False,119850.328,2025-12
ORD12574,2024-09-05,CUST1094,Customer_1094,East,Beauty,Sunscreen,1,2094.71,0.0,0.0,Credit Card,Retail Store,False,2094.71,2024-09
ORD14662,2025-12-20,CUST1394,Customer_1394,West,Electronics,Tablet,3,17903.45,0.0,73.06,Upi,Online,False,53710.350000000006,2025-12
ORD14014,2025-08-23,CUST1062,Customer_1062,East,Sports,Cycling Helmet,2,5882.85,0.0,0.0,Credit Card,Retail Store,False,11765.7,2025-08
ORD11880,2024-10-22,CUST1184,Customer_1184,West,Clothing,Jacket,2,621.37,0.05,145.12,Debit Card,Online,False,1180.603,2024-10
ORD13452,2025-04-03,CUST1344,Customer_1344,North,Sports,Cricket Bat,1,2949.03,0.15,0.0,Debit Card,Retail Store,False,2506.6755000000003,2025-04
ORD13605,2025-06-02,CUST1295,Customer_1295,West,Beauty,Shampoo,1,1030.05,0.0,0.0,Credit Card,Retail Store,False,1030.05,2025-06
ORD13342,2025-12-15,CUST1028,Customer_1028,East,Home & Kitchen,Vacuum Cleaner,3,7725.67,0.05,93.13,Net Banking,Online,False,22018.1595,2025-12
ORD14891,2025-03-15,CUST1195,Customer_1195,South,Clothing,Jacket,2,1476.16,0.0,138.65,Debit Card,Online,False,2952.32,2025-03
ORD12171,2025-04-22,CUST1144,Customer_1144,North,Beauty,Sunscreen,1,362.62,0.05,0.0,Net Banking,Retail Store,False,344.489,2025-04
ORD12780,2024-11-11,CUST1031,Customer_1031,West,Electronics,Headphones,5,9058.35,0.0,0.0,Debit Card,Retail Store,False,45291.75,2024-11
ORD14720,2025-08-25,CUST1292,Customer_1292,South,Electronics,Laptop,5,27802.76,0.2,153.27,Net Banking,Online,False,111211.04,2025-08
ORD12832,2024-08-26,CUST1050,Customer_1050,West,Clothing,Jacket,2,2234.87,0.0,0.0,Credit Card,Retail Store,False,4469.74,2024-08
ORD12230,2024-06-09,CUST1204,Customer_1204,West,Beauty,Sunscreen,1,733.96,0.1,2.28,Net Banking,Online,False,660.5640000000001,2024-06
ORD10617,2024-05-12,CUST1390,Customer_1390,South,Home & Kitchen,Lamp,1,4038.14,0.1,0.0,Net Banking,Retail Store,False,3634.326,2024-05
ORD11324,2024-03-22,CUST1364,Customer_1364,South,Home & Kitchen,Vacuum Cleaner,4,4488.67,0.05,0.0,Upi,Retail Store,False,17056.946,2024-03
ORD10690,2025-07-01,CUST1394,Customer_1394,South,Electronics,Laptop,4,38595.85,0.15,0.0,Debit Card,Retail Store,False,131225.88999999998,2025-07
ORD12288,2024-12-07,CUST1045,Customer_1045,North,Home & Kitchen,Bedsheet,5,1304.88,0.25,116.02,Upi,Online,False,4893.3,2024-12
ORD13302,2025-10-02,CUST1359,Customer_1359,West,Home & Kitchen,Lamp,3,6138.74,0.2,0.0,Credit Card,Retail Store,False,14732.976000000002,2025-10
ORD11350,2024-02-29,CUST1366,Customer_1366,North,Beauty,Sunscreen,4,2418.2,0.1,0.0,Credit Card,Retail Store,False,8705.52,2024-02
ORD12729,2024-12-21,CUST1324,Customer_1324,South,Clothing,T-Shirt,5,2747.89,0.25,0.0,Credit Card,Retail Store,False,10304.5875,2024-12
ORD14561,2025-08-01,CUST1172,Customer_1172,South,Home & Kitchen,Bedsheet,2,728.3,0.0,0.0,Net Banking,Retail Store,False,1456.6,2025-08
ORD11187,2025-04-09,CUST1109,Customer_1109,West,Electronics,Laptop,2,13699.04,0.1,0.0,Net Banking,Retail Store,False,24658.272,2025-04
ORD11191,2024-09-14,CUST1105,Customer_1105,North,Sports,Running Shoes,4,1990.2,0.0,124.54,Net Banking,Online,False,7960.8,2024-09
ORD10145,2025-03-24,CUST1151,Customer_1151,West,Beauty,Face Cream,1,1993.03,0.0,60.05,Upi,Online,False,1993.03,2025-03
ORD13572,2024-09-24,CUST1216,Customer_1216,North,Beauty,Lipstick,2,1894.72,0.1,0.0,Unknown,Retail Store,False,3410.496,2024-09
ORD14420,2025-07-30,CUST1056,Customer_1056,North,Home & Kitchen,Lamp,5,1488.28,0.25,0.0,Cash On Delivery,Retail Store,False,5581.049999999999,2025-07
ORD13742,2024-12-15,CUST1009,Customer_1009,East,Beauty,Face Cream,3,1181.35,0.0,0.0,Upi,Retail Store,False,3544.0499999999997,2024-12
ORD11762,2024-08-19,CUST1399,Customer_1399,South,Beauty,Lipstick,1,2380.27,0.1,0.0,Cash On Delivery,Retail Store,False,2142.243,2024-08
ORD13800,2024-09-23,CUST1078,Customer_1078,East,Home & Kitchen,Vacuum Cleaner,2,7644.01,0.15,0.0,Cash On Delivery,Retail Store,False,12994.817000000001,2024-09
ORD14802,2024-02-26,CUST1239,Customer_1239,West,Sports,Running Shoes,3,3669.96,0.2,129.55,Debit Card,Online,False,8807.904,2024-02
ORD14810,2024-10-09,CUST1326,Customer_1326,North,Beauty,Perfume,4,583.08,0.15,0.0,Debit Card,Retail Store,False,1982.472,2024-10
ORD11834,2024-10-06,CUST1365,Customer_1365,East,Beauty,Sunscreen,2,232.54,0.05,0.0,Cash On Delivery,Retail Store,False,441.82599999999996,2024-10
ORD14994,2024-10-23,CUST1249,Customer_1249,West,Clothing,T-Shirt,3,522.26,0.25,0.0,Cash On Delivery,Retail Store,False,1175.085,2024-10
ORD11111,2025-04-20,CUST1016,Customer_1016,South,Electronics,Smartwatch,2,42393.35,0.0,0.0,Unknown,Retail Store,False,84786.7,2025-04
ORD12127,2024-05-14,CUST1270,Customer_1270,South,Home & Kitchen,Lamp,3,2363.46,0.15,0.0,Net Banking,Retail Store,False,6026.823,2024-05
ORD14783,2025-08-23,CUST1024,Customer_1024,West,Electronics,Tablet,4,59047.14,0.0,0.0,Net Banking,Retail Store,False,236188.56,2025-08
ORD12277,2025-10-14,CUST1268,Customer_1268,East,Electronics,Tablet,5,26919.32,0.1,142.47,Credit Card,Online,False,121136.94,2025-10
ORD13795,2025-02-01,CUST1031,Customer_1031,South,Sports,Cricket Bat,5,5572.11,0.25,0.0,Cash On Delivery,Retail Store,False,20895.4125,2025-02
ORD12499,2024-10-07,CUST1079,Customer_1079,South,Home & Kitchen,Blender,1,4484.4,0.0,0.0,Cash On Delivery,Retail Store,False,4484.4,2024-10
ORD11824,2024-10-12,CUST1236,Customer_1236,West,Sports,Cricket Bat,3,3484.5,0.2,10.6,Credit Card,Online,False,8362.800000000001,2024-10
ORD12788,2024-08-12,CUST1125,Customer_1125,South,Electronics,Laptop,3,52006.5,0.0,13.18,Credit Card,Online,False,156019.5,2024-08
ORD14196,2024-04-09,CUST1204,Customer_1204,South,Electronics,Smartphone,4,42772.42,0.15,159.91,Cash On Delivery,Online,False,145426.228,2024-04
ORD14386,2024-10-14,CUST1321,Customer_1321,East,Beauty,Face Cream,2,195.69,0.05,0.0,Cash On Delivery,Retail Store,False,371.811,2024-10
ORD13827,2024-01-17,CUST1353,Customer_1353,North,Clothing,Jeans,3,484.89,0.05,33.29,Credit Card,Online,False,1381.9365,2024-01
ORD12492,2025-05-21,CUST1329,Customer_1329,East,Home & Kitchen,Cookware Set,2,4805.99,0.1,0.0,Credit Card,Retail Store,False,8650.782,2025-05
ORD10878,2025-07-28,CUST1008,Customer_1008,East,Sports,Cricket Bat,5,3148.65,0.2,2.84,Net Banking,Online,False,12594.6,2025-07
ORD11455,2024-07-20,CUST1374,Customer_1374,West,Clothing,T-Shirt,5,472.88,0.2,0.0,Debit Card,Retail Store,False,1891.5200000000002,2024-07
ORD10391,2024-12-10,CUST1136,Customer_1136,South,Electronics,Smartwatch,5,20016.09,0.05,0.0,Debit Card,Retail Store,False,95076.42749999999,2024-12
ORD14182,2025-09-07,CUST1302,Customer_1302,South,Clothing,Jacket,4,1607.07,0.0,198.34,Cash On Delivery,Online,False,6428.28,2025-09
ORD12283,2025-02-01,CUST1120,Customer_1120,South,Home & Kitchen,Cookware Set,4,4232.8,0.0,0.0,Net Banking,Retail Store,False,16931.2,2025-02
ORD12714,2024-03-17,CUST1223,Customer_1223,South,Electronics,Tablet,4,9007.24,0.05,5.15,Upi,Online,False,34227.511999999995,2024-03
ORD12958,2025-06-14,CUST1392,Customer_1392,North,Electronics,Headphones,3,38777.17,0.0,0.0,Debit Card,Retail Store,False,116331.51,2025-06
ORD10475,2025-01-25,CUST1166,Customer_1166,East,Sports,Yoga Mat,5,3927.1,0.2,0.0,Credit Card,Retail Store,False,15708.400000000001,2025-01
ORD11694,2024-10-01,CUST1390,Customer_1390,West,Beauty,Perfume,3,2445.28,0.25,0.0,Cash On Delivery,Retail Store,False,5501.88,2024-10
ORD11295,2025-09-05,CUST1333,Customer_1333,Unknown,Home & Kitchen,Bedsheet,2,511.05,0.0,89.25,Upi,Online,False,1022.1,2025-09
ORD12092,2025-06-10,CUST1111,Customer_1111,East,Clothing,Dress,3,1887.6,0.15,0.0,Cash On Delivery,Retail Store,False,4813.379999999999,2025-06
ORD13050,2025-09-25,CUST1377,Customer_1377,West,Sports,Dumbbells,3,3236.29,0.05,72.4,Net Banking,Online,False,9223.426499999998,2025-09
ORD11137,2024-11-19,CUST1188,Customer_1188,East,Sports,Dumbbells,2,2698.87,0.15,0.0,Debit Card,Retail Store,False,4588.079,2024-11
ORD12072,2025-11-26,CUST1184,Customer_1184,East,Home & Kitchen,Vacuum Cleaner,2,4655.08,0.25,12.34,Upi,Online,False,6982.62,2025-11
ORD10832,2024-03-09,CUST1259,Customer_1259,East,Clothing,Jeans,1,804.33,0.25,0.0,Net Banking,Retail Store,False,603.2475000000001,2024-03
ORD10591,2024-06-23,CUST1328,Customer_1328,South,Electronics,Laptop,5,14604.84,0.05,186.82,Net Banking,Online,False,69372.98999999999,2024-06
ORD14658,2025-09-08,CUST1254,Customer_1254,North,Sports,Dumbbells,2,3148.65,0.1,0.0,Cash On Delivery,Retail Store,False,5667.570000000001,2025-09
ORD13592,2025-07-30,CUST1388,Customer_1388,East,Clothing,Jeans,1,2957.3,0.15,0.0,Upi,Retail Store,False,2513.705,2025-07
ORD10109,2025-02-08,CUST1394,Customer_1394,East,Home & Kitchen,Cookware Set,4,6465.54,0.2,57.53,Upi,Online,False,20689.728000000003,2025-02
ORD14318,2024-07-29,CUST1211,Customer_1211,South,Clothing,Jacket,1,2816.96,0.15,45.35,Net Banking,Online,False,2394.416,2024-07
ORD11052,2025-02-27,CUST1267,Customer_1267,South,Beauty,Lipstick,5,1548.67,0.0,195.48,Net Banking,Online,False,7743.35,2025-02
ORD11311,2024-06-05,CUST1043,Customer_1043,North,Beauty,Perfume,2,2350.65,0.25,0.0,Credit Card,Retail Store,False,3525.9750000000004,2024-06
ORD10668,2024-10-13,CUST1218,Customer_1218,South,Sports,Cricket Bat,3,833.87,0.05,0.0,Unknown,Retail Store,False,2376.5295,2024-10
ORD10253,2024-06-28,CUST1045,Customer_1045,West,Electronics,Laptop,2,37128.19,0.0,170.11,Credit Card,Online,False,74256.38,2024-06
ORD12690,2024-01-28,CUST1152,Customer_1152,East,Clothing,Jeans,3,1075.56,0.0,108.91,Cash On Delivery,Online,False,3226.68,2024-01
ORD14641,2024-06-14,CUST1350,Customer_1350,South,Clothing,Shoes,-3,2198.05,0.0,0.0,Debit Card,Retail Store,True,-6594.150000000001,2024-06
ORD10843,2024-05-10,CUST1198,Customer_1198,East,Home & Kitchen,Blender,2,908.77,0.1,178.26,Debit Card,Online,False,1635.786,2024-05
ORD14159,2025-06-06,CUST1343,Customer_1343,West,Home & Kitchen,Lamp,3,7161.1,0.0,0.0,Credit Card,Retail Store,False,21483.300000000003,2025-06
ORD14509,2024-08-26,CUST1201,Customer_1201,East,Electronics,Smartphone,1,50321.19,0.2,121.61,Debit Card,Online,False,40256.952000000005,2024-08
ORD13374,2025-01-15,CUST1237,Customer_1237,West,Beauty,Face Cream,3,1735.26,0.2,0.0,Cash On Delivery,Retail Store,False,4164.624,2025-01
ORD13394,2025-07-30,CUST1029,Customer_1029,West,Home & Kitchen,Cookware Set,1,7755.96,0.25,183.09,Cash On Delivery,Online,False,5816.97,2025-07
ORD10884,2024-03-28,CUST1096,Customer_1096,South,Electronics,Tablet,-3,40377.94,0.25,118.58,Net Banking,Online,True,-90850.365,2024-03
ORD13996,2025-10-14,CUST1154,Customer_1154,North,Home & Kitchen,Blender,1,6685.35,0.0,104.15,Upi,Online,False,6685.35,2025-10
ORD11879,2025-01-05,CUST1174,Customer_1174,North,Beauty,Face Cream,1,1560.48,0.0,1.65,Upi,Online,False,1560.48,2025-01
ORD11485,2025-03-18,CUST1218,Customer_1218,South,Beauty,Face Cream,5,1425.33,0.05,145.74,Credit Card,Online,False,6770.317499999999,2025-03
ORD12417,2025-01-29,CUST1148,Customer_1148,West,Clothing,Dress,2,2626.8,0.1,0.0,Debit Card,Retail Store,False,4728.240000000001,2025-01
ORD12737,2024-01-19,CUST1282,Customer_1282,East,Clothing,Dress,2,2196.6,0.15,149.3,Debit Card,Online,False,3734.22,2024-01
ORD12267,2024-05-22,CUST1313,Customer_1313,West,Beauty,Perfume,4,2054.05,0.0,94.0,Credit Card,Online,False,8216.2,2024-05
ORD14173,2025-01-07,CUST1064,Customer_1064,West,Beauty,Shampoo,2,894.25,0.2,0.0,Debit Card,Retail Store,False,1430.8000000000002,2025-01
ORD12808,2024-03-23,CUST1061,Customer_1061,West,Beauty,Perfume,1,1108.2,0.05,35.9,Unknown,Online,False,1052.79,2024-03
ORD10869,2024-06-10,CUST1098,Customer_1098,South,Clothing,Shoes,4,1961.67,0.1,137.81,Cash On Delivery,Online,False,7062.012000000001,2024-06
ORD12468,2024-12-17,CUST1229,Customer_1229,Unknown,Home & Kitchen,Lamp,4,4332.48,0.15,0.0,Debit Card,Retail Store,False,14730.431999999999,2024-12
ORD13893,2025-04-21,CUST1037,Customer_1037,South,Beauty,Face Cream,4,1051.16,0.05,0.0,Cash On Delivery,Retail Store,False,3994.408,2025-04
ORD10450,2025-09-15,CUST1385,Customer_1385,North,Beauty,Perfume,2,921.87,0.0,0.0,Debit Card,Retail Store,False,1843.74,2025-09
ORD11979,2024-02-24,CUST1328,Customer_1328,North,Beauty,Sunscreen,2,703.24,0.0,0.0,Net Banking,Retail Store,False,1406.48,2024-02
ORD10696,2024-04-09,CUST1092,Customer_1092,North,Home & Kitchen,Vacuum Cleaner,1,1473.25,0.15,12.74,Upi,Online,False,1252.2625,2024-04
ORD11741,2025-11-24,CUST1230,Customer_1230,West,Sports,Dumbbells,4,2132.81,0.1,0.0,Credit Card,Retail Store,False,7678.116,2025-11
ORD13718,2025-03-25,CUST1065,Customer_1065,West,Clothing,Jeans,4,691.55,0.05,54.22,Cash On Delivery,Online,False,2627.89,2025-03
ORD10811,2024-06-04,CUST1301,Customer_1301,North,Electronics,Smartphone,2,1918.41,0.05,0.0,Upi,Retail Store,False,3644.979,2024-06
ORD13284,2025-06-04,CUST1098,Customer_1098,East,Clothing,Jeans,5,2336.66,0.0,187.34,Debit Card,Online,False,11683.3,2025-06
ORD12189,2024-10-27,CUST1214,Customer_1214,South,Clothing,Jacket,3,2715.38,0.1,0.0,Net Banking,Retail Store,False,7331.526000000001,2024-10
ORD10505,2024-06-21,CUST1310,Customer_1310,South,Clothing,Jeans,5,2235.0,0.25,48.67,Cash On Delivery,Online,False,8381.25,2024-06
ORD13303,2025-07-10,CUST1355,Customer_1355,South,Home & Kitchen,Lamp,2,4102.16,0.0,6.39,Credit Card,Online,False,8204.32,2025-07
ORD10405,2024-04-01,CUST1167,Customer_1167,West,Home & Kitchen,Cookware Set,1,7585.68,0.05,9.96,Upi,Online,False,7206.396,2024-04
ORD13640,2024-05-13,CUST1143,Customer_1143,South,Sports,Yoga Mat,2,4846.1,0.1,0.0,Credit Card,Retail Store,False,8722.980000000001,2024-05
ORD10183,2024-06-27,CUST1037,Customer_1037,South,Home & Kitchen,Lamp,5,1681.28,0.15,75.68,Debit Card,Online,False,7145.44,2024-06
ORD14999,2025-10-06,CUST1008,Customer_1008,West,Sports,Cycling Helmet,2,2608.75,0.0,53.17,Upi,Online,False,5217.5,2025-10
ORD11876,2024-03-27,CUST1150,Customer_1150,East,Beauty,Sunscreen,3,1060.44,0.2,153.75,Cash On Delivery,Online,False,2545.0560000000005,2024-03
ORD10609,2025-04-17,CUST1223,Customer_1223,North,Electronics,Smartphone,5,19825.74,0.2,151.17,Cash On Delivery,Online,False,79302.96000000002,2025-04
ORD12674,2025-06-01,CUST1293,Customer_1293,East,Home & Kitchen,Lamp,3,6316.62,0.05,0.0,Credit Card,Retail Store,False,18002.367,2025-06
ORD12033,2025-06-30,CUST1061,Customer_1061,South,Electronics,Smartwatch,1,19791.2,0.1,87.72,Upi,Online,False,17812.08,2025-06
ORD13981,2025-04-22,CUST1132,Customer_1132,South,Sports,Dumbbells,1,3148.65,0.25,72.36,Cash On Delivery,Online,False,2361.4875,2025-04
ORD11968,2024-10-21,CUST1351,Customer_1351,North,Home & Kitchen,Vacuum Cleaner,5,1919.03,0.2,0.0,Net Banking,Retail Store,False,7676.12,2024-10
ORD10020,2024-11-08,CUST1170,Customer_1170,West,Beauty,Shampoo,3,1256.12,0.15,132.01,Debit Card,Online,False,3203.1059999999998,2024-11
ORD12218,2025-09-23,CUST1292,Customer_1292,North,Clothing,Jacket,3,337.76,0.0,132.24,Debit Card,Online,False,1013.28,2025-09
ORD12224,2025-08-27,CUST1377,Customer_1377,South,Sports,Yoga Mat,2,3148.65,0.0,0.0,Credit Card,Retail Store,False,6297.3,2025-08
ORD10327,2024-08-28,CUST1065,Customer_1065,East,Home & Kitchen,Blender,3,4700.23,0.0,0.0,Upi,Retail Store,False,14100.689999999999,2024-08
ORD13270,2024-04-14,CUST1357,Customer_1357,East,Beauty,Lipstick,2,878.19,0.1,0.0,Net Banking,Retail Store,False,1580.7420000000002,2024-04
ORD12518,2025-10-25,CUST1337,Customer_1337,West,Home & Kitchen,Vacuum Cleaner,3,1863.77,0.15,0.0,Cash On Delivery,Retail Store,False,4752.6134999999995,2025-10
ORD11874,2024-10-24,CUST1326,Customer_1326,West,Sports,Cricket Bat,5,1201.22,0.0,0.0,Cash On Delivery,Retail Store,False,6006.1,2024-10
ORD14362,2024-02-11,CUST1154,Customer_1154,East,Electronics,Laptop,2,16207.15,0.15,150.81,Debit Card,Online,False,27552.155,2024-02
ORD11756,2024-12-16,CUST1209,Customer_1209,West,Electronics,Tablet,4,49582.06,0.1,0.0,Debit Card,Retail Store,False,178495.416,2024-12
ORD12178,2024-02-25,CUST1079,Customer_1079,West,Home & Kitchen,Vacuum Cleaner,2,3609.13,0.05,91.22,Net Banking,Online,False,6857.347,2024-02
ORD14961,2025-12-02,CUST1388,Customer_1388,West,Clothing,Dress,4,1668.54,0.1,0.0,Debit Card,Retail Store,False,6006.744,2025-12
ORD13410,2024-09-01,CUST1347,Customer_1347,South,Clothing,Jacket,5,2144.99,0.0,39.66,Net Banking,Online,False,10724.949999999999,2024-09
ORD14996,2024-08-02,CUST1369,Customer_1369,South,Clothing,T-Shirt,1,2283.13,0.1,65.02,Net Banking,Online,False,2054.817,2024-08
ORD10489,2024-12-02,CUST1387,Customer_1387,South,Clothing,Dress,1,1100.86,0.25,0.0,Credit Card,Retail Store,False,825.645,2024-12
ORD10606,2025-05-29,CUST1020,Customer_1020,East,Clothing,Jacket,5,313.74,0.1,0.0,Unknown,Retail Store,False,1411.8300000000002,2025-05
ORD13212,2024-01-23,CUST1294,Customer_1294,West,Clothing,T-Shirt,5,527.51,0.0,0.0,Upi,Retail Store,False,2637.55,2024-01
ORD12464,2025-07-23,CUST1216,Customer_1216,Unknown,Beauty,Perfume,1,1756.82,0.25,184.47,Cash On Delivery,Online,False,1317.615,2025-07
ORD11738,2024-10-10,CUST1202,Customer_1202,North,Clothing,T-Shirt,-5,940.47,0.1,0.0,Upi,Retail Store,True,-4232.115000000001,2024-10
ORD10152,2024-12-22,CUST1277,Customer_1277,South,Electronics,Smartwatch,5,26371.55,0.1,155.13,Cash On Delivery,Online,False,118671.975,2024-12
ORD10889,2024-09-27,CUST1137,Customer_1137,West,Electronics,Smartphone,1,56764.72,0.0,0.0,Credit Card,Retail Store,False,56764.72,2024-09
ORD13082,2024-02-12,CUST1197,Customer_1197,North,Electronics,Laptop,5,7000.33,0.2,0.0,Net Banking,Retail Store,False,28001.320000000003,2024-02
ORD10269,2024-12-21,CUST1280,Customer_1280,West,Beauty,Shampoo,5,1475.36,0.1,0.0,Credit Card,Retail Store,False,6639.12,2024-12
ORD10096,2024-05-11,CUST1203,Customer_1203,East,Beauty,Sunscreen,4,1659.5,0.15,0.0,Debit Card,Retail Store,False,5642.3,2024-05
ORD13824,2024-07-04,CUST1333,Customer_1333,East,Beauty,Lipstick,2,1623.41,0.0,0.0,Net Banking,Retail Store,False,3246.82,2024-07
ORD11799,2025-08-19,CUST1373,Customer_1373,East,Home & Kitchen,Cookware Set,2,7940.12,0.0,0.0,Debit Card,Retail Store,False,15880.24,2025-08
ORD14967,2024-11-03,CUST1294,Customer_1294,North,Sports,Yoga Mat,3,3468.91,0.2,133.46,Credit Card,Online,False,8325.384,2024-11
ORD11572,2024-12-17,CUST1214,Customer_1214,North,Home & Kitchen,Bedsheet,1,6318.65,0.15,0.0,Net Banking,Retail Store,False,5370.8525,2024-12
ORD14628,2024-06-24,CUST1162,Customer_1162,Unknown,Electronics,Headphones,4,6016.69,0.0,75.79,Net Banking,Online,False,24066.76,2024-06
ORD11067,2024-03-31,CUST1329,Customer_1329,West,Beauty,Face Cream,3,1122.91,0.0,123.25,Debit Card,Online,False,3368.7300000000005,2024-03
ORD12760,2024-03-31,CUST1124,Customer_1124,East,Sports,Dumbbells,2,5781.58,0.0,0.0,Upi,Retail Store,False,11563.16,2024-03
ORD10715,2024-12-02,CUST1057,Customer_1057,North,Beauty,Shampoo,5,1923.22,0.0,0.0,Upi,Retail Store,False,9616.1,2024-12
ORD14059,2024-03-22,CUST1259,Customer_1259,South,Sports,Running Shoes,5,3044.68,0.1,153.68,Cash On Delivery,Online,False,13701.06,2024-03
ORD14565,2024-08-24,CUST1354,Customer_1354,North,Sports,Dumbbells,5,1763.3,0.2,100.14,Credit Card,Online,False,7053.200000000001,2024-08
ORD14660,2025-12-08,CUST1105,Customer_1105,North,Electronics,Headphones,4,9644.89,0.25,0.0,Cash On Delivery,Retail Store,False,28934.67,2025-12
ORD11798,2025-04-19,CUST1191,Customer_1191,East,Beauty,Perfume,3,1712.31,0.1,37.71,Upi,Online,False,4623.237,2025-04
ORD10461,2024-11-12,CUST1022,Customer_1022,North,Electronics,Smartphone,3,31517.86,0.25,103.54,Upi,Online,False,70915.185,2024-11
ORD12944,2024-10-28,CUST1224,Customer_1224,North,Sports,Dumbbells,1,917.87,0.1,0.0,Debit Card,Retail Store,False,826.083,2024-10
ORD11795,2025-09-18,CUST1195,Customer_1195,South,Home & Kitchen,Bedsheet,4,4860.25,0.15,0.0,Unknown,Retail Store,False,16524.85,2025-09
ORD11869,2024-07-19,CUST1024,Customer_1024,South,Electronics,Tablet,1,40532.69,0.05,0.0,Upi,Retail Store,False,38506.0555,2024-07
ORD11345,2025-02-25,CUST1020,Customer_1020,North,Clothing,Shoes,2,1263.44,0.1,0.0,Net Banking,Retail Store,False,2274.192,2025-02
ORD14791,2025-01-02,CUST1246,Customer_1246,East,Clothing,T-Shirt,4,2670.97,0.0,3.37,Credit Card,Online,False,10683.88,2025-01
ORD11214,2025-04-23,CUST1305,Customer_1305,South,Home & Kitchen,Blender,2,3099.88,0.0,0.0,Debit Card,Retail Store,False,6199.76,2025-04
ORD11372,2025-06-15,CUST1361,Customer_1361,West,Sports,Running Shoes,3,3148.65,0.2,0.0,Debit Card,Retail Store,False,7556.760000000001,2025-06
ORD10243,2025-06-12,CUST1379,Customer_1379,South,Home & Kitchen,Bedsheet,5,4907.59,0.05,0.0,Cash On Delivery,Retail Store,False,23311.052499999998,2025-06
ORD14039,2024-07-31,CUST1026,Customer_1026,North,Sports,Dumbbells,4,5499.45,0.1,0.0,Credit Card,Retail Store,False,19798.02,2024-07
ORD12799,2025-10-17,CUST1237,Customer_1237,South,Home & Kitchen,Bedsheet,4,5751.96,0.0,0.0,Upi,Retail Store,False,23007.84,2025-10
ORD11679,2025-10-02,CUST1181,Customer_1181,West,Beauty,Face Cream,3,863.62,0.0,3.25,Net Banking,Online,False,2590.86,2025-10
ORD13850,2025-04-21,CUST1100,Customer_1100,North,Beauty,Lipstick,1,1385.69,0.05,130.01,Cash On Delivery,Online,False,1316.4055,2025-04
ORD11312,2024-04-09,CUST1126,Customer_1126,West,Home & Kitchen,Lamp,3,1044.07,0.2,0.0,Cash On Delivery,Retail Store,False,2505.768,2024-04
ORD10648,2024-01-07,CUST1341,Customer_1341,North,Home & Kitchen,Cookware Set,1,705.13,0.05,56.37,Upi,Online,False,669.8734999999999,2024-01
ORD13238,2025-01-22,CUST1147,Customer_1147,Unknown,Sports,Dumbbells,1,5726.94,0.0,198.95,Credit Card,Online,False,5726.94,2025-01
ORD12643,2024-08-16,CUST1053,Customer_1053,East,Beauty,Shampoo,5,2005.61,0.05,26.13,Upi,Online,False,9526.6475,2024-08
ORD14409,2024-02-18,CUST1151,Customer_1151,East,Electronics,Smartphone,3,49143.05,0.0,184.76,Cash On Delivery,Online,False,147429.15000000002,2024-02
ORD10155,2025-12-12,CUST1126,Customer_1126,South,Beauty,Lipstick,2,1639.03,0.1,0.0,Cash On Delivery,Retail Store,False,2950.254,2025-12
ORD13428,2024-05-25,CUST1350,Customer_1350,East,Sports,Cycling Helmet,1,2532.73,0.1,0.0,Net Banking,Retail Store,False,2279.457,2024-05
ORD13453,2024-11-03,CUST1107,Customer_1107,North,Home & Kitchen,Bedsheet,5,5601.62,0.15,86.67,Net Banking,Online,False,23806.885,2024-11
ORD11303,2024-10-17,CUST1141,Customer_1141,East,Beauty,Lipstick,2,1097.6,0.2,0.0,Upi,Retail Store,False,1756.1599999999999,2024-10
ORD11150,2025-10-31,CUST1252,Customer_1252,West,Beauty,Face Cream,1,164.74,0.0,93.42,Credit Card,Online,False,164.74,2025-10
ORD13047,2024-06-08,CUST1104,Customer_1104,West,Home & Kitchen,Lamp,5,2893.94,0.0,0.0,Upi,Retail Store,False,14469.7,2024-06
ORD11046,2024-04-17,CUST1244,Customer_1244,South,Home & Kitchen,Bedsheet,5,7967.77,0.0,0.0,Upi,Retail Store,False,39838.850000000006,2024-04
ORD11640,2025-01-21,CUST1098,Customer_1098,North,Clothing,T-Shirt,2,920.42,0.0,79.77,Debit Card,Online,False,1840.84,2025-01
ORD11306,2025-09-14,CUST1363,Customer_1363,South,Beauty,Lipstick,5,730.59,0.1,120.62,Upi,Online,False,3287.655,2025-09
ORD11927,2025-06-27,CUST1264,Customer_1264,West,Clothing,T-Shirt,3,2171.42,0.1,0.0,Debit Card,Retail Store,False,5862.834000000001,2025-06
ORD13439,2024-08-12,CUST1351,Customer_1351,South,Sports,Dumbbells,3,4818.81,0.15,160.06,Unknown,Online,False,12287.9655,2024-08
ORD14121,2025-10-29,CUST1286,Customer_1286,Unknown,Clothing,Jeans,2,405.67,0.1,0.0,Cash On Delivery,Retail Store,False,730.206,2025-10
ORD12244,2024-10-27,CUST1001,Customer_1001,South,Electronics,Smartwatch,3,42487.44,0.0,0.0,Cash On Delivery,Retail Store,False,127462.32,2024-10
ORD13136,2024-10-11,CUST1122,Customer_1122,North,Clothing,T-Shirt,2,2234.82,0.0,0.0,Credit Card,Retail Store,False,4469.64,2024-10
ORD10015,2024-11-19,CUST1214,Customer_1214,South,Sports,Cycling Helmet,5,1132.92,0.25,0.0,Credit Card,Retail Store,False,4248.450000000001,2024-11
ORD13538,2025-12-15,CUST1140,Customer_1140,West,Sports,Cricket Bat,2,2826.78,0.2,0.0,Debit Card,Retail Store,False,4522.848000000001,2025-12
ORD14979,2024-02-18,CUST1120,Customer_1120,North,Home & Kitchen,Bedsheet,4,7997.86,0.0,178.82,Upi,Online,False,31991.44,2024-02
ORD12669,2024-09-24,CUST1256,Customer_1256,North,Beauty,Sunscreen,2,676.79,0.15,47.73,Upi,Online,False,1150.543,2024-09
ORD11360,2024-05-30,CUST1346,Customer_1346,North,Electronics,Laptop,5,46034.2,0.1,70.75,Debit Card,Online,False,207153.9,2024-05
ORD11844,2025-04-19,CUST1334,Customer_1334,East,Beauty,Perfume,3,488.59,0.05,0.0,Cash On Delivery,Retail Store,False,1392.4814999999999,2025-04
ORD13098,2025-04-19,CUST1354,Customer_1354,North,Clothing,Jacket,4,1636.98,0.0,0.0,Cash On Delivery,Retail Store,False,6547.92,2025-04
ORD11612,2025-11-11,CUST1221,Customer_1221,East,Sports,Dumbbells,5,4869.51,0.05,0.0,Cash On Delivery,Retail Store,False,23130.1725,2025-11
ORD10497,2025-03-09,CUST1339,Customer_1339,Unknown,Clothing,T-Shirt,1,2775.58,0.05,0.0,Upi,Retail Store,False,2636.801,2025-03
ORD12840,2025-10-22,CUST1318,Customer_1318,West,Beauty,Shampoo,5,1453.34,0.0,0.0,Net Banking,Retail Store,False,7266.7,2025-10
ORD14611,2025-10-19,CUST1019,Customer_1019,North,Electronics,Laptop,3,37542.42,0.25,0.0,Upi,Retail Store,False,84470.44499999999,2025-10
ORD13633,2025-09-02,CUST1132,Customer_1132,North,Electronics,Smartwatch,1,56904.36,0.1,0.0,Cash On Delivery,Retail Store,False,51213.924,2025-09
ORD11478,2024-10-13,CUST1352,Customer_1352,East,Clothing,T-Shirt,5,1121.32,0.1,80.13,Cash On Delivery,Online,False,5045.94,2024-10
ORD11095,2024-06-22,CUST1323,Customer_1323,West,Beauty,Shampoo,3,2170.55,0.0,178.72,Debit Card,Online,False,6511.650000000001,2024-06
ORD10542,2025-10-19,CUST1137,Customer_1137,West,Sports,Yoga Mat,2,3148.65,0.0,0.28,Net Banking,Online,False,6297.3,2025-10
ORD14729,2024-07-15,CUST1157,Customer_1157,North,Beauty,Shampoo,3,1415.38,0.1,0.0,Debit Card,Retail Store,False,3821.5260000000003,2024-07
ORD14074,2024-01-12,CUST1373,Customer_1373,West,Electronics,Laptop,4,57768.88,0.15,183.35,Debit Card,Online,False,196414.19199999998,2024-01
ORD10431,2025-06-26,CUST1393,Customer_1393,West,Electronics,Smartphone,4,31043.83,0.0,0.0,Debit Card,Retail Store,False,124175.32,2025-06
ORD10728,2024-05-10,CUST1334,Customer_1334,South,Clothing,Dress,3,1857.51,0.1,0.0,Upi,Retail Store,False,5015.277,2024-05
ORD14412,2025-09-13,CUST1376,Customer_1376,North,Beauty,Sunscreen,1,1377.26,0.25,123.62,Cash On Delivery,Online,False,1032.945,2025-09
ORD12561,2025-05-15,CUST1306,Customer_1306,West,Beauty,Sunscreen,2,1268.29,0.05,114.2,Net Banking,Online,False,2409.7509999999997,2025-05
ORD11337,2024-08-05,CUST1125,Customer_1125,East,Electronics,Headphones,5,2993.71,0.25,0.0,Debit Card,Retail Store,False,11226.412499999999,2024-08
ORD13606,2024-05-18,CUST1287,Customer_1287,South,Clothing,Dress,3,2792.5,0.1,85.81,Net Banking,Online,False,7539.75,2024-05
ORD12877,2024-03-08,CUST1114,Customer_1114,West,Home & Kitchen,Bedsheet,3,5596.62,0.0,0.0,Upi,Retail Store,False,16789.86,2024-03
ORD14415,2024-10-26,CUST1022,Customer_1022,East,Home & Kitchen,Vacuum Cleaner,2,5767.86,0.1,197.86,Debit Card,Online,False,10382.148,2024-10
ORD11031,2024-02-24,CUST1258,Customer_1258,West,Home & Kitchen,Bedsheet,1,2405.77,0.2,0.0,Net Banking,Retail Store,False,1924.616,2024-02
ORD11110,2024-12-21,CUST1158,Customer_1158,North,Sports,Running Shoes,4,898.55,0.2,0.0,Upi,Retail Store,False,2875.36,2024-12
ORD11888,2024-09-20,CUST1309,Customer_1309,North,Clothing,T-Shirt,3,1369.56,0.0,127.11,Debit Card,Online,False,4108.68,2024-09
ORD13550,2025-12-07,CUST1035,Customer_1035,South,Sports,Yoga Mat,2,2814.65,0.0,156.4,Net Banking,Online,False,5629.3,2025-12
ORD11527,2025-08-15,CUST1074,Customer_1074,West,Sports,Yoga Mat,2,5483.92,0.0,102.71,Debit Card,Online,False,10967.84,2025-08
ORD10753,2024-05-16,CUST1356,Customer_1356,South,Electronics,Smartphone,1,36481.21,0.2,64.77,Upi,Online,False,29184.968,2024-05
ORD13049,2024-12-30,CUST1208,Customer_1208,Unknown,Beauty,Perfume,4,1624.41,0.25,60.26,Debit Card,Online,False,4873.2300000000005,2024-12
ORD12628,2025-05-15,CUST1230,Customer_1230,South,Sports,Yoga Mat,2,3698.79,0.1,148.46,Credit Card,Online,False,6657.822,2025-05
ORD10562,2024-12-13,CUST1118,Customer_1118,East,Clothing,Jeans,2,2979.15,0.0,0.0,Unknown,Retail Store,False,5958.3,2024-12
ORD14764,2025-10-24,CUST1040,Customer_1040,East,Electronics,Headphones,1,53086.53,0.15,55.94,Cash On Delivery,Online,False,45123.5505,2025-10
ORD13562,2024-06-23,CUST1008,Customer_1008,East,Electronics,Headphones,3,37323.63,0.1,0.0,Credit Card,Retail Store,False,100773.80099999999,2024-06
ORD10252,2024-04-03,CUST1358,Customer_1358,West,Clothing,T-Shirt,2,2462.31,0.0,0.0,Net Banking,Retail Store,False,4924.62,2024-04
ORD12516,2025-01-06,CUST1312,Customer_1312,North,Home & Kitchen,Lamp,4,4923.47,0.0,27.26,Credit Card,Online,False,19693.88,2025-01
ORD12962,2025-01-25,CUST1233,Customer_1233,North,Home & Kitchen,Lamp,5,7997.2,0.25,0.0,Cash On Delivery,Retail Store,False,29989.5,2025-01
ORD14453,2025-08-10,CUST1267,Customer_1267,East,Sports,Dumbbells,5,4099.63,0.15,64.98,Upi,Online,False,17423.4275,2025-08
ORD11202,2025-11-24,CUST1093,Customer_1093,South,Beauty,Perfume,3,1244.2,0.1,0.0,Upi,Retail Store,False,3359.3400000000006,2025-11
ORD13462,2024-09-15,CUST1092,Customer_1092,North,Sports,Running Shoes,1,1699.32,0.0,130.59,Debit Card,Online,False,1699.32,2024-09
ORD12797,2024-06-23,CUST1321,Customer_1321,West,Electronics,Headphones,4,38479.74,0.1,81.2,Cash On Delivery,Online,False,138527.06399999998,2024-06
ORD14225,2024-05-03,CUST1382,Customer_1382,North,Electronics,Headphones,4,22860.45,0.25,0.0,Net Banking,Retail Store,False,68581.35,2024-05
ORD10144,2025-02-04,CUST1330,Customer_1330,East,Beauty,Perfume,4,1461.28,0.15,96.55,Upi,Online,False,4968.352,2025-02
ORD12895,2024-05-24,CUST1042,Customer_1042,West,Sports,Cricket Bat,5,3670.12,0.25,57.77,Debit Card,Online,False,13762.949999999999,2024-05
ORD12763,2025-02-26,CUST1120,Customer_1120,West,Beauty,Perfume,3,1704.99,0.0,126.75,Net Banking,Online,False,5114.97,2025-02
ORD10905,2025-12-04,CUST1107,Customer_1107,South,Clothing,Jeans,3,909.19,0.1,0.0,Debit Card,Retail Store,False,2454.813,2025-12
ORD13980,2024-04-05,CUST1022,Customer_1022,South,Sports,Running Shoes,2,3969.82,0.2,40.72,Credit Card,Online,False,6351.712,2024-04
ORD10235,2024-11-01,CUST1224,Customer_1224,South,Beauty,Lipstick,1,2024.09,0.0,24.65,Credit Card,Online,False,2024.09,2024-11
